"features","percent","is_constant"
"6mm_asymmetry_index_unreliable_right_f5143_0_2",0.962,1
"age_mesothelioma_of_the_lung_diagnosed_by_doctor_f22161_0_0",1,1
"area_of_middletemporal_left_hemisphere_f27155_2_0",0.954,0
"arm_tissue_fat_percentage_left_f23251_2_0",0.996,0
"average_weekly_red_wine_intake_f1568_2_0",0.966,0
"bicycle_speed_f5985_0_113",1,1
"cancer_code_selfreported_f20001_1_1",1,1
"date_first_recorded_at_location_f22700_0_13",1,1
"diagnoses_icd10_f41270_0_108",1,1
"duration_to_first_press_of_snapbutton_in_each_round_f404_0_7",0.018,0
"ecg_phase_time_f5986_0_33",0.854,0
"ecg_phase_time_f5986_0_75",0.924,0
"ecg_stage_name_f5988_1_44",0.974,0
"ecg_trend_phase_name_f5987_0_23",0.852,1
"ecg_trend_phase_name_f5987_1_0",0.972,1
"errors_before_selecting_correct_item_in_numeric_path_trail_1_f6770_3_2",1,1
"fi3_word_interpolation_f4957_2_0",0.946,0
"interpolated_year_when_noncancer_illness_first_diagnosed_f20008_2_20",1,1
"job_code_historical_f22617_0_1",0.84,0
"job_involved_shift_work_f22620_0_16",1,1
"latte_intake_f100300_3_0",0.984,0
"mean_corpuscular_volume_acquisition_route_f30044_0_0",0.028,0
"method_of_recording_time_when_noncancer_illness_first_diagnosed_f20013_3_33",1,1
"non_wear_episodes_over_1_hour_duration_f90086_0_0",0.792,0
"noncancer_illness_yearage_first_occurred_f87_2_28",1,1
"number_of_times_snapbutton_pressed_f403_2_0",0.944,0
"ordering_of_blows_f3065_2_0",0.95,0
"previously_smoked_cigarettes_on_mostall_days_f5959_0_0",0.99,0
"red_blood_cell_erythrocyte_distribution_width_acquisition_route_f30074_2_0",0.992,1
"t_gondii_seropositivity_for_toxoplasma_gondii_f23062_1_0",0.998,1
"thickness_of_buttermargarine_spread_on_other_bread_f20104_3_0",0.998,1
"thickness_of_buttermargarine_spread_on_sliced_bread_f20098_1_2",1,1
"time_elapsed_f4256_1_9",1,1
"time_to_press_next_right_f4247_1_3",0.972,0
"treatmentmedication_code_f20003_3_5",1,1
"triglycerides_missing_reason_f30875_0_0",0.94,0
"type_of_yogurt_eaten_f20106_3_0",0.922,0
"types_of_transport_used_excluding_work_f6162_3_1",0.998,1
"usual_length_of_each_night_shift_during_night_shift_periods_f22652_0_15",1,1
"values_wanted_f23321_2_68",1,1
"vitamin_e_f100025_2_0",0.858,0
"volume_of_corticoamygdaloidtransitio_right_hemisphere_f26617_3_0",0.998,1
"volume_of_latfispost_right_hemisphere_f27739_3_0",0.998,1
"volume_of_parsorbitalis_left_hemisphere_f27221_3_0",0.998,1
"weightedmean_l2_in_tract_posterior_thalamic_radiation_right_f25616_2_0",0.954,0
"why_stopped_smoking_f6157_3_3",1,1
"worked_with_paints_thinners_or_glues_f22613_0_29",1,1
"workplace_had_a_lot_of_cigarette_smoke_from_other_people_smoking_f22611_0_19",1,1
"workplace_very_dusty_f22609_0_5",0.968,0
"workplace_very_noisy_f22606_0_29",1,1
