"features","percent","is_constant"
"3mm_strong_meridian_angle_left_f5104_0_4",0.996,1
"alanine_aminotransferase_missing_reason_f30625_0_0",0.968,0
"area_of_gscingulmidpost_left_hemisphere_f27336_2_0",0.944,0
"arm_fatfree_mass_right_f23121_2_0",0.932,0
"blood_clot_dvt_bronchitis_emphysema_asthma_rhinitis_eczema_allergy_diagnosed_by_doctor_f6152_1_4",1,1
"crumble_intake_f101990_2_0",0.994,1
"date_of_first_inpatient_diagnosis_icd10_f41280_0_54",0.992,0
"date_of_first_inpatient_diagnosis_icd9_f41281_0_34",1,1
"delivery_onset_methods_f41222_0_4",1,1
"diagnoses_icd10_f41270_0_88",0.998,1
"diagnoses_main_icd10_f41202_0_36",1,1
"displayed_letters_in_round_left_f5081_0_13",1,1
"ecg_heart_rate_f5983_0_24",0.882,0
"ecg_load_f5984_1_17",0.958,0
"ecg_phase_time_f5986_0_112",1,1
"ecg_trend_phase_name_f5987_0_45",0.882,0
"errors_before_selecting_correct_item_in_numeric_path_trail_1_f6770_2_8",1,1
"fi8_chained_arithmetic_f5012_0_0",0.826,0
"greywhite_contrast_in_middletemporal_left_hemisphere_f27003_3_0",0.996,0
"ie1a_antigen_for_human_herpesvirus6_f23010_0_0",0.976,0
"jc_vp1_antigen_for_human_polyomavirus_jcv_f23027_0_0",0.976,0
"leisuresocial_activities_f6160_1_0",0.95,0
"living_environment_score_england_f26417_0_0",0.16,0
"mashed_potato_intake_f104050_0_0",0.988,0
"mean_l3_in_pontine_crossing_tract_on_fa_skeleton_f25297_3_0",0.994,0
"mean_signaltonoise_ratio_snr_right_f4244_0_15",0.714,0
"mean_signaltonoise_ratio_snr_right_f4244_3_13",0.99,0
"mixture_of_day_and_night_shifts_worked_f22640_0_3",0.992,0
"number_of_fluid_intelligence_questions_attempted_within_time_limit_f20128_0_0",0.7,0
"number_of_night_shifts_worked_monthly_during_mixed_shift_periods_f22643_0_15",1,1
"operative_procedures_opcs4_f41272_0_86",1,1
"pm_initial_answer_f4292_2_0",0.93,0
"pp_52_antigen_for_human_cytomegalovirus_f23008_1_0",1,1
"substance_of_prescription_or_overthecounter_medication_addiction_f20551_0_1",0.998,1
"total_peripheral_resistance_during_pwa_f12685_3_3",1,1
"treatmentmedication_code_f20003_1_32",1,1
"treatmentmedication_code_f20003_1_45",1,1
"triplet_played_right_f4240_0_4",0.71,0
"trunk_bmd_bone_mineral_density_right_f23243_2_0",0.992,0
"urate_f30880_0_0",0.048,0
"values_entered_f20229_0_4",0.768,0
"vegetarian_sausagesburgers_intake_f103260_4_0",1,1
"vitamin_and_mineral_supplements_f6155_2_4",1,1
"vitamin_andor_mineral_supplement_use_f20084_2_6",1,1
"volume_of_ca3head_right_hemisphere_f26659_3_0",0.996,0
"volume_of_cortex_right_hemisphere_f26583_2_0",0.944,0
"volume_of_grey_matter_in_inferior_temporal_gyrus_temporooccipital_part_right_f25813_3_0",0.994,0
"weightedmean_l1_in_tract_acoustic_radiation_left_f25569_2_0",0.952,0
"workplace_full_of_chemical_or_other_fumes_f22610_0_17",1,1
"workplace_very_cold_f22607_0_8",0.988,0
