"features","percent","is_constant"
"able_to_confide_f2110_0_0",0.004,0
"area_of_ba3b_right_hemisphere_f27104_2_0",0.898,0
"area_of_lateralorbitofrontal_left_hemisphere_f26934_3_0",0.998,1
"caga_antigen_for_helicobacter_pylori_f23039_0_0",0.988,0
"cancer_record_origin_f40021_13_0",1,1
"canned_soup_intake_f102540_0_0",0.992,0
"central_systolic_blood_pressure_during_pwa_f12677_3_4",1,1
"creatinine_enzymatic_in_urine_result_flag_f30515_0_0",1,1
"date_of_first_inpatient_diagnosis_icd10_f41280_0_5",0.552,0
"diagnoses_main_icd10_f41202_0_55",1,1
"diagnoses_secondary_icd10_f41204_0_151",1,1
"ecg_automated_diagnoses_f12653_2_6",0.982,0
"ecg_load_f5984_1_37",0.96,0
"ecg_stage_name_f5988_0_10",0.864,0
"ecg_stage_name_f5988_1_57",0.976,0
"ecg_trend_phase_name_f5987_1_80",0.998,1
"family_relationship_satisfaction_f4559_3_0",0.994,0
"fruit_consumers_f104400_2_0",0.83,0
"gap_coding_f22660_0_16",1,1
"image_quality_indicator_f22414_2_1",1,1
"index_for_card_a_in_round_pilot_f10139_0_15",0.99,1
"index_for_card_b_in_round_f402_2_3",0.892,0
"interpolated_year_when_noncancer_illness_first_diagnosed_f20008_2_18",0.998,1
"lifetime_number_of_sexual_partners_f2149_2_0",0.896,0
"manual_scales_device_id_f40_1_0",0.956,0
"mean_fa_in_posterior_limb_of_internal_capsule_on_fa_skeleton_left_f25075_2_0",0.902,0
"mean_mo_in_pontine_crossing_tract_on_fa_skeleton_f25153_2_0",0.902,0
"mean_mo_in_tapetum_on_fa_skeleton_left_f25199_2_0",0.902,0
"method_of_recording_time_when_noncancer_illness_first_diagnosed_f20013_0_0",0.226,0
"method_of_recording_time_when_noncancer_illness_first_diagnosed_f20013_1_31",1,1
"noncancer_illness_code_selfreported_f20002_1_16",1,1
"number_of_times_snapbutton_pressed_f403_2_10",0.892,1
"operation_yearage_first_occurred_f92_0_4",0.922,0
"signaltonoiseratio_snr_of_triplet_right_f4241_0_4",0.672,0
"soft_cheese_intake_f102830_4_0",0.988,1
"time_first_key_touched_f4254_0_2",0.892,0
"time_spent_outdoors_in_winter_f1060_2_0",0.886,0
"total_sugars_f100008_3_0",0.782,0
"treatmentmedication_code_f20003_2_31",1,1
"type_of_fatoil_used_in_cooking_f20090_4_0",0.826,0
"types_of_spreadssauces_consumed_f20088_0_3",0.992,0
"typical_diet_yesterday_f100020_4_0",0.774,0
"values_entered_f20229_0_29",0.898,0
"values_entered_f20229_0_40",1,1
"values_entered_f23322_3_9",0.994,1
"vitamin_supplement_user_f104670_1_0",0.786,0
"volume_of_goccipitalmiddle_right_hemisphere_f27717_2_0",0.898,0
"volume_of_grey_matter_in_supramarginal_gyrus_anterior_division_right_f25819_2_0",0.896,0
"words_answer_array_pilot_f10609_0_33",1,1
"workplace_very_dusty_f22609_0_36",1,1
