"features","percent","is_constant"
"3mm_strong_meridian_left_f5135_0_1",0.774,0
"alcohol_drinker_status_f20117_2_0",0.882,0
"apple_intake_f104450_4_0",0.944,0
"area_of_ba44_left_hemisphere_f27066_2_0",0.902,0
"area_of_fusiform_left_hemisphere_f26929_3_0",0.996,0
"area_of_goccipitalsup_right_hemisphere_f27570_3_0",0.996,0
"area_of_socsuptransversal_left_hemisphere_f27386_2_0",0.902,0
"area_of_transversetemporal_left_hemisphere_f27172_3_0",0.996,0
"bicycle_speed_f5985_1_111",1,1
"bicycle_speed_f5985_1_62",0.976,0
"breathing_problems_improvedstopped_away_from_workplace_or_on_holiday_f22618_0_13",1,1
"chest_pain_or_discomfort_when_walking_uphill_or_hurrying_f3751_3_0",0.998,1
"country_of_birth_ukelsewhere_f1647_2_0",0.964,0
"date_of_first_inpatient_diagnosis_icd10_f41280_0_2",0.34,0
"date_of_first_inpatient_diagnosis_icd10_f41280_0_81",1,1
"depression_possibly_related_to_stressful_or_traumatic_event_f20447_0_0",0.832,0
"diagnoses_icd10_f41270_0_90",1,1
"diagnoses_main_icd9_f41203_0_6",0.998,1
"diagnoses_secondary_icd10_f41204_0_75",1,1
"ecg_trend_phase_name_f5987_1_45",0.964,0
"histology_of_cancer_tumour_f40011_12_0",1,1
"illnesses_of_father_f20107_2_6",1,1
"interpolated_age_of_participant_when_operation_took_place_f20011_0_15",1,1
"interpolated_year_when_operation_took_place_f20010_2_7",1,1
"loud_music_exposure_frequency_f4836_0_0",0.646,0
"mean_od_in_superior_corona_radiata_on_fa_skeleton_left_f25417_3_0",0.994,0
"mean_thickness_of_gfrontinfopercular_right_hemisphere_f27636_3_0",0.996,0
"mean_thickness_of_perirhinal_left_hemisphere_f27085_3_0",0.996,0
"mean_thickness_of_sfrontsup_right_hemisphere_f27678_3_0",0.996,0
"melon_intake_f104520_0_0",0.994,0
"method_of_recording_time_when_noncancer_illness_first_diagnosed_f20013_3_14",1,1
"method_of_recording_time_when_operation_occurred_f20014_0_14",1,1
"method_of_recording_time_when_operation_occurred_f20014_3_13",1,1
"operation_yearage_first_occurred_f92_1_11",1,1
"operative_procedures_secondary_opcs4_f41210_0_1",0.406,0
"starchy_food_consumers_f102700_2_0",0.784,0
"time_elapsed_f4256_3_9",0.998,1
"time_to_complete_round_f400_3_1",0.986,0
"time_to_press_last_digit_left_f4235_0_4",0.658,0
"type_of_baguette_eaten_f20092_0_4",1,1
"values_wanted_f20200_0_74",1,1
"values_wanted_f23321_2_78",1,1
"vitamin_andor_mineral_supplement_use_f20084_4_8",0.998,1
"volume_of_grey_matter_in_amygdala_right_f25889_2_0",0.902,0
"weightedmean_isovf_in_tract_superior_longitudinal_fasciculus_right_f25726_3_0",0.994,0
"worked_with_materials_containing_asbestos_f22612_0_19",1,1
"worked_with_pesticides_f22614_0_32",1,1
"workplace_had_a_lot_of_diesel_exhaust_f22615_0_29",1,1
"years_since_last_cervical_smear_test_f2704_1_0",0.974,0
"yogurt_intake_f102090_4_0",0.936,0
