"features","percent","is_constant"
"age_of_stopping_smoking_f22507_0_0",0.936,0
"age_when_attended_assessment_centre_f21003_3_0",0.994,0
"alcohol_intake_versus_10_years_previously_f1628_0_0",0.082,0
"area_of_frontalpole_right_hemisphere_f26987_2_0",0.918,0
"area_of_supramarginal_right_hemisphere_f26852_2_0",0.918,0
"arms_tissue_fat_percentage_f23259_2_0",0.99,0
"basal_metabolic_rate_f23105_0_0",0.014,0
"broccoli_intake_f104140_3_0",0.968,0
"cancer_record_origin_f40021_16_0",1,1
"conclusion_signoff_timestamp_f21851_0_0",0.004,0
"couscous_intake_f102770_2_0",0.996,1
"creatinine_correction_reason_f30704_1_0",0.968,1
"danish_pastry_intake_f102060_2_0",0.998,1
"duration_to_entering_value_f20230_0_52",1,1
"duration_to_entering_value_f20230_0_93",1,1
"ever_addicted_to_a_behaviour_or_miscellanous_f20431_0_0",0.988,0
"forced_expiratory_volume_in_1second_fev1_f3063_1_0",0.966,0
"height_f12144_3_0",0.994,0
"hip_circumference_f49_2_0",0.916,0
"keystroke_history_left_f4238_0_4",0.658,0
"leg_bone_area_right_f23316_2_0",0.994,0
"mean_intensity_of_lateralventricle_left_hemisphere_f26538_2_0",0.918,0
"mean_isovf_in_superior_frontooccipital_fasciculus_on_fa_skeleton_right_f25482_3_0",0.998,1
"mean_signaltonoise_ratio_snr_right_f4244_3_14",0.994,0
"mean_thickness_of_ba2_left_hemisphere_f27074_2_0",0.918,0
"mean_thickness_of_caudalanteriorcingulate_right_hemisphere_f26858_3_0",0.998,1
"mental_health_problems_ever_diagnosed_by_a_professional_f20544_0_7",1,1
"method_of_recording_time_when_noncancer_illness_first_diagnosed_f20013_3_11",1,1
"monocyte_percentage_acquisition_time_f30192_0_0",0.05,0
"never_eat_eggs_dairy_wheat_sugar_f6144_3_0",0.994,0
"noncancer_illness_yearage_first_occurred_f87_0_22",1,1
"operation_code_f20004_0_26",1,1
"operation_code_f20004_3_11",1,1
"platelet_distribution_width_f30110_0_0",0.048,0
"pork_intake_f103030_0_0",0.994,0
"sources_of_admission_to_hospital_recoded_f41251_0_2",0.982,0
"test_array_presented_f20198_0_22",0.778,0
"thickness_of_buttermargarine_spread_on_baguettes_f20099_0_1",1,1
"time_number_displayed_for_f4253_1_10",1,1
"time_to_press_next_right_f4247_1_5",0.964,0
"type_of_fatoil_used_in_cooking_f20090_4_16",1,1
"values_entered_f20229_0_102",1,1
"volume_level_set_by_participant_left_f4270_0_0",0.658,0
"volume_of_bankssts_right_hemisphere_f26890_3_0",0.998,1
"volume_of_hippocampaltail_left_hemisphere_f26620_2_0",0.918,0
"weightedmean_isovf_in_tract_parahippocampal_part_of_cingulum_right_f25711_3_0",0.998,1
"weightedmean_od_in_tract_cingulate_gyrus_part_of_cingulum_right_f25682_3_0",0.998,1
"words_answer_array_pilot_f10609_0_46",1,1
"work_hours_per_week_exact_value_f22605_0_31",1,1
"worked_with_paints_thinners_or_glues_f22613_0_35",1,1
