"features","percent","is_constant"
"3mm_cylindrical_power_angle_right_f5115_1_3",1,1
"3mm_strong_meridian_left_f5135_1_2",0.962,0
"added_milk_to_standard_tea_f100460_1_0",0.86,0
"age_at_cancer_diagnosis_f40008_8_0",1,1
"date_of_first_inpatient_diagnosis_icd10_f41280_0_62",0.998,1
"diagnoses_secondary_icd10_f41204_0_105",1,1
"duration_of_eprime_test_f12651_2_0",0.898,0
"ecg_heart_rate_f5983_1_85",1,1
"ecg_heart_rate_f5983_1_98",1,1
"ever_had_bowel_cancer_screening_f2345_0_0",0.008,0
"greywhite_contrast_in_inferiorparietal_left_hemisphere_f26996_2_0",0.906,0
"haemoglobin_concentration_f30020_2_0",0.98,0
"index_for_card_a_in_round_f401_1_4",0.954,0
"interpolated_year_when_noncancer_illness_first_diagnosed_f20008_0_32",1,1
"mean_isovf_in_superior_frontooccipital_fasciculus_on_fa_skeleton_right_f25482_3_0",0.996,0
"mean_l3_in_body_of_corpus_callosum_on_fa_skeleton_f25299_3_0",0.996,0
"mean_md_in_middle_cerebellar_peduncle_on_fa_skeleton_f25104_3_0",0.996,0
"mean_thickness_of_ginsularshort_right_hemisphere_f27642_2_0",0.906,0
"mean_thickness_of_isthmuscingulate_right_hemisphere_f27274_2_0",0.906,0
"mean_thickness_of_latfisanthorizont_right_hemisphere_f27663_3_0",0.996,0
"mean_thickness_of_superiorparietal_right_hemisphere_f27293_3_0",0.996,0
"momp_a_antigen_for_chlamydia_trachomatis_f23034_1_0",0.996,0
"never_eat_eggs_dairy_wheat_sugar_pilot_f10855_0_3",1,1
"nucleated_red_blood_cell_percentage_acquisition_time_f30232_0_0",0.064,0
"number_of_times_clear_was_pressed_left_f4239_1_10",0.956,1
"number_of_times_clear_was_pressed_right_f4249_2_5",0.898,0
"onion_intake_f104260_0_0",0.974,0
"operation_code_f20004_3_26",1,1
"operation_yearage_first_occurred_f92_3_14",1,1
"period_spent_working_mix_of_day_and_night_shifts_f22641_0_4",0.998,1
"qualifications_f6138_2_4",0.996,0
"red_blood_cell_erythrocyte_distribution_width_acquisition_time_f30072_2_0",0.98,0
"signaltonoiseratio_snr_of_triplet_left_f4230_2_11",0.898,0
"source_of_myocardial_infarction_report_f42001_0_0",0.98,0
"speed_of_sound_through_heel_left_f4103_0_0",0.682,0
"spherical_power_left_f5085_1_4",1,1
"sushi_intake_f102750_2_0",0.998,1
"test_array_presented_f20198_0_32",0.942,0
"test_array_presented_f20198_0_55",1,1
"test_array_presented_f20198_0_76",1,1
"test_array_presented_f20198_0_8",0.76,0
"values_wanted_f20200_0_81",1,1
"volume_of_fimbria_right_hemisphere_f26658_3_0",0.996,0
"volume_of_frontalpole_right_hemisphere_f26920_2_0",0.906,0
"volume_of_paralaminarnucleus_right_hemisphere_f26618_2_0",0.906,0
"volume_of_pf_right_hemisphere_f26698_3_0",0.996,0
"weightedmean_l3_in_tract_posterior_thalamic_radiation_right_f25643_3_0",0.996,0
"which_eyes_affected_by_strabismus_squint_f6205_1_0",0.998,1
"whole_body_water_mass_f23102_1_0",0.954,0
"year_gap_started_f22663_0_13",1,1
