"features","percent","is_constant"
"6mm_cylindrical_power_left_f5118_1_5",1,1
"6mm_strong_meridian_left_f5134_0_1",0.832,0
"adopted_father_still_alive_f3912_1_0",0.998,1
"age_at_bilateral_oophorectomy_both_ovaries_removed_f3882_2_0",0.992,0
"area_of_gfrontsup_right_hemisphere_f27566_3_0",0.996,0
"area_of_socsuptransversal_right_hemisphere_f27608_2_0",0.92,0
"arm_lean_mass_right_f23254_2_0",0.992,0
"cholesterol_missing_reason_f30695_0_0",0.962,0
"cylindrical_power_right_f5087_0_0",0.79,0
"date_of_first_inpatient_diagnosis_icd9_f41281_0_0",0.956,0
"date_of_first_inpatient_diagnosis_main_icd10_f41262_0_43",1,1
"diagnoses_main_icd9_f41203_0_18",1,1
"duration_to_entering_value_f20230_0_77",1,1
"duration_to_entering_value_f20230_0_92",1,1
"ecg_phase_time_f5986_1_41",0.964,0
"ecg_stage_name_f5988_0_27",0.866,0
"ecg_stage_name_f5988_0_98",1,1
"ecg_trend_phase_name_f5987_0_37",0.87,1
"errors_before_selecting_correct_item_in_alphanumeric_path_trail_2_f6771_2_16",0.996,0
"fraction_acceleration_1_milligravities_f90092_0_0",0.804,0
"garlic_bread_intake_f101240_0_0",0.998,1
"happiness_f4526_3_0",0.99,1
"illness_injury_bereavement_stress_in_last_2_years_pilot_f10721_0_3",1,1
"interpolated_year_when_noncancer_illness_first_diagnosed_f20008_3_31",1,1
"interpolated_year_when_operation_took_place_f20010_0_2",0.756,0
"keystroke_history_right_f4248_2_7",0.902,0
"ldl_direct_correction_level_f30783_1_0",0.962,1
"mean_fa_in_posterior_corona_radiata_on_fa_skeleton_right_f25082_3_0",0.996,0
"mean_md_in_cingulum_cingulate_gyrus_on_fa_skeleton_left_f25139_2_0",0.924,0
"mean_od_in_cerebral_peduncle_on_fa_skeleton_left_f25407_2_0",0.924,0
"mean_thickness_of_cuneus_right_hemisphere_f27269_2_0",0.92,0
"mean_thickness_of_scircularinsulaant_left_hemisphere_f27449_2_0",0.92,0
"mean_thickness_of_sorbitalmedolfact_right_hemisphere_f27687_2_0",0.92,0
"method_of_recording_time_when_noncancer_illness_first_diagnosed_f20013_2_15",1,1
"methods_of_discharge_from_hospital_recoded_f41250_0_3",0.996,0
"neutrophill_count_f30140_0_0",0.042,0
"operation_yearage_first_occurred_f92_1_9",1,1
"signaltonoiseratio_snr_of_triplet_right_f4241_0_2",0.692,0
"sodium_in_urine_acquisition_time_f30532_0_0",0.026,0
"source_of_motor_neurone_disease_report_f42029_0_0",1,1
"spinach_intake_f104300_1_0",0.996,0
"stewed_fruit_intake_f104410_4_0",0.988,1
"time_to_press_first_digit_left_f4234_2_14",0.902,0
"treatmentmedication_code_f20003_0_10",0.976,0
"triplet_played_right_f4240_0_8",0.696,0
"type_of_baguette_eaten_f20092_3_0",0.984,0
"urate_reportability_f30886_1_0",0.962,1
"value_entered_f6312_2_10",0.952,0
"vitamin_andor_mineral_supplement_use_f20084_0_8",1,1
"weightedmean_od_in_tract_uncinate_fasciculus_right_f25703_2_0",0.924,0
