"features","percent","is_constant"
"3mm_cylindrical_power_angle_right_f5115_1_3",1,1
"area_of_caudalmiddlefrontal_left_hemisphere_f26724_3_0",0.998,1
"basophill_percentage_acquisition_time_f30222_0_0",0.032,0
"bicycle_speed_f5985_1_98",1,1
"breathing_problems_improvedstopped_away_from_workplace_or_on_holiday_f22618_0_14",1,1
"breathing_problems_improvedstopped_away_from_workplace_or_on_holiday_f22618_0_17",1,1
"cereal_intake_f1458_2_0",0.874,0
"date_of_first_inpatient_diagnosis_icd9_f41281_0_2",0.98,0
"ecg_heart_rate_f5983_1_33",0.968,0
"ecg_phase_time_f5986_0_23",0.886,0
"ecg_stage_name_f5988_1_3",0.968,1
"englyst_dietary_fibre_f100009_3_0",0.79,0
"exposure_to_tobacco_smoke_outside_home_f1279_0_0",0.066,0
"femur_neck_bmd_bone_mineral_density_tscore_left_f23300_2_0",0.992,0
"genetic_principal_components_f22009_0_9",0.034,0
"illnesses_of_adopted_mother_f20113_2_3",1,1
"interpolated_age_of_participant_when_noncancer_illness_first_diagnosed_f20009_1_33",1,1
"interpolated_year_when_noncancer_illness_first_diagnosed_f20008_1_33",1,1
"leg_fat_percentage_left_f23115_2_0",0.878,0
"leg_pain_on_walking_effect_of_standing_still_f5518_0_0",0.944,0
"manifestations_of_mania_or_irritability_f20548_0_5",0.986,0
"mean_mo_in_inferior_cerebellar_peduncle_on_fa_skeleton_left_f25163_3_0",0.998,1
"mean_thickness_of_goctempmedlingual_right_hemisphere_f27646_2_0",0.908,0
"mean_thickness_of_insula_right_hemisphere_f27297_3_0",0.998,1
"mean_thickness_of_lingual_left_hemisphere_f26767_3_0",0.998,1
"mean_thickness_of_soctempmedlingual_right_hemisphere_f27685_2_0",0.908,0
"monocyte_count_acquisition_route_f30134_2_0",0.994,1
"noncancer_illness_code_selfreported_f20002_2_6",0.988,0
"number_of_triplets_attempted_left_f4269_3_0",0.996,0
"operation_code_f20004_3_3",1,1
"operation_yearage_first_occurred_f92_0_1",0.54,0
"other_cheese_intake_f102910_1_0",1,1
"period_spent_working_mix_of_day_and_night_shifts_f22641_0_0",0.99,0
"potassium_in_urine_result_flag_f30525_1_0",0.998,1
"seating_box_height_f3077_3_0",0.996,1
"signaltonoiseratio_snr_of_triplet_left_f4230_3_7",0.996,0
"time_to_press_last_digit_right_f4246_0_7",0.714,0
"triplet_played_left_f4229_0_12",0.712,0
"triplet_played_left_f4229_0_14",0.712,0
"types_of_spreadssauces_consumed_f20088_0_13",1,1
"ventricular_rate_f12336_2_0",0.886,0
"volume_of_gfrontmiddle_right_hemisphere_f27713_3_0",0.998,1
"volume_of_gprecentral_left_hemisphere_f27505_3_0",0.998,1
"volume_of_pallidum_right_hemisphere_f26592_3_0",0.998,1
"volume_of_sfrontinf_right_hemisphere_f27750_2_0",0.908,0
"weightedmean_l2_in_tract_inferior_frontooccipital_fasciculus_left_f25608_2_0",0.918,0
"weightedmean_l2_in_tract_superior_thalamic_radiation_left_f25619_2_0",0.918,0
"weightedmean_md_in_tract_middle_cerebellar_peduncle_f25531_2_0",0.918,0
"weightedmean_mo_in_tract_medial_lemniscus_left_f25559_2_0",0.918,0
"worked_with_materials_containing_asbestos_f22612_0_23",1,1
