"features","percent","is_constant"
"3mm_regularity_index_for_irregular_astigmatism_level_left_f5149_0_4",0.996,1
"6mm_regularity_index_unreliable_right_f5146_1_2",0.992,1
"age_first_had_sexual_intercourse_f2139_2_0",0.93,0
"area_of_cuneus_right_hemisphere_f26826_3_0",0.996,0
"area_of_isthmuscingulate_left_hemisphere_f26932_3_0",0.996,0
"area_of_parahippocampal_right_hemisphere_f27249_2_0",0.924,0
"area_of_supramarginal_right_hemisphere_f26852_2_0",0.924,0
"contributory_secondary_ca_f40002_0_7",1,1
"date_of_first_inpatient_diagnosis_icd10_f41280_0_121",0.996,0
"diagnoses_secondary_icd9_f41205_0_8",1,1
"ecg_load_f5984_0_7",0.832,0
"ecg_stage_name_f5988_1_109",1,1
"ever_had_samesex_intercourse_f2159_0_0",0.11,0
"heel_broadband_ultrasound_attenuation_left_f4101_3_0",0.998,1
"identifier_for_12lead_ecg_device_f12658_2_0",0.92,0
"illnesses_of_siblings_f20111_3_0",0.996,0
"interpolated_year_when_operation_took_place_f20010_1_18",1,1
"interpolated_year_when_operation_took_place_f20010_2_10",1,1
"interpolated_year_when_operation_took_place_f20010_3_16",1,1
"interval_between_previous_point_and_current_one_in_numeric_path_trail_1_f6772_3_17",0.996,0
"mean_l2_in_anterior_corona_radiata_on_fa_skeleton_left_f25271_2_0",0.94,0
"mean_l2_in_medial_lemniscus_on_fa_skeleton_left_f25257_3_0",0.996,0
"mean_reticulocyte_volume_f30260_1_0",0.968,0
"method_of_recording_time_when_noncancer_illness_first_diagnosed_f20013_0_13",0.998,1
"night_shifts_worked_f22650_0_6",1,1
"nonaccidental_death_in_close_genetic_family_f4501_2_0",0.916,0
"noncancer_illness_code_selfreported_f20002_2_29",1,1
"noncancer_illness_yearage_first_occurred_f87_3_15",1,1
"operation_code_f20004_3_1",1,1
"operative_procedures_opcs4_f41272_0_51",0.998,1
"operative_procedures_opcs4_f41272_0_53",0.998,1
"round_of_numeric_memory_test_f4260_3_2",0.996,1
"time_to_press_first_digit_right_f4245_0_13",0.604,0
"treatmentmedication_code_f20003_1_21",1,1
"triplet_entered_left_f4236_1_15",0.966,0
"triplet_entered_right_f4242_0_6",0.604,0
"triplet_entered_right_f4242_3_4",0.996,0
"turnipswede_intake_f104360_3_0",0.978,0
"types_of_spreadssauces_consumed_f20088_2_15",1,1
"usual_length_of_each_night_shift_during_night_shift_periods_f22652_0_32",1,1
"values_entered_f23322_2_98",1,1
"vitamin_supplement_user_f104670_2_0",0.828,0
"volume_of_parsopercularis_left_hemisphere_f27220_3_0",0.996,0
"wear_duration_during_2000_2059_f90080_0_0",0.802,0
"weightedmean_isovf_in_tract_corticospinal_tract_left_f25712_2_0",0.94,0
"weightedmean_isovf_in_tract_inferior_longitudinal_fasciculus_right_f25719_2_0",0.94,0
"work_hours_lumped_category_f22604_0_14",0.998,1
"worked_with_materials_containing_asbestos_f22612_0_4",0.954,0
"workplace_very_noisy_f22606_0_38",1,1
"worry_too_long_after_embarrassment_f2000_1_0",0.966,0
