"features","percent","is_constant"
"3mm_asymmetry_angle_right_f5108_0_3",0.994,0
"6mm_asymmetry_angle_left_f5110_0_5",0.998,1
"antigen_assay_date_f23048_1_0",1,1
"apolipoprotein_a_missing_reason_f30635_0_0",0.88,0
"bicycle_speed_f5985_0_21",0.866,0
"blood_pressure_device_id_f36_1_0",0.966,0
"bread_consumed_f100940_3_0",0.808,0
"breathing_problems_improvedstopped_away_from_workplace_or_on_holiday_f22618_0_7",1,1
"broccoli_intake_f104140_0_0",0.984,0
"date_of_first_inpatient_diagnosis_icd10_f41280_0_77",1,1
"date_of_first_inpatient_diagnosis_main_icd10_f41262_0_64",1,1
"duration_to_first_press_of_snapbutton_in_each_round_f404_0_8",0.996,0
"duration_to_first_press_of_snapbutton_in_each_round_pilot_f10147_0_6",1,1
"ecg_load_f5984_1_96",1,1
"ecg_number_of_stages_in_a_phase_f5993_1_1",0.966,0
"ecg_stage_name_f5988_0_40",0.872,0
"fraction_acceleration_30_milligravities_f90113_0_0",0.792,0
"fruit_smoothie_intake_f100220_1_0",0.994,0
"heel_quantitative_ultrasound_index_qui_direct_entry_left_f4104_1_0",0.966,0
"interpolated_age_of_participant_when_noncancer_illness_first_diagnosed_f20009_0_11",0.998,1
"interval_between_previous_point_and_current_one_in_alphanumeric_path_trail_2_f6773_3_11",0.994,0
"inverted_temporal_signaltonoise_ratio_in_preprocessed_tfmri_f25745_3_0",0.998,1
"item_selected_for_each_puzzle_f6332_2_0",0.938,1
"keystroke_history_right_f4248_2_4",0.912,0
"logmar_in_round_right_f5079_1_15",1,1
"mean_isovf_in_cingulum_cingulate_gyrus_on_fa_skeleton_left_f25475_3_0",0.998,1
"mean_l3_in_cerebral_peduncle_on_fa_skeleton_right_f25310_3_0",0.998,1
"mean_signaltonoise_ratio_snr_left_f4233_2_10",0.914,0
"mean_thickness_of_v1_right_hemisphere_f27124_2_0",0.922,0
"method_of_recording_time_when_operation_occurred_f20014_1_7",1,1
"mixture_of_day_and_night_shifts_worked_f22640_0_31",1,1
"mushroom_intake_f104250_1_0",0.976,0
"nonaccidental_death_in_close_genetic_family_f4501_0_0",0.674,0
"noncancer_illness_yearage_first_occurred_f87_0_9",0.998,1
"operative_procedures_secondary_opcs4_f41210_0_49",1,1
"rest_days_during_mixed_shift_periods_f22645_0_19",1,1
"scanner_lateral_x_brain_position_f25756_3_0",0.998,1
"test_array_presented_f20198_0_96",1,1
"time_elapsed_f4256_3_11",1,1
"time_to_press_first_digit_left_f4234_3_1",0.992,0
"transport_type_for_commuting_to_job_workplace_f6143_0_2",0.974,0
"triplet_correct_right_f4243_3_7",0.992,0
"type_of_fatoil_used_in_cooking_f20090_2_2",0.978,0
"type_of_special_diet_followed_f20086_4_0",0.952,0
"visual_acuity_result_in_round_left_f5082_0_1",0.81,0
"vitamin_c_f100015_2_0",0.844,0
"volume_of_ca3body_right_hemisphere_f26654_2_0",0.922,0
"volume_of_middletemporal_right_hemisphere_f26903_3_0",0.998,1
"when_diet_questionnaire_completed_f105010_3_0",0.808,0
"yogurticecream_consumers_f102080_0_0",0.86,0
