"features","percent","is_constant"
"3mm_strong_meridian_angle_right_f5107_0_1",0.782,0
"area_of_precentral_left_hemisphere_f26744_3_0",1,1
"area_of_superiorparietal_left_hemisphere_f27169_2_0",0.944,0
"attendancedisabilitymobility_allowance_f6146_0_0",0,0
"average_monthly_beer_plus_cider_intake_f4429_0_0",0.922,0
"basophill_count_device_id_f30163_2_0",0.992,1
"bran_cereal_intake_f100840_1_0",0.984,0
"consecutive_night_shifts_during_night_shift_periods_f22654_0_32",1,1
"consecutive_night_shifts_during_night_shift_periods_f22654_0_4",1,1
"courgette_intake_f104200_1_0",0.996,0
"crumble_intake_f101990_0_0",0.992,0
"date_of_first_inpatient_diagnosis_icd10_f41280_0_168",1,1
"date_of_first_operative_procedure_main_opcs4_f41260_0_11",0.964,0
"duration_to_first_press_of_snapbutton_in_each_round_f404_1_4",0.988,0
"ecg_load_f5984_0_96",1,1
"ecg_trend_phase_name_f5987_1_74",0.982,1
"ever_had_laser_treatment_for_glaucoma_or_high_eye_pressure_f5327_0_0",0.988,0
"gap_coding_f22660_0_30",1,1
"gap_coding_f22660_0_7",1,1
"heel_bone_mineral_density_bmd_right_f4124_3_0",1,1
"igf1_correction_reason_f30774_1_0",0.968,1
"illnesses_of_father_f20107_3_2",1,1
"interpolated_year_when_operation_took_place_f20010_2_20",1,1
"irritability_f1940_1_0",0.968,0
"light_smokers_at_least_100_smokes_in_lifetime_f2644_3_0",1,1
"maternal_smoking_around_birth_f1787_2_0",0.982,0
"mean_fa_in_cingulum_hippocampus_on_fa_skeleton_right_f25092_2_0",0.944,0
"mean_signaltonoise_ratio_snr_right_f4244_0_5",0.682,1
"mean_thickness_of_gsoccipitalinf_left_hemisphere_f27404_2_0",0.944,0
"mean_thickness_of_precentral_left_hemisphere_f27195_3_0",1,1
"noncancer_illness_code_selfreported_f20002_3_14",1,1
"operative_procedures_secondary_opcs4_f41210_0_27",0.994,0
"seating_box_height_f3077_0_0",0.018,0
"size_of_rose_wine_glass_drunk_f20097_2_1",1,1
"sponge_pudding_intake_f102210_0_0",0.994,1
"thickness_of_buttermargarine_spread_on_crackerscrispbreads_f20102_4_1",1,1
"triplet_correct_right_f4243_0_9",0.684,0
"trunk_fat_percentage_f23127_1_0",0.97,0
"type_of_fatoil_used_in_cooking_f20090_3_14",1,1
"types_of_spread_used_on_breadcrackers_f20087_3_2",0.992,0
"vitamin_andor_mineral_supplement_use_f20084_2_14",1,1
"vitamin_andor_mineral_supplement_use_f20084_2_2",0.988,0
"vitamin_andor_mineral_supplement_use_f20084_4_17",1,1
"volume_of_ca3head_left_hemisphere_f26637_2_0",0.944,0
"volume_of_gprecuneus_left_hemisphere_f27506_2_0",0.944,0
"volume_of_gscingulant_left_hemisphere_f27482_2_0",0.944,0
"volume_of_lp_right_hemisphere_f26711_3_0",1,1
"weightedmean_l3_in_tract_superior_thalamic_radiation_left_f25646_2_0",0.944,0
"work_hours_lumped_category_f22604_0_39",1,1
"workplace_very_noisy_f22606_0_6",0.968,0
