"features","percent","is_constant"
"administrative_and_legal_stat_f41232_0_1",0.98,0
"age_at_menopause_last_menstrual_period_f3581_3_0",1,1
"age_lung_cancer_not_mesothelioma_diagnosed_by_doctor_f22160_0_0",1,1
"area_of_fusiform_left_hemisphere_f27147_3_0",0.998,1
"area_of_inferiortemporal_left_hemisphere_f26931_3_0",0.998,1
"area_of_posteriorcingulate_left_hemisphere_f27163_3_0",0.998,1
"avocado_intake_f104100_0_0",0.996,0
"beercider_intake_f100710_4_0",0.974,0
"calibration_coefficients_x_offset_f90161_0_0",0.798,0
"celery_intake_f104190_0_0",0.996,0
"current_employment_status_f6142_1_0",0.946,0
"diagnoses_icd10_f41270_0_140",1,1
"duration_to_entering_value_f20230_0_40",1,1
"ecg_stage_name_f5988_0_53",0.898,0
"greywhite_contrast_in_parsorbitalis_left_hemisphere_f27007_2_0",0.938,0
"immature_reticulocyte_fraction_acquisition_time_f30282_1_0",0.968,0
"interpolated_age_of_participant_when_noncancer_illness_first_diagnosed_f20009_0_7",0.982,0
"interpolated_age_of_participant_when_noncancer_illness_first_diagnosed_f20009_1_33",1,1
"interpolated_age_of_participant_when_noncancer_illness_first_diagnosed_f20009_3_21",1,1
"interpolated_age_of_participant_when_operation_took_place_f20011_0_13",1,1
"interval_between_previous_point_and_current_one_in_alphanumeric_path_trail_2_f20155_0_25",0.786,0
"interval_between_previous_point_and_current_one_in_numeric_path_trail_1_f6772_2_12",0.95,0
"item_selected_for_each_puzzle_f6332_3_3",0.996,1
"lifetime_number_of_sexual_partners_f2149_2_0",0.924,0
"mean_l1_in_superior_corona_radiata_on_fa_skeleton_left_f25225_3_0",0.998,1
"mean_thickness_of_parsopercularis_left_hemisphere_f27189_3_0",0.998,1
"mean_thickness_of_supramarginal_right_hemisphere_f26886_2_0",0.938,0
"medication_for_cholesterol_blood_pressure_diabetes_or_take_exogenous_hormones_f6153_2_3",1,1
"number_entered_by_participant_f4258_0_9",0.984,0
"number_of_cigarettes_currently_smoked_daily_current_cigarette_smokers_f3456_3_0",1,1
"number_of_digits_to_be_memorisedrecalled_f4250_2_14",1,1
"number_of_letters_correct_in_round_left_f5077_1_12",1,1
"operative_procedures_secondary_opcs4_f41210_0_16",0.966,0
"pain_types_experienced_in_last_month_f6159_2_4",1,1
"polyunsaturated_fat_f100007_2_0",0.846,0
"prospective_memory_result_f20018_3_0",0.996,1
"sex_of_baby_f41226_0_2",1,1
"skin_removed_from_poultry_f103130_0_0",0.968,0
"total_volume_of_urine_samples_held_by_ukb_f30394_0_0",0.038,0
"treatmentmedication_code_f20003_0_0",0.326,0
"triglycerides_assay_date_f30871_1_0",0.952,0
"triplet_correct_left_f4232_2_11",0.92,0
"trunk_predicted_mass_f23130_2_0",0.92,0
"values_entered_f20229_0_52",1,1
"values_entered_f23322_2_90",1,1
"values_wanted_f20200_0_92",1,1
"vitamin_andor_mineral_supplement_use_f20084_3_6",0.998,1
"volume_of_brainsegnotventsurf_whole_brain_f26516_2_0",0.938,0
"workplace_very_dusty_f22609_0_33",1,1
"worrier_anxious_feelings_f1980_0_0",0.002,0
