"features","percent","is_constant"
"alanine_aminotransferase_assay_date_f30621_1_0",0.972,0
"bicycle_speed_f5985_1_104",1,1
"buttermargarine_added_to_potatoes_f104040_0_0",0.996,1
"cereal_bar_intake_f102370_2_0",0.994,0
"date_of_cancer_diagnosis_f40005_8_0",1,1
"date_of_first_inpatient_diagnosis_icd10_f41280_0_189",1,1
"diagnoses_icd10_f41270_0_146",1,1
"digits_entered_correctly_f4259_0_3",0.908,0
"discomfortpain_occurring_only_during_menstrual_bleed_f21026_0_0",0.88,0
"duration_spent_answering_each_puzzle_f6333_3_3",0.996,0
"dxa_measurement_completed_f12254_3_0",0.996,1
"ecg_heart_rate_f5983_1_42",0.978,0
"ecg_load_f5984_1_26",0.978,0
"ecg_trend_phase_name_f5987_1_101",1,1
"employment_score_wales_f26419_0_0",0.974,0
"ever_depressed_for_a_whole_week_f4598_1_0",0.972,0
"greywhite_contrast_in_lingual_left_hemisphere_f27001_2_0",0.916,0
"greywhite_contrast_in_supramarginal_left_hemisphere_f27019_2_0",0.916,0
"hairbalding_pattern_f2395_1_0",0.984,0
"index_for_card_b_in_round_pilot_f10140_0_16",0.994,1
"interpolated_age_of_participant_when_operation_took_place_f20011_2_2",0.982,0
"interpolated_year_when_noncancer_illness_first_diagnosed_f20008_1_0",0.976,0
"main_speciality_of_consultant_polymorphic_f41207_0_15",1,1
"manifestations_of_mania_or_irritability_f20548_0_8",0.998,1
"mean_fa_in_body_of_corpus_callosum_on_fa_skeleton_f25059_2_0",0.922,0
"mean_od_in_posterior_thalamic_radiation_on_fa_skeleton_left_f25421_3_0",0.996,0
"mean_thickness_of_cuneus_right_hemisphere_f27269_3_0",0.996,0
"medication_for_cholesterol_blood_pressure_diabetes_or_take_exogenous_hormones_f6153_2_3",1,1
"mental_health_problems_ever_diagnosed_by_a_professional_f20544_0_11",1,1
"number_of_digits_to_be_memorisedrecalled_f4250_3_3",0.996,1
"number_of_times_clear_was_pressed_right_f4249_0_12",0.676,0
"other_tea_intake_f100440_0_0",1,1
"platelet_crit_f30090_1_0",0.98,0
"time_to_press_last_digit_left_f4235_3_7",0.996,0
"time_to_press_next_right_f4247_1_11",0.972,0
"treatmentmedication_code_f20003_2_34",1,1
"values_entered_f20229_0_26",0.854,0
"values_entered_f20229_0_81",1,1
"values_entered_f23322_3_14",0.998,1
"values_wanted_f20200_0_3",0.766,1
"values_wanted_f23321_3_35",1,1
"vitamin_and_mineral_supplements_f6155_2_2",0.998,1
"vitamin_andor_mineral_supplement_use_f20084_4_4",0.996,1
"volume_of_goccipitalmiddle_left_hemisphere_f27495_2_0",0.916,0
"volume_of_grey_matter_in_viib_cerebellum_left_f25906_2_0",0.916,0
"volume_of_sparietooccipital_right_hemisphere_f27763_2_0",0.916,0
"volume_of_ssubparietal_right_hemisphere_f27769_2_0",0.916,0
"weightedmean_isovf_in_tract_uncinate_fasciculus_right_f25730_3_0",0.996,0
"weightedmean_md_in_tract_superior_thalamic_radiation_left_f25538_3_0",0.996,0
"word_associated_with_new_f6547_2_0",0.928,0
