"features","percent","is_constant"
"3mm_keratometry_result_unreliable_right_f5140_0_1",0.996,1
"3mm_strong_meridian_right_f5132_1_0",0.956,0
"age_glaucoma_diagnosed_f4689_0_0",0.996,0
"area_of_gfrontinforbital_right_hemisphere_f27563_2_0",0.932,0
"blood_pressure_test_start_time_f12695_2_0",0.932,0
"cancer_record_format_f40019_10_0",1,1
"contributory_secondary_ca_f40002_0_8",1,1
"date_of_first_inpatient_diagnosis_main_icd9_f41263_0_22",1,1
"decaffeinated_tea_f100470_0_0",0.994,1
"diagnoses_secondary_icd10_f41204_0_91",1,1
"domestic_garden_percentage_buffer_1000m_f24501_1_0",0.954,0
"ecg_load_f5984_0_1",0.82,1
"ecg_load_f5984_0_2",0.832,1
"ecg_stage_name_f5988_1_60",0.968,0
"illnesses_of_adopted_siblings_f20114_0_0",0.998,1
"interval_between_previous_point_and_current_one_in_numeric_path_trail_1_f6772_2_23",0.948,0
"job_code_historical_f22617_0_22",1,1
"ldl_direct_reportability_f30786_1_0",0.96,1
"logmar_in_round_right_f5079_0_9",1,1
"mean_fa_in_uncinate_fasciculus_on_fa_skeleton_right_f25100_3_0",0.998,1
"mean_l1_in_anterior_corona_radiata_on_fa_skeleton_right_f25222_2_0",0.944,0
"mean_l2_in_cingulum_cingulate_gyrus_on_fa_skeleton_right_f25282_2_0",0.944,0
"mean_l2_in_fornix_cresstria_terminalis_on_fa_skeleton_left_f25287_2_0",0.944,0
"mean_signaltonoise_ratio_snr_left_f4233_1_13",0.954,0
"mean_signaltonoise_ratio_snr_left_f4233_2_11",0.928,0
"mean_thickness_of_isthmuscingulate_left_hemisphere_f27181_2_0",0.932,0
"medication_for_cholesterol_blood_pressure_diabetes_or_take_exogenous_hormones_f6153_3_3",1,1
"method_of_recording_time_when_noncancer_illness_first_diagnosed_f20013_0_28",1,1
"number_of_times_snapbutton_pressed_f403_2_0",0.922,0
"operative_procedures_secondary_opcs4_f41210_0_82",1,1
"quorn_intake_f103280_0_0",0.998,1
"rest_days_during_night_shift_periods_f22655_0_11",1,1
"speechreceptionthreshold_srt_estimate_left_f20019_2_0",0.928,0
"suffer_from_nerves_f2010_3_0",0.996,1
"target_number_to_be_entered_f4252_2_13",1,1
"test_array_presented_f20198_0_10",0.782,0
"test_array_presented_f20198_0_36",0.992,0
"thickness_of_buttermargarine_spread_on_sliced_bread_f20098_2_2",1,1
"time_to_press_last_digit_right_f4246_2_11",0.928,0
"total_lean_mass_f23280_2_0",0.982,0
"triplet_correct_left_f4232_3_7",0.996,1
"triplet_entered_left_f4236_0_15",0.628,0
"triplet_played_left_f4229_0_12",0.628,0
"type_of_large_bap_eaten_f20093_4_1",1,1
"vegetable_pieces_intake_f104070_1_0",0.986,0
"volume_of_insula_left_hemisphere_f27235_2_0",0.932,0
"volume_of_superiorparietal_right_hemisphere_f27324_2_0",0.932,0
"weightedmean_fa_in_tract_forceps_major_f25498_2_0",0.944,0
"weightedmean_l1_in_tract_inferior_frontooccipital_fasciculus_left_f25581_3_0",0.998,1
"weightedmean_l2_in_tract_medial_lemniscus_left_f25613_2_0",0.944,0
