"features","percent","is_constant"
"6mm_asymmetry_index_unreliable_right_f5143_1_4",1,1
"6mm_weak_meridian_angle_right_f5101_1_1",0.98,0
"area_of_gsparacentral_left_hemisphere_f27331_2_0",0.94,0
"average_acceleration_0000_0059_f90027_0_0",0.782,0
"conclusion_duration_f6_1_0",0.974,0
"croissant_intake_f102050_3_0",0.992,0
"date_of_cancer_diagnosis_f40005_12_0",1,1
"diagnoses_icd9_f41271_0_14",1,1
"diagnoses_secondary_icd10_f41204_0_113",1,1
"diagnoses_secondary_icd9_f41205_0_14",1,1
"direct_bilirubin_correction_level_f30663_1_0",0.982,1
"ecg_trend_phase_name_f5987_1_63",0.988,0
"frequency_of_inability_to_stop_worrying_during_worst_period_of_anxiety_f20539_0_0",0.918,0
"genetic_relatedness_factor_f22012_0_3",1,1
"goats_cheese_intake_f102900_4_0",0.998,1
"greywhite_contrast_in_pericalcarine_left_hemisphere_f27009_3_0",0.996,0
"index_for_card_a_in_round_f401_1_0",0.974,0
"mean_fa_in_cerebral_peduncle_on_fa_skeleton_right_f25070_2_0",0.938,0
"mean_fa_in_retrolenticular_part_of_internal_capsule_on_fa_skeleton_right_f25076_2_0",0.938,0
"mean_isovf_in_superior_frontooccipital_fasciculus_on_fa_skeleton_left_f25483_3_0",0.996,0
"mean_l1_in_cerebral_peduncle_on_fa_skeleton_left_f25215_3_0",0.996,0
"mean_l2_in_cingulum_cingulate_gyrus_on_fa_skeleton_left_f25283_2_0",0.938,0
"mean_md_in_superior_cerebellar_peduncle_on_fa_skeleton_left_f25117_3_0",0.996,0
"mean_od_in_sagittal_stratum_on_fa_skeleton_left_f25423_2_0",0.938,0
"mean_signaltonoise_ratio_snr_right_f4244_0_3",0.686,1
"method_of_recording_time_when_noncancer_illness_first_diagnosed_f20013_0_25",1,1
"neutrophill_percentage_acquisition_time_f30202_2_0",0.992,0
"noncancer_illness_yearage_first_occurred_f87_3_14",1,1
"ordering_of_blows_f3065_3_0",0.996,1
"red_blood_cell_erythrocyte_distribution_width_device_id_f30073_0_0",0.05,0
"refractometry_result_unreliable_left_f5090_0_3",1,1
"time_to_press_first_digit_left_f4234_1_12",0.974,0
"time_to_press_first_digit_right_f4245_1_1",0.974,0
"triplet_correct_left_f4232_2_13",0.92,0
"triplet_played_left_f4229_0_7",0.694,0
"triplet_played_left_f4229_1_14",0.974,0
"type_of_bread_roll_eaten_f20094_0_3",1,1
"type_of_bread_roll_eaten_f20094_2_3",1,1
"type_of_fatoil_used_in_cooking_f20090_0_19",1,1
"type_of_fatoil_used_in_cooking_f20090_1_22",1,1
"type_of_fatoil_used_in_cooking_f20090_3_0",0.844,0
"values_entered_f23322_3_73",1,1
"values_entered_f23322_3_75",1,1
"values_wanted_f20200_0_84",1,1
"values_wanted_f20200_0_93",1,1
"values_wanted_f23321_2_24",0.992,0
"values_wanted_f23321_3_74",1,1
"volume_of_gparietinfsupramar_right_hemisphere_f27724_2_0",0.94,0
"weightedmean_isovf_in_tract_parahippocampal_part_of_cingulum_right_f25711_3_0",0.996,0
"workplace_had_a_lot_of_cigarette_smoke_from_other_people_smoking_f22611_0_27",1,1
