"features","percent","is_constant"
"area_of_gcuneus_right_hemisphere_f27561_2_0",0.916,0
"area_of_ginsularshort_left_hemisphere_f27346_2_0",0.916,0
"bicycle_speed_f5985_1_8",0.966,0
"carotene_f100019_0_0",0.854,0
"consecutive_night_shifts_during_night_shift_periods_f22654_0_19",1,1
"creatinine_correction_level_f30703_1_0",0.968,1
"doctor_diagnosed_mesothelioma_of_the_lung_f22141_0_0",0.754,1
"dxa_assessment_signoff_timestamp_f21864_2_0",0.906,0
"ecg_heart_rate_f5983_0_31",0.888,0
"ecg_heart_rate_f5983_0_36",0.888,0
"ecg_trend_phase_name_f5987_1_50",0.968,0
"ecg_trend_phase_name_f5987_1_53",0.972,0
"errors_before_selecting_correct_item_in_numeric_path_trail_1_f6770_2_14",0.998,1
"fraction_acceleration_4_milligravities_f90095_0_0",0.818,0
"index_for_card_b_in_round_f402_2_11",0.914,1
"interpolated_age_of_participant_when_noncancer_illness_first_diagnosed_f20009_2_15",1,1
"interpolated_year_when_noncancer_illness_first_diagnosed_f20008_1_2",0.982,0
"interval_between_previous_point_and_current_one_in_alphanumeric_path_trail_2_f6773_2_12",0.934,0
"interval_between_previous_point_and_current_one_in_numeric_path_trail_1_f6772_2_13",0.932,0
"keystroke_history_right_f4248_2_13",0.91,0
"leg_fat_percentage_right_f23111_0_0",0.026,0
"longest_period_of_depression_f4609_3_0",0.996,0
"mean_corpuscular_haemoglobin_f30050_0_0",0.05,0
"mean_fa_in_tapetum_on_fa_skeleton_right_f25102_3_0",0.994,0
"mean_l3_in_corticospinal_tract_on_fa_skeleton_right_f25302_3_0",0.994,0
"mean_thickness_of_soctempmedlingual_right_hemisphere_f27685_3_0",0.994,0
"meat_consumers_f103000_0_0",0.854,0
"mixture_of_day_and_night_shifts_worked_f22640_0_27",1,1
"momp_a_antigen_for_chlamydia_trachomatis_f23034_1_0",0.998,1
"noisy_workplace_f4825_0_0",0.684,0
"noncancer_illness_code_selfreported_f20002_0_33",1,1
"number_of_times_snapbutton_pressed_f403_2_11",0.914,0
"overall_health_rating_f2178_0_0",0,0
"pattern_of_lights_displayed_pilot_f10145_0_1",0.992,1
"pattern_of_lights_displayed_pilot_f10145_0_3",0.992,1
"rest_days_during_mixed_shift_periods_f22645_0_13",1,1
"sweet_pepper_intake_f104290_2_0",0.966,0
"systolic_blood_pressure_automated_reading_f4080_2_1",0.938,0
"thickness_of_buttermargarine_spread_on_other_bread_f20104_4_1",1,1
"time_number_displayed_for_f4253_3_8",0.992,0
"treatmentmedication_code_f20003_0_47",1,1
"treatmentmedication_code_f20003_1_1",0.984,0
"triplet_played_right_f4240_3_7",0.988,0
"values_wanted_f23321_2_7",0.932,0
"volume_of_gfrontinfopercular_left_hemisphere_f27488_2_0",0.916,0
"volume_of_grey_matter_in_frontal_medial_cortex_left_f25830_3_0",0.994,0
"volume_of_lateralventricle_right_hemisphere_f26585_3_0",0.994,0
"volume_of_vm_right_hemisphere_f26704_2_0",0.916,0
"weightedmean_isovf_in_tract_uncinate_fasciculus_right_f25730_3_0",0.994,0
"year_job_ended_f22603_0_33",1,1
