"features","percent","is_constant"
"3mm_asymmetry_index_for_irregular_astigmatism_level_right_f5152_1_1",0.976,1
"acceptability_of_each_blow_result_f3061_0_0",0.086,0
"age_at_cancer_diagnosis_f40008_8_0",1,1
"age_glaucoma_diagnosed_f4689_2_0",0.994,0
"alkaline_phosphatase_reportability_f30616_0_0",0.066,1
"average_acceleration_0500_0559_f90032_0_0",0.78,0
"avoided_activities_or_situations_because_of_previous_stressful_experience_in_past_month_f20495_0_0",0.698,0
"bicycle_speed_f5985_1_104",1,1
"calcium_f100024_0_0",0.848,0
"central_pulse_pressure_during_pwa_f12678_2_2",0.998,1
"cheese_spread_intake_f102860_1_0",0.998,1
"comparative_height_size_at_age_10_f1697_2_0",0.986,0
"date_of_first_inpatient_diagnosis_icd10_f41280_0_159",1,1
"date_of_first_inpatient_diagnosis_icd10_f41280_0_165",1,1
"date_of_first_inpatient_diagnosis_main_icd9_f41263_0_6",1,1
"date_of_first_operative_procedure_opcs4_f41282_0_95",1,1
"diagnoses_main_icd10_f41202_0_23",1,1
"duration_to_first_press_of_snapbutton_in_each_round_pilot_f10147_0_10",0.992,0
"ecg_trend_phase_name_f5987_0_34",0.868,0
"femur_neck_bmd_bone_mineral_density_tscore_left_f23300_2_0",0.996,0
"genetic_principal_components_f22009_0_27",0.034,0
"greywhite_contrast_in_superiorparietal_left_hemisphere_f27017_2_0",0.926,0
"heating_types_in_home_f6140_3_2",1,1
"home_location_east_coordinate_rounded_f22702_0_11",1,1
"illnesses_of_mother_f20110_3_3",1,1
"interpolated_age_of_participant_when_operation_took_place_f20011_2_31",1,1
"interval_between_previous_point_and_current_one_in_alphanumeric_path_trail_2_f6773_2_13",0.936,0
"job_coding_f22601_0_2",0.862,0
"logmar_in_round_left_f5078_0_1",0.798,0
"mean_l1_in_cingulum_cingulate_gyrus_on_fa_skeleton_left_f25235_2_0",0.928,0
"mean_l3_in_external_capsule_on_fa_skeleton_right_f25328_2_0",0.928,0
"mean_signaltonoise_ratio_snr_right_f4244_0_1",0.656,1
"mean_tfmri_head_motion_averaged_across_space_and_time_points_f25742_2_0",0.946,0
"mean_thickness_of_sfrontsup_left_hemisphere_f27456_3_0",0.998,1
"monocyte_count_device_id_f30133_1_0",0.97,0
"number_of_beats_in_waveform_average_for_pwa_f12679_3_4",1,1
"other_vegetarian_alternative_intake_f103290_4_0",1,1
"spherical_power_right_f5084_1_0",0.974,0
"thickness_of_buttermargarine_spread_on_crackerscrispbreads_f20102_1_0",1,1
"treatment_speciality_of_consultant_polymorphic_f41208_0_2",0.616,0
"types_of_spreadssauces_consumed_f20088_0_13",1,1
"usual_length_of_each_night_shift_during_mixed_shift_periods_f22642_0_18",1,1
"values_wanted_f23321_2_1",0.932,0
"volume_of_basalnucleus_left_hemisphere_f26601_3_0",0.998,1
"volume_of_ca3head_right_hemisphere_f26659_3_0",0.998,1
"volume_of_sintraparietptrans_left_hemisphere_f27532_3_0",0.998,1
"weightedmean_mo_in_tract_medial_lemniscus_left_f25559_2_0",0.928,0
"work_hours_per_week_exact_value_f22605_0_18",1,1
"worked_with_paints_thinners_or_glues_f22613_0_26",1,1
"worked_with_pesticides_f22614_0_35",1,1
