"features","percent","is_constant"
"6mm_keratometry_result_unreliable_left_f5138_1_1",0.99,1
"6mm_keratometry_result_unreliable_left_f5138_1_2",0.988,1
"arm_fat_percentage_right_f23119_1_0",0.954,0
"astigmatism_angle_right_f5088_1_8",1,1
"beercider_intake_f100710_2_0",0.97,0
"body_fat_percentage_f23099_0_0",0.018,0
"consecutive_night_shifts_during_mixed_shift_periods_f22644_0_1",0.982,0
"cystatin_c_f30720_1_0",0.96,0
"date_of_cancer_diagnosis_f40005_0_0",0.812,0
"date_of_first_operative_procedure_main_opcs4_f41260_0_18",0.992,0
"date_of_first_operative_procedure_opcs3_f41283_0_15",1,1
"diagnoses_icd10_f41270_0_24",0.928,0
"displayed_letters_in_round_left_f5081_1_0",0.954,0
"ecg_heart_rate_f5983_1_38",0.96,0
"ecg_trend_phase_name_f5987_1_10",0.956,1
"ever_had_hysterectomy_womb_removed_f3591_3_0",1,1
"fluid_intelligence_score_f20016_3_0",0.996,1
"gap_coding_f22660_0_25",1,1
"groel_antigen_for_helicobacter_pylori_f23042_0_0",0.984,0
"hourofday_questionnaire_completed_f20081_3_0",0.822,0
"intake_of_artificial_sweetener_added_to_coffee_f100380_4_0",0.978,0
"interpolated_age_of_participant_when_noncancer_illness_first_diagnosed_f20009_0_31",1,1
"interpolated_year_when_noncancer_illness_first_diagnosed_f20008_3_31",1,1
"interpolated_year_when_operation_took_place_f20010_0_16",1,1
"mean_intensity_of_inflatvent_right_hemisphere_f26570_3_0",0.998,1
"mean_isovf_in_corticospinal_tract_on_fa_skeleton_right_f25446_2_0",0.932,0
"mean_md_in_corticospinal_tract_on_fa_skeleton_left_f25111_3_0",0.998,1
"mean_thickness_of_soctempmedlingual_left_hemisphere_f27463_2_0",0.922,0
"median_t2star_in_accumbens_left_f25038_2_0",0.93,0
"noncancer_illness_yearage_first_occurred_f87_2_31",1,1
"operative_procedures_opcs4_f41272_0_28",0.984,0
"pct_where_patients_gp_was_registered_f41230_0_7",1,1
"reason_for_skipping_visual_acuity_right_f20056_0_0",1,1
"symbol_digit_completion_status_f20245_0_0",0.782,0
"time_to_answer_f4288_2_0",0.908,0
"time_to_press_last_digit_right_f4246_1_8",0.958,0
"treatmentmedication_code_f20003_3_46",1,1
"type_of_meals_eaten_f20089_2_0",0.878,0
"types_of_spreadssauces_consumed_f20088_4_3",0.994,0
"use_of_sunuv_protection_f2267_1_0",0.954,0
"values_entered_f23322_2_91",1,1
"visual_acuity_result_in_round_left_f5082_0_1",0.778,0
"vitamin_d_reportability_f30896_1_0",0.964,1
"volume_of_grey_matter_in_temporal_pole_right_f25797_3_0",0.998,1
"volume_of_lateralventricle_left_hemisphere_f26554_2_0",0.922,0
"volume_of_ld_left_hemisphere_f26712_3_0",0.998,1
"which_eyes_affected_by_presbyopia_f5610_1_0",0.982,1
"worked_with_pesticides_f22614_0_33",1,1
"workplace_very_noisy_f22606_0_26",1,1
"workplace_very_noisy_f22606_0_35",1,1
