"features","percent","is_constant"
"age_alpha1_antitrypsin_deficiency_diagnosed_by_doctor_f22152_0_0",1,1
"area_of_isthmuscingulate_right_hemisphere_f26831_3_0",1,1
"bap_intake_f101090_2_0",0.998,1
"cancer_code_selfreported_f20001_2_5",1,1
"dayofweek_questionnaire_completed_f20080_0_0",0.858,0
"diagnoses_icd9_f41271_0_19",1,1
"diagnoses_main_icd10_f41202_0_10",0.938,0
"duration_of_walks_f874_3_0",0.998,1
"dxa_measurement_completed_f12254_2_0",0.904,0
"ecg_phase_time_f5986_1_61",0.986,0
"ecg_stage_name_f5988_0_41",0.866,0
"happiness_f4526_0_0",0.638,0
"high_light_scatter_reticulocyte_percentage_acquisition_time_f30292_0_0",0.066,0
"illnesses_of_siblings_f20111_2_7",1,1
"interpolated_age_of_participant_when_cancer_first_diagnosed_f20007_3_4",1,1
"interpolated_age_of_participant_when_noncancer_illness_first_diagnosed_f20009_0_11",1,1
"interpolated_age_of_participant_when_noncancer_illness_first_diagnosed_f20009_0_7",0.972,0
"interpolated_year_when_operation_took_place_f20010_3_7",1,1
"leg_pain_in_calfcalves_f5463_3_0",1,1
"mean_icvf_in_sagittal_stratum_on_fa_skeleton_left_f25375_2_0",0.926,0
"mean_l1_in_genu_of_corpus_callosum_on_fa_skeleton_f25202_3_0",1,1
"mean_thickness_of_ba4p_right_hemisphere_f27120_3_0",1,1
"mean_thickness_of_medialorbitofrontal_left_hemisphere_f26768_2_0",0.92,0
"mean_thickness_of_scollattransvpost_left_hemisphere_f27453_2_0",0.92,0
"night_shifts_worked_f22650_0_11",1,1
"operation_code_f20004_2_23",1,1
"operative_procedures_opcs4_f41272_0_2",0.336,0
"operative_procedures_opcs4_f41272_0_78",1,1
"pain_types_experienced_in_last_month_f6159_1_0",0.966,0
"professional_informed_about_anxiety_f20428_0_0",0.91,0
"refractometry_result_unreliable_left_f5090_0_8",1,1
"spirometry_device_serial_number_pilot_f10714_0_0",0.994,0
"time_last_key_touched_f4255_3_2",0.998,1
"time_to_press_next_right_f4247_0_1",0.658,0
"triplet_entered_right_f4242_1_7",0.968,0
"turnipswede_intake_f104360_3_0",0.992,0
"types_of_transport_used_excluding_work_f6162_3_1",0.998,1
"values_entered_f20229_0_0",0.748,0
"values_entered_f20229_0_12",0.748,0
"values_wanted_f23321_3_58",1,1
"visual_acuity_result_in_round_right_f5083_0_0",0.754,0
"volume_of_choroidplexus_right_hemisphere_f26598_2_0",0.92,0
"volume_of_gpostcentral_right_hemisphere_f27726_3_0",1,1
"volume_of_grey_matter_in_ix_cerebellum_right_f25917_3_0",1,1
"volume_of_mvre_left_hemisphere_f26679_2_0",0.92,0
"words_answer_array_pilot_f10609_0_23",0.998,1
"workplace_full_of_chemical_or_other_fumes_f22610_0_25",1,1
"workplace_very_noisy_f22606_0_22",1,1
"year_job_ended_f22603_0_29",1,1
"yogurt_intake_f102090_1_0",0.928,0
