"features","percent","is_constant"
"3mm_asymmetry_index_left_f5156_1_5",1,1
"3mm_asymmetry_index_unreliable_left_f5141_1_2",0.996,1
"area_of_parsopercularis_right_hemisphere_f26973_2_0",0.934,0
"augmentation_index_for_pwa_f12681_3_0",0.988,0
"body_mass_index_bmi_f23104_3_0",0.988,0
"breathing_problems_during_period_of_job_f22616_0_0",0.768,0
"breathing_problems_responsible_for_leaving_job_f22619_0_11",0.998,1
"consent_signoff_timestamp_f21821_0_0",0,0
"creatinine_f30700_0_0",0.052,0
"date_of_first_inpatient_diagnosis_icd10_f41280_0_164",1,1
"date_of_first_inpatient_diagnosis_icd9_f41281_0_3",0.986,0
"dayofweek_questionnaire_completion_requested_f20079_4_0",0.794,0
"ecg_stage_name_f5988_0_74",0.918,0
"ecg_trend_phase_name_f5987_0_105",1,1
"genetic_principal_components_f22009_0_3",0.02,0
"genetic_relatedness_factor_f22012_0_1",0.994,0
"heel_bone_mineral_density_bmd_right_f4124_3_0",1,1
"icecream_intake_f102120_2_0",0.97,0
"illnesses_of_adopted_siblings_f20114_2_6",1,1
"interval_between_previous_point_and_current_one_in_numeric_path_trail_1_f20149_0_7",0.77,0
"iron_f100011_0_0",0.854,0
"job_code_historical_f22617_0_10",0.998,1
"light_smokers_at_least_100_smokes_in_lifetime_f2644_2_0",0.982,0
"mean_mo_in_superior_cerebellar_peduncle_on_fa_skeleton_left_f25165_3_0",0.996,0
"methods_of_selfharm_used_f20553_0_3",1,1
"number_of_night_shifts_worked_monthly_during_night_shift_periods_f22653_0_30",1,1
"number_of_times_clear_was_pressed_right_f4249_3_4",0.99,0
"number_of_unenthusiasticdisinterested_episodes_f5386_2_0",0.98,0
"operative_procedures_opcs3_f41273_0_3",0.998,1
"operative_procedures_opcs4_f41272_0_76",1,1
"pain_types_experienced_in_last_month_f6159_3_3",1,1
"phosphate_reportability_f30816_0_0",0.146,1
"protein_f100003_2_0",0.812,0
"testosterone_assay_date_f30851_0_0",0.054,0
"time_last_key_touched_f4255_1_7",1,1
"time_number_displayed_for_f4253_2_4",0.952,0
"time_to_press_last_digit_left_f4235_2_2",0.936,0
"treatmentmedication_code_f20003_0_42",1,1
"triplet_correct_left_f4232_1_15",0.966,0
"triplet_correct_left_f4232_2_3",0.936,0
"triplet_correct_right_f4243_3_6",0.99,0
"type_of_bread_roll_eaten_f20094_1_4",1,1
"type_of_bread_roll_eaten_f20094_4_4",1,1
"usual_walking_pace_f924_0_0",0.012,0
"vascularheart_problems_diagnosed_by_doctor_f6150_1_2",0.996,1
"volume_of_cortex_left_hemisphere_f26552_2_0",0.934,0
"volume_of_hippocampalfissure_left_hemisphere_f26624_3_0",0.996,0
"volume_of_lgn_left_hemisphere_f26665_3_0",0.996,0
"volume_of_sorbitalhshaped_right_hemisphere_f27762_3_0",0.996,0
"workplace_very_hot_f22608_0_15",1,1
