"features","percent","is_constant"
"6mm_weak_meridian_angle_right_f5101_0_4",0.998,1
"added_milk_to_standard_tea_f100460_1_0",0.89,0
"age_stopped_smoking_cigarettes_current_cigarpipe_or_previous_cigarette_smoker_f6194_0_0",0.992,0
"area_of_goctempmedparahip_right_hemisphere_f27573_3_0",1,1
"area_of_poletemporal_left_hemisphere_f27371_3_0",1,1
"diagnoses_secondary_icd10_f41204_0_142",1,1
"diagnoses_secondary_icd10_f41204_0_18",0.95,0
"difficulty_not_smoking_for_1_day_f3476_0_0",0.934,0
"drive_faster_than_motorway_speed_limit_f1100_2_0",0.896,0
"duration_spent_answering_each_puzzle_f6333_3_6",0.996,0
"dxa_measurement_completed_f12254_3_0",0.996,1
"ecg_heart_rate_f5983_1_94",1,1
"ecg_load_f5984_0_6",0.868,0
"ecg_load_f5984_1_89",1,1
"ecg_stage_name_f5988_1_5",0.954,1
"ecg_trend_phase_name_f5987_0_31",0.872,0
"fasting_time_f74_0_0",0.002,0
"forced_vital_capacity_fvc_f3062_3_0",0.998,1
"fortified_wine_intake_f100720_1_0",1,1
"frequency_of_friendfamily_visits_f1031_0_0",0.014,0
"frequency_of_stair_climbing_in_last_4_weeks_f943_0_0",0.014,0
"histology_of_cancer_tumour_f40011_0_0",0.834,0
"illness_injury_bereavement_stress_in_last_2_years_f6145_3_1",1,1
"illnesses_of_adopted_father_f20112_2_1",1,1
"index_for_card_a_in_round_f401_2_0",0.902,0
"interpolated_age_of_participant_when_noncancer_illness_first_diagnosed_f20009_1_10",1,1
"interval_between_previous_point_and_current_one_in_numeric_path_trail_1_f6772_2_18",0.93,0
"k81_antigen_for_kaposis_sarcomaassociated_herpesvirus_f23015_1_0",1,1
"mean_md_in_retrolenticular_part_of_internal_capsule_on_fa_skeleton_right_f25124_2_0",0.92,0
"mean_thickness_of_ba45_left_hemisphere_f27081_2_0",0.92,0
"mean_thickness_of_precuneus_left_hemisphere_f27196_3_0",1,1
"number_in_household_f709_2_0",0.896,0
"number_of_crackerscrispbreads_with_buttermargarine_f101470_2_0",0.996,0
"number_of_digits_to_be_memorisedrecalled_f4250_2_15",1,1
"round_of_numeric_memory_test_f4260_2_6",0.936,1
"target_number_to_be_memorised_f4251_2_1",0.928,0
"time_to_press_last_digit_left_f4235_0_8",0.672,0
"treatment_speciality_of_consultant_polymorphic_f41208_0_15",1,1
"type_of_bread_roll_eaten_f20094_3_3",1,1
"type_of_tobacco_previously_smoked_f2877_3_0",0.998,1
"values_entered_f23322_2_13",0.934,0
"visceral_adipose_tissue_volume_vat_f22407_2_0",0.974,0
"volume_of_accumbens_right_f25024_3_0",1,1
"volume_of_ba1_left_hemisphere_f27087_3_0",1,1
"volume_of_ca1body_right_hemisphere_f26644_2_0",0.92,0
"volume_of_edta2_red_cells_held_by_ukb_f30364_0_0",0.052,0
"volume_of_fusiform_right_hemisphere_f26895_3_0",1,1
"volume_of_gparietalsup_left_hemisphere_f27503_2_0",0.92,0
"weightedmean_isovf_in_tract_middle_cerebellar_peduncle_f25720_3_0",1,1
"workplace_full_of_chemical_or_other_fumes_f22610_0_0",0.81,0
