"features","percent","is_constant"
"area_of_gfrontinftriangul_left_hemisphere_f27342_3_0",0.994,0
"area_of_goctemplatfusifor_right_hemisphere_f27571_3_0",0.994,0
"area_of_paracentral_left_hemisphere_f27157_3_0",0.994,0
"area_of_transversetemporal_right_hemisphere_f26988_3_0",0.994,0
"consecutive_night_shifts_during_mixed_shift_periods_f22644_0_0",0.96,0
"date_of_first_operative_procedure_main_opcs3_f41257_0_6",1,1
"diagnoses_icd10_f41270_0_131",1,1
"diagnoses_icd10_f41270_0_149",1,1
"diagnoses_icd9_f41271_0_38",1,1
"diagnoses_secondary_icd10_f41204_0_126",1,1
"diagnoses_secondary_icd10_f41204_0_90",1,1
"ecg_heart_rate_f5983_0_5",0.85,0
"ecg_heart_rate_f5983_1_77",0.982,0
"exposure_to_tobacco_smoke_at_home_f1269_2_0",0.888,1
"fathers_age_at_death_f1807_3_0",0.992,0
"frequency_of_friendfamily_visits_pilot_f10740_0_0",0.994,0
"high_light_scatter_reticulocyte_percentage_acquisition_route_f30294_0_0",0.076,0
"intake_of_artificial_sweetener_added_to_tea_f100500_2_0",0.996,0
"interval_between_previous_point_and_current_one_in_numeric_path_trail_1_f6772_2_8",0.916,0
"intraocular_pressure_goldmanncorrelated_left_f5263_1_0",0.958,0
"logmar_initial_left_f5206_1_0",0.958,0
"mean_fa_in_cerebral_peduncle_on_fa_skeleton_right_f25070_3_0",0.992,0
"mean_md_in_pontine_crossing_tract_on_fa_skeleton_f25105_2_0",0.916,0
"mean_mo_in_corticospinal_tract_on_fa_skeleton_right_f25158_3_0",0.992,0
"mean_mo_in_superior_longitudinal_fasciculus_on_fa_skeleton_left_f25193_2_0",0.916,0
"mean_thickness_of_gtemporalmiddle_left_hemisphere_f27440_2_0",0.914,0
"mean_thickness_of_inferiortemporal_right_hemisphere_f27273_2_0",0.914,0
"mean_thickness_of_spericallosal_right_hemisphere_f27690_2_0",0.914,0
"mean_thickness_of_v1_right_hemisphere_f27124_3_0",0.994,0
"noncancer_illness_code_selfreported_f20002_2_5",0.972,0
"noncancer_illness_yearage_first_occurred_f87_0_11",1,1
"other_tea_intake_f100440_4_0",0.99,0
"prune_intake_f104420_3_0",0.99,0
"risk_taking_f2040_2_0",0.886,0
"shortness_of_breath_walking_on_level_ground_f4717_2_0",0.886,0
"systolic_brachial_blood_pressure_during_pwa_f12674_3_1",0.99,0
"temperature_minimum_f90194_0_0",0.764,0
"time_first_key_touched_f4254_0_3",0.896,0
"time_first_key_touched_f4254_2_15",1,1
"time_number_displayed_for_f4253_3_15",1,1
"time_to_press_last_digit_left_f4235_0_2",0.678,0
"triplet_correct_right_f4243_0_11",0.684,0
"triplet_entered_left_f4236_2_9",0.892,0
"triplet_played_right_f4240_0_11",0.682,0
"values_entered_f23322_3_65",1,1
"volume_of_mvre_left_hemisphere_f26679_3_0",0.994,0
"weightedmean_fa_in_tract_medial_lemniscus_right_f25506_3_0",0.992,0
"weightedmean_l3_in_tract_superior_longitudinal_fasciculus_left_f25644_3_0",0.992,0
"work_hours_per_week_exact_value_f22605_0_11",1,1
"workplace_very_hot_f22608_0_26",1,1
