"features","percent","is_constant"
"6mm_asymmetry_index_unreliable_left_f5142_1_2",0.998,1
"antibiotic_codes_for_last_3_months_f20199_2_0",0.996,1
"area_of_gsubcallosal_right_hemisphere_f27582_3_0",0.99,0
"area_of_superiorparietal_right_hemisphere_f26850_3_0",0.99,0
"baked_bean_intake_f104000_2_0",0.988,0
"consecutive_night_shifts_during_night_shift_periods_f22654_0_15",1,1
"date_of_first_inpatient_diagnosis_icd10_f41280_0_97",1,1
"date_of_first_inpatient_diagnosis_icd9_f41281_0_19",1,1
"delivery_methods_f41221_0_3",1,1
"diagnoses_main_icd9_f41203_0_8",1,1
"displayed_letters_in_round_left_f5081_0_3",0.952,0
"dxa_measurement_completed_f12254_2_0",0.908,0
"ecg_phase_time_f5986_1_38",0.97,0
"ecg_phase_time_f5986_1_67",0.988,0
"ecg_stage_name_f5988_1_5",0.968,1
"ecg_trend_phase_name_f5987_1_29",0.968,0
"errors_before_selecting_correct_item_in_alphanumeric_path_trail_2_f6771_3_3",1,1
"greywhite_contrast_in_lateraloccipital_left_hemisphere_f26999_2_0",0.926,0
"greywhite_contrast_in_middletemporal_left_hemisphere_f27003_3_0",0.99,0
"ingredients_in_homemade_soup_f20109_1_3",1,1
"interpolated_age_of_participant_when_operation_took_place_f20011_3_18",1,1
"interpolated_year_when_noncancer_illness_first_diagnosed_f20008_1_15",1,1
"mean_od_in_pontine_crossing_tract_on_fa_skeleton_f25393_2_0",0.938,0
"mean_thickness_of_parahippocampal_right_hemisphere_f26871_3_0",0.99,0
"mothers_age_at_death_f3526_3_0",0.986,0
"night_shifts_worked_f22650_0_24",1,1
"noncancer_illness_yearage_first_occurred_f87_2_26",1,1
"number_of_adopted_brothers_f3972_2_0",0.998,1
"number_of_letters_shown_in_round_left_f5074_0_13",1,1
"operative_procedures_opcs4_f41272_0_14",0.848,0
"operative_procedures_secondary_opcs3_f41258_0_0",0.994,0
"pain_types_experienced_in_last_month_f6159_2_3",0.998,1
"peak_expiratory_flow_pef_pilot_f10696_0_2",0.996,0
"seen_doctor_gp_for_nerves_anxiety_tension_or_depression_f2090_3_0",0.986,0
"sex_f31_0_0",0,0
"smoking_status_f20116_2_0",0.902,0
"spirometer_device_id_f42_3_0",0.986,0
"target_number_to_be_entered_f4252_1_11",1,1
"time_elapsed_f4256_3_4",0.986,0
"total_bilirubin_correction_level_f30843_0_0",0.072,0
"triplet_correct_left_f4232_0_15",0.666,0
"triplet_entered_left_f4236_2_3",0.91,0
"use_in_phasing_chromosomes_122_f22028_0_0",0.03,1
"values_wanted_f20200_0_54",1,1
"vitamin_andor_mineral_supplement_use_f20084_3_0",0.924,0
"volume_of_cerebellumcortex_left_hemisphere_f26557_3_0",0.99,0
"volume_of_poletemporal_left_hemisphere_f27519_2_0",0.926,0
"weightedmean_isovf_in_tract_uncinate_fasciculus_right_f25730_3_0",0.99,0
"weightedmean_l1_in_tract_medial_lemniscus_left_f25586_3_0",0.99,0
"worked_with_materials_containing_asbestos_f22612_0_12",1,1
