"features","percent","is_constant"
"6mm_asymmetry_index_left_f5157_1_4",0.998,1
"age_at_first_live_birth_f2754_1_0",0.98,0
"area_of_ba44_right_hemisphere_f27108_2_0",0.916,0
"area_of_gtemporalinf_left_hemisphere_f27365_3_0",0.994,0
"basal_metabolic_rate_f23105_2_0",0.894,0
"bicycle_speed_f5985_1_84",0.998,1
"cardiac_output_during_pwa_f12682_2_2",1,1
"corneal_hysteresis_right_f5256_1_0",0.94,0
"date_of_first_inpatient_diagnosis_main_icd9_f41263_0_0",0.958,0
"diagnoses_icd9_f41271_0_45",1,1
"diagnoses_secondary_icd10_f41204_0_133",1,1
"ecg_heart_rate_f5983_1_69",0.972,0
"ecg_trend_phase_name_f5987_1_93",1,1
"frequency_of_other_exercises_in_last_4_weeks_f3637_0_0",0.502,0
"genetic_principal_components_f22009_0_25",0.036,0
"greywhite_contrast_in_posteriorcingulate_left_hemisphere_f27011_3_0",0.994,0
"heel_broadband_ultrasound_attenuation_bua_manual_entry_left_f4141_3_0",1,1
"low_fat_cheese_spread_intake_f102850_4_0",0.996,1
"maximum_heart_rate_during_fitness_test_f6033_1_0",0.942,0
"mean_fa_in_corticospinal_tract_on_fa_skeleton_right_f25062_3_0",0.994,0
"mean_fa_in_inferior_cerebellar_peduncle_on_fa_skeleton_right_f25066_2_0",0.93,0
"mean_fa_in_posterior_thalamic_radiation_on_fa_skeleton_right_f25084_2_0",0.93,0
"mean_l2_in_superior_longitudinal_fasciculus_on_fa_skeleton_right_f25288_3_0",0.994,0
"mean_mo_in_splenium_of_corpus_callosum_on_fa_skeleton_f25156_2_0",0.93,0
"mean_thickness_of_paracentral_right_hemisphere_f27281_2_0",0.916,0
"mothers_age_f1845_1_0",0.976,0
"noncancer_illness_yearage_first_occurred_f87_2_21",1,1
"number_of_digits_to_be_memorisedrecalled_f4250_0_7",0.93,0
"number_of_times_clear_was_pressed_right_f4249_0_8",0.694,0
"operation_yearage_first_occurred_f92_0_25",1,1
"pct_responsible_for_patient_data_f41229_0_4",1,1
"processed_meat_intake_f1349_1_0",0.938,0
"red_blood_cell_erythrocyte_distribution_width_acquisition_route_f30074_2_0",0.98,1
"result_ranking_f3059_3_2",0.992,1
"scotch_pancake_intake_f102020_2_0",1,1
"signaltonoiseratio_snr_of_triplet_left_f4230_0_8",0.696,0
"test_array_presented_f20198_0_75",1,1
"time_spent_using_computer_f1080_2_0",0.892,0
"triplet_played_left_f4229_0_10",0.696,0
"triplet_played_right_f4240_0_6",0.694,0
"values_entered_f23322_3_26",1,1
"values_wanted_f20200_0_71",1,1
"vegetable_pieces_intake_f104070_4_0",0.974,0
"visual_acuity_result_in_round_left_f5082_0_13",1,1
"vitamin_and_mineral_supplements_f6155_1_4",1,1
"volume_of_accumbens_left_f25023_3_0",0.994,0
"volume_of_isthmuscingulate_right_hemisphere_f26898_3_0",0.994,0
"weightedmean_icvf_in_tract_acoustic_radiation_right_f25651_3_0",0.994,0
"why_reduced_smoking_f6158_0_1",0.988,1
"words_answer_array_pilot_f10609_0_11",0.99,0
