"features","percent","is_constant"
"3mm_asymmetry_index_for_irregular_astigmatism_level_right_f5152_1_5",1,1
"3mm_asymmetry_index_left_f5156_0_3",1,1
"acceptability_of_each_blow_result_f3061_2_2",0.94,0
"age_first_had_sexual_intercourse_f2139_0_0",0.1,0
"area_of_gssubcentral_right_hemisphere_f27554_2_0",0.92,0
"area_of_soctempmedlingual_right_hemisphere_f27611_3_0",0.998,1
"area_of_superiorfrontal_right_hemisphere_f27261_2_0",0.92,0
"chest_pain_or_discomfort_when_walking_uphill_or_hurrying_f3751_1_0",0.992,0
"date_first_recorded_at_location_f22700_0_10",1,1
"diagnoses_icd10_f41270_0_102",1,1
"diagnoses_secondary_icd9_f41205_0_5",1,1
"difficulty_stopping_worrying_during_worst_period_of_anxiety_f20541_0_0",0.896,0
"duration_to_entering_value_f20230_0_106",1,1
"duration_to_entering_value_f20230_0_79",1,1
"ecg_phase_time_f5986_0_87",0.998,1
"ecg_phase_time_f5986_1_69",0.978,0
"ecg_stage_name_f5988_1_42",0.966,0
"errors_before_selecting_correct_item_in_alphanumeric_path_trail_2_f6771_2_10",1,1
"flavoured_milk_intake_f100530_4_0",1,1
"frequency_of_failure_to_fulfil_normal_expectations_due_to_drinking_alcohol_in_last_year_f20407_0_0",0.828,0
"glasses_wornrequired_right_f6074_1_0",0.954,0
"intake_of_sugar_added_to_cereal_f100900_4_0",0.98,0
"interpolated_year_when_noncancer_illness_first_diagnosed_f20008_3_32",1,1
"mean_isovf_in_retrolenticular_part_of_internal_capsule_on_fa_skeleton_right_f25460_2_0",0.926,0
"mean_md_in_anterior_corona_radiata_on_fa_skeleton_left_f25127_3_0",0.998,1
"mean_thickness_of_soctemplat_right_hemisphere_f27684_3_0",0.998,1
"median_zstatistic_in_groupdefined_mask_for_facesshapes_contrast_f25050_3_0",0.998,1
"most_recent_bowel_cancer_screening_f2355_0_0",0.67,0
"number_of_bread_slices_with_buttermargarine_f101310_1_0",0.888,0
"number_of_letters_correct_in_round_left_f5077_0_14",1,1
"number_of_times_clear_was_pressed_right_f4249_1_2",0.954,0
"other_alcohol_intake_f100740_0_0",1,1
"qualifications_pilot_f10722_0_4",1,1
"reason_former_drinker_stopped_drinking_alcohol_f3859_1_0",0.998,1
"scanner_table_position_f25759_2_0",0.92,0
"target_number_to_be_memorised_f4251_0_13",1,1
"test_array_presented_f20198_0_92",1,1
"thickness_of_buttermargarine_spread_on_bread_rolls_f20101_1_0",0.974,0
"time_number_displayed_for_f4253_0_1",0.868,0
"time_to_press_next_left_f4237_1_11",0.954,0
"time_to_press_next_right_f4247_0_3",0.672,0
"urea_correction_level_f30673_1_0",0.956,1
"usual_length_of_each_night_shift_during_mixed_shift_periods_f22642_0_12",1,1
"vascularheart_problems_diagnosed_by_doctor_f6150_0_0",0.002,0
"volume_of_accumbens_left_f25023_2_0",0.922,0
"volume_of_grey_matter_in_middle_temporal_gyrus_anterior_division_left_f25802_3_0",0.998,1
"volumeratio_of_maskvoltoetiv_whole_brain_f26537_3_0",0.998,1
"workplace_had_a_lot_of_cigarette_smoke_from_other_people_smoking_f22611_0_37",1,1
"workplace_very_hot_f22608_0_33",1,1
"workplace_very_hot_f22608_0_9",0.988,0
