"features","percent","is_constant"
"area_of_entorhinal_left_hemisphere_f27146_3_0",0.998,1
"arm_fat_mass_left_f23124_3_0",0.992,0
"bicycle_speed_f5985_0_97",1,1
"bicycle_speed_f5985_1_48",0.974,0
"bilateral_oophorectomy_both_ovaries_removed_f2834_3_0",0.996,1
"cardiac_index_during_pwa_f12702_2_2",1,1
"date_of_first_inpatient_diagnosis_icd10_f41280_0_9",0.742,0
"diagnoses_icd10_f41270_0_159",1,1
"diagnoses_icd10_f41270_0_160",1,1
"difficulty_concentrating_during_worst_depression_f20435_0_0",0.818,0
"duration_spent_answering_each_puzzle_f6333_2_8",0.946,0
"ecg_heart_rate_f5983_0_109",1,1
"ecg_load_f5984_0_17",0.892,0
"ecg_load_f5984_1_10",0.974,0
"ecg_stage_name_f5988_1_3",0.974,1
"ecg_trend_phase_name_f5987_0_74",0.95,0
"errors_before_selecting_correct_item_in_numeric_path_trail_1_f6770_3_15",1,1
"fathers_age_at_death_f1807_0_0",0.282,0
"forced_vital_capacity_fvc_f3062_1_0",0.972,0
"fraction_acceleration_1400_milligravities_f90152_0_0",0.79,0
"index_for_card_b_in_round_pilot_f10140_0_17",0.996,1
"inpatient_record_origin_f40022_0_1",0.994,0
"interpolated_year_when_noncancer_illness_first_diagnosed_f20008_1_29",1,1
"keystroke_history_right_f4248_2_11",0.928,0
"leg_fatfree_mass_right_f23113_3_0",0.992,0
"mean_md_in_fornix_cresstria_terminalis_on_fa_skeleton_right_f25142_2_0",0.938,0
"mean_thickness_of_insula_right_hemisphere_f26889_2_0",0.94,0
"method_of_recording_time_when_noncancer_illness_first_diagnosed_f20013_3_31",1,1
"number_of_live_births_f2734_3_0",0.996,0
"number_of_rows_displayed_in_round_pilot_f10134_0_2",0.996,1
"operation_yearage_first_occurred_f92_1_10",1,1
"other_nonalcoholic_drinks_f100510_1_0",0.786,0
"sources_of_admission_to_hospital_recoded_f41251_0_3",0.998,1
"thickness_of_buttermargarine_spread_on_other_bread_f20104_0_1",1,1
"time_to_press_next_right_f4247_1_7",0.972,0
"triplet_correct_right_f4243_1_14",0.972,0
"triplet_played_left_f4229_0_2",0.684,0
"trunk_fatfree_mass_f23129_3_0",0.992,0
"type_of_accommodation_lived_in_f670_1_0",0.972,1
"type_of_bread_roll_eaten_f20094_4_4",1,1
"types_of_spread_used_on_breadcrackers_f20087_4_5",1,1
"values_wanted_f23321_2_33",1,1
"values_wanted_f23321_3_101",1,1
"vca_p18_antigen_for_epsteinbarr_virus_f23003_1_0",1,1
"vitamin_d_correction_reason_f30894_1_0",0.976,1
"volume_of_medialorbitofrontal_left_hemisphere_f26801_2_0",0.94,0
"volume_of_peripheral_cortical_grey_matter_normalised_for_head_size_f25001_3_0",0.998,1
"volume_of_rna_held_by_ukb_f30414_0_0",0.784,0
"volume_of_stemporalinf_left_hemisphere_f27548_2_0",0.94,0
"work_hours_per_week_exact_value_f22605_0_1",0.958,0
