"features","percent","is_constant"
"3mm_asymmetry_index_for_irregular_astigmatism_level_left_f5155_0_2",0.824,0
"basophill_percentage_device_id_f30223_1_0",0.97,0
"bicycle_speed_f5985_1_92",1,1
"date_of_first_operative_procedure_opcs4_f41282_0_55",1,1
"diet_sweets_intake_f102320_3_0",1,1
"doctor_diagnosed_bronchiectasis_f22134_0_0",0.766,1
"duration_to_entering_value_f20230_0_74",1,1
"ecg_heart_rate_f5983_1_10",0.97,0
"ecg_phase_time_f5986_0_72",0.932,0
"ecg_trend_phase_name_f5987_0_41",0.892,0
"ever_had_bowel_cancer_screening_f2345_0_0",0,0
"eye_problemsdisorders_f6148_1_4",1,1
"frequency_of_harder_stools_when_abdominal_discomfortpain_started_f21032_0_0",0.814,0
"gap_coding_f22660_0_1",0.912,0
"home_location_at_assessment_east_coordinate_rounded_f20074_0_0",0.024,0
"interpolated_age_of_participant_when_operation_took_place_f20011_1_22",1,1
"lamb_intake_f103040_1_0",0.982,0
"latte_intake_f100300_0_0",0.992,0
"loud_music_exposure_frequency_f4836_1_0",0.97,0
"mean_l3_in_pontine_crossing_tract_on_fa_skeleton_f25297_3_0",1,1
"mean_mo_in_external_capsule_on_fa_skeleton_right_f25184_3_0",1,1
"mean_mo_in_superior_frontooccipital_fasciculus_on_fa_skeleton_left_f25195_3_0",1,1
"mean_thickness_of_rostralanteriorcingulate_left_hemisphere_f26780_2_0",0.926,0
"mental_health_problems_ever_diagnosed_by_a_professional_f20544_0_1",0.898,0
"method_of_recording_time_when_noncancer_illness_first_diagnosed_f20013_0_31",1,1
"number_entered_by_participant_f4258_1_15",1,1
"number_entered_by_participant_f4258_3_9",1,1
"number_of_letters_shown_in_round_left_f5074_1_10",1,1
"number_of_night_shifts_worked_monthly_during_night_shift_periods_f22653_0_19",1,1
"operation_code_f20004_1_24",1,1
"operation_yearage_first_occurred_f92_1_17",1,1
"reticulocyte_percentage_acquisition_time_f30242_0_0",0.07,0
"round_of_numeric_memory_test_f4260_0_15",1,1
"severity_of_current_abdominal_distensiontightness_f21039_0_0",0.92,0
"speed_of_sound_through_heel_manual_entry_left_f4142_2_0",0.992,0
"started_insulin_within_one_year_diagnosis_of_diabetes_f2986_0_0",0.948,0
"substances_taken_for_anxiety_f20549_0_2",0.982,0
"target_number_to_be_memorised_f4251_2_9",0.986,0
"time_to_press_last_digit_left_f4235_3_12",0.998,1
"types_of_spread_used_on_breadcrackers_f20087_4_12",1,1
"use_of_sunuv_protection_f2267_1_0",0.97,0
"values_wanted_f20200_0_51",1,1
"volume_of_gcuneus_right_hemisphere_f27709_2_0",0.926,0
"volume_of_grey_matter_in_superior_temporal_gyrus_posterior_division_left_f25800_2_0",0.926,0
"volume_of_paralaminarnucleus_left_hemisphere_f26608_2_0",0.926,0
"volume_of_pons_whole_brain_f26717_2_0",0.926,0
"weightedmean_l2_in_tract_uncinate_fasciculus_left_f25621_2_0",0.928,0
"weightedmean_l3_in_tract_superior_longitudinal_fasciculus_right_f25645_3_0",1,1
"weightedmean_mo_in_tract_posterior_thalamic_radiation_left_f25561_3_0",1,1
"workplace_very_hot_f22608_0_34",1,1
