"features","percent","is_constant"
"6mm_keratometry_result_unreliable_right_f5139_1_1",0.984,1
"6mm_weak_meridian_left_f5097_1_2",0.982,0
"adopted_father_still_alive_f3912_2_0",1,1
"age_at_first_episode_of_depression_f20433_0_0",0.836,0
"age_first_had_sexual_intercourse_f2139_3_0",0.998,1
"age_when_last_ate_meat_f3680_2_0",0.986,0
"antibiotic_codes_for_last_3_months_f20199_3_0",1,1
"area_of_ba45_left_hemisphere_f27067_2_0",0.904,0
"arm_bmd_bone_mineral_density_right_f23223_2_0",0.992,0
"attempted_fluid_intelligence_fi_test_f4924_3_0",0.998,1
"average_daytime_sound_level_of_noise_pollution_f24020_0_0",0.012,0
"average_weekly_red_wine_intake_f1568_0_0",0.314,0
"consecutive_night_shifts_during_mixed_shift_periods_f22644_0_12",1,1
"consecutive_night_shifts_during_night_shift_periods_f22654_0_19",1,1
"date_of_first_inpatient_diagnosis_icd10_f41280_0_82",1,1
"diagnoses_main_icd9_f41203_0_12",1,1
"diagnoses_secondary_icd10_f41204_0_104",1,1
"displayed_letters_in_round_left_f5081_1_9",0.998,1
"duration_at_which_refractometer_first_shown_right_f5190_1_0",0.956,0
"ecg_heart_rate_f5983_0_20",0.868,0
"fraction_acceleration_700_milligravities_f90145_0_0",0.796,0
"gap_coding_f22660_0_23",1,1
"interpolated_age_of_participant_when_noncancer_illness_first_diagnosed_f20009_0_25",1,1
"interval_between_previous_point_and_current_one_in_alphanumeric_path_trail_2_f6773_3_3",0.998,1
"job_code_historical_f22617_0_30",1,1
"main_speciality_of_consultant_recoded_f41245_0_6",0.972,0
"mean_l3_in_external_capsule_on_fa_skeleton_right_f25328_2_0",0.916,0
"mean_mo_in_body_of_corpus_callosum_on_fa_skeleton_f25155_3_0",1,1
"mean_thickness_of_sorbitallateral_right_hemisphere_f27686_3_0",1,1
"mean_time_to_correctly_identify_matches_f20023_2_0",0.876,0
"number_entered_by_participant_f4258_1_8",1,1
"oct_measured_right_f6070_0_0",0.838,0
"operation_yearage_first_occurred_f92_0_27",1,1
"operation_yearage_first_occurred_f92_3_15",1,1
"round_of_numeric_memory_test_f4260_0_3",0.878,1
"time_number_displayed_for_f4253_3_15",1,1
"time_to_press_next_right_f4247_0_5",0.676,0
"total_lean_mass_f23280_2_0",0.992,0
"treatmentmedication_code_f20003_2_33",1,1
"values_entered_f20229_0_13",0.792,0
"values_entered_f20229_0_97",1,1
"values_wanted_f20200_0_41",1,1
"values_wanted_f23321_3_65",1,1
"vitamin_d_reportability_f30896_1_0",0.962,1
"volume_of_grey_matter_in_lateral_occipital_cortex_superior_division_right_f25825_3_0",1,1
"volume_of_sorbitallateral_right_hemisphere_f27760_3_0",1,1
"weightedmean_icvf_in_tract_inferior_longitudinal_fasciculus_left_f25664_2_0",0.916,0
"weightedmean_mo_in_tract_cingulate_gyrus_part_of_cingulum_right_f25547_3_0",1,1
"weightedmean_od_in_tract_posterior_thalamic_radiation_left_f25696_2_0",0.916,0
"workplace_had_a_lot_of_diesel_exhaust_f22615_0_24",1,1
