"features","percent","is_constant"
"age_at_first_episode_of_depression_f20433_0_0",0.814,0
"area_of_ba45_left_hemisphere_f27067_3_0",0.998,1
"area_of_parsopercularis_left_hemisphere_f26940_3_0",0.998,1
"blood_clot_dvt_bronchitis_emphysema_asthma_rhinitis_eczema_allergy_diagnosed_by_doctor_f6152_0_0",0,0
"cancer_code_selfreported_f20001_0_2",1,1
"date_of_first_operative_procedure_opcs4_f41282_0_41",0.99,0
"diagnoses_main_icd10_f41202_0_5",0.808,0
"duration_of_worst_depression_f20438_0_0",0.814,0
"duration_to_entering_value_f20230_0_14",0.754,0
"ecg_heart_rate_f5983_0_92",1,1
"ecg_phase_time_f5986_0_101",1,1
"ecg_trend_phase_name_f5987_1_67",0.976,1
"education_score_scotland_f26431_0_0",0.952,0
"eosinophill_percentage_acquisition_route_f30214_1_0",0.952,0
"femur_neck_bmd_bone_mineral_density_tscore_left_f23300_2_0",0.998,1
"gas_or_solidfuel_cookingheating_f6139_2_1",0.984,0
"index_for_card_a_in_round_f401_0_3",0.006,0
"index_for_card_a_in_round_pilot_f10139_0_13",0.998,1
"interpolated_age_of_participant_when_noncancer_illness_first_diagnosed_f20009_3_0",1,1
"interpolated_year_when_noncancer_illness_first_diagnosed_f20008_1_10",1,1
"intraocular_pressure_cornealcompensated_right_f5254_0_0",0.754,0
"intraocular_pressure_goldmanncorrelated_right_f5255_0_0",0.754,0
"job_involves_mainly_walking_or_standing_f806_2_0",0.96,0
"keystroke_history_left_f4238_2_10",0.916,0
"mean_fa_in_cingulum_hippocampus_on_fa_skeleton_right_f25092_2_0",0.93,0
"mean_thickness_of_goctempmedlingual_right_hemisphere_f27646_2_0",0.93,0
"method_of_recording_time_when_operation_occurred_f20014_0_29",1,1
"mood_swings_f1920_0_0",0,0
"noncancer_illness_yearage_first_occurred_f87_2_5",0.988,0
"number_entered_by_participant_f4258_0_0",0.918,0
"number_of_cigarettes_currently_smoked_daily_current_cigarette_smokers_f3456_2_0",0.998,1
"number_of_crackerscrispbreads_with_buttermargarine_f101470_2_0",0.994,1
"number_of_letters_shown_in_round_right_f5075_1_8",1,1
"number_of_times_clear_was_pressed_right_f4249_0_7",0.668,0
"number_of_times_snapbutton_pressed_f403_3_8",0.996,1
"quorn_intake_f103280_0_0",0.998,1
"signaltonoiseratio_snr_of_triplet_left_f4230_3_7",0.996,0
"speed_of_sound_through_heel_left_f4103_0_0",0.668,0
"sponge_pudding_intake_f102210_4_0",0.998,1
"systolic_brachial_blood_pressure_during_pwa_f12674_3_1",0.998,1
"treatmentmedication_code_f20003_0_41",1,1
"triplet_correct_left_f4232_3_2",0.996,1
"type_of_bread_roll_eaten_f20094_3_1",0.998,1
"type_of_fatoil_used_in_cooking_f20090_1_20",1,1
"values_wanted_f23321_2_13",0.938,0
"vitamin_and_mineral_supplements_f6155_2_0",0.916,0
"volume_of_hippocampalfissure_right_hemisphere_f26646_2_0",0.93,0
"word_associated_with_red_f6503_2_0",0.934,0
"worked_with_pesticides_f22614_0_39",1,1
"year_gap_started_f22663_0_22",1,1
