"features","percent","is_constant"
"6mm_strong_meridian_right_f5133_1_1",0.968,0
"activities_undertaken_to_treat_anxiety_f20550_0_2",0.984,1
"added_milk_to_instant_coffee_f100260_2_0",0.934,0
"added_milk_to_other_coffee_type_f100350_2_0",1,1
"area_of_superiorfrontal_right_hemisphere_f27261_3_0",0.99,0
"breathing_problems_during_period_of_job_f22616_0_23",1,1
"date_of_first_operative_procedure_opcs4_f41282_0_72",1,1
"date_of_first_operative_procedure_opcs4_f41282_0_82",1,1
"daylight_savings_crossover_f90018_0_0",0.798,0
"diagnoses_secondary_icd10_f41204_0_6",0.768,0
"diastolic_blood_pressure_automated_reading_f4079_1_1",0.946,0
"ecg_heart_rate_f5983_0_47",0.88,0
"ecg_heart_rate_f5983_0_86",0.994,0
"ecg_phase_time_f5986_1_98",1,1
"ecg_stage_name_f5988_0_100",1,1
"ecg_stage_name_f5988_1_22",0.954,0
"food_weight_f100001_1_0",0.824,0
"goats_cheese_intake_f102900_0_0",0.99,0
"greywhite_contrast_in_lateralorbitofrontal_right_hemisphere_f27035_3_0",0.99,0
"heating_types_in_home_f6140_0_2",1,1
"ingredients_in_canned_soup_f20108_2_2",1,1
"job_coding_f22601_0_5",0.976,0
"leisuresocial_activities_f6160_1_1",0.986,0
"leisuresocial_activities_f6160_1_4",1,1
"lymphocyte_count_acquisition_time_f30122_0_0",0.046,0
"maximum_carotid_imt_intimamedial_thickness_at_240_degrees__f22681_2_0",0.888,0
"mean_l2_in_pontine_crossing_tract_on_fa_skeleton_f25249_2_0",0.904,0
"mean_l2_in_posterior_thalamic_radiation_on_fa_skeleton_right_f25276_2_0",0.904,0
"method_of_recording_time_when_operation_occurred_f20014_1_11",1,1
"mixture_of_day_and_night_shifts_worked_f22640_0_24",1,1
"mothers_age_at_death_f3526_1_0",0.958,0
"no_fat_for_cooking_f103980_1_0",0.968,1
"noncancer_illness_code_selfreported_f20002_3_24",1,1
"number_of_pwa_tests_performed_f12699_2_0",0.9,0
"operation_yearage_first_occurred_f92_0_4",0.94,0
"quality_control_indicator_for_imt_at_150_degrees_f22683_0_0",0.992,1
"reason_for_skipping_visual_acuity_left_f20057_0_0",1,1
"spherical_power_left_f5085_1_8",1,1
"systolic_blood_pressure_automated_reading_f4080_1_1",0.946,0
"target_number_to_be_entered_f4252_0_7",0.926,0
"thickness_of_buttermargarine_spread_on_oatcakes_f20103_2_1",1,1
"time_last_key_touched_f4255_3_1",0.988,0
"time_to_press_last_digit_left_f4235_2_1",0.884,0
"triplet_entered_left_f4236_1_7",0.946,0
"type_of_fatoil_used_in_cooking_f20090_2_18",1,1
"vitamin_andor_mineral_supplement_use_f20084_0_12",1,1
"volume_of_white_matter_f25008_2_0",0.904,0
"weightedmean_icvf_in_tract_medial_lemniscus_left_f25667_2_0",0.904,0
"weightedmean_l1_in_tract_inferior_longitudinal_fasciculus_left_f25583_2_0",0.904,0
"which_eyes_affected_by_glaucoma_f6119_1_0",1,1
