"volume_of_medialorbitofrontal_right_hemisphere_f27309_3_0","weightedmean_icvf_in_tract_inferior_longitudinal_fasciculus_right_f25665_2_0","volume_of_scollattransvpost_right_hemisphere_f27749_2_0","time_to_press_first_digit_right_f4245_3_10","area_of_lingual_left_hemisphere_f26935_2_0","duration_to_entering_value_f20230_0_65","method_of_recording_time_when_cancer_first_diagnosed_f20012_2_4","job_involved_shift_work_f22620_0_28","displayed_letters_in_round_left_f5081_1_11","interval_between_previous_point_and_current_one_in_alphanumeric_path_trail_2_f6773_2_9","aspartate_aminotransferase_missing_reason_f30655_0_0","median_t2star_in_thalamus_right_f25027_2_0","workplace_full_of_chemical_or_other_fumes_f22610_0_9","fev1_fvc_ratio_zscore_f20258_0_0","reticulocyte_count_acquisition_time_f30252_2_0","number_entered_by_participant_f4258_2_7","mean_thickness_of_parahippocampal_right_hemisphere_f27280_2_0","time_last_key_touched_f4255_2_4","mean_signaltonoise_ratio_snr_left_f4233_2_9","operation_yearage_first_occurred_f92_3_14","lymphocyte_count_f30120_0_0","greywhite_contrast_in_pericalcarine_left_hemisphere_f27009_2_0","treatment_speciality_of_consultant_recoded_f41246_0_14","qrs_duration_f12340_3_0","greywhite_contrast_in_lateralorbitofrontal_left_hemisphere_f27000_3_0","number_of_rows_displayed_in_round_f397_1_2","method_of_recording_time_when_operation_occurred_f20014_2_18","dried_fruit_intake_f1319_1_0","hourofday_questionnaire_completed_f20081_1_0","number_of_spontaneous_miscarriages_f3839_3_0","operation_code_f20004_2_20","cheese_consumers_f102800_1_0","ecg_load_f5984_1_67","ecg_load_f5984_1_101","diagnoses_main_icd10_f41202_0_15","ecg_load_f5984_0_20","mixture_of_day_and_night_shifts_worked_f22640_0_21","leg_fatfree_mass_left_f23117_3_0","work_hours_per_week_exact_value_f22605_0_18","errors_before_selecting_correct_item_in_alphanumeric_path_trail_2_f6771_2_10","area_of_superiorfrontal_right_hemisphere_f27261_2_0","weight_f23098_2_0","vitamin_and_mineral_supplements_f6155_1_6","mean_l2_in_posterior_limb_of_internal_capsule_on_fa_skeleton_right_f25266_2_0","keystroke_history_right_f4248_1_2","work_hours_per_week_exact_value_f22605_0_10","keystroke_history_left_f4238_1_9","time_first_key_touched_f4254_0_0","reason_no_urine_sample_collected_f20072_0_0","spherical_power_left_f5085_0_0"
NA,NA,NA,NA,NA,NA,NA,NA,NA,NA,NA,NA,NA,"1.271",NA,NA,NA,NA,NA,NA,"2.27",NA,NA,NA,NA,NA,NA,NA,NA,NA,NA,NA,NA,NA,NA,"44",NA,NA,NA,NA,NA,NA,NA,NA,NA,NA,NA,NA,NA,"-0.07"
NA,NA,NA,NA,NA,NA,NA,NA,NA,NA,NA,NA,NA,"0.163",NA,NA,NA,NA,NA,NA,"1.33",NA,NA,NA,NA,NA,NA,NA,NA,NA,NA,NA,NA,NA,NA,NA,NA,NA,NA,NA,NA,NA,NA,NA,NA,NA,NA,NA,NA,NA
NA,NA,NA,NA,NA,NA,NA,NA,NA,NA,NA,NA,NA,"-0.374",NA,NA,NA,NA,NA,NA,"2.02",NA,NA,NA,NA,NA,NA,NA,NA,NA,NA,NA,NA,NA,NA,NA,NA,NA,NA,NA,NA,NA,NA,NA,NA,NA,NA,"4062",NA,NA
NA,NA,NA,NA,NA,NA,NA,NA,NA,NA,NA,NA,NA,"0.863",NA,NA,NA,NA,NA,NA,"2.66",NA,NA,NA,NA,NA,NA,NA,NA,NA,NA,NA,NA,NA,NA,NA,NA,NA,NA,NA,NA,NA,NA,NA,NA,NA,NA,NA,NA,NA
NA,NA,NA,NA,NA,NA,NA,NA,NA,NA,NA,NA,NA,"2.14",NA,NA,NA,NA,NA,NA,"1.69",NA,NA,NA,NA,NA,NA,NA,NA,NA,NA,NA,NA,NA,NA,NA,NA,NA,NA,NA,NA,NA,NA,NA,NA,NA,NA,NA,NA,NA
NA,NA,NA,NA,NA,NA,NA,NA,NA,NA,NA,NA,NA,NA,NA,NA,NA,NA,NA,NA,NA,NA,NA,NA,NA,NA,NA,NA,NA,NA,NA,NA,NA,NA,NA,NA,NA,NA,NA,NA,NA,NA,NA,NA,NA,NA,NA,"2500",NA,NA
NA,NA,NA,NA,NA,NA,NA,NA,NA,NA,NA,NA,NA,NA,NA,NA,NA,NA,NA,NA,"3.45",NA,NA,NA,NA,NA,NA,NA,NA,NA,NA,NA,NA,NA,"R05",NA,NA,NA,NA,NA,NA,NA,NA,NA,NA,NA,NA,NA,NA,NA
NA,NA,NA,NA,NA,NA,NA,NA,NA,NA,NA,NA,NA,"-0.827",NA,NA,NA,NA,NA,NA,"1.49",NA,NA,NA,NA,NA,NA,NA,NA,NA,NA,NA,NA,NA,NA,NA,NA,NA,NA,NA,NA,NA,NA,NA,NA,NA,NA,NA,NA,NA
NA,NA,NA,NA,NA,NA,NA,NA,NA,NA,NA,NA,NA,"0.272",NA,NA,NA,NA,NA,NA,"2.18",NA,NA,NA,NA,NA,NA,NA,"20",NA,NA,"1",NA,NA,NA,NA,NA,NA,NA,NA,NA,NA,NA,NA,NA,NA,NA,NA,NA,"1.68"
NA,NA,NA,NA,NA,NA,NA,NA,NA,NA,NA,NA,NA,NA,NA,NA,NA,NA,NA,NA,"2.28",NA,NA,NA,NA,NA,NA,NA,NA,NA,NA,NA,NA,NA,NA,"39",NA,NA,NA,NA,NA,NA,NA,NA,NA,NA,NA,NA,NA,"1.37"
NA,NA,NA,NA,NA,NA,NA,NA,NA,NA,NA,NA,NA,"-0.182",NA,NA,NA,NA,NA,NA,"1.4",NA,NA,NA,NA,NA,NA,NA,NA,NA,NA,NA,NA,NA,NA,NA,NA,NA,NA,NA,NA,NA,NA,NA,NA,NA,NA,NA,NA,NA
NA,NA,NA,NA,NA,NA,NA,NA,NA,NA,NA,NA,NA,"0.425",NA,NA,NA,NA,NA,NA,"1.98",NA,NA,NA,NA,"3",NA,"0",NA,NA,NA,NA,"90",NA,NA,NA,NA,NA,NA,NA,NA,NA,NA,NA,"i496n",NA,"i381n",NA,NA,NA
NA,NA,NA,NA,NA,NA,NA,NA,NA,NA,NA,NA,NA,"1.285",NA,NA,NA,NA,NA,NA,"2.81",NA,NA,NA,NA,NA,NA,NA,"17",NA,NA,"0",NA,NA,NA,NA,NA,NA,NA,NA,NA,NA,NA,NA,NA,NA,NA,NA,NA,NA
NA,NA,NA,NA,NA,NA,NA,NA,NA,NA,NA,NA,NA,"-0.407",NA,NA,NA,NA,NA,NA,"3.91",NA,NA,NA,NA,NA,NA,NA,NA,NA,NA,NA,NA,NA,NA,NA,NA,NA,NA,NA,NA,NA,NA,NA,NA,NA,NA,NA,NA,NA
NA,NA,NA,NA,NA,NA,NA,NA,NA,NA,NA,NA,NA,"0.53",NA,NA,NA,NA,NA,NA,"3",NA,NA,NA,NA,NA,NA,NA,NA,NA,NA,NA,NA,NA,NA,NA,NA,NA,NA,NA,NA,NA,NA,NA,NA,NA,NA,NA,NA,NA
NA,NA,NA,NA,NA,NA,NA,NA,NA,NA,NA,NA,NA,"-0.929",NA,NA,NA,NA,NA,NA,"2.2",NA,NA,NA,NA,NA,NA,NA,NA,NA,NA,NA,NA,NA,NA,NA,NA,NA,NA,NA,NA,NA,NA,NA,NA,NA,NA,"3234",NA,NA
NA,NA,NA,NA,NA,NA,NA,NA,NA,NA,NA,NA,NA,"-0.982",NA,NA,NA,NA,NA,NA,"1.2",NA,NA,NA,NA,NA,NA,NA,NA,NA,NA,NA,NA,NA,NA,NA,NA,NA,NA,NA,NA,NA,NA,NA,NA,NA,NA,NA,NA,NA
NA,NA,NA,NA,NA,NA,NA,NA,NA,NA,NA,NA,NA,"1.825",NA,NA,NA,NA,NA,NA,NA,NA,NA,NA,NA,NA,NA,NA,NA,NA,NA,NA,NA,NA,NA,"38",NA,NA,NA,NA,NA,NA,NA,NA,NA,NA,NA,NA,NA,"-1.86"
NA,NA,NA,NA,NA,NA,NA,NA,NA,NA,NA,NA,NA,"3.895",NA,NA,NA,NA,NA,NA,"2.24",NA,NA,NA,NA,NA,NA,NA,"8",NA,NA,"0",NA,NA,NA,NA,NA,NA,NA,NA,NA,NA,NA,NA,NA,NA,NA,NA,NA,NA
NA,NA,NA,NA,NA,NA,NA,NA,NA,NA,NA,NA,NA,NA,NA,NA,NA,NA,NA,NA,"3.2",NA,NA,NA,NA,NA,NA,NA,NA,NA,NA,NA,NA,NA,NA,NA,NA,NA,NA,NA,NA,NA,NA,NA,NA,NA,NA,NA,NA,NA
NA,NA,NA,NA,NA,NA,NA,NA,NA,NA,NA,NA,NA,"0.712",NA,NA,NA,NA,NA,NA,"2.21",NA,NA,NA,NA,NA,NA,NA,NA,NA,NA,NA,NA,NA,NA,NA,NA,NA,NA,NA,NA,NA,NA,NA,NA,NA,NA,"1718",NA,NA
NA,NA,NA,NA,NA,NA,NA,NA,NA,NA,NA,NA,NA,NA,NA,NA,NA,NA,NA,NA,"1.3",NA,NA,NA,NA,NA,NA,NA,"19",NA,NA,"1",NA,NA,NA,NA,NA,NA,NA,NA,NA,NA,NA,NA,NA,NA,NA,NA,NA,NA
NA,NA,NA,NA,NA,NA,NA,NA,NA,NA,NA,NA,NA,"-0.179",NA,NA,NA,NA,NA,NA,"1.17",NA,NA,NA,NA,NA,NA,NA,NA,NA,NA,NA,NA,NA,NA,NA,NA,NA,NA,NA,NA,NA,NA,NA,NA,NA,NA,NA,NA,NA
NA,NA,NA,NA,NA,NA,NA,NA,NA,NA,NA,NA,NA,"0.816",NA,NA,NA,NA,NA,NA,NA,NA,NA,NA,NA,NA,NA,NA,NA,NA,NA,NA,NA,NA,NA,NA,NA,NA,NA,NA,NA,NA,NA,NA,NA,NA,NA,NA,NA,NA
NA,NA,NA,NA,NA,NA,NA,NA,NA,NA,NA,NA,NA,"0.94",NA,NA,NA,NA,NA,NA,"2.9",NA,NA,NA,NA,NA,NA,NA,NA,NA,NA,NA,NA,NA,NA,NA,NA,NA,NA,NA,NA,NA,NA,NA,NA,NA,NA,NA,NA,"-2.75"
NA,NA,NA,NA,NA,NA,NA,NA,NA,NA,NA,NA,NA,"-0.836",NA,NA,NA,NA,NA,NA,"1.54",NA,NA,NA,NA,NA,NA,NA,NA,NA,NA,NA,NA,NA,NA,NA,NA,NA,NA,NA,NA,NA,NA,NA,NA,NA,NA,"5625",NA,NA
NA,NA,NA,NA,NA,NA,NA,NA,NA,NA,NA,NA,NA,"2.277",NA,NA,NA,NA,NA,NA,"2.2",NA,NA,NA,NA,NA,NA,NA,"14",NA,NA,"0",NA,NA,NA,"36",NA,NA,NA,NA,NA,NA,NA,NA,NA,NA,NA,NA,NA,"1.48"
NA,NA,NA,NA,NA,NA,NA,NA,NA,NA,NA,NA,NA,NA,NA,NA,NA,NA,NA,NA,"1.01",NA,NA,NA,NA,NA,NA,NA,"9",NA,NA,"0",NA,NA,NA,"36",NA,NA,NA,NA,NA,NA,NA,NA,NA,NA,NA,NA,NA,"-1.3"
NA,NA,NA,NA,NA,NA,NA,NA,NA,NA,NA,NA,NA,"2.268",NA,NA,NA,NA,NA,NA,"1.99",NA,NA,NA,NA,NA,NA,NA,NA,NA,NA,NA,NA,NA,NA,NA,NA,NA,NA,NA,NA,NA,NA,NA,NA,NA,NA,NA,NA,NA
NA,"0.51645","603",NA,"3612",NA,NA,NA,NA,"9",NA,NA,NA,NA,NA,"12059257","2.799","4664","-1",NA,"1.73","22.9989",NA,NA,NA,NA,NA,NA,"13",NA,NA,"0",NA,NA,NA,"49",NA,NA,NA,NA,"9990","80.2",NA,"0.000488",NA,NA,NA,NA,NA,"-5.84"
NA,NA,NA,NA,NA,NA,NA,NA,NA,NA,NA,NA,NA,"0.847",NA,NA,NA,NA,NA,NA,"2.5",NA,NA,NA,NA,NA,NA,NA,NA,NA,NA,NA,NA,NA,NA,NA,NA,NA,NA,NA,NA,NA,NA,NA,NA,NA,NA,NA,NA,NA
NA,NA,NA,NA,NA,NA,NA,NA,NA,NA,NA,NA,NA,"3.973",NA,NA,NA,NA,NA,NA,"2",NA,NA,NA,NA,NA,NA,NA,"11",NA,NA,"1",NA,NA,NA,NA,NA,NA,NA,NA,NA,NA,NA,NA,NA,NA,NA,NA,NA,NA
NA,NA,NA,NA,NA,NA,NA,NA,NA,NA,NA,NA,NA,"-0.251",NA,NA,NA,NA,NA,NA,"1.2",NA,NA,NA,NA,NA,NA,NA,NA,NA,NA,NA,NA,NA,NA,NA,NA,NA,NA,NA,NA,NA,NA,NA,NA,NA,NA,NA,NA,NA
NA,NA,NA,NA,NA,NA,NA,NA,NA,NA,NA,NA,NA,"-0.151",NA,NA,NA,NA,NA,NA,"0.8",NA,NA,NA,NA,NA,NA,NA,NA,NA,NA,NA,NA,NA,NA,NA,NA,NA,NA,NA,NA,NA,NA,NA,NA,NA,NA,NA,NA,NA
NA,NA,NA,NA,NA,NA,NA,NA,NA,NA,NA,NA,NA,"0.131",NA,NA,NA,NA,NA,NA,"2.2",NA,NA,NA,NA,NA,NA,NA,NA,NA,NA,NA,NA,NA,NA,NA,NA,NA,NA,NA,NA,NA,NA,NA,NA,NA,NA,NA,NA,NA
NA,NA,NA,NA,NA,NA,NA,NA,NA,NA,NA,NA,NA,"-1.071",NA,NA,NA,NA,NA,NA,"2.1",NA,NA,NA,NA,NA,NA,NA,NA,NA,NA,NA,NA,NA,NA,NA,NA,NA,NA,NA,NA,NA,NA,NA,NA,NA,NA,NA,NA,NA
NA,NA,NA,NA,NA,NA,NA,NA,NA,NA,NA,NA,NA,NA,NA,NA,NA,NA,NA,NA,"2.3",NA,NA,NA,NA,NA,NA,NA,NA,NA,NA,NA,NA,NA,NA,NA,NA,NA,NA,NA,NA,NA,NA,NA,NA,NA,NA,NA,NA,NA
NA,NA,NA,NA,NA,NA,NA,NA,NA,NA,NA,NA,NA,NA,NA,NA,NA,NA,NA,NA,"2.45",NA,NA,NA,NA,NA,NA,NA,NA,NA,NA,NA,NA,NA,NA,NA,NA,NA,NA,NA,NA,NA,NA,NA,NA,NA,NA,NA,NA,NA
NA,NA,NA,NA,NA,NA,NA,NA,NA,NA,NA,NA,NA,"0.617",NA,NA,NA,NA,NA,NA,NA,NA,NA,NA,NA,NA,NA,NA,NA,NA,NA,NA,NA,NA,NA,NA,NA,NA,NA,NA,NA,NA,NA,NA,NA,NA,NA,NA,NA,NA
NA,NA,NA,NA,NA,NA,NA,NA,NA,NA,NA,NA,NA,NA,NA,NA,NA,NA,NA,NA,"1.19",NA,NA,NA,NA,NA,NA,NA,NA,NA,NA,NA,NA,NA,NA,NA,NA,NA,NA,NA,NA,NA,NA,NA,NA,NA,NA,NA,NA,NA
NA,NA,NA,NA,NA,NA,NA,NA,NA,NA,NA,NA,NA,"0.006",NA,NA,NA,NA,NA,NA,"2.52",NA,NA,NA,NA,NA,NA,NA,NA,NA,NA,NA,NA,NA,NA,NA,NA,NA,NA,NA,NA,NA,NA,NA,NA,NA,NA,NA,NA,NA
NA,NA,NA,NA,NA,NA,NA,NA,NA,NA,NA,NA,NA,NA,NA,NA,NA,NA,NA,NA,"1.6",NA,NA,NA,NA,NA,NA,NA,NA,NA,NA,NA,NA,NA,NA,NA,NA,NA,NA,NA,NA,NA,NA,NA,NA,NA,NA,NA,NA,NA
NA,NA,NA,NA,NA,NA,NA,NA,NA,NA,NA,NA,NA,NA,NA,NA,NA,NA,NA,NA,"1.1",NA,NA,NA,NA,NA,NA,NA,NA,NA,NA,NA,NA,NA,NA,NA,NA,NA,NA,NA,NA,NA,NA,NA,NA,NA,NA,NA,NA,NA
NA,NA,NA,NA,NA,NA,NA,NA,NA,NA,NA,NA,NA,"0.559",NA,NA,NA,NA,NA,NA,"2.27",NA,NA,NA,NA,NA,NA,NA,NA,NA,NA,NA,NA,NA,NA,NA,NA,NA,NA,NA,NA,NA,NA,NA,NA,NA,NA,NA,NA,NA
NA,NA,NA,NA,NA,NA,NA,NA,NA,NA,NA,NA,NA,"0.539",NA,NA,NA,NA,NA,NA,"1.5",NA,NA,NA,NA,NA,NA,NA,NA,NA,NA,NA,NA,NA,NA,NA,NA,NA,NA,NA,NA,NA,NA,NA,NA,NA,NA,NA,NA,NA
NA,"0.495606","674",NA,"3676",NA,NA,NA,NA,NA,"1","44.8284",NA,"-0.044","2015-07-31 10:22:39",NA,"2.912",NA,"-3",NA,"1.1","22.1011",NA,NA,NA,"3",NA,"5",NA,NA,NA,NA,NA,NA,NA,NA,NA,NA,NA,NA,"8362","62.5",NA,"0.000512","i612n",NA,"i210n",NA,NA,NA
NA,NA,NA,NA,NA,NA,NA,NA,NA,"6",NA,NA,NA,"0.097",NA,NA,NA,"18143","-5",NA,"2.35",NA,NA,NA,NA,NA,NA,NA,NA,NA,NA,NA,NA,NA,NA,NA,NA,NA,NA,NA,NA,"83.3",NA,NA,NA,NA,NA,NA,NA,NA
NA,NA,NA,NA,NA,NA,NA,NA,NA,NA,NA,NA,NA,"0.148",NA,NA,NA,NA,NA,NA,"2.18",NA,NA,NA,NA,NA,NA,NA,NA,NA,NA,NA,NA,NA,NA,"39",NA,NA,NA,NA,NA,NA,NA,NA,NA,NA,NA,NA,NA,"-0.19"
NA,NA,NA,NA,NA,NA,NA,NA,NA,NA,"1",NA,NA,NA,NA,NA,NA,NA,NA,NA,"2.61",NA,NA,NA,NA,NA,NA,NA,NA,NA,NA,NA,NA,NA,NA,"36",NA,NA,NA,NA,NA,NA,NA,NA,NA,NA,NA,NA,NA,"-1.4"
NA,NA,NA,NA,NA,NA,NA,NA,NA,NA,NA,NA,NA,"0.573",NA,NA,NA,NA,NA,NA,"1.6",NA,NA,NA,NA,NA,NA,NA,NA,NA,NA,NA,NA,NA,NA,NA,NA,NA,NA,NA,NA,NA,NA,NA,NA,NA,NA,NA,NA,NA
NA,NA,NA,NA,NA,NA,NA,NA,NA,NA,NA,NA,NA,"0.793",NA,NA,NA,NA,NA,NA,"3.1",NA,NA,NA,NA,NA,NA,NA,NA,NA,NA,NA,NA,NA,NA,NA,NA,NA,NA,NA,NA,NA,NA,NA,NA,NA,NA,NA,NA,NA
NA,"0.522472","562",NA,"3896",NA,NA,NA,NA,"27",NA,NA,NA,"0.06",NA,"34739645","2.214","5366","-5",NA,"1.5","21.4457",NA,NA,NA,NA,NA,NA,"10",NA,NA,"1",NA,NA,NA,NA,NA,NA,NA,NA,"8162","47.6",NA,"0.00053",NA,NA,NA,NA,NA,NA
NA,NA,NA,NA,NA,NA,NA,NA,NA,NA,NA,NA,NA,"0.369",NA,NA,NA,NA,NA,NA,"1.2",NA,NA,NA,NA,NA,NA,NA,NA,NA,NA,NA,NA,NA,NA,NA,NA,NA,NA,NA,NA,NA,NA,NA,NA,NA,NA,NA,NA,NA
NA,NA,NA,NA,NA,NA,NA,NA,NA,NA,NA,NA,NA,"0.672",NA,NA,NA,NA,NA,NA,"11.04",NA,NA,NA,NA,"3",NA,"5","12",NA,NA,"1","100",NA,NA,NA,NA,NA,NA,NA,NA,NA,NA,NA,"i81ncnccnccnnc000n",NA,"i425n",NA,NA,NA
NA,NA,NA,NA,NA,NA,NA,NA,NA,NA,NA,NA,NA,NA,NA,NA,NA,NA,NA,NA,"1.6",NA,NA,NA,NA,NA,NA,NA,NA,NA,NA,NA,NA,NA,NA,NA,NA,NA,NA,NA,NA,NA,NA,NA,NA,NA,NA,NA,NA,NA
NA,NA,NA,NA,NA,NA,NA,NA,NA,NA,NA,NA,NA,"-0.262",NA,NA,NA,NA,NA,NA,"1.62",NA,NA,NA,NA,NA,NA,NA,NA,NA,NA,NA,NA,NA,NA,NA,NA,NA,NA,NA,NA,NA,NA,NA,NA,NA,NA,"1672",NA,NA
NA,NA,NA,NA,NA,NA,NA,NA,NA,NA,NA,NA,NA,NA,NA,NA,NA,NA,NA,NA,"3.1",NA,NA,NA,NA,NA,NA,NA,NA,NA,NA,NA,NA,NA,NA,NA,NA,NA,NA,NA,NA,NA,NA,NA,NA,NA,NA,NA,NA,NA
NA,NA,NA,NA,NA,NA,NA,NA,NA,NA,NA,NA,NA,"-0.147",NA,NA,NA,NA,NA,NA,"1.5",NA,NA,NA,NA,NA,NA,NA,NA,NA,NA,NA,NA,NA,NA,NA,NA,NA,NA,NA,NA,NA,NA,NA,NA,NA,NA,NA,NA,NA
NA,NA,NA,NA,NA,NA,NA,NA,NA,NA,NA,NA,NA,"-0.163",NA,NA,NA,NA,NA,NA,"1.22",NA,NA,NA,NA,NA,NA,NA,NA,NA,NA,NA,NA,NA,NA,NA,NA,NA,NA,NA,NA,NA,NA,NA,NA,NA,NA,"1640",NA,NA
NA,NA,NA,NA,NA,NA,NA,NA,NA,NA,NA,NA,NA,"0.145",NA,NA,NA,NA,NA,NA,"2.7",NA,NA,NA,NA,NA,NA,NA,"10",NA,NA,"0",NA,NA,NA,NA,NA,NA,NA,NA,NA,NA,NA,NA,NA,NA,NA,NA,NA,NA
NA,NA,NA,NA,NA,NA,NA,NA,NA,NA,NA,NA,NA,"1.436",NA,NA,NA,NA,NA,NA,"2.5",NA,NA,NA,NA,NA,NA,NA,NA,NA,NA,NA,NA,NA,NA,NA,NA,NA,NA,NA,NA,NA,NA,NA,NA,NA,NA,NA,NA,NA
NA,NA,NA,NA,NA,NA,NA,NA,NA,NA,NA,NA,NA,"-0.722",NA,NA,NA,NA,NA,NA,"2.31",NA,NA,NA,NA,NA,NA,NA,NA,NA,NA,NA,NA,NA,NA,NA,NA,NA,NA,NA,NA,NA,NA,NA,NA,NA,NA,NA,NA,NA
NA,"0.49228","426",NA,"3792",NA,NA,NA,NA,"54",NA,"45.2007",NA,NA,NA,"19087408","3.039","4570","-5",NA,"1.2","19.5909",NA,NA,NA,"3",NA,"0","14",NA,NA,"0","74",NA,NA,NA,NA,NA,NA,NA,"7961","72.7",NA,"0.000514","i115n",NA,"i425n",NA,NA,NA
NA,"0.513885","566",NA,"3813",NA,NA,NA,NA,"49",NA,NA,NA,"-0.935",NA,"043801","2.683","20451","-5",NA,"1.84","22.4224",NA,NA,NA,"3",NA,"1",NA,NA,NA,NA,"116",NA,NA,"49",NA,NA,NA,NA,"9647","79.5",NA,"0.000542","i938n",NA,"i902n",NA,NA,"0.13"
NA,NA,NA,NA,NA,NA,NA,NA,NA,NA,NA,NA,NA,"-0.545",NA,NA,NA,NA,NA,NA,"2.62",NA,NA,NA,NA,NA,NA,NA,NA,NA,NA,NA,NA,NA,NA,NA,NA,NA,NA,NA,NA,NA,NA,NA,NA,NA,NA,"1500",NA,NA
NA,NA,NA,NA,NA,NA,NA,NA,NA,NA,NA,NA,NA,"-1.205",NA,NA,NA,NA,NA,NA,"2.76",NA,NA,NA,NA,NA,NA,NA,NA,NA,NA,NA,NA,NA,NA,NA,NA,NA,NA,NA,NA,NA,NA,NA,NA,NA,NA,"1531",NA,NA
NA,NA,NA,NA,NA,NA,NA,NA,NA,NA,NA,NA,NA,"0.175",NA,NA,NA,NA,NA,NA,"3.38",NA,NA,NA,NA,NA,NA,NA,NA,NA,NA,NA,NA,NA,NA,"38",NA,NA,NA,NA,NA,NA,NA,NA,NA,NA,NA,NA,NA,"-0.81"
NA,NA,NA,NA,NA,NA,NA,NA,NA,NA,NA,NA,NA,NA,NA,NA,NA,NA,NA,NA,"1.7",NA,NA,NA,NA,NA,NA,NA,"12",NA,NA,"0",NA,NA,NA,NA,NA,NA,NA,NA,NA,NA,NA,NA,NA,NA,NA,NA,NA,NA
NA,NA,NA,NA,NA,NA,NA,NA,NA,NA,NA,NA,NA,"3.306",NA,NA,NA,NA,NA,NA,"0.5",NA,NA,NA,NA,NA,NA,NA,NA,NA,NA,NA,NA,NA,NA,NA,NA,NA,NA,NA,NA,NA,NA,NA,NA,NA,NA,NA,NA,NA
NA,NA,NA,NA,NA,NA,NA,NA,NA,NA,NA,NA,NA,"-1.648",NA,NA,NA,NA,NA,NA,"2.3",NA,NA,NA,NA,NA,NA,NA,NA,NA,NA,NA,NA,NA,NA,NA,NA,NA,NA,NA,NA,NA,NA,NA,NA,NA,NA,NA,NA,NA
"5305","0.536813","799","13","2913",NA,NA,NA,NA,"11",NA,"44.6049",NA,"-0.243",NA,"843218098","2.614","3354","-3",NA,"1.95","22.8847",NA,"84","29.2643",NA,NA,NA,NA,NA,NA,NA,NA,NA,NA,NA,NA,"6.4",NA,NA,"9956","58.9",NA,"0.000444",NA,NA,NA,NA,NA,NA
NA,NA,NA,NA,NA,NA,NA,NA,NA,NA,NA,NA,NA,"-0.928",NA,NA,NA,NA,NA,NA,"1.8",NA,NA,NA,NA,NA,NA,NA,"22",NA,NA,"0",NA,NA,NA,"46",NA,NA,NA,NA,NA,NA,NA,NA,NA,NA,NA,NA,NA,NA
NA,NA,NA,NA,NA,NA,NA,NA,NA,NA,NA,NA,NA,"0.892",NA,NA,NA,NA,NA,NA,"2.21",NA,NA,NA,NA,NA,NA,NA,"20",NA,NA,"0",NA,NA,NA,NA,NA,NA,NA,NA,NA,NA,NA,NA,NA,NA,NA,NA,NA,NA
NA,NA,NA,NA,NA,NA,NA,NA,NA,NA,NA,NA,NA,NA,NA,NA,NA,NA,NA,NA,"2.28",NA,NA,NA,NA,NA,NA,NA,NA,NA,NA,NA,NA,NA,NA,NA,NA,NA,NA,NA,NA,NA,NA,NA,NA,NA,NA,NA,NA,NA
NA,NA,NA,NA,NA,NA,NA,NA,NA,NA,NA,NA,NA,"-0.011",NA,NA,NA,NA,NA,NA,"1.98",NA,NA,NA,NA,NA,NA,NA,NA,NA,NA,NA,NA,NA,NA,NA,NA,NA,NA,NA,NA,NA,NA,NA,NA,NA,NA,NA,NA,"-4.69"
NA,NA,NA,NA,NA,NA,NA,NA,NA,NA,NA,NA,NA,NA,NA,NA,NA,NA,NA,NA,"1.6",NA,NA,NA,NA,NA,NA,NA,NA,NA,NA,NA,NA,NA,NA,NA,NA,NA,NA,NA,NA,NA,NA,NA,NA,NA,NA,NA,NA,NA
NA,NA,NA,NA,NA,NA,NA,NA,NA,NA,NA,NA,NA,"-1.774",NA,NA,NA,NA,NA,NA,"0.8",NA,NA,NA,NA,NA,NA,NA,NA,NA,NA,NA,NA,NA,NA,NA,NA,NA,NA,NA,NA,NA,NA,NA,NA,NA,NA,NA,NA,NA
NA,NA,NA,NA,NA,NA,NA,NA,NA,NA,NA,NA,NA,"-1.04",NA,NA,NA,NA,NA,NA,"1.8",NA,NA,NA,NA,NA,NA,NA,NA,NA,NA,NA,NA,NA,NA,NA,NA,NA,NA,NA,NA,NA,NA,NA,NA,NA,NA,NA,NA,NA
NA,NA,NA,NA,NA,NA,NA,NA,NA,NA,NA,NA,NA,NA,"2015-03-06 07:41:31",NA,NA,NA,"-5",NA,"2.15",NA,NA,NA,NA,NA,NA,NA,"14",NA,NA,"0",NA,NA,NA,"48",NA,NA,NA,NA,NA,"60",NA,NA,NA,NA,NA,NA,NA,"-10.34"
NA,NA,NA,NA,NA,NA,NA,NA,NA,NA,NA,NA,NA,"0.151",NA,NA,NA,NA,NA,NA,"1.93",NA,NA,NA,NA,NA,NA,NA,"16",NA,NA,"0",NA,NA,NA,NA,NA,NA,NA,NA,NA,NA,NA,NA,NA,NA,NA,"1921",NA,NA
NA,NA,NA,NA,NA,NA,NA,NA,NA,NA,NA,NA,NA,NA,NA,NA,NA,NA,NA,NA,"1.3",NA,NA,NA,NA,NA,NA,NA,NA,NA,NA,NA,NA,NA,NA,NA,NA,NA,NA,NA,NA,NA,NA,NA,NA,NA,NA,NA,NA,NA
NA,NA,NA,NA,NA,NA,NA,NA,NA,NA,NA,NA,NA,"-0.42",NA,NA,NA,NA,NA,NA,"1.4",NA,NA,NA,NA,NA,NA,NA,NA,NA,NA,NA,NA,NA,NA,NA,NA,NA,NA,NA,NA,NA,NA,NA,NA,NA,NA,NA,NA,NA
NA,NA,NA,NA,NA,NA,NA,NA,NA,NA,NA,NA,NA,"-0.312",NA,NA,NA,NA,NA,NA,"1.2",NA,NA,NA,NA,NA,NA,NA,NA,NA,NA,NA,NA,NA,NA,NA,NA,NA,NA,NA,NA,NA,NA,NA,NA,NA,NA,NA,NA,NA
NA,NA,NA,NA,NA,NA,NA,NA,NA,NA,NA,NA,NA,NA,NA,NA,NA,NA,NA,NA,NA,NA,NA,NA,NA,NA,NA,NA,"21",NA,NA,"0",NA,NA,NA,NA,NA,NA,NA,NA,NA,NA,NA,NA,NA,NA,NA,NA,"101",NA
NA,NA,NA,NA,NA,NA,NA,NA,NA,NA,NA,NA,NA,NA,NA,NA,NA,NA,NA,NA,"2.21",NA,NA,NA,NA,NA,NA,NA,NA,NA,NA,NA,NA,NA,NA,"38",NA,NA,NA,NA,NA,NA,NA,NA,NA,NA,NA,NA,NA,"-11.06"
NA,NA,NA,NA,NA,NA,NA,NA,NA,NA,NA,NA,NA,"0.528",NA,NA,NA,NA,NA,NA,"1.74",NA,NA,NA,NA,NA,NA,NA,NA,NA,NA,NA,NA,NA,NA,"52",NA,NA,NA,NA,NA,NA,NA,NA,NA,NA,NA,NA,NA,"-0.94"
NA,NA,NA,NA,NA,NA,NA,NA,NA,NA,NA,NA,NA,"0.206",NA,NA,NA,NA,NA,NA,"1.73",NA,NA,NA,NA,NA,NA,NA,NA,NA,NA,NA,NA,NA,NA,NA,NA,NA,NA,NA,NA,NA,NA,NA,NA,NA,NA,NA,NA,NA
NA,NA,NA,NA,NA,NA,NA,NA,NA,NA,NA,NA,NA,"-0.633",NA,NA,NA,NA,NA,NA,"2.58",NA,NA,NA,NA,NA,NA,NA,NA,NA,NA,NA,NA,NA,NA,NA,NA,NA,NA,NA,NA,NA,NA,NA,NA,NA,NA,NA,NA,NA
NA,NA,NA,NA,NA,NA,NA,NA,NA,NA,NA,NA,NA,NA,NA,NA,NA,NA,NA,NA,"1.6",NA,NA,NA,NA,NA,NA,NA,NA,NA,NA,NA,NA,NA,NA,NA,NA,NA,NA,NA,NA,NA,NA,NA,NA,NA,NA,NA,NA,NA
NA,NA,NA,NA,NA,NA,NA,NA,NA,NA,NA,NA,NA,"0.004",NA,NA,NA,NA,NA,NA,"2.6",NA,NA,NA,NA,NA,NA,NA,NA,NA,NA,NA,NA,NA,NA,NA,NA,NA,NA,NA,NA,NA,NA,NA,NA,NA,NA,NA,NA,NA
NA,NA,NA,NA,NA,NA,NA,NA,NA,NA,NA,NA,NA,NA,NA,NA,NA,NA,NA,NA,"1.6",NA,NA,NA,NA,NA,NA,NA,NA,NA,NA,NA,NA,NA,NA,NA,NA,NA,NA,NA,NA,NA,NA,NA,NA,NA,NA,NA,NA,NA
NA,NA,"809",NA,"3750",NA,NA,NA,NA,"20",NA,NA,NA,"0.375",NA,"439","2.758","8689","-7",NA,"2.32","22.268",NA,NA,NA,NA,NA,NA,NA,NA,NA,NA,NA,NA,NA,NA,NA,NA,NA,NA,"9591","96.7",NA,NA,NA,NA,NA,NA,NA,"-0.12"
NA,NA,NA,NA,NA,NA,NA,NA,NA,NA,NA,NA,NA,"-0.213",NA,NA,NA,NA,NA,NA,"2.06",NA,NA,NA,NA,NA,NA,NA,NA,NA,NA,NA,NA,NA,NA,"52",NA,NA,NA,NA,NA,NA,NA,NA,NA,NA,NA,NA,NA,"0.29"
NA,NA,NA,NA,NA,NA,NA,NA,NA,NA,NA,NA,NA,NA,NA,NA,NA,NA,NA,NA,"2.2",NA,NA,NA,NA,NA,NA,NA,NA,NA,NA,NA,NA,NA,NA,NA,NA,NA,NA,NA,NA,NA,NA,NA,NA,NA,NA,NA,NA,NA
NA,NA,NA,NA,NA,NA,NA,NA,NA,NA,NA,NA,NA,NA,NA,NA,NA,NA,NA,NA,"1.6",NA,NA,NA,NA,NA,NA,NA,NA,NA,NA,NA,NA,NA,NA,NA,NA,NA,NA,NA,NA,NA,NA,NA,NA,NA,NA,NA,NA,NA
NA,"0.506164","710",NA,"3348",NA,NA,NA,NA,NA,NA,"48.7846",NA,NA,"2015-03-05 08:01:52",NA,"2.685",NA,"-3",NA,"1.6","21.6788",NA,NA,NA,"3",NA,"2","15",NA,NA,"0","90",NA,NA,NA,NA,NA,NA,NA,"9263","89.8",NA,"0.000439","i023n",NA,"i882n",NA,NA,NA
NA,NA,NA,NA,NA,NA,NA,NA,NA,NA,NA,NA,NA,"0.836",NA,NA,NA,NA,NA,NA,"1.41",NA,NA,NA,NA,NA,NA,NA,NA,NA,NA,NA,NA,NA,NA,NA,NA,NA,NA,NA,NA,NA,NA,NA,NA,NA,NA,NA,NA,NA
NA,NA,NA,NA,NA,NA,NA,NA,NA,NA,NA,NA,NA,NA,NA,NA,NA,NA,NA,NA,"1.09",NA,NA,NA,NA,NA,NA,NA,NA,NA,NA,NA,NA,NA,NA,NA,NA,NA,NA,NA,NA,NA,NA,NA,NA,NA,NA,NA,NA,"0.47"
NA,NA,NA,NA,NA,NA,NA,NA,NA,"6",NA,NA,NA,"-1.1",NA,"591821650",NA,"5678","5",NA,"2.85",NA,NA,NA,NA,"3",NA,"0","9",NA,NA,"1",NA,NA,NA,"40",NA,NA,NA,NA,NA,"86.8",NA,NA,"i613n",NA,"i260n",NA,NA,"0.32"
NA,NA,NA,NA,NA,NA,NA,NA,NA,NA,NA,NA,NA,"1.284",NA,NA,NA,NA,NA,NA,"1.83",NA,NA,NA,NA,NA,NA,NA,NA,NA,NA,NA,NA,NA,NA,NA,NA,NA,NA,NA,NA,NA,NA,NA,NA,NA,NA,NA,NA,NA
NA,NA,NA,NA,NA,NA,NA,NA,NA,NA,NA,NA,NA,"1.052",NA,NA,NA,NA,NA,NA,"1.36",NA,NA,NA,NA,NA,NA,NA,NA,NA,NA,NA,NA,NA,NA,NA,NA,NA,NA,NA,NA,NA,NA,NA,NA,NA,NA,NA,NA,NA
NA,NA,NA,NA,NA,NA,NA,NA,NA,NA,NA,NA,NA,"1.572",NA,NA,NA,NA,NA,NA,"1.9",NA,NA,NA,NA,NA,NA,NA,NA,NA,NA,NA,NA,NA,NA,NA,NA,NA,NA,NA,NA,NA,NA,NA,NA,NA,NA,NA,NA,NA
NA,NA,NA,NA,NA,NA,NA,NA,NA,NA,"1",NA,NA,"-0.096",NA,NA,NA,NA,NA,NA,NA,NA,NA,NA,NA,NA,NA,NA,NA,NA,NA,NA,NA,NA,NA,NA,NA,NA,NA,NA,NA,NA,NA,NA,NA,NA,NA,"1859",NA,NA
NA,NA,NA,NA,NA,NA,NA,NA,NA,NA,NA,NA,NA,"-0.392",NA,NA,NA,NA,NA,NA,"1.5",NA,NA,NA,NA,NA,NA,NA,NA,NA,NA,NA,NA,NA,NA,NA,NA,NA,NA,NA,NA,NA,NA,NA,NA,NA,NA,NA,NA,NA
NA,NA,NA,NA,NA,NA,NA,NA,NA,NA,NA,NA,NA,NA,NA,NA,NA,NA,NA,NA,"1.6",NA,NA,NA,NA,NA,NA,NA,NA,NA,NA,NA,NA,NA,NA,NA,NA,NA,NA,NA,NA,NA,NA,NA,NA,NA,NA,NA,NA,NA
NA,"0.553779","532",NA,"3546",NA,NA,NA,NA,"29",NA,"46.2186",NA,"0.266",NA,"3250654","2.621","3229","-3",NA,"2.22","22.0016",NA,NA,NA,NA,NA,NA,"20",NA,NA,"1",NA,NA,NA,NA,NA,NA,NA,NA,"7957","63.7",NA,"0.000438",NA,NA,NA,NA,NA,NA
NA,NA,NA,NA,NA,NA,NA,NA,NA,NA,NA,NA,NA,"-0.437",NA,NA,NA,NA,NA,NA,NA,NA,NA,NA,NA,NA,NA,NA,NA,NA,NA,NA,NA,NA,NA,NA,NA,NA,NA,NA,NA,NA,NA,NA,NA,NA,NA,NA,NA,"-4.44"
NA,NA,NA,NA,NA,NA,NA,NA,NA,NA,NA,NA,NA,"2.062",NA,NA,NA,NA,NA,NA,"0.84",NA,NA,NA,NA,NA,NA,NA,NA,NA,NA,NA,NA,NA,NA,NA,NA,NA,NA,NA,NA,NA,NA,NA,NA,NA,NA,NA,NA,NA
NA,"0.494345","1071",NA,"4545",NA,NA,NA,NA,"17",NA,"46.9481",NA,NA,NA,NA,"2.454","11794","-1",NA,"1.72","23.4054",NA,NA,NA,NA,NA,NA,"22",NA,NA,"1",NA,NA,NA,NA,NA,NA,NA,NA,"9233","96.4",NA,"0.000492",NA,NA,NA,NA,NA,"0.85"
NA,NA,NA,NA,NA,NA,NA,NA,NA,NA,NA,NA,NA,NA,NA,NA,NA,NA,NA,NA,"1.8",NA,NA,NA,NA,NA,NA,NA,NA,NA,NA,NA,NA,NA,NA,NA,NA,NA,NA,NA,NA,NA,NA,NA,NA,NA,NA,NA,NA,NA
NA,NA,"383",NA,"3426",NA,NA,NA,NA,NA,NA,NA,NA,NA,NA,NA,"2.934",NA,"-7",NA,"1.21","20.377",NA,NA,NA,NA,NA,NA,"22",NA,NA,"1",NA,NA,NA,"46",NA,NA,NA,NA,"8266","71.9",NA,NA,NA,NA,NA,NA,NA,"-1.71"
NA,NA,NA,NA,NA,NA,NA,NA,NA,NA,NA,NA,NA,"1.303",NA,NA,NA,NA,NA,NA,"2.73",NA,NA,NA,NA,NA,NA,NA,NA,NA,NA,NA,NA,NA,NA,"48",NA,NA,NA,NA,NA,NA,NA,NA,NA,NA,NA,NA,NA,"1.32"
NA,NA,NA,NA,NA,NA,NA,NA,NA,NA,NA,NA,NA,"-0.073",NA,NA,NA,NA,NA,NA,"2.38",NA,NA,NA,NA,NA,NA,NA,"13",NA,NA,"0",NA,NA,NA,"36",NA,NA,NA,NA,NA,NA,NA,NA,NA,NA,NA,NA,NA,"-0.51"
NA,NA,NA,NA,NA,NA,NA,NA,NA,NA,NA,NA,NA,"0.401",NA,NA,NA,NA,NA,NA,"2.75",NA,NA,NA,NA,NA,NA,NA,NA,NA,NA,NA,NA,NA,NA,"38",NA,NA,NA,NA,NA,NA,NA,NA,NA,NA,NA,NA,NA,"1.95"
NA,NA,NA,NA,NA,NA,NA,NA,NA,NA,"1",NA,NA,NA,NA,NA,NA,NA,NA,NA,"2.45",NA,NA,NA,NA,NA,NA,NA,NA,NA,NA,NA,NA,NA,NA,NA,NA,NA,NA,NA,NA,NA,NA,NA,NA,NA,NA,"1859",NA,NA
NA,NA,NA,NA,NA,NA,NA,NA,NA,NA,NA,NA,NA,"-0.163",NA,NA,NA,NA,NA,NA,"1.91",NA,NA,NA,NA,NA,NA,NA,"8",NA,NA,"0",NA,NA,NA,NA,NA,NA,NA,NA,NA,NA,NA,NA,NA,NA,NA,"1828",NA,NA
NA,NA,NA,NA,NA,NA,NA,NA,NA,NA,NA,NA,NA,"-0.182",NA,NA,NA,NA,NA,NA,"1.63",NA,NA,NA,NA,NA,NA,NA,NA,NA,NA,NA,NA,NA,NA,NA,NA,NA,NA,NA,NA,NA,NA,NA,NA,NA,NA,NA,NA,"0.02"
NA,NA,NA,NA,NA,NA,NA,NA,NA,NA,NA,NA,NA,"-0.053",NA,NA,NA,NA,NA,NA,"1.6",NA,NA,NA,NA,NA,NA,NA,NA,NA,NA,NA,NA,NA,NA,NA,NA,NA,NA,NA,NA,NA,NA,NA,NA,NA,NA,NA,NA,NA
NA,NA,NA,NA,NA,NA,NA,NA,NA,NA,NA,NA,NA,"0.776",NA,NA,NA,NA,NA,NA,"2.65",NA,NA,NA,NA,NA,NA,NA,NA,NA,NA,NA,NA,NA,NA,NA,NA,NA,NA,NA,NA,NA,NA,NA,NA,NA,NA,NA,NA,"0.16"
NA,NA,NA,NA,NA,NA,NA,NA,NA,NA,NA,NA,NA,"2.978",NA,NA,NA,NA,NA,NA,"2.2",NA,NA,NA,NA,NA,NA,NA,NA,NA,NA,NA,NA,NA,NA,NA,NA,NA,NA,NA,NA,NA,NA,NA,NA,NA,NA,NA,NA,NA
NA,NA,NA,NA,NA,NA,NA,NA,NA,NA,NA,NA,NA,NA,NA,NA,NA,NA,NA,NA,"1.6",NA,NA,NA,NA,NA,NA,NA,NA,NA,NA,NA,NA,NA,NA,NA,NA,NA,NA,NA,NA,NA,NA,NA,NA,NA,NA,"3109",NA,NA
NA,NA,NA,NA,NA,NA,NA,NA,NA,NA,"7",NA,NA,NA,NA,NA,NA,NA,NA,NA,"4.17",NA,NA,NA,NA,NA,NA,NA,"11",NA,NA,"0",NA,NA,NA,"34",NA,NA,NA,NA,NA,NA,NA,NA,NA,NA,NA,NA,NA,"-0.82"
NA,NA,NA,NA,NA,NA,NA,NA,NA,NA,NA,NA,NA,"1.298",NA,NA,NA,NA,NA,NA,"1.2",NA,NA,NA,NA,NA,NA,NA,NA,NA,NA,NA,NA,NA,NA,NA,NA,NA,NA,NA,NA,NA,NA,NA,NA,NA,NA,NA,NA,NA
NA,NA,NA,NA,NA,NA,NA,NA,NA,NA,NA,NA,NA,NA,NA,NA,NA,NA,NA,NA,"1.65",NA,NA,NA,NA,NA,NA,NA,NA,NA,NA,NA,NA,NA,NA,"49",NA,NA,NA,NA,NA,NA,NA,NA,NA,NA,NA,NA,NA,"-0.57"
NA,NA,NA,NA,NA,NA,NA,NA,NA,NA,NA,NA,NA,"0.114",NA,NA,NA,NA,NA,NA,"3.99",NA,NA,NA,NA,NA,NA,NA,NA,NA,NA,NA,NA,NA,NA,NA,NA,NA,NA,NA,NA,NA,NA,NA,NA,NA,NA,"2594",NA,NA
NA,NA,NA,NA,NA,NA,NA,NA,NA,NA,NA,NA,NA,"0.587",NA,NA,NA,NA,NA,NA,"1.7",NA,NA,NA,NA,NA,NA,NA,"21",NA,NA,"0",NA,NA,NA,"52",NA,NA,NA,NA,NA,NA,NA,NA,NA,NA,NA,NA,NA,"-3.28"
NA,NA,NA,NA,NA,NA,NA,NA,NA,NA,NA,NA,NA,"0.003",NA,NA,NA,NA,NA,NA,"2.27",NA,NA,NA,NA,NA,NA,NA,NA,NA,NA,NA,NA,NA,NA,NA,NA,NA,NA,NA,NA,NA,NA,NA,NA,NA,NA,"1672",NA,NA
NA,NA,NA,NA,NA,NA,NA,NA,NA,NA,NA,NA,NA,"0.69",NA,NA,NA,NA,NA,NA,"1.9",NA,NA,NA,NA,NA,NA,NA,NA,NA,NA,NA,NA,NA,NA,NA,NA,NA,NA,NA,NA,NA,NA,NA,NA,NA,NA,NA,NA,NA
NA,NA,NA,NA,NA,NA,NA,NA,NA,NA,NA,NA,NA,"0.946",NA,NA,NA,NA,NA,NA,"1.5",NA,NA,NA,NA,NA,NA,NA,"13",NA,NA,"1",NA,NA,NA,NA,NA,NA,NA,NA,NA,NA,NA,NA,NA,NA,NA,NA,NA,NA
NA,NA,NA,NA,NA,NA,NA,NA,NA,NA,NA,NA,NA,NA,NA,NA,NA,NA,NA,NA,"3.72",NA,NA,NA,NA,NA,NA,NA,NA,NA,NA,NA,NA,NA,NA,"48",NA,NA,NA,NA,NA,NA,NA,NA,NA,NA,NA,NA,NA,"-4.86"
NA,NA,NA,NA,NA,NA,NA,NA,NA,NA,NA,NA,NA,"0.06",NA,NA,NA,NA,NA,NA,"3.17",NA,NA,NA,NA,NA,NA,NA,NA,NA,NA,NA,NA,NA,NA,"36",NA,NA,NA,NA,NA,NA,NA,NA,NA,NA,NA,NA,NA,"0.97"
NA,"0.517166","516",NA,"3271",NA,NA,NA,NA,"38",NA,"47.7287",NA,"1.036",NA,"36435341","2.829","5803","-7",NA,"2.6","24.7914",NA,NA,NA,NA,NA,NA,NA,NA,NA,NA,NA,NA,NA,NA,NA,NA,NA,NA,"7953","72.1",NA,"0.000454",NA,NA,NA,NA,NA,NA
NA,NA,NA,NA,NA,NA,NA,NA,NA,NA,NA,NA,NA,NA,NA,NA,NA,NA,NA,NA,"2.84",NA,NA,NA,NA,NA,NA,NA,NA,NA,NA,NA,NA,NA,NA,NA,NA,NA,NA,NA,NA,NA,NA,NA,NA,NA,NA,NA,NA,NA
NA,NA,NA,NA,NA,NA,NA,NA,NA,NA,NA,NA,NA,NA,NA,NA,NA,NA,NA,NA,"1.85",NA,NA,NA,NA,NA,NA,NA,NA,NA,NA,NA,NA,NA,NA,"42",NA,NA,NA,NA,NA,NA,NA,NA,NA,NA,NA,NA,NA,"1.21"
NA,NA,NA,NA,NA,NA,NA,NA,NA,NA,NA,NA,NA,NA,NA,NA,NA,NA,NA,NA,"2.67",NA,NA,NA,NA,NA,NA,NA,NA,NA,NA,NA,NA,NA,NA,NA,NA,NA,NA,NA,NA,NA,NA,NA,NA,NA,NA,NA,NA,NA
NA,NA,NA,NA,NA,NA,NA,NA,NA,NA,NA,NA,NA,"0.418",NA,NA,NA,NA,NA,NA,"2.93",NA,NA,NA,NA,NA,NA,NA,NA,NA,NA,NA,NA,NA,NA,"52",NA,NA,NA,NA,NA,NA,NA,NA,NA,NA,NA,NA,NA,"3.39"
NA,NA,NA,NA,NA,NA,NA,NA,NA,NA,NA,NA,NA,"0.216",NA,NA,NA,NA,NA,NA,"2.28",NA,NA,NA,NA,NA,NA,NA,NA,NA,NA,NA,NA,NA,NA,NA,NA,NA,NA,NA,NA,NA,NA,NA,NA,NA,NA,NA,NA,NA
NA,NA,NA,NA,NA,NA,NA,NA,NA,NA,NA,NA,NA,"0.384",NA,NA,NA,NA,NA,NA,"2.5",NA,NA,NA,NA,NA,NA,NA,NA,NA,NA,NA,NA,NA,NA,NA,NA,NA,NA,NA,NA,NA,NA,NA,NA,NA,NA,NA,NA,NA
NA,NA,NA,NA,NA,NA,NA,NA,NA,NA,NA,NA,NA,NA,NA,NA,NA,NA,NA,NA,"3.09",NA,NA,NA,NA,NA,NA,NA,NA,NA,NA,NA,NA,NA,NA,"46",NA,NA,NA,NA,NA,NA,NA,NA,NA,NA,NA,NA,NA,"-0.97"
NA,NA,NA,NA,NA,NA,NA,NA,NA,NA,NA,NA,NA,NA,NA,NA,NA,NA,NA,NA,"2.64",NA,NA,NA,NA,NA,NA,NA,NA,NA,NA,NA,NA,NA,NA,NA,NA,NA,NA,NA,NA,NA,NA,NA,NA,NA,NA,NA,NA,NA
NA,NA,NA,NA,NA,NA,NA,NA,NA,NA,NA,NA,NA,"1.266",NA,NA,NA,NA,NA,NA,"2.57",NA,NA,NA,NA,NA,NA,NA,"2",NA,NA,"0",NA,NA,NA,NA,NA,NA,NA,NA,NA,NA,NA,NA,NA,NA,NA,NA,NA,"-1.61"
NA,NA,NA,NA,NA,NA,NA,NA,NA,NA,NA,NA,NA,"-0.002",NA,NA,NA,NA,NA,NA,"2.7",NA,NA,NA,NA,"3",NA,"1","20",NA,NA,"1",NA,NA,NA,NA,NA,NA,NA,NA,NA,NA,NA,NA,"i913n",NA,"i000n",NA,NA,NA
NA,"0.528494","454",NA,"3481",NA,NA,NA,NA,"9",NA,"50.6138",NA,"0.834",NA,"453870269","2.73","5772","-1",NA,"4.12","23.9962",NA,NA,NA,NA,NA,NA,NA,NA,NA,NA,NA,NA,NA,NA,NA,NA,NA,NA,"9258",NA,NA,"0.000456",NA,NA,NA,NA,NA,NA
NA,NA,NA,NA,NA,NA,NA,NA,NA,NA,NA,NA,NA,"-0.657",NA,NA,NA,NA,NA,NA,"1.55",NA,NA,NA,NA,NA,NA,NA,"10",NA,NA,"1",NA,NA,NA,"30",NA,NA,NA,NA,NA,NA,NA,NA,NA,NA,NA,NA,NA,"-0.04"
NA,"0.51746","501",NA,"4354",NA,NA,NA,NA,"9","1","44.2445",NA,"-0.109",NA,"75180706","2.547","3790","-3",NA,"2.92","24.8167",NA,NA,NA,NA,NA,NA,"13",NA,NA,"1",NA,NA,NA,"52",NA,NA,NA,NA,"10696","88",NA,"0.000471",NA,NA,NA,NA,NA,"0.5"
NA,"0.491525","641",NA,"4206",NA,NA,NA,NA,"11",NA,"46.7171",NA,"1.568",NA,"718904563","2.796","4446","-9",NA,NA,"20.2099",NA,NA,NA,NA,NA,NA,NA,NA,NA,NA,NA,NA,NA,NA,NA,NA,NA,NA,"8830",NA,NA,"0.00055",NA,NA,NA,NA,NA,NA
NA,NA,NA,NA,NA,NA,NA,NA,NA,NA,NA,NA,NA,"0.952",NA,NA,NA,NA,NA,NA,"3.21",NA,NA,NA,NA,NA,NA,NA,"16",NA,NA,"0",NA,NA,NA,NA,NA,NA,NA,NA,NA,NA,NA,NA,NA,NA,NA,NA,NA,NA
NA,NA,NA,NA,NA,NA,NA,NA,NA,NA,NA,NA,NA,"0.989",NA,NA,NA,NA,NA,NA,"2.24",NA,NA,NA,NA,NA,NA,NA,NA,NA,NA,NA,NA,NA,NA,NA,NA,NA,NA,NA,NA,NA,NA,NA,NA,NA,NA,NA,NA,NA
NA,NA,NA,NA,NA,NA,NA,NA,NA,NA,NA,NA,NA,"1.646",NA,NA,NA,NA,NA,NA,"2.2",NA,NA,NA,NA,NA,NA,NA,NA,NA,NA,NA,NA,NA,NA,NA,NA,NA,NA,NA,NA,NA,NA,NA,NA,NA,NA,NA,NA,NA
NA,NA,NA,NA,NA,NA,NA,NA,NA,NA,NA,NA,NA,"-0.186",NA,NA,NA,NA,NA,NA,"2.58",NA,NA,NA,NA,NA,NA,NA,NA,NA,NA,NA,NA,NA,NA,NA,NA,NA,NA,NA,NA,NA,NA,NA,NA,NA,NA,NA,NA,NA
NA,NA,NA,NA,NA,NA,NA,NA,NA,NA,NA,NA,NA,NA,NA,NA,NA,NA,NA,NA,"1.7",NA,NA,NA,NA,"3",NA,"10",NA,NA,NA,NA,"100",NA,NA,NA,NA,NA,NA,NA,NA,NA,NA,NA,"i183n",NA,"i140n",NA,NA,NA
NA,NA,NA,NA,NA,NA,NA,NA,NA,NA,NA,NA,NA,"1.7",NA,NA,NA,NA,NA,NA,"1.66",NA,NA,NA,NA,NA,NA,NA,NA,NA,NA,NA,NA,NA,NA,NA,NA,NA,NA,NA,NA,NA,NA,NA,NA,NA,NA,NA,NA,"0.42"
NA,NA,NA,NA,NA,NA,NA,NA,NA,NA,NA,NA,NA,"-0.458",NA,NA,NA,NA,NA,NA,"1.79",NA,NA,NA,NA,NA,NA,NA,NA,NA,NA,NA,NA,NA,NA,NA,NA,NA,NA,NA,NA,NA,NA,NA,NA,NA,NA,NA,NA,NA
NA,NA,NA,NA,NA,NA,NA,NA,NA,NA,NA,NA,NA,"-0.566",NA,NA,NA,NA,NA,NA,"1.91",NA,NA,NA,NA,NA,NA,NA,NA,NA,NA,NA,NA,NA,NA,NA,NA,NA,NA,NA,NA,NA,NA,NA,NA,NA,NA,NA,NA,NA
NA,NA,NA,NA,NA,NA,NA,NA,NA,NA,NA,NA,NA,NA,NA,NA,NA,NA,NA,NA,"1.86",NA,NA,NA,NA,NA,NA,NA,"20",NA,NA,"1",NA,NA,NA,"52",NA,NA,NA,NA,NA,NA,NA,NA,NA,NA,NA,NA,NA,"0.51"
NA,NA,NA,NA,NA,NA,NA,NA,NA,NA,NA,NA,NA,"-0.109",NA,NA,NA,NA,NA,NA,"2.5",NA,NA,NA,NA,NA,NA,NA,NA,NA,NA,NA,NA,NA,NA,NA,NA,NA,NA,NA,NA,NA,NA,NA,NA,NA,NA,NA,NA,NA
NA,NA,NA,NA,NA,NA,NA,NA,NA,NA,NA,NA,NA,"0.051",NA,NA,NA,NA,NA,NA,"2.89",NA,NA,NA,NA,NA,NA,NA,"10",NA,NA,"1",NA,NA,NA,NA,NA,NA,NA,NA,NA,NA,NA,NA,NA,NA,NA,NA,NA,NA
NA,NA,NA,NA,NA,NA,NA,NA,NA,NA,NA,NA,NA,"-0.593",NA,NA,NA,NA,NA,NA,"2.35",NA,NA,NA,NA,NA,NA,NA,NA,NA,NA,NA,NA,NA,NA,NA,NA,NA,NA,NA,NA,NA,NA,NA,NA,NA,NA,NA,NA,NA
NA,NA,NA,NA,NA,NA,NA,NA,NA,NA,NA,NA,NA,"-0.382",NA,NA,NA,NA,NA,NA,"2.6",NA,NA,NA,NA,NA,NA,NA,NA,NA,NA,NA,NA,NA,NA,NA,NA,NA,NA,NA,NA,NA,NA,NA,NA,NA,NA,NA,NA,NA
NA,NA,NA,NA,NA,NA,NA,NA,NA,NA,NA,NA,NA,NA,NA,NA,NA,NA,NA,NA,NA,NA,NA,NA,NA,NA,NA,NA,NA,NA,NA,NA,NA,NA,NA,NA,NA,NA,NA,NA,NA,NA,NA,NA,NA,NA,NA,NA,NA,NA
NA,NA,NA,NA,NA,NA,NA,NA,NA,NA,NA,NA,NA,"0.443",NA,NA,NA,NA,NA,NA,"1.38",NA,NA,NA,NA,NA,NA,NA,"0",NA,NA,"1",NA,NA,NA,NA,NA,NA,NA,NA,NA,NA,NA,NA,NA,NA,NA,NA,NA,NA
NA,NA,NA,NA,NA,NA,NA,NA,NA,NA,NA,NA,NA,"0.736",NA,NA,NA,NA,NA,NA,"1.49",NA,NA,NA,NA,NA,NA,NA,NA,NA,NA,NA,NA,NA,NA,"52",NA,NA,NA,NA,NA,NA,NA,NA,NA,NA,NA,NA,NA,"-0.53"
NA,NA,NA,NA,NA,NA,NA,NA,NA,NA,NA,NA,NA,"0.297",NA,NA,NA,NA,NA,NA,"2",NA,NA,NA,NA,NA,NA,NA,"10",NA,NA,"1",NA,NA,NA,"32",NA,NA,NA,NA,NA,NA,NA,NA,NA,NA,NA,NA,NA,"-4.95"
NA,NA,NA,NA,NA,NA,NA,NA,NA,NA,NA,NA,NA,NA,NA,NA,NA,NA,NA,NA,"1.64",NA,NA,NA,NA,NA,NA,NA,NA,NA,NA,NA,NA,NA,NA,NA,NA,NA,NA,NA,NA,NA,NA,NA,NA,NA,NA,NA,NA,NA
NA,NA,NA,NA,NA,NA,NA,NA,NA,NA,NA,NA,NA,"1.156",NA,NA,NA,NA,NA,NA,"1.63",NA,NA,NA,NA,NA,NA,NA,NA,NA,NA,NA,NA,NA,NA,NA,NA,NA,NA,NA,NA,NA,NA,NA,NA,NA,NA,NA,NA,NA
NA,NA,NA,NA,NA,NA,NA,NA,NA,NA,NA,NA,NA,"0.399",NA,NA,NA,NA,NA,NA,"1.6",NA,NA,NA,NA,NA,NA,NA,NA,NA,NA,NA,NA,NA,NA,NA,NA,NA,NA,NA,NA,NA,NA,NA,NA,NA,NA,NA,NA,NA
NA,NA,NA,NA,NA,NA,NA,NA,NA,NA,NA,NA,NA,"1.038",NA,NA,NA,NA,NA,NA,"1.5",NA,NA,NA,NA,NA,NA,NA,NA,NA,NA,NA,NA,NA,NA,NA,NA,NA,NA,NA,NA,NA,NA,NA,NA,NA,NA,NA,NA,NA
NA,NA,NA,NA,NA,NA,NA,NA,NA,NA,"1",NA,NA,NA,NA,NA,NA,NA,NA,NA,"0.9",NA,NA,NA,NA,"3",NA,"2","13",NA,NA,"0",NA,NA,NA,NA,NA,NA,NA,NA,NA,NA,NA,NA,"i023n",NA,"i140n",NA,NA,NA
NA,NA,NA,NA,NA,NA,NA,NA,NA,NA,NA,NA,NA,NA,NA,NA,NA,NA,NA,NA,"2.9",NA,NA,NA,NA,NA,NA,NA,NA,NA,NA,NA,NA,NA,NA,NA,NA,NA,NA,NA,NA,NA,NA,NA,NA,NA,NA,NA,NA,NA
NA,NA,NA,NA,NA,NA,NA,NA,NA,NA,NA,NA,NA,NA,NA,NA,NA,NA,NA,NA,"2.7",NA,NA,NA,NA,NA,NA,NA,NA,NA,NA,NA,NA,NA,NA,NA,NA,NA,NA,NA,NA,NA,NA,NA,NA,NA,NA,NA,NA,NA
NA,NA,NA,NA,NA,NA,NA,NA,NA,NA,NA,NA,NA,"1.052",NA,NA,NA,NA,NA,NA,"1.29",NA,NA,NA,NA,NA,NA,NA,NA,NA,NA,NA,NA,NA,NA,NA,NA,NA,NA,NA,NA,NA,NA,NA,NA,NA,NA,NA,NA,"2.33"
NA,NA,NA,NA,NA,NA,NA,NA,NA,NA,NA,NA,NA,"0.052",NA,NA,NA,NA,NA,NA,"1.64",NA,NA,NA,NA,NA,NA,NA,"15",NA,NA,"1",NA,NA,NA,NA,NA,NA,NA,NA,NA,NA,NA,NA,NA,NA,NA,NA,NA,NA
NA,NA,NA,NA,NA,NA,NA,NA,NA,NA,NA,NA,NA,NA,NA,NA,NA,NA,NA,NA,"2.9",NA,NA,NA,NA,NA,NA,NA,NA,NA,NA,NA,NA,NA,NA,NA,NA,NA,NA,NA,NA,NA,NA,NA,NA,NA,NA,NA,NA,NA
NA,NA,NA,NA,NA,NA,NA,NA,NA,NA,NA,NA,NA,"-0.531",NA,NA,NA,NA,NA,NA,"2.87",NA,NA,NA,NA,NA,NA,NA,NA,NA,NA,NA,NA,NA,NA,"46",NA,NA,NA,NA,NA,NA,NA,NA,NA,NA,NA,NA,NA,NA
NA,NA,NA,NA,NA,NA,NA,NA,NA,NA,NA,NA,NA,NA,NA,NA,NA,NA,NA,NA,"1.5",NA,NA,NA,NA,NA,NA,NA,NA,NA,NA,NA,NA,NA,NA,NA,NA,NA,NA,NA,NA,NA,NA,NA,NA,NA,NA,NA,NA,NA
NA,"0.521492","434",NA,"3573",NA,NA,NA,NA,"14",NA,"45.2389",NA,"0.617",NA,"38138070","2.48","3994","-5",NA,"4","20.361",NA,NA,NA,NA,NA,NA,NA,NA,NA,NA,NA,NA,NA,NA,NA,NA,NA,NA,"7426","78.6",NA,"0.000476",NA,NA,NA,NA,NA,NA
NA,NA,NA,NA,NA,NA,NA,NA,NA,NA,NA,NA,NA,"-0.1",NA,NA,NA,NA,NA,NA,"2.2",NA,NA,NA,NA,NA,NA,NA,"22",NA,NA,"0",NA,NA,NA,NA,NA,NA,NA,NA,NA,NA,NA,NA,NA,NA,NA,NA,NA,NA
NA,NA,NA,NA,NA,NA,NA,NA,NA,NA,NA,NA,NA,"-0.379",NA,NA,NA,NA,NA,NA,"1.56",NA,NA,NA,NA,NA,NA,NA,NA,NA,NA,NA,NA,NA,NA,"52",NA,NA,NA,NA,NA,NA,NA,NA,NA,NA,NA,NA,NA,"-0.01"
NA,"0.477313","836",NA,"4041",NA,NA,NA,NA,NA,NA,"49.4068",NA,NA,NA,NA,"2.347",NA,"-5",NA,"1.57","17.598",NA,NA,NA,NA,NA,NA,NA,NA,NA,NA,NA,NA,NA,"42",NA,NA,NA,NA,"9265","73.6",NA,"0.000491",NA,NA,NA,NA,NA,"-0.35"
NA,NA,NA,NA,NA,NA,NA,NA,NA,NA,NA,NA,NA,NA,NA,NA,NA,NA,NA,NA,"2.2",NA,NA,NA,NA,"3",NA,"-10","11",NA,NA,"0",NA,NA,NA,NA,NA,NA,NA,NA,NA,NA,NA,NA,"i20nc260n",NA,"i593n",NA,"101",NA
NA,NA,NA,NA,NA,NA,NA,NA,NA,NA,NA,NA,NA,"2.231",NA,NA,NA,NA,NA,NA,"2.5",NA,NA,NA,NA,NA,NA,NA,NA,NA,NA,NA,NA,NA,NA,NA,NA,NA,NA,NA,NA,NA,NA,NA,NA,NA,NA,NA,NA,NA
NA,NA,NA,NA,NA,NA,NA,NA,NA,NA,NA,NA,NA,NA,NA,NA,NA,NA,NA,NA,"2",NA,NA,NA,NA,NA,NA,NA,NA,NA,NA,NA,NA,NA,NA,NA,NA,NA,NA,NA,NA,NA,NA,NA,NA,NA,NA,NA,NA,NA
NA,NA,NA,NA,NA,NA,NA,NA,NA,NA,NA,NA,NA,"0.223",NA,NA,NA,NA,NA,NA,"2.2",NA,NA,NA,NA,NA,NA,NA,NA,NA,NA,NA,NA,NA,NA,NA,NA,NA,NA,NA,NA,NA,NA,NA,NA,NA,NA,NA,NA,NA
NA,NA,NA,NA,NA,NA,NA,NA,NA,NA,NA,NA,NA,NA,NA,NA,NA,NA,NA,NA,"2.37",NA,NA,NA,NA,NA,NA,NA,"11",NA,NA,"1",NA,NA,NA,NA,NA,NA,NA,NA,NA,NA,NA,NA,NA,NA,NA,NA,NA,NA
NA,NA,NA,NA,NA,NA,NA,NA,NA,NA,NA,NA,NA,"-0.146",NA,NA,NA,NA,NA,NA,"1.99",NA,NA,NA,NA,NA,NA,NA,"22",NA,NA,"1",NA,NA,NA,NA,NA,NA,NA,NA,NA,NA,NA,NA,NA,NA,NA,NA,NA,"0.21"
NA,NA,NA,NA,NA,NA,NA,NA,NA,NA,NA,NA,NA,"-0.223",NA,NA,NA,NA,NA,NA,"1.35",NA,NA,NA,NA,NA,NA,NA,"16",NA,NA,"1",NA,NA,NA,NA,NA,NA,NA,NA,NA,NA,NA,NA,NA,NA,NA,"1313",NA,NA
NA,NA,NA,NA,NA,NA,NA,NA,NA,NA,NA,NA,NA,NA,NA,NA,NA,NA,NA,NA,"3.3",NA,NA,NA,NA,NA,NA,NA,NA,NA,NA,NA,NA,NA,NA,NA,NA,NA,NA,NA,NA,NA,NA,NA,NA,NA,NA,NA,NA,NA
NA,NA,NA,NA,NA,NA,NA,NA,NA,NA,NA,NA,NA,"-0.048",NA,NA,NA,NA,NA,NA,"1.65",NA,NA,NA,NA,"3",NA,"1","21",NA,NA,"1","110",NA,NA,NA,NA,NA,NA,NA,NA,NA,NA,NA,"i558n",NA,"i220n",NA,NA,NA
NA,NA,NA,NA,NA,NA,NA,NA,NA,NA,NA,NA,NA,NA,NA,NA,NA,NA,NA,NA,"2.74",NA,NA,NA,NA,NA,NA,NA,NA,NA,NA,NA,NA,NA,NA,NA,NA,NA,NA,NA,NA,NA,NA,NA,NA,NA,NA,NA,NA,NA
NA,NA,NA,NA,NA,NA,NA,NA,NA,NA,NA,NA,NA,"0.633",NA,NA,NA,NA,NA,NA,"2.2",NA,NA,NA,NA,NA,NA,NA,NA,NA,NA,NA,NA,NA,NA,NA,NA,NA,NA,NA,NA,NA,NA,NA,NA,NA,NA,NA,NA,NA
NA,NA,NA,NA,NA,NA,NA,NA,NA,NA,NA,NA,NA,NA,NA,NA,NA,NA,NA,NA,"1.38",NA,NA,NA,NA,NA,NA,NA,"11",NA,NA,"0",NA,NA,NA,NA,NA,NA,NA,NA,NA,NA,NA,NA,NA,NA,NA,NA,NA,"0.19"
NA,NA,NA,NA,NA,NA,NA,NA,NA,NA,NA,NA,NA,"0.566",NA,NA,NA,NA,NA,NA,"2.12",NA,NA,NA,NA,NA,NA,NA,NA,NA,NA,NA,NA,NA,NA,NA,NA,NA,NA,NA,NA,NA,NA,NA,NA,NA,NA,NA,NA,NA
NA,NA,NA,NA,NA,NA,NA,NA,NA,NA,NA,NA,NA,"1.118",NA,NA,NA,NA,NA,NA,"1.89",NA,NA,NA,NA,NA,NA,NA,NA,NA,NA,NA,NA,NA,NA,NA,NA,NA,NA,NA,NA,NA,NA,NA,NA,NA,NA,NA,NA,NA
NA,NA,NA,NA,NA,NA,NA,NA,NA,NA,NA,NA,NA,"-1.022",NA,NA,NA,NA,NA,NA,"2.63",NA,NA,NA,NA,NA,NA,NA,NA,NA,NA,NA,NA,NA,NA,"52",NA,NA,NA,NA,NA,NA,NA,NA,NA,NA,NA,NA,NA,"0.11"
NA,NA,NA,NA,NA,NA,NA,NA,NA,NA,NA,NA,NA,NA,NA,NA,NA,NA,NA,NA,"2.95",NA,NA,NA,NA,NA,NA,NA,"9",NA,NA,"1",NA,NA,NA,NA,NA,NA,NA,NA,NA,NA,NA,NA,NA,NA,NA,"1937",NA,NA
NA,NA,NA,NA,NA,NA,NA,NA,NA,NA,NA,NA,NA,"0.597",NA,NA,NA,NA,NA,NA,"1.52",NA,NA,NA,NA,NA,NA,NA,"10",NA,NA,"0",NA,NA,NA,"48",NA,NA,NA,NA,NA,NA,NA,NA,NA,NA,NA,NA,NA,"0.14"
NA,NA,NA,NA,NA,NA,NA,NA,NA,NA,NA,NA,NA,"0.044",NA,NA,NA,NA,NA,NA,"2.06",NA,NA,NA,NA,NA,NA,NA,"8",NA,NA,"1",NA,NA,NA,"38",NA,NA,NA,NA,NA,NA,NA,NA,NA,NA,NA,NA,NA,"-2.72"
NA,NA,NA,NA,NA,NA,NA,NA,NA,NA,NA,NA,NA,"2.401",NA,NA,NA,NA,NA,NA,"2.8",NA,NA,NA,NA,NA,NA,NA,NA,NA,NA,NA,NA,NA,NA,NA,NA,NA,NA,NA,NA,NA,NA,NA,NA,NA,NA,NA,NA,NA
NA,NA,NA,NA,NA,NA,NA,NA,NA,NA,NA,NA,NA,"1.156",NA,NA,NA,NA,NA,NA,"0.68",NA,NA,NA,NA,NA,NA,NA,NA,NA,NA,NA,NA,NA,NA,NA,NA,NA,NA,NA,NA,NA,NA,NA,NA,NA,NA,NA,NA,NA
NA,NA,NA,NA,NA,NA,NA,NA,NA,NA,NA,NA,NA,"-0.309",NA,NA,NA,NA,NA,NA,"1.79",NA,NA,NA,NA,NA,NA,NA,NA,NA,NA,NA,NA,NA,NA,NA,NA,NA,NA,NA,NA,NA,NA,NA,NA,NA,NA,NA,NA,NA
NA,NA,NA,NA,NA,NA,NA,NA,NA,NA,"7",NA,NA,NA,NA,NA,NA,NA,NA,NA,"2.8",NA,NA,NA,NA,NA,NA,NA,NA,NA,NA,NA,NA,NA,NA,NA,NA,NA,NA,NA,NA,NA,NA,NA,NA,NA,NA,NA,NA,NA
NA,NA,NA,NA,NA,NA,NA,NA,NA,NA,NA,NA,NA,"-0.814",NA,NA,NA,NA,NA,NA,"1.34",NA,NA,NA,NA,NA,NA,NA,NA,NA,NA,NA,NA,NA,NA,NA,NA,NA,NA,NA,NA,NA,NA,NA,NA,NA,NA,NA,NA,NA
NA,NA,NA,NA,NA,NA,NA,NA,NA,NA,NA,NA,NA,NA,NA,NA,NA,NA,NA,NA,"1.7",NA,NA,NA,NA,NA,NA,NA,NA,NA,NA,NA,NA,NA,NA,NA,NA,NA,NA,NA,NA,NA,NA,NA,NA,NA,NA,NA,NA,"-0.56"
NA,NA,NA,NA,NA,NA,NA,NA,NA,NA,NA,NA,NA,NA,NA,NA,NA,NA,NA,NA,"1.9",NA,NA,NA,NA,NA,NA,NA,NA,NA,NA,NA,NA,NA,NA,NA,NA,NA,NA,NA,NA,NA,NA,NA,NA,NA,NA,NA,NA,NA
NA,NA,NA,NA,NA,NA,NA,NA,NA,NA,NA,NA,NA,"0.818",NA,NA,NA,NA,NA,NA,"0.9",NA,NA,NA,NA,NA,NA,NA,NA,NA,NA,NA,NA,NA,NA,NA,NA,NA,NA,NA,NA,NA,NA,NA,NA,NA,NA,NA,NA,NA
NA,NA,NA,NA,NA,NA,NA,NA,NA,NA,NA,NA,NA,"3.292",NA,NA,NA,NA,NA,NA,"2",NA,NA,NA,NA,NA,NA,NA,NA,NA,NA,NA,NA,NA,NA,NA,NA,NA,NA,NA,NA,NA,NA,NA,NA,NA,NA,NA,NA,NA
NA,NA,NA,NA,NA,NA,NA,NA,NA,NA,NA,NA,NA,"-0.649",NA,NA,NA,NA,NA,NA,"1.53",NA,NA,NA,NA,NA,NA,NA,NA,NA,NA,NA,NA,NA,NA,NA,NA,NA,NA,NA,NA,NA,NA,NA,NA,NA,NA,"3219",NA,NA
NA,NA,NA,NA,NA,NA,NA,NA,NA,NA,NA,NA,NA,"-0.087",NA,NA,NA,NA,NA,NA,"3.1",NA,NA,NA,NA,NA,NA,NA,NA,NA,NA,NA,NA,NA,NA,NA,NA,NA,NA,NA,NA,NA,NA,NA,NA,NA,NA,NA,NA,NA
NA,NA,NA,NA,NA,NA,NA,NA,NA,NA,NA,NA,NA,NA,NA,NA,NA,NA,NA,NA,"1.47",NA,NA,NA,NA,NA,NA,NA,NA,NA,NA,NA,NA,NA,NA,"36",NA,NA,NA,NA,NA,NA,NA,NA,NA,NA,NA,NA,NA,"2.07"
NA,NA,NA,NA,NA,NA,NA,NA,NA,NA,NA,NA,NA,"0.482",NA,NA,NA,NA,NA,NA,"1.7",NA,NA,NA,NA,NA,NA,NA,NA,NA,NA,NA,NA,NA,NA,NA,NA,NA,NA,NA,NA,NA,NA,NA,NA,NA,NA,NA,NA,NA
NA,NA,NA,NA,NA,NA,NA,NA,NA,NA,NA,NA,NA,"1.213",NA,NA,NA,NA,NA,NA,"1.52",NA,NA,NA,NA,NA,NA,NA,NA,NA,NA,NA,NA,NA,NA,"49",NA,NA,NA,NA,NA,NA,NA,NA,NA,NA,NA,NA,NA,"-2.14"
NA,NA,NA,NA,NA,NA,NA,NA,NA,NA,NA,NA,NA,"0.197",NA,NA,NA,NA,NA,NA,"2.04",NA,NA,NA,NA,NA,NA,NA,NA,NA,NA,NA,NA,NA,NA,"49",NA,NA,NA,NA,NA,NA,NA,NA,NA,NA,NA,NA,NA,"0.13"
NA,NA,NA,NA,NA,NA,NA,NA,NA,NA,NA,NA,NA,"-0.547",NA,NA,NA,NA,NA,NA,"1.84",NA,NA,NA,NA,NA,NA,NA,"14",NA,NA,"0",NA,NA,NA,NA,NA,NA,NA,NA,NA,NA,NA,NA,NA,NA,NA,NA,NA,NA
NA,NA,NA,NA,NA,NA,NA,NA,NA,NA,NA,NA,NA,"-0.64",NA,NA,NA,NA,NA,NA,"1.9",NA,NA,NA,NA,NA,NA,NA,NA,NA,NA,NA,NA,NA,NA,NA,NA,NA,NA,NA,NA,NA,NA,NA,NA,NA,NA,NA,NA,NA
NA,NA,NA,NA,NA,NA,NA,NA,NA,NA,NA,NA,NA,"0.15",NA,NA,NA,NA,NA,NA,NA,NA,NA,NA,NA,NA,NA,NA,NA,NA,NA,NA,NA,NA,NA,NA,NA,NA,NA,NA,NA,NA,NA,NA,NA,NA,NA,NA,NA,NA
NA,NA,NA,NA,NA,NA,NA,NA,NA,NA,"1",NA,NA,NA,NA,NA,NA,NA,NA,NA,"3.62",NA,NA,NA,NA,NA,NA,NA,NA,NA,NA,NA,NA,NA,NA,NA,NA,NA,NA,NA,NA,NA,NA,NA,NA,NA,NA,NA,NA,"-8.1"
NA,NA,NA,NA,NA,NA,NA,NA,NA,NA,NA,NA,NA,"-2.52",NA,NA,NA,NA,NA,NA,NA,NA,NA,NA,NA,NA,NA,NA,NA,NA,NA,NA,NA,NA,NA,"52",NA,NA,NA,NA,NA,NA,NA,NA,NA,NA,NA,NA,NA,"-4.91"
NA,"0.563682","503",NA,"3080",NA,NA,NA,NA,"10",NA,"46.2992",NA,"0.57",NA,"982438030","2.508","5007","-3",NA,"1.8","23.7832",NA,NA,NA,NA,NA,NA,NA,NA,NA,NA,NA,NA,NA,NA,NA,NA,NA,NA,"10635","91",NA,"0.000412",NA,NA,NA,NA,NA,NA
NA,NA,NA,NA,NA,NA,NA,NA,NA,NA,NA,NA,NA,"1.16",NA,NA,NA,NA,NA,NA,"1.9",NA,NA,NA,NA,NA,NA,NA,NA,NA,NA,NA,NA,NA,NA,NA,NA,NA,NA,NA,NA,NA,NA,NA,NA,NA,NA,NA,NA,NA
NA,"0.481921","721",NA,"3406",NA,NA,NA,NA,NA,NA,"46.1299",NA,"-0.436",NA,NA,"2.912",NA,"-9",NA,"1.97","24.8996",NA,NA,NA,NA,NA,NA,"18",NA,NA,"0",NA,NA,NA,"34",NA,NA,NA,NA,"7622","106.2",NA,"0.000474",NA,NA,NA,NA,NA,"-1.75"
NA,"0.474025","335",NA,"3622",NA,NA,NA,NA,NA,NA,"48.2133",NA,NA,NA,NA,"2.886",NA,"-3",NA,"2.8","22.6242",NA,NA,NA,NA,NA,NA,NA,NA,NA,NA,NA,NA,NA,NA,NA,NA,NA,NA,"8438","72.2",NA,"0.000497",NA,NA,NA,NA,NA,NA
NA,NA,NA,NA,NA,NA,NA,NA,NA,NA,NA,NA,NA,"1.287",NA,NA,NA,NA,NA,NA,"2.55",NA,NA,NA,NA,NA,NA,NA,NA,NA,NA,NA,NA,NA,NA,NA,NA,NA,NA,NA,NA,NA,NA,NA,NA,NA,NA,"3406",NA,NA
NA,NA,NA,NA,NA,NA,NA,NA,NA,NA,NA,NA,NA,"-0.551",NA,NA,NA,NA,NA,NA,"2.82",NA,NA,NA,NA,NA,NA,NA,NA,NA,NA,NA,NA,NA,NA,NA,NA,NA,NA,NA,NA,NA,NA,NA,NA,NA,NA,"1407",NA,NA
NA,NA,NA,NA,NA,NA,NA,NA,NA,NA,NA,NA,NA,"-0.594",NA,NA,NA,NA,NA,NA,"2.21",NA,NA,NA,NA,NA,NA,NA,NA,NA,NA,NA,NA,NA,NA,NA,NA,NA,NA,NA,NA,NA,NA,NA,NA,NA,NA,"8672",NA,NA
NA,NA,NA,NA,NA,NA,NA,NA,NA,NA,NA,NA,NA,"0.197",NA,NA,NA,NA,NA,NA,"2.32",NA,NA,NA,NA,NA,NA,NA,NA,NA,NA,NA,NA,NA,NA,NA,NA,NA,NA,NA,NA,NA,NA,NA,NA,NA,NA,NA,NA,NA
NA,NA,NA,NA,NA,NA,NA,NA,NA,NA,NA,NA,NA,"2.769",NA,NA,NA,NA,NA,NA,"1.86",NA,NA,NA,NA,NA,NA,NA,NA,NA,NA,NA,NA,NA,NA,NA,NA,NA,NA,NA,NA,NA,NA,NA,NA,NA,NA,NA,NA,NA
NA,NA,NA,NA,NA,NA,NA,NA,NA,NA,NA,NA,NA,NA,NA,NA,NA,NA,NA,NA,"1.82",NA,NA,NA,NA,NA,NA,NA,NA,NA,NA,NA,NA,NA,NA,NA,NA,NA,NA,NA,NA,NA,NA,NA,NA,NA,NA,NA,NA,NA
NA,NA,NA,NA,NA,NA,NA,NA,NA,NA,NA,NA,NA,"0.815",NA,NA,NA,NA,NA,NA,"32.2",NA,NA,NA,NA,NA,NA,NA,NA,NA,NA,NA,NA,NA,NA,NA,NA,NA,NA,NA,NA,NA,NA,NA,NA,NA,NA,NA,NA,NA
NA,NA,NA,NA,NA,NA,NA,NA,NA,NA,NA,NA,NA,"0.402",NA,NA,NA,NA,NA,NA,"2.6",NA,NA,NA,NA,NA,NA,NA,NA,NA,NA,NA,NA,NA,NA,NA,NA,NA,NA,NA,NA,NA,NA,NA,NA,NA,NA,NA,NA,NA
NA,"0.574333","699",NA,"4669",NA,NA,NA,NA,"24",NA,"45.952",NA,"-0.125",NA,"48218554","2.582","3604","-9",NA,"1.62","22.8789",NA,NA,NA,NA,NA,NA,"21",NA,NA,"0",NA,NA,NA,NA,NA,NA,NA,NA,"10895","95.5",NA,"0.000424",NA,NA,NA,"1968",NA,NA
NA,NA,NA,NA,NA,NA,NA,NA,NA,NA,NA,NA,NA,"0.745",NA,NA,NA,NA,NA,NA,"2",NA,NA,NA,NA,NA,NA,NA,NA,NA,NA,NA,NA,NA,NA,"39",NA,NA,NA,NA,NA,NA,NA,NA,NA,NA,NA,NA,NA,"1.3"
NA,NA,NA,NA,NA,NA,NA,NA,NA,NA,NA,NA,NA,NA,NA,NA,NA,NA,NA,NA,"1.5",NA,NA,NA,NA,NA,NA,NA,NA,NA,NA,NA,NA,NA,NA,NA,NA,NA,NA,NA,NA,NA,NA,NA,NA,NA,NA,NA,NA,NA
NA,NA,NA,NA,NA,NA,NA,NA,NA,NA,NA,NA,NA,"-0.491",NA,NA,NA,NA,NA,NA,"1.97",NA,NA,NA,NA,NA,NA,NA,NA,NA,NA,NA,NA,NA,NA,NA,NA,NA,NA,NA,NA,NA,NA,NA,NA,NA,NA,NA,NA,NA
NA,NA,NA,NA,NA,NA,NA,NA,NA,NA,NA,NA,NA,NA,NA,NA,NA,NA,NA,NA,"1.64",NA,NA,NA,NA,NA,NA,NA,NA,NA,NA,NA,NA,NA,NA,NA,NA,NA,NA,NA,NA,NA,NA,NA,NA,NA,NA,NA,NA,NA
NA,NA,NA,NA,NA,NA,NA,NA,NA,NA,"1",NA,NA,NA,NA,NA,NA,NA,NA,NA,NA,NA,NA,NA,NA,NA,NA,NA,NA,NA,NA,NA,NA,NA,NA,NA,NA,NA,NA,NA,NA,NA,NA,NA,NA,NA,NA,"2438",NA,NA
NA,NA,NA,NA,NA,NA,NA,NA,NA,NA,NA,NA,NA,"0.516",NA,NA,NA,NA,NA,NA,"1.74",NA,NA,NA,NA,NA,NA,NA,"11",NA,NA,"0",NA,NA,NA,NA,NA,NA,NA,NA,NA,NA,NA,NA,NA,NA,NA,NA,NA,NA
NA,NA,NA,NA,NA,NA,NA,NA,NA,NA,NA,NA,NA,NA,NA,NA,NA,NA,NA,NA,"1.63",NA,NA,NA,NA,NA,NA,NA,"16",NA,NA,"1",NA,NA,NA,NA,NA,NA,NA,NA,NA,NA,NA,NA,NA,NA,NA,"1688",NA,NA
NA,NA,NA,NA,NA,NA,NA,NA,NA,NA,NA,NA,NA,NA,NA,NA,NA,NA,NA,NA,"1.79",NA,NA,NA,NA,NA,NA,NA,NA,NA,NA,NA,NA,NA,NA,NA,NA,NA,NA,NA,NA,NA,NA,NA,NA,NA,NA,NA,NA,NA
NA,NA,NA,NA,NA,NA,NA,NA,NA,NA,NA,NA,NA,"-0.398",NA,NA,NA,NA,NA,NA,"1.3",NA,NA,NA,NA,NA,NA,NA,NA,NA,NA,NA,NA,NA,NA,NA,NA,NA,NA,NA,NA,NA,NA,NA,NA,NA,NA,NA,NA,NA
NA,"0.482029","531",NA,"3461",NA,NA,NA,NA,NA,NA,"54.1859",NA,NA,NA,NA,"2.214",NA,"1",NA,"3.69","22.2637",NA,NA,NA,NA,NA,NA,NA,NA,NA,NA,NA,NA,NA,NA,NA,NA,NA,NA,"8923","60.7",NA,"0.000459",NA,NA,NA,NA,NA,"3.4"
NA,NA,NA,NA,NA,NA,NA,NA,NA,NA,NA,NA,NA,"-0.313",NA,NA,NA,NA,NA,NA,"0.76",NA,NA,NA,NA,NA,NA,NA,NA,NA,NA,NA,NA,NA,NA,NA,NA,NA,NA,NA,NA,NA,NA,NA,NA,NA,NA,"1562",NA,NA
NA,NA,NA,NA,NA,NA,NA,NA,NA,NA,NA,NA,NA,"0.559",NA,NA,NA,NA,NA,NA,"0.95",NA,NA,NA,NA,NA,NA,NA,"15",NA,NA,"1",NA,NA,NA,NA,NA,NA,NA,NA,NA,NA,NA,NA,NA,NA,NA,NA,NA,NA
NA,NA,NA,NA,NA,NA,NA,NA,NA,NA,NA,NA,NA,"0.358",NA,NA,NA,NA,NA,NA,"2.06",NA,NA,NA,NA,NA,NA,NA,"9",NA,NA,"0",NA,NA,NA,NA,NA,NA,NA,NA,NA,NA,NA,NA,NA,NA,NA,NA,NA,NA
NA,NA,NA,NA,NA,NA,NA,NA,NA,NA,NA,NA,NA,"0.163",NA,NA,NA,NA,NA,NA,"2.27",NA,NA,NA,NA,NA,NA,NA,NA,NA,NA,NA,NA,NA,NA,NA,NA,NA,NA,NA,NA,NA,NA,NA,NA,NA,NA,NA,NA,NA
NA,NA,NA,NA,NA,NA,NA,NA,NA,NA,NA,NA,NA,"0.05",NA,NA,NA,NA,NA,NA,"1.5",NA,NA,NA,NA,NA,NA,NA,"2",NA,NA,"0",NA,NA,NA,NA,NA,NA,NA,NA,NA,NA,NA,NA,NA,NA,NA,NA,NA,NA
NA,NA,NA,NA,NA,NA,NA,NA,NA,NA,NA,NA,NA,"-0.388",NA,NA,NA,NA,NA,NA,"1.39",NA,NA,NA,NA,NA,NA,NA,NA,NA,NA,NA,NA,NA,NA,NA,NA,NA,NA,NA,NA,NA,NA,NA,NA,NA,NA,NA,NA,"-0.41"
NA,NA,NA,NA,NA,NA,NA,NA,NA,NA,NA,NA,NA,NA,NA,NA,NA,NA,NA,NA,NA,NA,NA,NA,NA,NA,NA,NA,NA,NA,NA,NA,NA,NA,NA,NA,NA,NA,NA,NA,NA,NA,NA,NA,NA,NA,NA,NA,NA,NA
NA,NA,NA,NA,NA,NA,NA,NA,NA,NA,NA,NA,NA,"-0.564",NA,NA,NA,NA,NA,NA,"3.19",NA,NA,NA,NA,NA,NA,NA,NA,NA,NA,NA,NA,NA,NA,"48",NA,NA,NA,NA,NA,NA,NA,NA,NA,NA,NA,NA,NA,"0.55"
NA,NA,NA,NA,NA,NA,NA,NA,NA,NA,NA,NA,NA,"-0.049",NA,NA,NA,NA,NA,NA,"2",NA,NA,NA,NA,NA,NA,NA,NA,NA,NA,NA,NA,NA,NA,NA,NA,NA,NA,NA,NA,NA,NA,NA,NA,NA,NA,NA,NA,NA
NA,NA,NA,NA,NA,NA,NA,NA,NA,NA,NA,NA,NA,"0.726",NA,NA,NA,NA,NA,NA,"3.32",NA,NA,NA,NA,NA,NA,NA,NA,NA,NA,NA,NA,NA,NA,"48",NA,NA,NA,NA,NA,NA,NA,NA,NA,NA,NA,NA,NA,"-0.19"
NA,NA,NA,NA,NA,NA,NA,NA,NA,NA,NA,NA,NA,NA,NA,NA,NA,NA,NA,NA,"2.67",NA,NA,NA,NA,NA,NA,NA,"11",NA,NA,"1",NA,NA,NA,NA,NA,NA,NA,NA,NA,NA,NA,NA,NA,NA,NA,NA,NA,NA
NA,NA,NA,NA,NA,NA,NA,NA,NA,NA,NA,NA,NA,"0.383",NA,NA,NA,NA,NA,NA,"2.12",NA,NA,NA,NA,NA,NA,NA,NA,NA,NA,NA,NA,NA,NA,NA,NA,NA,NA,NA,NA,NA,NA,NA,NA,NA,NA,"1765",NA,NA
NA,NA,NA,NA,NA,NA,NA,NA,NA,NA,NA,NA,NA,"1.144",NA,NA,NA,NA,NA,NA,"2.22",NA,NA,NA,NA,NA,NA,NA,NA,NA,NA,NA,NA,NA,NA,NA,NA,NA,NA,NA,NA,NA,NA,NA,NA,NA,NA,NA,NA,NA
NA,"0.517954","606",NA,"2670",NA,NA,NA,NA,"35",NA,"48.1154",NA,"0.226",NA,"6342976","2.837","15553","-5",NA,"2.5","20.5577",NA,NA,NA,NA,NA,NA,NA,NA,NA,NA,NA,NA,NA,NA,NA,NA,NA,NA,"7953","64.1",NA,"0.00054",NA,NA,NA,NA,NA,NA
NA,NA,NA,NA,NA,NA,NA,NA,NA,NA,NA,NA,NA,"-0.488",NA,NA,NA,NA,NA,NA,"1.8",NA,NA,NA,NA,NA,NA,NA,NA,NA,NA,NA,NA,NA,NA,NA,NA,NA,NA,NA,NA,NA,NA,NA,NA,NA,NA,NA,NA,NA
NA,NA,NA,NA,NA,NA,NA,NA,NA,NA,NA,NA,NA,"-0.387",NA,NA,NA,NA,NA,NA,NA,NA,NA,NA,NA,NA,NA,NA,"18",NA,NA,"0",NA,NA,NA,NA,NA,NA,NA,NA,NA,NA,NA,NA,NA,NA,NA,NA,NA,"-7.76"
NA,NA,NA,NA,NA,NA,NA,NA,NA,NA,NA,NA,NA,"1.406",NA,NA,NA,NA,NA,NA,"2.56",NA,NA,NA,NA,NA,NA,NA,"20",NA,NA,"1",NA,NA,NA,NA,NA,NA,NA,NA,NA,NA,NA,NA,NA,NA,NA,NA,NA,NA
NA,NA,NA,NA,NA,NA,NA,NA,NA,NA,NA,NA,NA,NA,NA,NA,NA,NA,NA,NA,"1.5",NA,NA,NA,NA,NA,NA,NA,NA,NA,NA,NA,NA,NA,NA,"46",NA,NA,NA,NA,NA,NA,NA,NA,NA,NA,NA,NA,NA,"-0.72"
NA,NA,NA,NA,NA,NA,NA,NA,NA,NA,NA,NA,NA,NA,NA,NA,NA,NA,NA,NA,"2.6",NA,NA,NA,NA,NA,NA,NA,NA,NA,NA,NA,NA,NA,NA,NA,NA,NA,NA,NA,NA,NA,NA,NA,NA,NA,NA,NA,NA,NA
NA,NA,NA,NA,NA,NA,NA,NA,NA,NA,NA,NA,NA,"0.897",NA,NA,NA,NA,NA,NA,"1.85",NA,NA,NA,NA,NA,NA,NA,NA,NA,NA,NA,NA,NA,NA,NA,NA,NA,NA,NA,NA,NA,NA,NA,NA,NA,NA,NA,NA,NA
NA,NA,NA,NA,NA,NA,NA,NA,NA,NA,NA,NA,NA,"0.437",NA,NA,NA,NA,NA,NA,"2.72",NA,NA,NA,NA,NA,NA,NA,NA,NA,NA,NA,NA,NA,NA,NA,NA,NA,NA,NA,NA,NA,NA,NA,NA,NA,NA,NA,NA,"-0.51"
NA,NA,NA,NA,NA,NA,NA,NA,NA,NA,NA,NA,NA,"0.736",NA,NA,NA,NA,NA,NA,"2.4",NA,NA,NA,NA,NA,NA,NA,NA,NA,NA,NA,NA,NA,NA,NA,NA,NA,NA,NA,NA,NA,NA,NA,NA,NA,NA,NA,NA,NA
NA,NA,NA,NA,NA,NA,NA,NA,NA,NA,NA,NA,NA,"-0.363",NA,NA,NA,NA,NA,NA,"2.53",NA,NA,NA,NA,NA,NA,NA,NA,NA,NA,NA,NA,NA,NA,NA,NA,NA,NA,NA,NA,NA,NA,NA,NA,NA,NA,NA,NA,NA
NA,NA,NA,NA,NA,NA,NA,NA,NA,NA,NA,NA,NA,"1.699",NA,NA,NA,NA,NA,NA,"2.75",NA,NA,NA,NA,NA,NA,NA,NA,NA,NA,NA,NA,NA,NA,NA,NA,NA,NA,NA,NA,NA,NA,NA,NA,NA,NA,NA,NA,NA
NA,NA,NA,NA,NA,NA,NA,NA,NA,NA,"7",NA,NA,NA,NA,NA,NA,NA,NA,NA,"2.6",NA,NA,NA,NA,NA,NA,NA,NA,NA,NA,NA,NA,NA,NA,NA,NA,NA,NA,NA,NA,NA,NA,NA,NA,NA,NA,NA,NA,NA
NA,NA,NA,NA,NA,NA,NA,NA,NA,NA,NA,NA,NA,NA,NA,NA,NA,NA,NA,NA,"2.2",NA,NA,NA,NA,NA,NA,NA,NA,NA,NA,NA,NA,NA,NA,NA,NA,NA,NA,NA,NA,NA,NA,NA,NA,NA,NA,NA,NA,NA
NA,NA,NA,NA,NA,NA,NA,NA,NA,NA,NA,NA,NA,NA,NA,NA,NA,NA,NA,NA,"1.43",NA,NA,NA,NA,NA,NA,NA,"13",NA,NA,"0",NA,NA,NA,NA,NA,NA,NA,NA,NA,NA,NA,NA,NA,NA,NA,"3906",NA,NA
NA,NA,NA,NA,NA,NA,NA,NA,NA,NA,NA,NA,NA,"0.051",NA,NA,NA,NA,NA,NA,"2.55",NA,NA,NA,NA,NA,NA,NA,NA,NA,NA,NA,NA,NA,NA,NA,NA,NA,NA,NA,NA,NA,NA,NA,NA,NA,NA,NA,NA,NA
NA,NA,NA,NA,NA,NA,NA,NA,NA,NA,NA,NA,NA,"0.202",NA,NA,NA,NA,NA,NA,"2.24",NA,NA,NA,NA,NA,NA,NA,NA,NA,NA,NA,NA,NA,NA,NA,NA,NA,NA,NA,NA,NA,NA,NA,NA,NA,NA,"3000",NA,NA
NA,NA,NA,NA,NA,NA,NA,NA,NA,NA,NA,NA,NA,"0.153",NA,NA,NA,NA,NA,NA,"1.8",NA,NA,NA,NA,NA,NA,NA,NA,NA,NA,NA,NA,NA,NA,NA,NA,NA,NA,NA,NA,NA,NA,NA,NA,NA,NA,NA,NA,NA
NA,NA,NA,NA,NA,NA,NA,NA,NA,NA,NA,NA,NA,"1.075",NA,NA,NA,NA,NA,NA,"1.2",NA,NA,NA,NA,NA,NA,NA,NA,NA,NA,NA,NA,NA,NA,NA,NA,NA,NA,NA,NA,NA,NA,NA,NA,NA,NA,NA,NA,NA
NA,NA,NA,NA,NA,NA,NA,NA,NA,NA,NA,NA,NA,NA,NA,NA,NA,NA,NA,NA,"1.69",NA,NA,NA,NA,NA,NA,NA,NA,NA,NA,NA,NA,NA,NA,NA,NA,NA,NA,NA,NA,NA,NA,NA,NA,NA,NA,"1375",NA,NA
NA,NA,NA,NA,NA,NA,NA,NA,NA,NA,NA,NA,NA,"-0.7",NA,NA,NA,NA,NA,NA,"1.2",NA,NA,NA,NA,NA,NA,NA,NA,NA,NA,NA,NA,NA,NA,NA,NA,NA,NA,NA,NA,NA,NA,NA,NA,NA,NA,NA,NA,NA
NA,NA,NA,NA,NA,NA,NA,NA,NA,NA,NA,NA,NA,"0.574",NA,NA,NA,NA,NA,NA,"2.4",NA,NA,NA,NA,NA,NA,NA,NA,NA,NA,NA,NA,NA,NA,NA,NA,NA,NA,NA,NA,NA,NA,NA,NA,NA,NA,NA,NA,NA
NA,NA,NA,NA,NA,NA,NA,NA,NA,NA,NA,NA,NA,"1.481",NA,NA,NA,NA,NA,NA,"2.36",NA,NA,NA,NA,NA,NA,NA,NA,NA,NA,NA,NA,NA,NA,"32",NA,NA,NA,NA,NA,NA,NA,NA,NA,NA,NA,NA,NA,"0"
NA,NA,NA,NA,NA,NA,NA,NA,NA,NA,NA,NA,NA,NA,NA,NA,NA,NA,NA,NA,"2.94",NA,NA,NA,NA,NA,NA,NA,NA,NA,NA,NA,NA,NA,NA,NA,NA,NA,NA,NA,NA,NA,NA,NA,NA,NA,NA,NA,NA,NA
NA,NA,NA,NA,NA,NA,NA,NA,NA,"16",NA,NA,NA,"0.151",NA,"951061",NA,"2964","-5",NA,"0.7",NA,NA,NA,NA,"3",NA,"0",NA,NA,NA,NA,NA,NA,NA,NA,NA,NA,NA,NA,NA,"58.7",NA,NA,"i498n",NA,"i158n",NA,NA,NA
NA,NA,NA,NA,NA,NA,NA,NA,NA,NA,NA,NA,NA,"-0.365",NA,NA,NA,NA,NA,NA,"2.82",NA,NA,NA,NA,NA,NA,NA,NA,NA,NA,NA,NA,NA,NA,NA,NA,NA,NA,NA,NA,NA,NA,NA,NA,NA,NA,NA,NA,"0.12"
NA,NA,NA,NA,NA,NA,NA,NA,NA,NA,NA,NA,NA,NA,NA,NA,NA,NA,NA,NA,"2.1",NA,NA,NA,NA,NA,NA,NA,"20",NA,NA,"0",NA,NA,NA,NA,NA,NA,NA,NA,NA,NA,NA,NA,NA,NA,NA,NA,NA,NA
NA,NA,NA,NA,NA,NA,NA,NA,NA,NA,NA,NA,NA,NA,NA,NA,NA,NA,NA,NA,"1.47",NA,NA,NA,NA,NA,NA,NA,"9",NA,NA,"1",NA,NA,NA,NA,NA,NA,NA,NA,NA,NA,NA,NA,NA,NA,NA,"1172",NA,NA
NA,NA,NA,NA,NA,NA,NA,NA,NA,NA,NA,NA,NA,"-0.877",NA,NA,NA,NA,NA,NA,"1.26",NA,NA,NA,NA,NA,NA,NA,"12",NA,NA,"1",NA,NA,NA,"38",NA,NA,NA,NA,NA,NA,NA,NA,NA,NA,NA,NA,NA,"4.06"
NA,NA,NA,NA,NA,NA,NA,NA,NA,NA,"1",NA,NA,"-0.261",NA,NA,NA,NA,NA,NA,"2.95",NA,NA,NA,NA,NA,NA,NA,NA,NA,NA,NA,NA,NA,NA,NA,NA,NA,NA,NA,NA,NA,NA,NA,NA,NA,NA,"3609",NA,NA
NA,NA,NA,NA,NA,NA,NA,NA,NA,NA,NA,NA,NA,"0.194",NA,NA,NA,NA,NA,NA,"1.7",NA,NA,NA,NA,NA,NA,NA,NA,NA,NA,NA,NA,NA,NA,NA,NA,NA,NA,NA,NA,NA,NA,NA,NA,NA,NA,NA,NA,NA
NA,NA,NA,NA,NA,NA,NA,NA,NA,NA,NA,NA,NA,"-0.053",NA,NA,NA,NA,NA,NA,"2.23",NA,NA,NA,NA,NA,NA,NA,NA,NA,NA,NA,NA,NA,NA,NA,NA,NA,NA,NA,NA,NA,NA,NA,NA,NA,NA,NA,NA,NA
NA,NA,NA,NA,NA,NA,NA,NA,NA,NA,NA,NA,NA,NA,NA,NA,NA,NA,NA,NA,"1.9",NA,NA,NA,NA,NA,NA,NA,"8",NA,NA,"1",NA,NA,NA,NA,NA,NA,NA,NA,NA,NA,NA,NA,NA,NA,NA,NA,NA,NA
NA,NA,NA,NA,NA,NA,NA,NA,NA,NA,NA,NA,NA,NA,NA,NA,NA,NA,NA,NA,"3",NA,NA,NA,NA,NA,NA,NA,NA,NA,NA,NA,NA,NA,NA,NA,NA,NA,NA,NA,NA,NA,NA,NA,NA,NA,NA,NA,NA,NA
NA,NA,NA,NA,NA,NA,NA,NA,NA,NA,NA,NA,NA,"0.465",NA,NA,NA,NA,NA,NA,"2.2",NA,NA,NA,NA,NA,NA,NA,"22",NA,NA,"0",NA,NA,NA,NA,NA,NA,NA,NA,NA,NA,NA,NA,NA,NA,NA,NA,NA,NA
NA,NA,NA,NA,NA,NA,NA,NA,NA,NA,NA,NA,NA,"0.505",NA,NA,NA,NA,NA,NA,"1.55",NA,NA,NA,NA,NA,NA,NA,NA,NA,NA,NA,NA,NA,NA,NA,NA,NA,NA,NA,NA,NA,NA,NA,NA,NA,NA,NA,NA,NA
NA,NA,NA,NA,NA,NA,NA,NA,NA,NA,NA,NA,NA,"-0.955",NA,NA,NA,NA,NA,NA,"1.8",NA,NA,NA,NA,NA,NA,NA,NA,NA,NA,NA,NA,NA,NA,NA,NA,NA,NA,NA,NA,NA,NA,NA,NA,NA,NA,NA,NA,NA
NA,NA,NA,NA,NA,NA,NA,NA,NA,NA,NA,NA,NA,NA,NA,NA,NA,NA,NA,NA,"2.2",NA,NA,NA,NA,NA,NA,NA,NA,NA,NA,NA,NA,NA,NA,NA,NA,NA,NA,NA,NA,NA,NA,NA,NA,NA,NA,NA,NA,NA
NA,NA,NA,NA,NA,NA,NA,NA,NA,NA,NA,NA,NA,"0.018",NA,NA,NA,NA,NA,NA,"2.1",NA,NA,NA,NA,NA,NA,NA,NA,NA,NA,NA,NA,NA,NA,NA,NA,NA,NA,NA,NA,NA,NA,NA,NA,NA,NA,NA,NA,NA
NA,NA,NA,NA,NA,NA,NA,NA,NA,NA,NA,NA,NA,"-0.613",NA,NA,NA,NA,NA,NA,"2.47",NA,NA,NA,NA,NA,NA,NA,NA,NA,NA,NA,NA,NA,NA,NA,NA,NA,NA,NA,NA,NA,NA,NA,NA,NA,NA,NA,NA,NA
NA,NA,NA,NA,NA,NA,NA,NA,NA,NA,"1",NA,NA,"-0.084",NA,NA,NA,NA,NA,NA,"2.35",NA,NA,NA,NA,NA,NA,NA,NA,NA,NA,NA,NA,NA,NA,NA,NA,NA,NA,NA,NA,NA,NA,NA,NA,NA,NA,NA,NA,NA
NA,NA,NA,NA,NA,NA,NA,NA,NA,NA,NA,NA,NA,"0.206",NA,NA,NA,NA,NA,NA,"0.8",NA,NA,NA,NA,NA,NA,NA,NA,NA,NA,NA,NA,NA,NA,NA,NA,NA,NA,NA,NA,NA,NA,NA,NA,NA,NA,NA,NA,NA
NA,"0.496543","674",NA,"3403",NA,NA,NA,NA,"8",NA,"47.2313",NA,"-0.61",NA,"52036271","2.691","4197","-3",NA,"1.9","22.4445",NA,NA,NA,NA,NA,NA,"22",NA,NA,"1",NA,NA,NA,NA,NA,NA,NA,NA,"9659","58.3",NA,"0.000488",NA,NA,NA,NA,NA,NA
NA,NA,NA,NA,NA,NA,NA,NA,NA,NA,NA,NA,NA,"0.58",NA,NA,NA,NA,NA,NA,"3",NA,NA,NA,NA,NA,NA,NA,NA,NA,NA,NA,NA,NA,NA,NA,NA,NA,NA,NA,NA,NA,NA,NA,NA,NA,NA,NA,NA,NA
NA,NA,NA,NA,NA,NA,NA,NA,NA,NA,NA,NA,NA,"0.609",NA,NA,NA,NA,NA,NA,"1.9",NA,NA,NA,NA,NA,NA,NA,NA,NA,NA,NA,NA,NA,NA,NA,NA,NA,NA,NA,NA,NA,NA,NA,NA,NA,NA,NA,NA,NA
NA,NA,NA,NA,NA,NA,NA,NA,NA,NA,NA,NA,NA,"-0.226",NA,NA,NA,NA,NA,NA,"2.26",NA,NA,NA,NA,NA,NA,NA,NA,NA,NA,NA,NA,NA,NA,NA,NA,NA,NA,NA,NA,NA,NA,NA,NA,NA,NA,NA,NA,NA
NA,NA,NA,NA,NA,NA,NA,NA,NA,NA,NA,NA,NA,NA,NA,NA,NA,NA,NA,NA,"2.2",NA,NA,NA,NA,NA,NA,NA,NA,NA,NA,NA,NA,NA,NA,NA,NA,NA,NA,NA,NA,NA,NA,NA,NA,NA,NA,NA,NA,NA
NA,NA,NA,NA,NA,NA,NA,NA,NA,NA,NA,NA,NA,"-0.003",NA,NA,NA,NA,NA,NA,"1.7",NA,NA,NA,NA,NA,NA,NA,"23",NA,NA,"1",NA,NA,NA,NA,NA,NA,NA,NA,NA,NA,NA,NA,NA,NA,NA,NA,NA,NA
NA,NA,NA,NA,NA,NA,NA,NA,NA,NA,NA,NA,NA,"-0.155",NA,NA,NA,NA,NA,NA,"1.57",NA,NA,NA,NA,NA,NA,NA,NA,NA,NA,NA,NA,NA,NA,NA,NA,NA,NA,NA,NA,NA,NA,NA,NA,NA,NA,NA,NA,NA
NA,NA,NA,NA,NA,NA,NA,NA,NA,NA,NA,NA,NA,NA,NA,NA,NA,NA,NA,NA,NA,NA,NA,NA,NA,NA,NA,NA,NA,NA,NA,NA,NA,NA,NA,NA,NA,NA,NA,NA,NA,NA,NA,NA,NA,NA,NA,NA,NA,"2.53"
NA,NA,NA,NA,NA,NA,NA,NA,NA,NA,NA,NA,NA,"1.093",NA,NA,NA,NA,NA,NA,"1.78",NA,NA,NA,NA,NA,NA,NA,NA,NA,NA,NA,NA,NA,"M819",NA,NA,NA,NA,NA,NA,NA,NA,NA,NA,NA,NA,NA,NA,"-5.6"
NA,NA,NA,NA,NA,NA,NA,NA,NA,NA,NA,NA,NA,"1.09",NA,NA,NA,NA,NA,NA,"1.93",NA,NA,NA,NA,NA,NA,NA,"10",NA,NA,"0",NA,NA,NA,"34",NA,NA,NA,NA,NA,NA,NA,NA,NA,NA,NA,NA,NA,"-1.73"
NA,NA,NA,NA,NA,NA,NA,NA,NA,NA,NA,NA,NA,"-3.472",NA,NA,NA,NA,NA,NA,"2.29",NA,NA,NA,NA,NA,NA,NA,NA,NA,NA,NA,NA,NA,NA,NA,NA,NA,NA,NA,NA,NA,NA,NA,NA,NA,NA,NA,NA,"-0.56"
NA,NA,NA,NA,NA,NA,NA,NA,NA,NA,NA,NA,NA,"2.464",NA,NA,NA,NA,NA,NA,"1.19",NA,NA,NA,NA,NA,NA,NA,NA,NA,NA,NA,NA,NA,NA,NA,NA,NA,NA,NA,NA,NA,NA,NA,NA,NA,NA,NA,NA,NA
NA,NA,NA,NA,NA,NA,NA,NA,NA,NA,NA,NA,NA,"-1.055",NA,NA,NA,NA,NA,NA,"1.72",NA,NA,NA,NA,NA,NA,NA,"10",NA,NA,"0",NA,NA,NA,NA,NA,NA,NA,NA,NA,NA,NA,NA,NA,NA,NA,"2000",NA,NA
NA,NA,NA,NA,NA,NA,NA,NA,NA,NA,NA,NA,NA,"0.046",NA,NA,NA,NA,NA,NA,"1.8",NA,NA,NA,NA,NA,NA,NA,NA,NA,NA,NA,NA,NA,NA,NA,NA,NA,NA,NA,NA,NA,NA,NA,NA,NA,NA,NA,NA,NA
NA,NA,NA,NA,NA,NA,NA,NA,NA,NA,NA,NA,NA,"-0.087",NA,NA,NA,NA,NA,NA,"1.48",NA,NA,NA,NA,NA,NA,NA,NA,NA,NA,NA,NA,NA,NA,NA,NA,NA,NA,NA,NA,NA,NA,NA,NA,NA,NA,NA,NA,NA
NA,NA,NA,NA,NA,NA,NA,NA,NA,NA,NA,NA,NA,"0.156",NA,NA,NA,NA,NA,NA,"3.1",NA,NA,NA,NA,NA,NA,NA,NA,NA,NA,NA,NA,NA,NA,NA,NA,NA,NA,NA,NA,NA,NA,NA,NA,NA,NA,NA,NA,NA
NA,NA,NA,NA,NA,NA,NA,NA,NA,NA,NA,NA,NA,"0.554",NA,NA,NA,NA,NA,NA,"1.49",NA,NA,NA,NA,NA,NA,NA,NA,NA,NA,NA,NA,NA,NA,NA,NA,NA,NA,NA,NA,NA,NA,NA,NA,NA,NA,NA,NA,NA
NA,NA,NA,NA,NA,NA,NA,NA,NA,NA,NA,NA,NA,"-0.302",NA,NA,NA,NA,NA,NA,"1.9",NA,NA,NA,NA,NA,NA,NA,NA,NA,NA,NA,NA,NA,NA,NA,NA,NA,NA,NA,NA,NA,NA,NA,NA,NA,NA,NA,NA,NA
NA,NA,NA,NA,NA,NA,NA,NA,NA,NA,NA,NA,NA,"0.742",NA,NA,NA,NA,NA,NA,"1.79",NA,NA,NA,NA,NA,NA,NA,NA,NA,NA,NA,NA,NA,NA,NA,NA,NA,NA,NA,NA,NA,NA,NA,NA,NA,NA,NA,NA,NA
NA,NA,NA,NA,NA,NA,NA,NA,NA,NA,NA,NA,NA,"-0.536",NA,NA,NA,NA,NA,NA,"1.6",NA,NA,NA,NA,NA,NA,NA,NA,NA,NA,NA,NA,NA,NA,NA,NA,NA,NA,NA,NA,NA,NA,NA,NA,NA,NA,NA,NA,NA
NA,NA,NA,NA,NA,NA,NA,NA,NA,NA,NA,NA,NA,"0.329",NA,NA,NA,NA,NA,NA,"2.9",NA,NA,NA,NA,NA,NA,NA,NA,NA,NA,NA,NA,NA,NA,NA,NA,NA,NA,NA,NA,NA,NA,NA,NA,NA,NA,NA,NA,NA
NA,NA,NA,NA,NA,NA,NA,NA,NA,NA,NA,NA,NA,"0.222",NA,NA,NA,NA,NA,NA,"1.55",NA,NA,NA,NA,NA,NA,NA,NA,NA,NA,NA,NA,NA,NA,NA,NA,NA,NA,NA,NA,NA,NA,NA,NA,NA,NA,NA,NA,NA
NA,NA,NA,NA,NA,NA,NA,NA,NA,NA,NA,NA,NA,NA,NA,NA,NA,NA,NA,NA,"3",NA,NA,NA,NA,NA,NA,NA,NA,NA,NA,NA,NA,NA,NA,NA,NA,NA,NA,NA,NA,NA,NA,NA,NA,NA,NA,NA,NA,NA
NA,NA,NA,NA,NA,NA,NA,NA,NA,NA,NA,NA,NA,"1.605",NA,NA,NA,NA,NA,NA,"1.71",NA,NA,NA,NA,NA,NA,NA,NA,NA,NA,NA,NA,NA,NA,NA,NA,NA,NA,NA,NA,NA,NA,NA,NA,NA,NA,NA,NA,NA
NA,"0.511102","661",NA,"3086",NA,NA,NA,NA,"13",NA,"44.2042",NA,"1.11",NA,"970712","3.008","2918","-5",NA,"1.37","24.0363",NA,NA,NA,NA,NA,NA,NA,NA,NA,NA,NA,NA,NA,NA,NA,NA,NA,NA,"7055","70.1",NA,"0.000485",NA,NA,NA,NA,NA,NA
NA,NA,NA,NA,NA,NA,NA,NA,NA,NA,"1",NA,NA,"2.089",NA,NA,NA,NA,NA,NA,"2.53",NA,NA,NA,NA,NA,NA,NA,NA,NA,NA,NA,NA,NA,NA,NA,NA,NA,NA,NA,NA,NA,NA,NA,NA,NA,NA,NA,NA,NA
NA,NA,NA,NA,NA,NA,NA,NA,NA,NA,NA,NA,NA,"0.476",NA,NA,NA,NA,NA,NA,"1.97",NA,NA,NA,NA,NA,NA,NA,NA,NA,NA,NA,NA,NA,NA,NA,NA,NA,NA,NA,NA,NA,NA,NA,NA,NA,NA,NA,NA,NA
NA,NA,NA,NA,NA,NA,NA,NA,NA,NA,NA,NA,NA,"1.848",NA,NA,NA,NA,NA,NA,"2.9",NA,NA,NA,NA,NA,NA,NA,NA,NA,NA,NA,NA,NA,NA,NA,NA,NA,NA,NA,NA,NA,NA,NA,NA,NA,NA,NA,NA,NA
NA,NA,NA,NA,NA,NA,NA,NA,NA,NA,"7",NA,NA,NA,NA,NA,NA,NA,NA,NA,"1.8",NA,NA,NA,NA,NA,NA,NA,"20",NA,NA,"1",NA,NA,NA,NA,NA,NA,NA,NA,NA,NA,NA,NA,NA,NA,NA,NA,NA,NA
NA,NA,NA,NA,NA,NA,NA,NA,NA,NA,NA,NA,NA,"1.436",NA,NA,NA,NA,NA,NA,"1.53",NA,NA,NA,NA,NA,NA,NA,NA,NA,NA,NA,NA,NA,NA,"42",NA,NA,NA,NA,NA,NA,NA,NA,NA,NA,NA,NA,NA,"-3.42"
NA,NA,NA,NA,NA,NA,NA,NA,NA,NA,"1",NA,NA,"0.832",NA,NA,NA,NA,NA,NA,"1.59",NA,NA,NA,NA,NA,NA,NA,NA,NA,NA,NA,NA,NA,NA,NA,NA,NA,NA,NA,NA,NA,NA,NA,NA,NA,NA,NA,NA,NA
NA,NA,NA,NA,NA,NA,NA,NA,NA,NA,NA,NA,NA,"-0.032",NA,NA,NA,NA,NA,NA,"2.2",NA,NA,NA,NA,NA,NA,NA,NA,NA,NA,NA,NA,NA,NA,NA,NA,NA,NA,NA,NA,NA,NA,NA,NA,NA,NA,NA,NA,NA
NA,NA,NA,NA,NA,NA,NA,NA,NA,NA,NA,NA,NA,"-0.013",NA,NA,NA,NA,NA,NA,"1.84",NA,NA,NA,NA,NA,NA,NA,NA,NA,NA,NA,NA,NA,NA,"42",NA,NA,NA,NA,NA,NA,NA,NA,NA,NA,NA,NA,NA,"0.34"
NA,NA,NA,NA,NA,NA,NA,NA,NA,NA,NA,NA,NA,NA,NA,NA,NA,NA,NA,NA,"2.28",NA,NA,NA,NA,NA,NA,NA,NA,NA,NA,NA,NA,NA,NA,NA,NA,NA,NA,NA,NA,NA,NA,NA,NA,NA,NA,"3500",NA,NA
NA,NA,NA,NA,NA,NA,NA,NA,NA,NA,NA,NA,NA,"0.623",NA,NA,NA,NA,NA,NA,"2.18",NA,NA,NA,NA,NA,NA,NA,NA,NA,NA,NA,NA,NA,NA,NA,NA,NA,NA,NA,NA,NA,NA,NA,NA,NA,NA,"1860",NA,NA
NA,NA,NA,NA,NA,NA,NA,NA,NA,NA,NA,NA,NA,"-0.459",NA,NA,NA,NA,NA,NA,"2.86",NA,NA,NA,NA,NA,NA,NA,NA,NA,NA,NA,NA,NA,NA,NA,NA,NA,NA,NA,NA,NA,NA,NA,NA,NA,NA,"2813",NA,NA
NA,NA,NA,NA,NA,NA,NA,NA,NA,NA,NA,NA,NA,"0.327",NA,NA,NA,NA,NA,NA,"1.5",NA,NA,NA,NA,NA,NA,NA,NA,NA,NA,NA,NA,NA,NA,NA,NA,NA,NA,NA,NA,NA,NA,NA,NA,NA,NA,NA,NA,NA
NA,NA,NA,NA,NA,NA,NA,NA,NA,NA,NA,NA,NA,"0.401",NA,NA,NA,NA,NA,NA,"1.9",NA,NA,NA,NA,NA,NA,NA,NA,NA,NA,NA,NA,NA,NA,NA,NA,NA,NA,NA,NA,NA,NA,NA,NA,NA,NA,NA,NA,NA
NA,"0.504332","581",NA,"3068",NA,NA,NA,NA,"41",NA,"45.5059",NA,"0.382",NA,"2586941","2.019","5320","-5",NA,"3.21","24.8165",NA,NA,NA,NA,NA,NA,"10",NA,NA,"0",NA,NA,NA,NA,NA,NA,NA,NA,"8405","87.3",NA,"0.000551",NA,NA,NA,NA,NA,NA
NA,NA,NA,NA,NA,NA,NA,NA,NA,NA,NA,NA,NA,"0.871",NA,NA,NA,NA,NA,NA,"1.8",NA,NA,NA,NA,NA,NA,NA,"13",NA,NA,"1",NA,NA,NA,NA,NA,NA,NA,NA,NA,NA,NA,NA,NA,NA,NA,NA,NA,NA
NA,NA,NA,NA,NA,NA,NA,NA,NA,NA,"5",NA,NA,"0.16",NA,NA,NA,NA,NA,NA,"1.64",NA,NA,NA,NA,NA,NA,NA,NA,NA,NA,NA,NA,NA,NA,NA,NA,NA,NA,NA,NA,NA,NA,NA,NA,NA,NA,NA,NA,"-5.22"
NA,NA,"553",NA,"3551",NA,NA,NA,NA,NA,NA,NA,NA,NA,NA,"289754321","2.47","3915","-5",NA,"1.5","21.8235",NA,NA,NA,NA,NA,NA,NA,NA,NA,NA,NA,NA,NA,NA,NA,NA,NA,NA,"8798","72.7",NA,NA,NA,NA,NA,NA,NA,NA
NA,NA,NA,NA,NA,NA,NA,NA,NA,NA,NA,NA,NA,"0.704",NA,NA,NA,NA,NA,NA,"1.95",NA,NA,NA,NA,NA,NA,NA,NA,NA,NA,NA,NA,NA,NA,NA,NA,NA,NA,NA,NA,NA,NA,NA,NA,NA,NA,NA,NA,NA
NA,"0.49504","713",NA,"3223",NA,NA,NA,NA,"71",NA,"42.1603",NA,"0.139",NA,NA,"2.79","13166","-1",NA,"1.01","21.9821",NA,NA,NA,"3",NA,"1",NA,NA,NA,NA,NA,NA,NA,NA,NA,NA,NA,NA,"6428","59.2",NA,"0.000515","i613n",NA,"i111n",NA,NA,NA
NA,NA,NA,NA,NA,NA,NA,NA,NA,NA,NA,NA,NA,"1.756",NA,NA,NA,NA,NA,NA,"1.6",NA,NA,NA,NA,NA,NA,NA,NA,NA,NA,NA,NA,NA,NA,NA,NA,NA,NA,NA,NA,NA,NA,NA,NA,NA,NA,NA,NA,NA
NA,NA,NA,NA,NA,NA,NA,NA,NA,NA,"1",NA,NA,"0.622",NA,NA,NA,NA,NA,NA,"1.2",NA,NA,NA,NA,NA,NA,NA,NA,NA,NA,NA,NA,NA,NA,NA,NA,NA,NA,NA,NA,NA,NA,NA,NA,NA,NA,NA,NA,NA
NA,NA,NA,NA,NA,NA,NA,NA,NA,NA,NA,NA,NA,"1.44",NA,NA,NA,NA,NA,NA,"1.6",NA,NA,NA,NA,NA,NA,NA,NA,NA,NA,NA,NA,NA,NA,NA,NA,NA,NA,NA,NA,NA,NA,NA,NA,NA,NA,NA,NA,NA
NA,NA,NA,NA,NA,NA,NA,NA,NA,NA,NA,NA,NA,NA,NA,NA,NA,NA,NA,NA,"2.49",NA,NA,NA,NA,NA,NA,NA,NA,NA,NA,NA,NA,NA,NA,NA,NA,NA,NA,NA,NA,NA,NA,NA,NA,NA,NA,NA,NA,NA
NA,NA,NA,NA,NA,NA,NA,NA,NA,NA,NA,NA,NA,"-0.971",NA,NA,NA,NA,NA,NA,"3.61",NA,NA,NA,NA,"3",NA,"1","14",NA,NA,"0","110",NA,NA,NA,NA,NA,NA,NA,NA,NA,NA,NA,"i612n",NA,"i831n",NA,NA,"-1.88"
NA,NA,NA,NA,NA,NA,NA,NA,NA,NA,NA,NA,NA,"1.998",NA,NA,NA,NA,NA,NA,"2.03",NA,NA,NA,NA,NA,NA,NA,NA,NA,NA,NA,NA,NA,NA,NA,NA,NA,NA,NA,NA,NA,NA,NA,NA,NA,NA,NA,NA,NA
NA,"0.466194","849",NA,"3085",NA,NA,NA,NA,"18",NA,"47.3054",NA,"-0.261",NA,"48060687","2.289","5210","-5",NA,"2.16","24.6641",NA,NA,NA,NA,NA,NA,"14",NA,NA,"0",NA,NA,NA,NA,NA,NA,NA,NA,"10576","75.1",NA,"0.000428",NA,NA,NA,NA,NA,NA
NA,NA,NA,NA,NA,NA,NA,NA,NA,NA,NA,NA,NA,"-0.287",NA,NA,NA,NA,NA,NA,"1.45",NA,NA,NA,NA,NA,NA,NA,NA,NA,NA,NA,NA,NA,NA,NA,NA,NA,NA,NA,NA,NA,NA,NA,NA,NA,NA,"1594",NA,NA
NA,NA,NA,NA,NA,NA,NA,NA,NA,NA,NA,NA,NA,"-0.467",NA,NA,NA,NA,NA,NA,"1.26",NA,NA,NA,NA,NA,NA,NA,NA,NA,NA,NA,NA,NA,NA,NA,NA,NA,NA,NA,NA,NA,NA,NA,NA,NA,NA,NA,NA,"0.51"
NA,NA,NA,NA,NA,NA,NA,NA,NA,NA,NA,NA,NA,"-0.685",NA,NA,NA,NA,NA,NA,"1.9",NA,NA,NA,NA,NA,NA,NA,NA,NA,NA,NA,NA,NA,NA,NA,NA,NA,NA,NA,NA,NA,NA,NA,NA,NA,NA,NA,NA,NA
NA,NA,NA,NA,NA,NA,NA,NA,NA,NA,NA,NA,NA,"0.365",NA,NA,NA,NA,NA,NA,"2.39",NA,NA,NA,NA,NA,NA,NA,NA,NA,NA,NA,NA,NA,NA,"36",NA,NA,NA,NA,NA,NA,NA,NA,NA,NA,NA,NA,NA,"0.69"
NA,NA,NA,NA,NA,NA,NA,NA,NA,NA,NA,NA,NA,"-0.191",NA,NA,NA,NA,NA,NA,"0.95",NA,NA,NA,NA,NA,NA,NA,NA,NA,NA,NA,NA,NA,NA,NA,NA,NA,NA,NA,NA,NA,NA,NA,NA,NA,NA,NA,NA,NA
NA,NA,NA,NA,NA,NA,NA,NA,NA,NA,NA,NA,NA,"0.16",NA,NA,NA,NA,NA,NA,"1.7",NA,NA,NA,NA,NA,NA,NA,NA,NA,NA,NA,NA,NA,NA,NA,NA,NA,NA,NA,NA,NA,NA,NA,NA,NA,NA,NA,NA,NA
NA,NA,NA,NA,NA,NA,NA,NA,NA,NA,NA,NA,NA,"0.049",NA,NA,NA,NA,NA,NA,"1.39",NA,NA,NA,NA,NA,NA,NA,NA,NA,NA,NA,NA,NA,NA,NA,NA,NA,NA,NA,NA,NA,NA,NA,NA,NA,NA,"3266",NA,NA
NA,NA,NA,NA,NA,NA,NA,NA,NA,NA,NA,NA,NA,NA,NA,NA,NA,NA,NA,NA,"2.49",NA,NA,NA,NA,NA,NA,NA,"17",NA,NA,"1",NA,NA,NA,"36",NA,NA,NA,NA,NA,NA,NA,NA,NA,NA,NA,NA,NA,"-0.87"
NA,NA,NA,NA,NA,NA,NA,NA,NA,NA,NA,NA,NA,"0.501",NA,NA,NA,NA,NA,NA,"1.7",NA,NA,NA,NA,NA,NA,NA,NA,NA,NA,NA,NA,NA,NA,NA,NA,NA,NA,NA,NA,NA,NA,NA,NA,NA,NA,NA,NA,NA
NA,NA,NA,NA,NA,NA,NA,NA,NA,NA,NA,NA,NA,NA,NA,NA,NA,NA,NA,NA,"1.2",NA,NA,NA,NA,"3",NA,"0","2",NA,NA,"1","116",NA,NA,NA,NA,NA,NA,NA,NA,NA,NA,NA,"i002n",NA,"i596n",NA,NA,NA
NA,NA,NA,NA,NA,NA,NA,NA,NA,NA,NA,NA,NA,"-0.417",NA,NA,NA,NA,NA,NA,"1.66",NA,NA,NA,NA,NA,NA,NA,"10",NA,NA,"0",NA,NA,NA,NA,NA,NA,NA,NA,NA,NA,NA,NA,NA,NA,NA,NA,NA,"0.11"
NA,NA,NA,NA,NA,NA,NA,NA,NA,NA,NA,NA,NA,"0.124",NA,NA,NA,NA,NA,NA,"1.6",NA,NA,NA,NA,NA,NA,NA,"18",NA,NA,"1",NA,NA,NA,NA,NA,NA,NA,NA,NA,NA,NA,NA,NA,NA,NA,NA,NA,NA
NA,NA,NA,NA,NA,NA,NA,NA,NA,NA,NA,NA,NA,"-0.889",NA,NA,NA,NA,NA,NA,"1",NA,NA,NA,NA,NA,NA,NA,NA,NA,NA,NA,NA,NA,NA,NA,NA,NA,NA,NA,NA,NA,NA,NA,NA,NA,NA,NA,NA,NA
NA,NA,NA,NA,NA,NA,NA,NA,NA,NA,NA,NA,NA,"0.998",NA,NA,NA,NA,NA,NA,NA,NA,NA,NA,NA,NA,NA,NA,NA,NA,NA,NA,NA,NA,NA,NA,NA,NA,NA,NA,NA,NA,NA,NA,NA,NA,NA,NA,NA,NA
NA,NA,NA,NA,NA,NA,NA,NA,NA,NA,NA,NA,NA,"1.96",NA,NA,NA,NA,NA,NA,"1.7",NA,NA,NA,NA,NA,NA,NA,NA,NA,NA,NA,NA,NA,NA,NA,NA,NA,NA,NA,NA,NA,NA,NA,NA,NA,NA,NA,NA,NA
NA,NA,NA,NA,NA,NA,NA,NA,NA,NA,NA,NA,NA,NA,NA,NA,NA,NA,NA,NA,"2.35",NA,NA,NA,NA,NA,NA,NA,NA,NA,NA,NA,NA,NA,NA,NA,NA,NA,NA,NA,NA,NA,NA,NA,NA,NA,NA,NA,NA,"1.59"
NA,NA,NA,NA,NA,NA,NA,NA,NA,NA,NA,NA,NA,"0.982",NA,NA,NA,NA,NA,NA,"1.5",NA,NA,NA,NA,NA,NA,NA,"10",NA,NA,"1",NA,NA,NA,NA,NA,NA,NA,NA,NA,NA,NA,NA,NA,NA,NA,NA,NA,NA
NA,NA,NA,NA,NA,NA,NA,NA,NA,NA,NA,NA,NA,NA,NA,NA,NA,NA,NA,NA,"2.15",NA,NA,NA,NA,NA,NA,NA,NA,NA,NA,NA,NA,NA,NA,"52",NA,NA,NA,NA,NA,NA,NA,NA,NA,NA,NA,NA,NA,"-0.12"
NA,NA,NA,NA,NA,NA,NA,NA,NA,NA,NA,NA,NA,"-0.307",NA,NA,NA,NA,NA,NA,"2.56",NA,NA,NA,NA,NA,NA,NA,"14",NA,NA,"1",NA,NA,NA,NA,NA,NA,NA,NA,NA,NA,NA,NA,NA,NA,NA,NA,NA,NA
NA,NA,NA,NA,NA,NA,NA,NA,NA,NA,NA,NA,NA,"-0.366",NA,NA,NA,NA,NA,NA,"1.67",NA,NA,NA,NA,NA,NA,NA,NA,NA,NA,NA,NA,NA,NA,NA,NA,NA,NA,NA,NA,NA,NA,NA,NA,NA,NA,"1797",NA,NA
NA,NA,NA,NA,NA,NA,NA,NA,NA,NA,NA,NA,NA,NA,NA,NA,NA,NA,NA,NA,"2.1",NA,NA,NA,NA,NA,NA,NA,NA,NA,NA,NA,NA,NA,NA,NA,NA,NA,NA,NA,NA,NA,NA,NA,NA,NA,NA,NA,NA,NA
NA,NA,NA,NA,NA,NA,NA,NA,NA,NA,NA,NA,NA,NA,NA,NA,NA,NA,NA,NA,"1.35",NA,NA,NA,NA,NA,NA,NA,NA,NA,NA,NA,NA,NA,NA,NA,NA,NA,NA,NA,NA,NA,NA,NA,NA,NA,NA,NA,NA,NA
NA,NA,NA,NA,NA,NA,NA,NA,NA,NA,NA,NA,NA,"1.185",NA,NA,NA,NA,NA,NA,"1.5",NA,NA,NA,NA,NA,NA,NA,NA,NA,NA,NA,NA,NA,NA,NA,NA,NA,NA,NA,NA,NA,NA,NA,NA,NA,NA,NA,NA,NA
NA,NA,NA,NA,NA,NA,NA,NA,NA,NA,NA,NA,NA,"0.872",NA,NA,NA,NA,NA,NA,"1.8",NA,NA,NA,NA,NA,NA,NA,NA,NA,NA,NA,NA,NA,NA,NA,NA,NA,NA,NA,NA,NA,NA,NA,NA,NA,NA,NA,NA,NA
NA,NA,NA,NA,NA,NA,NA,NA,NA,NA,NA,NA,NA,"0.038",NA,NA,NA,NA,NA,NA,"1.3",NA,NA,NA,NA,NA,NA,NA,NA,NA,NA,NA,NA,NA,NA,NA,NA,NA,NA,NA,NA,NA,NA,NA,NA,NA,NA,NA,NA,NA
NA,NA,NA,NA,NA,NA,NA,NA,NA,NA,NA,NA,NA,"0.51",NA,NA,NA,NA,NA,NA,"1.6",NA,NA,NA,NA,NA,NA,NA,NA,NA,NA,NA,NA,NA,NA,NA,NA,NA,NA,NA,NA,NA,NA,NA,NA,NA,NA,NA,NA,NA
NA,NA,NA,NA,NA,NA,NA,NA,NA,NA,NA,NA,NA,"0.085",NA,NA,NA,NA,NA,NA,"2.25",NA,NA,NA,NA,NA,NA,NA,NA,NA,NA,NA,NA,NA,NA,NA,NA,NA,NA,NA,NA,NA,NA,NA,NA,NA,NA,NA,NA,NA
NA,NA,NA,NA,NA,NA,NA,NA,NA,NA,NA,NA,NA,"-0.598",NA,NA,NA,NA,NA,NA,"2.31",NA,NA,NA,NA,NA,NA,NA,"10",NA,NA,"1",NA,NA,NA,"42",NA,NA,NA,NA,NA,NA,NA,NA,NA,NA,NA,NA,NA,"2"
NA,NA,NA,NA,NA,NA,NA,NA,NA,NA,NA,NA,NA,"0.82",NA,NA,NA,NA,NA,NA,"2.26",NA,NA,NA,NA,NA,NA,NA,NA,NA,NA,NA,NA,NA,NA,NA,NA,NA,NA,NA,NA,NA,NA,NA,NA,NA,NA,NA,NA,NA
NA,NA,NA,NA,NA,NA,NA,NA,NA,NA,NA,NA,NA,NA,NA,NA,NA,NA,NA,NA,"2.79",NA,NA,NA,NA,NA,NA,NA,NA,NA,NA,NA,NA,NA,NA,NA,NA,NA,NA,NA,NA,NA,NA,NA,NA,NA,NA,NA,NA,"-4.65"
NA,"0.527653","497",NA,"2975",NA,NA,NA,NA,"12",NA,"49.239",NA,"0.615",NA,"204193046","2.949","6178","-5",NA,"2.16","19.0891",NA,NA,NA,NA,NA,NA,NA,NA,NA,NA,NA,NA,NA,NA,NA,NA,NA,NA,"7224","64.9",NA,"0.000456",NA,NA,NA,NA,NA,NA
NA,NA,NA,NA,NA,NA,NA,NA,NA,NA,NA,NA,NA,NA,NA,NA,NA,NA,NA,NA,"1.5",NA,NA,NA,NA,NA,NA,NA,NA,NA,NA,NA,NA,NA,NA,NA,NA,NA,NA,NA,NA,NA,NA,NA,NA,NA,NA,NA,NA,NA
NA,NA,NA,NA,NA,NA,NA,NA,NA,NA,NA,NA,NA,"1.878",NA,NA,NA,NA,NA,NA,"2.77",NA,NA,NA,NA,NA,NA,NA,NA,NA,NA,NA,NA,NA,NA,NA,NA,NA,NA,NA,NA,NA,NA,NA,NA,NA,NA,NA,NA,NA
NA,NA,NA,NA,NA,NA,NA,NA,NA,NA,NA,NA,NA,"0.001",NA,NA,NA,NA,NA,NA,"2.01",NA,NA,NA,NA,NA,NA,NA,NA,NA,NA,NA,NA,NA,NA,NA,NA,NA,NA,NA,NA,NA,NA,NA,NA,NA,NA,NA,NA,NA
NA,NA,NA,NA,NA,NA,NA,NA,NA,NA,NA,NA,NA,NA,NA,NA,NA,NA,NA,NA,"2.4",NA,NA,NA,NA,NA,NA,NA,"13",NA,NA,"1",NA,NA,NA,NA,NA,NA,NA,NA,NA,NA,NA,NA,NA,NA,NA,NA,NA,NA
NA,NA,NA,NA,NA,NA,NA,NA,NA,NA,NA,NA,NA,"-0.552",NA,NA,NA,NA,NA,NA,"1.7",NA,NA,NA,NA,NA,NA,NA,NA,NA,NA,NA,NA,NA,NA,NA,NA,NA,NA,NA,NA,NA,NA,NA,NA,NA,NA,NA,NA,NA
NA,NA,NA,NA,NA,NA,NA,NA,NA,NA,NA,NA,NA,NA,NA,NA,NA,NA,NA,NA,"0.84",NA,NA,NA,NA,NA,NA,NA,"12",NA,NA,"0",NA,NA,NA,NA,NA,NA,NA,NA,NA,NA,NA,NA,NA,NA,NA,NA,NA,NA
NA,"0.470796","711",NA,"3087",NA,NA,NA,NA,"12",NA,"44.2654",NA,"0.282",NA,"98716453","2.497","4337","5",NA,"3.7","25.1058",NA,NA,NA,NA,NA,NA,NA,NA,NA,NA,NA,NA,NA,NA,NA,NA,NA,NA,"8454","74.5",NA,"0.000484",NA,NA,NA,NA,NA,NA
NA,NA,NA,NA,NA,NA,NA,NA,NA,NA,NA,NA,NA,"0.336",NA,NA,NA,NA,NA,NA,"1.7",NA,NA,NA,NA,NA,NA,NA,NA,NA,NA,NA,NA,NA,NA,NA,NA,NA,NA,NA,NA,NA,NA,NA,NA,NA,NA,NA,NA,NA
NA,NA,NA,NA,NA,NA,NA,NA,NA,NA,"1",NA,NA,"0.074",NA,NA,NA,NA,NA,NA,"3.48",NA,NA,NA,NA,NA,NA,NA,NA,NA,NA,NA,NA,NA,NA,NA,NA,NA,NA,NA,NA,NA,NA,NA,NA,NA,NA,NA,NA,NA
NA,NA,NA,NA,NA,NA,NA,NA,NA,NA,NA,NA,NA,"0.358",NA,NA,NA,NA,NA,NA,"2.25",NA,NA,NA,NA,NA,NA,NA,NA,NA,NA,NA,NA,NA,NA,"48",NA,NA,NA,NA,NA,NA,NA,NA,NA,NA,NA,NA,NA,"-0.14"
NA,NA,NA,NA,NA,NA,NA,NA,NA,NA,NA,NA,NA,"0.609",NA,NA,NA,NA,NA,NA,"1.61",NA,NA,NA,NA,NA,NA,NA,NA,NA,NA,NA,NA,NA,NA,"42",NA,NA,NA,NA,NA,NA,NA,NA,NA,NA,NA,NA,NA,"-3.39"
NA,NA,NA,NA,NA,NA,NA,NA,NA,NA,NA,NA,NA,"0.282",NA,NA,NA,NA,NA,NA,"2.41",NA,NA,NA,NA,NA,NA,NA,NA,NA,NA,NA,NA,NA,NA,NA,NA,NA,NA,NA,NA,NA,NA,NA,NA,NA,NA,NA,NA,NA
NA,NA,NA,NA,NA,NA,NA,NA,NA,NA,NA,NA,NA,"0.657",NA,NA,NA,NA,NA,NA,"1.1",NA,NA,NA,NA,"3",NA,"5",NA,NA,NA,NA,NA,NA,NA,NA,NA,NA,NA,NA,NA,NA,NA,NA,"i12ncnn012n",NA,"i398n",NA,NA,NA
NA,NA,NA,NA,NA,NA,NA,NA,NA,NA,NA,NA,NA,"0.426",NA,NA,NA,NA,NA,NA,"2.2",NA,NA,NA,NA,NA,NA,NA,NA,NA,NA,NA,NA,NA,NA,NA,NA,NA,NA,NA,NA,NA,NA,NA,NA,NA,NA,NA,NA,NA
NA,NA,NA,NA,NA,NA,NA,NA,NA,NA,"1",NA,NA,"-0.093",NA,NA,NA,NA,NA,NA,"1.9",NA,NA,NA,NA,NA,NA,NA,NA,NA,NA,NA,NA,NA,NA,"36",NA,NA,NA,NA,NA,NA,NA,NA,NA,NA,NA,NA,NA,"0.69"
NA,NA,NA,NA,NA,NA,NA,NA,NA,NA,"1",NA,NA,"0.361",NA,NA,NA,NA,NA,NA,"1.5",NA,NA,NA,NA,NA,NA,NA,NA,NA,NA,NA,NA,NA,NA,NA,NA,NA,NA,NA,NA,NA,NA,NA,NA,NA,NA,NA,NA,NA
NA,NA,NA,NA,NA,NA,NA,NA,NA,NA,NA,NA,NA,"0.258",NA,NA,NA,NA,NA,NA,"1.73",NA,NA,NA,NA,NA,NA,NA,NA,NA,NA,NA,NA,NA,NA,NA,NA,NA,NA,NA,NA,NA,NA,NA,NA,NA,NA,NA,NA,"3.24"
NA,NA,NA,NA,NA,NA,NA,NA,NA,NA,NA,NA,NA,NA,NA,NA,NA,NA,NA,NA,"3.34",NA,NA,NA,NA,NA,NA,NA,NA,NA,NA,NA,NA,NA,NA,"52",NA,NA,NA,NA,NA,NA,NA,NA,NA,NA,NA,NA,NA,"-0.1"
NA,NA,NA,NA,NA,NA,NA,NA,NA,NA,NA,NA,NA,"-0.473",NA,NA,NA,NA,NA,NA,"1.84",NA,NA,NA,NA,NA,NA,NA,NA,NA,NA,NA,NA,NA,NA,NA,NA,NA,NA,NA,NA,NA,NA,NA,NA,NA,NA,NA,NA,NA
NA,NA,NA,NA,NA,NA,NA,NA,NA,NA,NA,NA,NA,"2.037",NA,NA,NA,NA,NA,NA,"1.76",NA,NA,NA,NA,NA,NA,NA,NA,NA,NA,NA,NA,NA,NA,"38",NA,NA,NA,NA,NA,NA,NA,NA,NA,NA,NA,NA,NA,"0.98"
NA,NA,NA,NA,NA,NA,NA,NA,NA,NA,NA,NA,NA,"-0.14",NA,NA,NA,NA,NA,NA,"2.98",NA,NA,NA,NA,NA,NA,NA,NA,NA,NA,NA,NA,NA,NA,NA,NA,NA,NA,NA,NA,NA,NA,NA,NA,NA,NA,NA,NA,NA
NA,NA,"808",NA,"3186",NA,NA,NA,NA,"6",NA,NA,NA,NA,NA,"810941307","2.868","5585","-5",NA,"1.4","26.6506",NA,NA,NA,NA,NA,NA,"21",NA,NA,"0",NA,NA,NA,NA,NA,NA,NA,NA,"9180","98.7",NA,NA,NA,NA,NA,NA,NA,NA
NA,NA,NA,NA,NA,NA,NA,NA,NA,NA,NA,NA,NA,"1.447",NA,NA,NA,NA,NA,NA,"4.85",NA,NA,NA,NA,NA,NA,NA,NA,NA,NA,NA,NA,NA,NA,NA,NA,NA,NA,NA,NA,NA,NA,NA,NA,NA,NA,NA,"101","2.02"
NA,NA,NA,NA,NA,NA,NA,NA,NA,NA,NA,NA,NA,"0.36",NA,NA,NA,NA,NA,NA,"2.29",NA,NA,NA,NA,NA,NA,NA,NA,NA,NA,NA,NA,NA,NA,NA,NA,NA,NA,NA,NA,NA,NA,NA,NA,NA,NA,NA,NA,NA
NA,NA,NA,NA,NA,NA,NA,NA,NA,NA,NA,NA,NA,"0.025",NA,NA,NA,NA,NA,NA,"2.93",NA,NA,NA,NA,NA,NA,NA,"16",NA,NA,"0",NA,NA,NA,NA,NA,NA,NA,NA,NA,NA,NA,NA,NA,NA,NA,NA,NA,NA
NA,NA,NA,NA,NA,NA,NA,NA,NA,NA,NA,NA,NA,"-0.402",NA,NA,NA,NA,NA,NA,"1.2",NA,NA,NA,NA,NA,NA,NA,NA,NA,NA,NA,NA,NA,NA,NA,NA,NA,NA,NA,NA,NA,NA,NA,NA,NA,NA,NA,NA,NA
NA,NA,NA,NA,NA,NA,NA,NA,NA,NA,NA,NA,NA,NA,NA,NA,NA,NA,NA,NA,"2.44",NA,NA,NA,NA,NA,NA,NA,NA,NA,NA,NA,NA,NA,NA,NA,NA,NA,NA,NA,NA,NA,NA,NA,NA,NA,NA,NA,NA,NA
NA,NA,NA,NA,NA,NA,NA,NA,NA,NA,NA,NA,NA,NA,NA,NA,NA,NA,NA,NA,"2.37",NA,NA,NA,NA,NA,NA,NA,NA,NA,NA,NA,NA,NA,NA,NA,NA,NA,NA,NA,NA,NA,NA,NA,NA,NA,NA,NA,NA,"-0.96"
NA,NA,NA,NA,NA,NA,NA,NA,NA,NA,NA,NA,NA,"-0.148",NA,NA,NA,NA,NA,NA,"1.77",NA,NA,NA,NA,NA,NA,NA,NA,NA,NA,NA,NA,NA,NA,"42",NA,NA,NA,NA,NA,NA,NA,NA,NA,NA,NA,NA,NA,"0.81"
NA,NA,NA,NA,NA,NA,NA,NA,NA,NA,NA,NA,NA,"1.255",NA,NA,NA,NA,NA,NA,"1.8",NA,NA,NA,NA,NA,NA,NA,NA,NA,NA,NA,NA,NA,NA,NA,NA,NA,NA,NA,NA,NA,NA,NA,NA,NA,NA,NA,NA,NA
NA,NA,NA,NA,NA,NA,NA,NA,NA,NA,NA,NA,NA,NA,NA,NA,NA,NA,NA,NA,"1.61",NA,NA,NA,NA,NA,NA,NA,"16",NA,NA,"0",NA,NA,NA,NA,NA,NA,NA,NA,NA,NA,NA,NA,NA,NA,NA,NA,NA,NA
NA,NA,NA,NA,NA,NA,NA,NA,NA,NA,NA,NA,NA,"0.315",NA,NA,NA,NA,NA,NA,"1.02",NA,NA,NA,NA,NA,NA,NA,NA,NA,NA,NA,NA,NA,NA,NA,NA,NA,NA,NA,NA,NA,NA,NA,NA,NA,NA,NA,NA,NA
NA,NA,NA,NA,NA,NA,NA,NA,NA,NA,NA,NA,NA,NA,NA,NA,NA,NA,NA,NA,"1.7",NA,NA,NA,NA,NA,NA,NA,NA,NA,NA,NA,NA,NA,NA,NA,NA,NA,NA,NA,NA,NA,NA,NA,NA,NA,NA,NA,NA,NA
NA,NA,NA,NA,NA,NA,NA,NA,NA,NA,NA,NA,NA,"-0.642",NA,NA,NA,NA,NA,NA,"1.8",NA,NA,NA,NA,NA,NA,NA,NA,NA,NA,NA,NA,NA,NA,NA,NA,NA,NA,NA,NA,NA,NA,NA,NA,NA,NA,NA,NA,NA
NA,NA,NA,NA,NA,NA,NA,NA,NA,NA,NA,NA,NA,"1.813",NA,NA,NA,NA,NA,NA,"2.58",NA,NA,NA,NA,NA,NA,NA,"11",NA,NA,"0",NA,NA,NA,NA,NA,NA,NA,NA,NA,NA,NA,NA,NA,NA,NA,"2109",NA,NA
NA,NA,NA,NA,NA,NA,NA,NA,NA,NA,NA,NA,NA,"1.277",NA,NA,NA,NA,NA,NA,"2.1",NA,NA,NA,NA,NA,NA,NA,"19",NA,NA,"0",NA,NA,NA,NA,NA,NA,NA,NA,NA,NA,NA,NA,NA,NA,NA,NA,NA,NA
NA,NA,NA,NA,NA,NA,NA,NA,NA,NA,NA,NA,NA,"-0.078",NA,NA,NA,NA,NA,NA,"1.91",NA,NA,NA,NA,NA,NA,NA,NA,NA,NA,NA,NA,NA,NA,"33",NA,NA,NA,NA,NA,NA,NA,NA,NA,NA,NA,NA,NA,"-3.96"
NA,NA,NA,NA,NA,NA,NA,NA,NA,NA,NA,NA,NA,"0.129",NA,NA,NA,NA,NA,NA,"1.12",NA,NA,NA,NA,NA,NA,NA,NA,NA,NA,NA,NA,NA,NA,"39",NA,NA,NA,NA,NA,NA,NA,NA,NA,NA,NA,NA,NA,"3.83"
NA,NA,NA,NA,NA,NA,NA,NA,NA,NA,NA,NA,NA,"0.714",NA,NA,NA,NA,NA,NA,"1.4",NA,NA,NA,NA,NA,NA,NA,NA,NA,NA,NA,NA,NA,NA,NA,NA,NA,NA,NA,NA,NA,NA,NA,NA,NA,NA,NA,NA,NA
NA,NA,NA,NA,NA,NA,NA,NA,NA,NA,NA,NA,NA,"-0.089",NA,NA,NA,NA,NA,NA,"1.42",NA,NA,NA,NA,NA,NA,NA,NA,NA,NA,NA,NA,NA,NA,NA,NA,NA,NA,NA,NA,NA,NA,NA,NA,NA,NA,"2422",NA,"-0.81"
NA,NA,NA,NA,NA,NA,NA,NA,NA,NA,NA,NA,NA,"1.11",NA,NA,NA,NA,NA,NA,"2.11",NA,NA,NA,NA,NA,NA,NA,NA,NA,NA,NA,NA,NA,NA,NA,NA,NA,NA,NA,NA,NA,NA,NA,NA,NA,NA,NA,NA,"-1.33"
NA,NA,NA,NA,NA,NA,NA,NA,NA,NA,NA,NA,NA,"0.675",NA,NA,NA,NA,NA,NA,"2.86",NA,NA,NA,NA,NA,NA,NA,NA,NA,NA,NA,NA,NA,NA,"39",NA,NA,NA,NA,NA,NA,NA,NA,NA,NA,NA,NA,NA,"0.14"
NA,NA,NA,NA,NA,NA,NA,NA,NA,NA,NA,NA,NA,"0.036",NA,NA,NA,NA,NA,NA,"1.9",NA,NA,NA,NA,NA,NA,NA,NA,NA,NA,NA,NA,NA,NA,NA,NA,NA,NA,NA,NA,NA,NA,NA,NA,NA,NA,NA,NA,NA
NA,NA,NA,NA,NA,NA,NA,NA,NA,NA,NA,NA,NA,NA,NA,NA,NA,NA,NA,NA,"2.03",NA,NA,NA,NA,NA,NA,NA,NA,NA,NA,NA,NA,NA,NA,NA,NA,NA,NA,NA,NA,NA,NA,NA,NA,NA,NA,NA,NA,NA
NA,NA,NA,NA,NA,NA,NA,NA,NA,NA,NA,NA,NA,"0.813",NA,NA,NA,NA,NA,NA,"3.27",NA,NA,NA,NA,NA,NA,NA,NA,NA,NA,NA,NA,NA,NA,"48",NA,NA,NA,NA,NA,NA,NA,NA,NA,NA,NA,NA,NA,"-0.57"
NA,NA,NA,NA,NA,NA,NA,NA,NA,NA,NA,NA,NA,"-0.338",NA,NA,NA,NA,NA,NA,"1.6",NA,NA,NA,NA,NA,NA,NA,NA,NA,NA,NA,NA,NA,NA,NA,NA,NA,NA,NA,NA,NA,NA,NA,NA,NA,NA,NA,NA,NA
NA,NA,NA,NA,NA,NA,NA,NA,NA,NA,NA,NA,NA,"0.772",NA,NA,NA,NA,NA,NA,"2.18",NA,NA,NA,NA,NA,NA,NA,NA,NA,NA,NA,NA,NA,NA,NA,NA,NA,NA,NA,NA,NA,NA,NA,NA,NA,NA,NA,NA,NA
NA,NA,NA,NA,NA,NA,NA,NA,NA,NA,NA,NA,NA,"1.42",NA,NA,NA,NA,NA,NA,"2.2",NA,NA,NA,NA,NA,NA,NA,NA,NA,NA,NA,NA,NA,NA,NA,NA,NA,NA,NA,NA,NA,NA,NA,NA,NA,NA,NA,NA,NA
NA,NA,NA,NA,NA,NA,NA,NA,NA,NA,NA,NA,NA,"-0.721",NA,NA,NA,NA,NA,NA,"1.62",NA,NA,NA,NA,NA,NA,NA,NA,NA,NA,NA,NA,NA,NA,"34",NA,NA,NA,NA,NA,NA,NA,NA,NA,NA,NA,NA,NA,"0.56"
NA,NA,NA,NA,NA,NA,NA,NA,NA,NA,NA,NA,NA,NA,NA,NA,NA,NA,NA,NA,"1.24",NA,NA,NA,NA,NA,NA,NA,NA,NA,NA,NA,NA,NA,NA,NA,NA,NA,NA,NA,NA,NA,NA,NA,NA,NA,NA,NA,NA,"1.15"
NA,NA,NA,NA,NA,NA,NA,NA,NA,NA,NA,NA,NA,"2.763",NA,NA,NA,NA,NA,NA,"2.06",NA,NA,NA,NA,NA,NA,NA,NA,NA,NA,NA,NA,NA,NA,"42",NA,NA,NA,NA,NA,NA,NA,NA,NA,NA,NA,NA,NA,NA
NA,NA,NA,NA,NA,NA,NA,NA,NA,NA,NA,NA,NA,"0.522",NA,NA,NA,NA,NA,NA,"2.2",NA,NA,NA,NA,NA,NA,NA,NA,NA,NA,NA,NA,NA,NA,NA,NA,NA,NA,NA,NA,NA,NA,NA,NA,NA,NA,NA,NA,NA
NA,NA,NA,NA,NA,NA,NA,NA,NA,NA,NA,NA,NA,NA,NA,NA,NA,NA,NA,NA,"1.6",NA,NA,NA,NA,NA,NA,NA,NA,NA,NA,NA,NA,NA,NA,NA,NA,NA,NA,NA,NA,NA,NA,NA,NA,NA,NA,NA,NA,NA
NA,NA,NA,NA,NA,NA,NA,NA,NA,NA,NA,NA,NA,"-0.717",NA,NA,NA,NA,NA,NA,"1",NA,NA,NA,NA,NA,NA,NA,NA,NA,NA,NA,NA,NA,NA,NA,NA,NA,NA,NA,NA,NA,NA,NA,NA,NA,NA,NA,NA,NA
NA,NA,NA,NA,NA,NA,NA,NA,NA,NA,NA,NA,NA,"-0.469",NA,NA,NA,NA,NA,NA,"2.2",NA,NA,NA,NA,"3",NA,"0",NA,NA,NA,NA,"80",NA,NA,NA,NA,NA,NA,NA,NA,NA,NA,NA,"i631n",NA,"i15c115n",NA,NA,NA
NA,NA,NA,NA,NA,NA,NA,NA,NA,NA,NA,NA,NA,"-0.612",NA,NA,NA,NA,NA,NA,"2.6",NA,NA,NA,NA,NA,NA,NA,NA,NA,NA,NA,NA,NA,NA,NA,NA,NA,NA,NA,NA,NA,NA,NA,NA,NA,NA,NA,NA,NA
NA,NA,NA,NA,NA,NA,NA,NA,NA,NA,NA,NA,NA,NA,NA,NA,NA,NA,NA,NA,"3.09",NA,NA,NA,NA,NA,NA,NA,NA,NA,NA,NA,NA,NA,NA,NA,NA,NA,NA,NA,NA,NA,NA,NA,NA,NA,NA,"2844",NA,NA
NA,NA,NA,NA,NA,NA,NA,NA,NA,"31",NA,NA,NA,"0.498",NA,NA,NA,"4821",NA,NA,"1.6",NA,NA,NA,NA,NA,NA,NA,NA,NA,NA,NA,NA,NA,NA,NA,NA,NA,NA,NA,NA,"85.9",NA,NA,NA,NA,NA,NA,NA,NA
NA,NA,NA,NA,NA,NA,NA,NA,NA,NA,NA,NA,NA,"0.264",NA,NA,NA,NA,NA,NA,"1.3",NA,NA,NA,NA,NA,NA,NA,NA,NA,NA,NA,NA,NA,NA,NA,NA,NA,NA,NA,NA,NA,NA,NA,NA,NA,NA,NA,NA,NA
NA,NA,NA,NA,NA,NA,NA,NA,NA,NA,NA,NA,NA,"1.582",NA,NA,NA,NA,NA,NA,"1.8",NA,NA,NA,NA,NA,NA,NA,NA,NA,NA,NA,NA,NA,NA,NA,NA,NA,NA,NA,NA,NA,NA,NA,NA,NA,NA,NA,NA,NA
NA,NA,NA,NA,NA,NA,NA,NA,NA,NA,NA,NA,NA,"1.149",NA,NA,NA,NA,NA,NA,"3.24",NA,NA,NA,NA,NA,NA,NA,"15",NA,NA,"0",NA,NA,NA,NA,NA,NA,NA,NA,NA,NA,NA,NA,NA,NA,NA,NA,NA,NA
NA,NA,NA,NA,NA,NA,NA,NA,NA,NA,NA,NA,NA,NA,NA,NA,NA,NA,NA,NA,"1.9",NA,NA,NA,NA,NA,NA,NA,"12",NA,NA,"1",NA,NA,NA,NA,NA,NA,NA,NA,NA,NA,NA,NA,NA,NA,NA,NA,NA,"-0.09"
NA,NA,NA,NA,NA,NA,NA,NA,NA,NA,NA,NA,NA,NA,NA,NA,NA,NA,NA,NA,"2.2",NA,NA,NA,NA,NA,NA,NA,NA,NA,NA,NA,NA,NA,NA,NA,NA,NA,NA,NA,NA,NA,NA,NA,NA,NA,NA,NA,NA,NA
NA,NA,NA,NA,NA,NA,NA,NA,NA,NA,NA,NA,NA,"1.45",NA,NA,NA,NA,NA,NA,"2.07",NA,NA,NA,NA,NA,NA,NA,NA,NA,NA,NA,NA,NA,"N930",NA,NA,NA,NA,NA,NA,NA,NA,NA,NA,NA,NA,"1656",NA,NA
NA,NA,NA,NA,NA,NA,NA,NA,NA,NA,NA,NA,NA,"-0.318",NA,NA,NA,NA,NA,NA,"2.1",NA,NA,NA,NA,NA,NA,NA,"16",NA,NA,"1",NA,NA,NA,NA,NA,NA,NA,NA,NA,NA,NA,NA,NA,NA,NA,NA,NA,"0.24"
NA,NA,NA,NA,NA,NA,NA,NA,NA,NA,NA,NA,NA,"-0.227",NA,NA,NA,NA,NA,NA,"1.7",NA,NA,NA,NA,NA,NA,NA,NA,NA,NA,NA,NA,NA,NA,NA,NA,NA,NA,NA,NA,NA,NA,NA,NA,NA,NA,NA,NA,NA
NA,NA,NA,NA,NA,NA,NA,NA,NA,NA,NA,NA,NA,"0.468",NA,NA,NA,NA,NA,NA,"2.1",NA,NA,NA,NA,NA,NA,NA,"18",NA,NA,"1",NA,NA,NA,"52",NA,NA,NA,NA,NA,NA,NA,NA,NA,NA,NA,NA,NA,"-1.83"
NA,NA,NA,NA,NA,NA,NA,NA,NA,NA,"1",NA,NA,"-0.439",NA,NA,NA,NA,NA,NA,"1.2",NA,NA,NA,NA,NA,NA,NA,NA,NA,NA,NA,NA,NA,NA,NA,NA,NA,NA,NA,NA,NA,NA,NA,NA,NA,NA,NA,NA,NA
NA,NA,NA,NA,NA,NA,NA,NA,NA,NA,NA,NA,NA,"0.088",NA,NA,NA,NA,NA,NA,"1.44",NA,NA,NA,NA,NA,NA,NA,NA,NA,NA,NA,NA,NA,NA,NA,NA,NA,NA,NA,NA,NA,NA,NA,NA,NA,NA,NA,NA,NA
NA,NA,NA,NA,NA,NA,NA,NA,NA,NA,NA,NA,NA,NA,NA,NA,NA,NA,NA,NA,"3.27",NA,NA,NA,NA,NA,NA,NA,NA,NA,NA,NA,NA,NA,NA,NA,NA,NA,NA,NA,NA,NA,NA,NA,NA,NA,NA,NA,NA,NA
NA,NA,NA,NA,NA,NA,NA,NA,NA,NA,NA,NA,NA,NA,NA,NA,NA,NA,NA,NA,"2.91",NA,NA,NA,NA,"3",NA,"1",NA,NA,NA,NA,NA,NA,NA,NA,NA,NA,NA,NA,NA,NA,NA,NA,"i886n",NA,"i260n","1485",NA,NA
NA,NA,NA,NA,NA,NA,NA,NA,NA,NA,NA,NA,NA,"0.091",NA,NA,NA,NA,NA,NA,"1.68",NA,NA,NA,NA,NA,NA,NA,"10",NA,NA,"1",NA,NA,NA,NA,NA,NA,NA,NA,NA,NA,NA,NA,NA,NA,NA,"1579",NA,NA
NA,NA,NA,NA,NA,NA,NA,NA,NA,NA,NA,NA,NA,NA,NA,NA,NA,NA,NA,NA,"1.62",NA,NA,NA,NA,NA,NA,NA,"11",NA,NA,"0",NA,NA,NA,NA,NA,NA,NA,NA,NA,NA,NA,NA,NA,NA,NA,NA,NA,NA
NA,NA,NA,NA,NA,NA,NA,NA,NA,NA,NA,NA,NA,NA,NA,NA,NA,NA,NA,NA,"1.9",NA,NA,NA,NA,NA,NA,NA,NA,NA,NA,NA,NA,NA,NA,NA,NA,NA,NA,NA,NA,NA,NA,NA,NA,NA,NA,NA,NA,NA
NA,NA,NA,NA,NA,NA,NA,NA,NA,NA,NA,NA,NA,NA,NA,NA,NA,NA,NA,NA,"1.9",NA,NA,NA,NA,NA,NA,NA,NA,NA,NA,NA,NA,NA,NA,NA,NA,NA,NA,NA,NA,NA,NA,NA,NA,NA,NA,NA,NA,NA
NA,NA,NA,NA,NA,NA,NA,NA,NA,NA,NA,NA,NA,"0.536",NA,NA,NA,NA,NA,NA,"8.01",NA,NA,NA,NA,NA,NA,NA,NA,NA,NA,NA,NA,NA,NA,"42",NA,NA,NA,NA,NA,NA,NA,NA,NA,NA,NA,NA,NA,"0.72"
NA,NA,NA,NA,NA,NA,NA,NA,NA,NA,NA,NA,NA,"0.541",NA,NA,NA,NA,NA,NA,"1.37",NA,NA,NA,NA,NA,NA,NA,NA,NA,NA,NA,NA,NA,NA,NA,NA,NA,NA,NA,NA,NA,NA,NA,NA,NA,NA,NA,NA,NA
NA,NA,NA,NA,NA,NA,NA,NA,NA,NA,NA,NA,NA,NA,NA,NA,NA,NA,NA,NA,"1.89",NA,NA,NA,NA,NA,NA,NA,NA,NA,NA,NA,NA,NA,NA,NA,NA,NA,NA,NA,NA,NA,NA,NA,NA,NA,NA,"1610",NA,NA
NA,"0.531957","489",NA,"3420",NA,NA,NA,NA,"27",NA,"45.3872",NA,"0.355",NA,"04352651","2.587","5273","-5",NA,"2.94","21.5711",NA,NA,NA,NA,NA,NA,NA,NA,NA,NA,NA,NA,NA,NA,NA,NA,NA,NA,"8927","60.1",NA,"0.000459",NA,NA,NA,"2328",NA,NA
NA,"0.54651","695",NA,"2600",NA,NA,NA,NA,NA,NA,"50.9055",NA,"1.357",NA,NA,"2.171",NA,"-5",NA,"1.65","22.1479",NA,NA,NA,NA,NA,NA,NA,NA,NA,NA,NA,NA,NA,NA,NA,NA,NA,NA,"8072","60",NA,"0.000502",NA,NA,NA,"2328",NA,NA
NA,NA,NA,NA,NA,NA,NA,NA,NA,NA,NA,NA,NA,"-1.05",NA,NA,NA,NA,NA,NA,"2.44",NA,NA,NA,NA,NA,NA,NA,"19",NA,NA,"0",NA,NA,NA,NA,NA,NA,NA,NA,NA,NA,NA,NA,NA,NA,NA,NA,NA,NA
NA,NA,NA,NA,NA,NA,NA,NA,NA,NA,NA,NA,NA,"0.731",NA,NA,NA,NA,NA,NA,"1.51",NA,NA,NA,NA,NA,NA,NA,NA,NA,NA,NA,NA,NA,NA,NA,NA,NA,NA,NA,NA,NA,NA,NA,NA,NA,NA,NA,NA,NA
NA,NA,NA,NA,NA,NA,NA,NA,NA,NA,NA,NA,NA,"1.614",NA,NA,NA,NA,NA,NA,"2.59",NA,NA,NA,NA,NA,NA,NA,NA,NA,NA,NA,NA,NA,NA,NA,NA,NA,NA,NA,NA,NA,NA,NA,NA,NA,NA,NA,NA,NA
NA,NA,NA,NA,NA,NA,NA,NA,NA,NA,NA,NA,NA,"0.837",NA,NA,NA,NA,NA,NA,"1.66",NA,NA,NA,NA,NA,NA,NA,NA,NA,NA,NA,NA,NA,NA,"38",NA,NA,NA,NA,NA,NA,NA,NA,NA,NA,NA,NA,NA,"-6.99"
NA,NA,NA,NA,NA,NA,NA,NA,NA,NA,NA,NA,NA,NA,NA,NA,NA,NA,NA,NA,"2.2",NA,NA,NA,NA,NA,NA,NA,NA,NA,NA,NA,NA,NA,NA,NA,NA,NA,NA,NA,NA,NA,NA,NA,NA,NA,NA,NA,NA,NA
NA,NA,NA,NA,NA,NA,NA,NA,NA,NA,NA,NA,NA,NA,NA,NA,NA,NA,NA,NA,"2.32",NA,NA,NA,NA,NA,NA,NA,NA,NA,NA,NA,NA,NA,NA,"38",NA,NA,NA,NA,NA,NA,NA,NA,NA,NA,NA,NA,NA,"-0.58"
NA,NA,NA,NA,NA,NA,NA,NA,NA,NA,NA,NA,NA,"0.363",NA,NA,NA,NA,NA,NA,"0.86",NA,NA,NA,NA,NA,NA,NA,NA,NA,NA,NA,NA,NA,NA,NA,NA,NA,NA,NA,NA,NA,NA,NA,NA,NA,NA,"1844",NA,NA
NA,NA,NA,NA,NA,NA,NA,NA,NA,"13",NA,NA,NA,"1.32",NA,"76216035",NA,"2745","-5",NA,"2.73",NA,NA,NA,NA,NA,NA,NA,"13",NA,NA,"1",NA,NA,NA,NA,NA,NA,NA,NA,NA,"70.1",NA,NA,NA,NA,NA,NA,NA,NA
NA,NA,NA,NA,NA,NA,NA,NA,NA,NA,NA,NA,NA,NA,NA,NA,NA,NA,NA,NA,"2.1",NA,NA,NA,NA,NA,NA,NA,NA,NA,NA,NA,NA,NA,NA,NA,NA,NA,NA,NA,NA,NA,NA,NA,NA,NA,NA,NA,NA,NA
NA,NA,NA,NA,NA,NA,NA,NA,NA,NA,"4",NA,NA,"0.039",NA,NA,NA,NA,NA,NA,"1.2",NA,NA,NA,NA,NA,NA,NA,NA,NA,NA,NA,NA,NA,NA,"33",NA,NA,NA,NA,NA,NA,NA,NA,NA,NA,NA,NA,NA,"-0.27"
NA,NA,NA,NA,NA,NA,NA,NA,NA,NA,NA,NA,NA,"-0.765",NA,NA,NA,NA,NA,NA,"1.65",NA,NA,NA,NA,NA,NA,NA,NA,NA,NA,NA,NA,NA,NA,NA,NA,NA,NA,NA,NA,NA,NA,NA,NA,NA,NA,NA,NA,"0.78"
NA,NA,NA,NA,NA,NA,NA,NA,NA,NA,NA,NA,NA,"0.044",NA,NA,NA,NA,NA,NA,"1.83",NA,NA,NA,NA,NA,NA,NA,NA,NA,NA,NA,NA,NA,NA,NA,NA,NA,NA,NA,NA,NA,NA,NA,NA,NA,NA,NA,NA,NA
NA,NA,NA,NA,NA,NA,NA,NA,NA,NA,"1",NA,NA,"1.043",NA,NA,NA,NA,NA,NA,NA,NA,NA,NA,NA,NA,NA,NA,NA,NA,NA,NA,NA,NA,NA,"49",NA,NA,NA,NA,NA,NA,NA,NA,NA,NA,NA,NA,NA,"-1.75"
NA,NA,NA,NA,NA,NA,NA,NA,NA,NA,NA,NA,NA,NA,NA,NA,NA,NA,NA,NA,"1.7",NA,NA,NA,NA,NA,NA,NA,NA,NA,NA,NA,NA,NA,NA,NA,NA,NA,NA,NA,NA,NA,NA,NA,NA,NA,NA,NA,NA,NA
NA,NA,NA,NA,NA,NA,NA,NA,NA,NA,NA,NA,NA,"0.746",NA,NA,NA,NA,NA,NA,"1.73",NA,NA,NA,NA,NA,NA,NA,NA,NA,NA,NA,NA,NA,NA,NA,NA,NA,NA,NA,NA,NA,NA,NA,NA,NA,NA,NA,NA,NA
NA,NA,NA,NA,NA,NA,NA,NA,NA,NA,NA,NA,NA,NA,NA,NA,NA,NA,NA,NA,"3.01",NA,NA,NA,NA,NA,NA,NA,NA,NA,NA,NA,NA,NA,NA,"38",NA,NA,NA,NA,NA,NA,NA,NA,NA,NA,NA,NA,NA,"-8.79"
NA,NA,NA,NA,NA,NA,NA,NA,NA,NA,NA,NA,NA,NA,NA,NA,NA,NA,NA,NA,"3.85",NA,NA,NA,NA,NA,NA,NA,NA,NA,NA,NA,NA,NA,NA,NA,NA,NA,NA,NA,NA,NA,NA,NA,NA,NA,NA,NA,NA,NA
NA,NA,NA,NA,NA,NA,NA,NA,NA,NA,NA,NA,NA,"-0.321",NA,NA,NA,NA,NA,NA,"1.3",NA,NA,NA,NA,NA,NA,NA,NA,NA,NA,NA,NA,NA,NA,NA,NA,NA,NA,NA,NA,NA,NA,NA,NA,NA,NA,NA,NA,NA
NA,NA,NA,NA,NA,NA,NA,NA,NA,NA,NA,NA,NA,"-1.572",NA,NA,NA,NA,NA,NA,"1.5",NA,NA,NA,NA,NA,NA,NA,NA,NA,NA,NA,NA,NA,NA,NA,NA,NA,NA,NA,NA,NA,NA,NA,NA,NA,NA,NA,NA,NA
NA,NA,"433",NA,"3518",NA,NA,NA,NA,NA,NA,NA,"0","-0.078",NA,NA,"2.392",NA,"-1",NA,"1.93","22.3916",NA,NA,NA,NA,NA,NA,NA,NA,NA,NA,NA,NA,NA,NA,NA,NA,NA,NA,"9709","131.8",NA,NA,NA,NA,NA,NA,NA,"-1.93"
NA,NA,NA,NA,NA,NA,NA,NA,NA,NA,NA,NA,NA,"1.066",NA,NA,NA,NA,NA,NA,"1.72",NA,NA,NA,NA,NA,NA,NA,NA,NA,NA,NA,NA,NA,NA,NA,NA,NA,NA,NA,NA,NA,NA,NA,NA,NA,NA,"1844",NA,NA
NA,NA,NA,NA,NA,NA,NA,NA,NA,NA,NA,NA,NA,"-0.546",NA,NA,NA,NA,NA,NA,"0.62",NA,NA,NA,NA,NA,NA,NA,NA,NA,NA,NA,NA,NA,NA,NA,NA,NA,NA,NA,NA,NA,NA,NA,NA,NA,NA,NA,NA,NA
NA,NA,NA,NA,NA,NA,NA,NA,NA,NA,NA,NA,NA,NA,NA,NA,NA,NA,NA,NA,"1.4",NA,NA,NA,NA,NA,NA,NA,NA,NA,NA,NA,NA,NA,NA,NA,NA,NA,NA,NA,NA,NA,NA,NA,NA,NA,NA,NA,NA,NA
NA,NA,NA,NA,NA,NA,NA,NA,NA,NA,NA,NA,NA,"1.251",NA,NA,NA,NA,NA,NA,"1.88",NA,NA,NA,NA,NA,NA,NA,NA,NA,NA,NA,NA,NA,NA,NA,NA,NA,NA,NA,NA,NA,NA,NA,NA,NA,NA,NA,NA,NA
NA,NA,NA,NA,NA,NA,NA,NA,NA,NA,NA,NA,NA,"-0.445",NA,NA,NA,NA,NA,NA,"1.84",NA,NA,NA,NA,NA,NA,NA,"19",NA,NA,"0",NA,NA,NA,"42",NA,NA,NA,NA,NA,NA,NA,NA,NA,NA,NA,NA,NA,"0.05"
NA,NA,NA,NA,NA,NA,NA,NA,NA,NA,NA,NA,NA,"-0.63",NA,NA,NA,NA,NA,NA,"2.2",NA,NA,NA,NA,NA,NA,NA,NA,NA,NA,NA,NA,NA,NA,NA,NA,NA,NA,NA,NA,NA,NA,NA,NA,NA,NA,NA,NA,NA
NA,NA,NA,NA,NA,NA,NA,NA,NA,NA,NA,NA,NA,"0.291",NA,NA,NA,NA,NA,NA,"1.9",NA,NA,NA,NA,NA,NA,NA,NA,NA,NA,NA,NA,NA,NA,NA,NA,NA,NA,NA,NA,NA,NA,NA,NA,NA,NA,NA,NA,NA
NA,NA,NA,NA,NA,NA,NA,NA,NA,NA,NA,NA,NA,"1.709",NA,NA,NA,NA,NA,NA,"1.91",NA,NA,NA,NA,NA,NA,NA,NA,NA,NA,NA,NA,NA,NA,NA,NA,NA,NA,NA,NA,NA,NA,NA,NA,NA,NA,"1984",NA,NA
NA,NA,NA,NA,NA,NA,NA,NA,NA,NA,NA,NA,NA,"0.143",NA,NA,NA,NA,NA,NA,"1.45",NA,NA,NA,NA,NA,NA,NA,"23",NA,NA,"0",NA,NA,NA,NA,NA,NA,NA,NA,NA,NA,NA,NA,NA,NA,NA,"1562",NA,NA
NA,NA,NA,NA,NA,NA,NA,NA,NA,NA,NA,NA,NA,"-0.2",NA,NA,NA,NA,NA,NA,"0.95",NA,NA,NA,NA,NA,NA,NA,NA,NA,NA,NA,NA,NA,NA,NA,NA,NA,NA,NA,NA,NA,NA,NA,NA,NA,NA,NA,NA,NA
NA,NA,NA,NA,NA,NA,NA,NA,NA,NA,NA,NA,NA,NA,NA,NA,NA,NA,NA,NA,"2.4",NA,NA,NA,NA,NA,NA,NA,NA,NA,NA,NA,NA,NA,NA,NA,NA,NA,NA,NA,NA,NA,NA,NA,NA,NA,NA,NA,NA,NA
NA,"0.522343","675",NA,"3029",NA,NA,NA,NA,NA,NA,"48.2946",NA,"-0.434","2015-03-29 09:07:34",NA,"3.201",NA,"-3",NA,"2.3","21.7304",NA,NA,NA,NA,NA,NA,NA,NA,NA,NA,NA,NA,NA,NA,NA,NA,NA,NA,"7789","73.6",NA,"0.000456",NA,NA,NA,NA,NA,"2.63"
NA,NA,NA,NA,NA,NA,NA,NA,NA,NA,NA,NA,NA,"-2.319",NA,NA,NA,NA,NA,NA,"1.5",NA,NA,NA,NA,NA,NA,NA,NA,NA,NA,NA,NA,NA,NA,NA,NA,NA,NA,NA,NA,NA,NA,NA,NA,NA,NA,NA,NA,NA
NA,NA,NA,NA,NA,NA,NA,NA,NA,NA,NA,NA,NA,"0.036",NA,NA,NA,NA,NA,NA,"2.7",NA,NA,NA,NA,NA,NA,NA,NA,NA,NA,NA,NA,NA,NA,NA,NA,NA,NA,NA,NA,NA,NA,NA,NA,NA,NA,NA,NA,NA
NA,NA,NA,NA,NA,NA,NA,NA,NA,NA,NA,NA,NA,NA,NA,NA,NA,NA,NA,NA,"1.94",NA,NA,NA,NA,NA,NA,NA,NA,NA,NA,NA,NA,NA,NA,"52",NA,NA,NA,NA,NA,NA,NA,NA,NA,NA,NA,NA,NA,"-1.5"
NA,NA,NA,NA,NA,NA,NA,NA,NA,NA,NA,NA,NA,"0.562",NA,NA,NA,NA,NA,NA,"1.85",NA,NA,NA,NA,NA,NA,NA,"21",NA,NA,"0",NA,NA,NA,NA,NA,NA,NA,NA,NA,NA,NA,NA,NA,NA,NA,NA,NA,NA
NA,NA,NA,NA,NA,NA,NA,NA,NA,NA,NA,NA,NA,"0.018",NA,NA,NA,NA,NA,NA,"2.44",NA,NA,NA,NA,NA,NA,NA,NA,NA,NA,NA,NA,NA,NA,NA,NA,NA,NA,NA,NA,NA,NA,NA,NA,NA,NA,NA,NA,NA
NA,NA,NA,NA,NA,NA,NA,NA,NA,NA,NA,NA,NA,NA,NA,NA,NA,NA,NA,NA,"2.94",NA,NA,NA,NA,NA,NA,NA,"13",NA,NA,"1",NA,NA,NA,"36",NA,NA,NA,NA,NA,NA,NA,NA,NA,NA,NA,NA,NA,"-4.65"
NA,NA,NA,NA,NA,NA,NA,NA,NA,NA,NA,NA,NA,"1.743",NA,NA,NA,NA,NA,NA,"2.55",NA,NA,NA,NA,NA,NA,NA,NA,NA,NA,NA,NA,NA,NA,"49",NA,NA,NA,NA,NA,NA,NA,NA,NA,NA,NA,NA,NA,"1.93"
NA,NA,NA,NA,NA,NA,NA,NA,NA,NA,NA,NA,NA,"2.23",NA,NA,NA,NA,NA,NA,"2.09",NA,NA,NA,NA,NA,NA,NA,"10",NA,NA,"0",NA,NA,NA,NA,NA,NA,NA,NA,NA,NA,NA,NA,NA,NA,NA,NA,NA,NA
NA,NA,NA,NA,NA,NA,NA,NA,NA,NA,NA,NA,NA,"1.321",NA,NA,NA,NA,NA,NA,NA,NA,NA,NA,NA,NA,NA,NA,NA,NA,NA,NA,NA,NA,NA,NA,NA,NA,NA,NA,NA,NA,NA,NA,NA,NA,NA,NA,NA,"-9.7"
NA,NA,NA,NA,NA,NA,NA,NA,NA,NA,NA,NA,NA,"0.018",NA,NA,NA,NA,NA,NA,"1.7",NA,NA,NA,NA,NA,NA,NA,"21",NA,NA,"1",NA,NA,NA,NA,NA,NA,NA,NA,NA,NA,NA,NA,NA,NA,NA,NA,NA,NA
NA,"0.517338","618",NA,"2905",NA,NA,NA,NA,"53",NA,"36.6432",NA,NA,NA,"018570465","2.09","4618","-3",NA,"3.73","25.6524",NA,NA,NA,NA,NA,NA,NA,NA,NA,NA,NA,NA,NA,NA,NA,NA,NA,NA,"9809","88.2",NA,"0.00046",NA,NA,NA,NA,NA,"1.66"
NA,NA,NA,NA,NA,NA,NA,NA,NA,NA,NA,NA,NA,"1.251",NA,NA,NA,NA,NA,NA,"2.1",NA,NA,NA,NA,NA,NA,NA,NA,NA,NA,NA,NA,NA,NA,NA,NA,NA,NA,NA,NA,NA,NA,NA,NA,NA,NA,NA,NA,NA
