"weightedmean_l1_in_tract_acoustic_radiation_right_f25570_3_0","year_gap_started_f22663_0_0","flavoured_milk_intake_f100530_1_0","ecg_stage_name_f5988_0_87","triplet_played_left_f4229_2_14","area_of_bankssts_right_hemisphere_f26957_3_0","cancer_record_origin_f40021_0_0","neutrophill_count_f30140_0_0","treatmentmedication_code_f20003_0_24","operative_procedures_main_opcs4_f41200_0_29","mean_corpuscular_haemoglobin_f30050_2_0","time_spent_watching_television_tv_f1070_2_0","date_of_first_inpatient_diagnosis_main_icd10_f41262_0_1","place_of_birth_in_uk_north_coordinate_f129_1_0","mean_l3_in_posterior_thalamic_radiation_on_fa_skeleton_left_f25325_2_0","never_eat_eggs_dairy_wheat_sugar_pilot_f10855_0_1","ecg_phase_time_f5986_0_76","year_gap_ended_f22664_0_26","operative_procedures_opcs4_f41272_0_91","mean_signaltonoise_ratio_snr_right_f4244_1_14","diagnoses_icd10_f41270_0_37","triplet_correct_left_f4232_2_10","haematocrit_freezethaw_cycles_f30031_0_0","keystroke_history_left_f4238_1_2","cancer_code_selfreported_f20001_1_3","thickness_of_buttermargarine_spread_on_baguettes_f20099_3_1","ecg_number_of_stages_in_a_phase_f5993_0_0","target_number_to_be_entered_f4252_1_1","duration_of_interrupted_recording_periods_f90181_0_0","volume_of_gtempsupgttransv_left_hemisphere_f27509_2_0","water_percentage_buffer_300m_f24505_0_0","carotene_f100019_3_0","workplace_full_of_chemical_or_other_fumes_f22610_0_1","illnesses_of_adopted_siblings_f20114_2_1","values_wanted_f23321_3_85","usual_length_of_each_night_shift_during_mixed_shift_periods_f22642_0_13","type_of_yogurt_eaten_f20106_4_0","platelet_crit_acquisition_time_f30092_1_0","alcohol_drinker_status_f20117_1_0","number_of_daysweek_of_moderate_physical_activity_10_minutes_f884_0_0","mean_md_in_fornix_cresstria_terminalis_on_fa_skeleton_right_f25142_3_0","fraction_acceleration_80_milligravities_f90123_0_0","doctor_diagnosed_asbestosis_f22139_0_0","duration_of_other_exercises_f3647_3_0","values_wanted_f20200_0_104","number_of_times_clear_was_pressed_right_f4249_2_8","avocado_intake_f104100_4_0","average_acceleration_1200_1259_f90039_0_0","baguette_intake_f101020_3_0","mean_l3_in_anterior_corona_radiata_on_fa_skeleton_right_f25318_3_0"
NA,NA,NA,NA,NA,NA,NA,"3.58",NA,NA,NA,NA,"1998-06-08",NA,NA,NA,NA,NA,NA,NA,NA,NA,"0",NA,NA,NA,NA,NA,NA,NA,NA,"4654.97",NA,NA,NA,NA,NA,NA,NA,"1",NA,NA,NA,NA,NA,NA,NA,NA,"555",NA
NA,NA,NA,NA,NA,NA,"E/W","4.28",NA,NA,NA,NA,"2007-01-30",NA,NA,NA,NA,NA,NA,NA,NA,NA,"0",NA,NA,NA,NA,NA,NA,NA,"0",NA,NA,NA,NA,NA,NA,NA,NA,"5",NA,NA,NA,NA,NA,NA,NA,NA,NA,NA
NA,"1972",NA,NA,NA,NA,NA,"3.4",NA,NA,NA,NA,"2007-02-14",NA,NA,NA,NA,NA,NA,NA,NA,NA,"0",NA,NA,NA,NA,NA,"0",NA,"0.103",NA,"0",NA,NA,NA,NA,NA,NA,"7",NA,"0.928","0",NA,NA,NA,NA,"22.94",NA,NA
NA,NA,NA,NA,NA,NA,NA,NA,NA,NA,NA,NA,"2017-01-27",NA,NA,NA,NA,NA,NA,NA,NA,NA,NA,NA,NA,NA,NA,NA,NA,NA,"0.629",NA,NA,NA,NA,NA,NA,NA,NA,"2",NA,NA,NA,NA,NA,NA,NA,NA,NA,NA
NA,NA,NA,NA,NA,NA,NA,"3.43",NA,NA,NA,NA,"2010-04-16",NA,NA,NA,NA,NA,NA,NA,NA,NA,"0",NA,NA,NA,"1",NA,NA,NA,"0",NA,NA,NA,NA,NA,NA,NA,NA,"3",NA,NA,NA,NA,NA,NA,NA,NA,NA,NA
NA,NA,NA,NA,NA,NA,NA,"4",NA,NA,NA,NA,"2005-01-26",NA,NA,NA,NA,NA,NA,NA,NA,NA,"0",NA,NA,NA,NA,NA,NA,NA,"0.885",NA,NA,NA,NA,NA,NA,NA,NA,"2",NA,NA,NA,NA,NA,NA,NA,NA,NA,NA
NA,NA,NA,NA,NA,NA,NA,"3.8",NA,NA,NA,NA,"2015-10-14",NA,NA,NA,NA,NA,NA,NA,NA,NA,"0",NA,NA,NA,"1",NA,NA,NA,"0.574",NA,NA,NA,NA,NA,NA,NA,NA,"5",NA,NA,NA,NA,NA,NA,NA,NA,NA,NA
NA,NA,NA,NA,"902",NA,NA,"1.6",NA,NA,NA,"1",NA,"347500","0.000387",NA,NA,NA,NA,"-9.429",NA,"1","0","i612n",NA,NA,NA,NA,NA,"1803","0",NA,NA,NA,NA,NA,NA,NA,"2","0",NA,NA,NA,NA,NA,"0",NA,NA,NA,NA
NA,NA,NA,NA,NA,NA,NA,"4.74",NA,NA,NA,NA,"2005-01-10",NA,NA,NA,NA,NA,NA,NA,NA,NA,"0",NA,NA,NA,NA,NA,NA,NA,"0.007","4170.06",NA,NA,NA,NA,NA,NA,NA,"3",NA,NA,NA,NA,NA,NA,NA,NA,NA,NA
NA,"2001",NA,NA,NA,NA,NA,"3.8",NA,NA,NA,NA,NA,NA,NA,NA,NA,NA,NA,NA,NA,NA,"0",NA,NA,NA,NA,NA,"0",NA,NA,NA,"0",NA,NA,NA,NA,NA,NA,"2",NA,"0.888","0",NA,NA,NA,NA,"34.39",NA,NA
NA,NA,NA,NA,NA,NA,"E/W","4.84",NA,NA,NA,NA,"2015-04-22",NA,NA,NA,NA,NA,NA,NA,NA,NA,"0",NA,NA,NA,NA,NA,NA,NA,"0.169",NA,NA,NA,NA,NA,NA,NA,NA,"6",NA,NA,NA,NA,NA,NA,NA,NA,NA,NA
NA,NA,NA,NA,NA,NA,NA,"4.8",NA,NA,NA,NA,NA,NA,NA,NA,NA,NA,NA,NA,NA,NA,"0",NA,NA,NA,NA,NA,NA,NA,"0.052",NA,NA,NA,NA,NA,NA,NA,NA,"3",NA,NA,NA,NA,NA,NA,NA,NA,NA,NA
NA,NA,NA,NA,"992",NA,NA,"4",NA,NA,"34.27","2","2008-02-13",NA,"0.000371",NA,NA,NA,NA,NA,NA,"1","0",NA,NA,NA,"1",NA,NA,"1013","0.251",NA,NA,NA,NA,NA,NA,NA,NA,"2",NA,NA,NA,NA,NA,"0",NA,NA,NA,NA
NA,NA,NA,NA,NA,NA,NA,"2.83",NA,NA,NA,NA,NA,NA,NA,NA,NA,NA,NA,NA,NA,NA,"0",NA,NA,NA,NA,NA,"0",NA,"0",NA,NA,NA,NA,NA,NA,NA,NA,"2",NA,"0.879",NA,NA,NA,NA,NA,"32.48",NA,NA
NA,NA,NA,NA,NA,NA,NA,"2.91",NA,NA,NA,NA,NA,NA,NA,NA,NA,NA,NA,NA,NA,NA,"0",NA,NA,NA,NA,NA,NA,NA,"16.205",NA,NA,NA,NA,NA,NA,NA,NA,"4",NA,NA,NA,NA,NA,NA,NA,NA,NA,NA
NA,NA,NA,NA,NA,NA,NA,"4.87",NA,NA,NA,NA,NA,NA,NA,NA,NA,NA,NA,NA,NA,NA,"0",NA,NA,NA,"1",NA,NA,NA,"0.932",NA,NA,NA,NA,NA,NA,NA,NA,"1",NA,NA,NA,NA,NA,NA,NA,NA,NA,NA
NA,NA,NA,NA,NA,NA,NA,"6.18",NA,NA,NA,NA,"2004-10-06",NA,NA,NA,NA,NA,NA,NA,NA,NA,"0",NA,NA,NA,"1",NA,NA,NA,"0.015",NA,NA,NA,NA,NA,NA,NA,NA,"4",NA,NA,NA,NA,NA,NA,NA,NA,NA,NA
NA,NA,NA,NA,NA,NA,NA,"3.96",NA,NA,NA,NA,NA,NA,NA,NA,NA,NA,NA,NA,NA,NA,"0",NA,NA,NA,NA,NA,"0",NA,"0.091","6071.54",NA,NA,NA,NA,NA,NA,NA,"3",NA,"0.867",NA,NA,NA,NA,NA,"44.68",NA,NA
NA,NA,NA,NA,NA,NA,NA,"3.42",NA,NA,NA,NA,"2003-05-01",NA,NA,NA,NA,NA,NA,NA,NA,NA,"0",NA,NA,NA,NA,NA,"0",NA,"0",NA,NA,NA,NA,NA,NA,NA,NA,"0",NA,"0.938",NA,NA,NA,NA,NA,"63.76",NA,NA
NA,NA,NA,NA,NA,NA,NA,NA,NA,NA,NA,NA,"2008-12-31",NA,NA,NA,NA,NA,NA,NA,"R11",NA,NA,NA,NA,NA,NA,NA,NA,NA,"0.38",NA,NA,NA,NA,NA,NA,NA,NA,"5",NA,NA,NA,NA,NA,NA,NA,NA,NA,NA
NA,NA,NA,NA,NA,NA,NA,"4.3",NA,NA,NA,NA,"2009-01-21",NA,NA,NA,NA,NA,NA,NA,NA,NA,"0",NA,NA,NA,NA,NA,NA,NA,"1.006",NA,NA,NA,NA,NA,NA,NA,NA,"3",NA,NA,NA,NA,NA,NA,NA,NA,NA,NA
NA,NA,NA,NA,NA,NA,NA,"3.49",NA,NA,NA,NA,"1999-02-10",NA,NA,NA,NA,NA,NA,NA,NA,NA,"0",NA,NA,NA,"1",NA,NA,NA,"2.443",NA,NA,NA,NA,NA,NA,NA,NA,"3",NA,NA,NA,NA,NA,NA,NA,NA,NA,NA
NA,NA,NA,NA,NA,NA,NA,"1.54",NA,NA,NA,NA,NA,NA,NA,NA,NA,NA,NA,NA,NA,NA,"0",NA,NA,NA,"1",NA,NA,NA,"0",NA,NA,NA,NA,NA,NA,NA,NA,"6",NA,NA,NA,NA,NA,NA,NA,NA,NA,NA
NA,NA,NA,NA,NA,NA,"E/W","5.15",NA,NA,NA,NA,NA,NA,NA,NA,NA,NA,NA,NA,NA,NA,"0",NA,NA,NA,NA,NA,NA,NA,"0.361","3024.6",NA,NA,NA,NA,NA,NA,NA,"4",NA,NA,NA,NA,NA,NA,NA,NA,NA,NA
NA,NA,NA,NA,NA,NA,NA,"3.9",NA,NA,NA,NA,NA,NA,NA,NA,NA,NA,NA,NA,NA,NA,"0",NA,NA,NA,NA,NA,"0",NA,NA,"1334.14",NA,NA,NA,NA,NA,NA,NA,"5",NA,"0.885",NA,NA,NA,NA,NA,"52.96",NA,NA
NA,"1970","555",NA,NA,NA,NA,"3.88",NA,NA,NA,NA,NA,NA,NA,NA,NA,NA,NA,NA,NA,NA,"0",NA,NA,NA,NA,NA,"0",NA,"0.823","4737.85","0",NA,NA,NA,"210",NA,NA,"3",NA,"0.876","0",NA,NA,NA,NA,"50.49",NA,NA
NA,NA,NA,NA,NA,NA,NA,"7.45",NA,NA,NA,NA,"1998-10-02",NA,NA,NA,NA,NA,NA,NA,NA,NA,"0",NA,NA,NA,NA,NA,NA,NA,"0.022",NA,NA,NA,NA,NA,NA,NA,NA,"2",NA,NA,NA,NA,NA,NA,NA,NA,NA,NA
NA,NA,NA,NA,NA,NA,NA,"3.75",NA,NA,NA,NA,"2016-10-10",NA,NA,NA,NA,NA,NA,NA,NA,NA,"0",NA,NA,NA,NA,NA,NA,NA,"0.34",NA,NA,NA,NA,NA,NA,NA,NA,"0",NA,NA,NA,NA,NA,NA,NA,NA,NA,NA
NA,NA,NA,NA,NA,NA,NA,"3.46",NA,NA,NA,NA,"1999-04-07",NA,NA,NA,NA,NA,NA,NA,NA,NA,"0",NA,NA,NA,NA,NA,NA,NA,"0",NA,NA,NA,NA,NA,NA,NA,NA,"0",NA,NA,NA,NA,NA,NA,NA,NA,NA,NA
NA,NA,NA,NA,NA,NA,"E/W","6.72",NA,NA,NA,NA,"2013-11-27",NA,NA,NA,NA,NA,NA,NA,NA,NA,"0",NA,NA,NA,NA,NA,NA,NA,"0.042",NA,NA,NA,NA,NA,NA,NA,NA,"3",NA,NA,NA,NA,NA,NA,NA,NA,NA,NA
NA,"2010",NA,NA,NA,NA,NA,"2.8",NA,NA,NA,NA,"2005-03-31",NA,NA,NA,NA,NA,NA,NA,NA,NA,"0",NA,NA,NA,NA,NA,NA,NA,"1.62","2036.18",NA,NA,NA,NA,NA,NA,NA,"3",NA,NA,"0",NA,NA,NA,NA,NA,NA,NA
NA,NA,NA,NA,NA,NA,NA,"3.61",NA,NA,NA,NA,NA,NA,NA,NA,NA,NA,NA,NA,NA,NA,"0",NA,NA,NA,NA,NA,"0",NA,"2.276",NA,NA,NA,NA,NA,NA,NA,NA,"7",NA,"0.824",NA,NA,NA,NA,NA,"57.44",NA,NA
NA,NA,NA,NA,NA,NA,NA,"4.46",NA,NA,NA,NA,"2010-05-19",NA,NA,NA,NA,NA,NA,NA,NA,NA,"0",NA,NA,NA,NA,NA,NA,NA,"0.043",NA,NA,NA,NA,NA,NA,NA,NA,"2",NA,NA,NA,NA,NA,NA,NA,NA,NA,NA
NA,NA,NA,NA,NA,NA,NA,"5.4",NA,NA,NA,NA,"2011-12-16",NA,NA,NA,NA,NA,NA,NA,NA,NA,"0",NA,NA,NA,NA,NA,NA,NA,NA,"1047.85",NA,NA,NA,NA,NA,NA,NA,"1",NA,NA,NA,NA,NA,NA,NA,NA,NA,NA
NA,"2007",NA,NA,NA,NA,"E/W","2.98",NA,NA,NA,NA,"2009-06-23",NA,NA,NA,NA,NA,NA,NA,NA,NA,"0",NA,NA,NA,NA,NA,NA,NA,"0.355",NA,"0",NA,NA,NA,NA,NA,NA,"5",NA,NA,"0",NA,NA,NA,NA,NA,NA,NA
NA,NA,NA,NA,NA,NA,NA,"4.06",NA,NA,NA,NA,NA,NA,NA,NA,NA,NA,NA,NA,NA,NA,"0",NA,NA,NA,NA,NA,"0",NA,"0.077","706.56",NA,NA,NA,NA,NA,NA,NA,"5",NA,"0.951",NA,NA,NA,NA,NA,"26.33",NA,NA
NA,"2009",NA,NA,NA,NA,NA,"4.59",NA,NA,NA,NA,"2003-07-15",NA,NA,NA,NA,NA,NA,NA,NA,NA,"0",NA,NA,NA,NA,NA,"0",NA,"0","202.37",NA,NA,NA,NA,NA,NA,NA,"0",NA,"0.933","0",NA,NA,NA,NA,"33.46",NA,NA
NA,NA,NA,NA,"303",NA,NA,"2.69",NA,NA,NA,"0",NA,NA,"0.000354",NA,NA,NA,NA,NA,NA,"0","0",NA,NA,NA,"1",NA,"0","1177","0.004","211.57",NA,NA,NA,NA,NA,NA,NA,"-1",NA,"0.921","0",NA,NA,"0",NA,"38.14",NA,NA
NA,"1978",NA,NA,NA,NA,NA,"5.1",NA,NA,NA,NA,"2015-10-14",NA,NA,NA,NA,NA,NA,NA,NA,NA,"0",NA,NA,NA,NA,NA,"0",NA,"2.243",NA,"0",NA,NA,NA,NA,NA,NA,"-1",NA,"0.923","0",NA,NA,NA,NA,"10.81",NA,NA
NA,NA,NA,NA,NA,NA,"E/W","2.3",NA,NA,NA,NA,"2009-12-10",NA,NA,NA,NA,NA,NA,NA,NA,NA,"0",NA,NA,NA,NA,NA,NA,NA,"0",NA,NA,NA,NA,NA,NA,NA,NA,"-1",NA,NA,NA,NA,NA,NA,NA,NA,NA,NA
NA,NA,NA,NA,NA,NA,NA,"3.65",NA,NA,NA,NA,"2016-05-18",NA,NA,NA,NA,NA,NA,NA,NA,NA,"0",NA,NA,NA,NA,NA,NA,NA,"0.026",NA,NA,NA,NA,NA,"210",NA,NA,"4",NA,NA,NA,NA,NA,NA,NA,NA,NA,NA
NA,NA,NA,NA,NA,NA,"E/W","3.2",NA,NA,NA,NA,"2009-06-30",NA,NA,NA,NA,NA,NA,NA,NA,NA,"0",NA,NA,NA,NA,NA,"0",NA,"0.06",NA,NA,NA,NA,NA,NA,NA,NA,"6",NA,"0.882",NA,NA,NA,NA,NA,"25.81",NA,NA
NA,NA,NA,NA,NA,NA,NA,"3.5",NA,NA,NA,NA,"2016-01-14",NA,NA,NA,NA,NA,NA,NA,NA,NA,"0",NA,NA,NA,NA,NA,NA,NA,"0",NA,NA,NA,NA,NA,NA,NA,NA,"0",NA,NA,NA,NA,NA,NA,NA,NA,NA,NA
NA,NA,NA,NA,NA,NA,"E/W",NA,NA,NA,NA,NA,"2013-03-13",NA,NA,NA,NA,NA,NA,NA,NA,NA,NA,NA,NA,NA,"1",NA,"0",NA,"0.156",NA,NA,NA,NA,NA,NA,NA,NA,"5",NA,"0.966",NA,NA,NA,NA,NA,"18.28",NA,NA
NA,NA,NA,NA,NA,NA,NA,"4.81",NA,NA,NA,NA,NA,NA,NA,NA,NA,NA,NA,NA,NA,NA,"0",NA,NA,NA,NA,NA,NA,NA,NA,NA,NA,NA,NA,NA,NA,NA,NA,"7",NA,NA,NA,NA,NA,NA,NA,NA,NA,NA
NA,"1976",NA,NA,NA,NA,NA,"3.7",NA,NA,NA,NA,"2001-12-02",NA,NA,NA,NA,NA,NA,NA,NA,NA,"0",NA,NA,NA,NA,NA,NA,NA,"0",NA,"0",NA,NA,NA,NA,NA,NA,"4",NA,NA,"0",NA,NA,NA,NA,NA,NA,NA
NA,NA,NA,NA,NA,NA,NA,"4.45",NA,NA,NA,NA,NA,NA,NA,NA,NA,NA,NA,NA,NA,NA,"0",NA,NA,NA,NA,NA,NA,NA,"0.106",NA,NA,NA,NA,NA,NA,NA,NA,"0",NA,NA,NA,NA,NA,NA,NA,NA,NA,NA
NA,NA,NA,NA,NA,NA,"E/W","3.2",NA,NA,NA,NA,"2008-08-21",NA,NA,NA,NA,NA,NA,NA,NA,NA,"0",NA,NA,NA,NA,NA,NA,NA,"0.487","222.99","0",NA,NA,NA,NA,NA,NA,"2",NA,NA,"0",NA,NA,NA,NA,NA,NA,NA
NA,NA,NA,NA,NA,NA,"NCIN","5",NA,NA,NA,NA,NA,NA,NA,NA,NA,NA,NA,NA,NA,NA,"0",NA,NA,NA,NA,NA,NA,NA,"0.021",NA,NA,NA,NA,NA,NA,NA,NA,"1",NA,NA,NA,NA,NA,NA,NA,NA,NA,NA
NA,NA,NA,NA,NA,NA,NA,"3.41",NA,NA,NA,NA,"2008-06-02",NA,NA,NA,NA,NA,NA,NA,NA,NA,"0",NA,NA,NA,NA,NA,NA,NA,"0",NA,NA,NA,NA,NA,NA,NA,NA,"7",NA,NA,NA,NA,NA,NA,NA,NA,NA,NA
NA,NA,NA,NA,NA,NA,NA,"3.8",NA,NA,NA,NA,"2005-05-19",NA,NA,NA,NA,NA,NA,NA,NA,NA,"0",NA,NA,NA,NA,NA,"0",NA,"0.279","871.21",NA,NA,NA,NA,NA,NA,NA,"7",NA,"0.853",NA,NA,NA,NA,NA,"88.39",NA,NA
NA,NA,NA,NA,NA,NA,NA,"5.1",NA,NA,NA,NA,"2013-06-26",NA,NA,NA,NA,NA,NA,NA,NA,NA,"0",NA,NA,NA,NA,NA,NA,NA,"0.93",NA,NA,NA,NA,NA,NA,NA,NA,"0",NA,NA,NA,NA,NA,NA,NA,NA,NA,NA
NA,"2000",NA,NA,NA,NA,NA,"4.06",NA,NA,NA,NA,"2008-07-22","374500",NA,NA,NA,NA,NA,"-4.857",NA,NA,"0","i913n",NA,NA,"1",NA,"0",NA,"2.927","4510.01","0",NA,NA,NA,NA,"2013-02-12 08:08:21","2","4",NA,"0.858","0",NA,NA,NA,NA,"46.93",NA,NA
NA,NA,NA,NA,NA,NA,NA,"3.05",NA,NA,NA,NA,"2004-10-05",NA,NA,NA,NA,NA,NA,NA,NA,NA,"0",NA,NA,NA,"1",NA,NA,NA,"0.914","2352.11",NA,NA,NA,NA,NA,NA,NA,"7",NA,NA,NA,NA,NA,NA,NA,NA,NA,NA
NA,NA,NA,NA,"311",NA,NA,"3.5",NA,NA,NA,"0",NA,NA,"0.000412",NA,NA,NA,NA,NA,NA,"0","0",NA,NA,NA,NA,NA,NA,"819","0.179",NA,NA,NA,NA,NA,NA,NA,NA,"2",NA,NA,"0",NA,NA,"0",NA,NA,NA,NA
NA,NA,NA,NA,NA,NA,NA,"3.12",NA,NA,NA,NA,NA,NA,NA,NA,NA,NA,NA,NA,NA,NA,"0",NA,NA,NA,"1",NA,NA,NA,"1.43","1823.77",NA,NA,NA,NA,NA,NA,NA,"3",NA,NA,NA,NA,NA,NA,NA,NA,NA,NA
NA,"2004",NA,NA,NA,NA,NA,"3.91",NA,NA,NA,NA,NA,NA,NA,NA,NA,NA,NA,NA,NA,NA,"0",NA,NA,NA,NA,NA,NA,NA,"0.861",NA,"0",NA,NA,NA,NA,NA,NA,"3",NA,NA,"0",NA,NA,NA,NA,NA,NA,NA
NA,NA,NA,NA,NA,NA,NA,"5.28",NA,NA,NA,NA,"2011-04-14",NA,NA,NA,NA,NA,NA,NA,NA,NA,"0",NA,NA,NA,NA,NA,NA,NA,"0",NA,NA,NA,NA,NA,NA,NA,NA,"7",NA,NA,NA,NA,NA,NA,NA,NA,NA,NA
NA,"2007",NA,NA,NA,NA,NA,"5.9",NA,NA,NA,NA,NA,"387500",NA,NA,NA,NA,NA,"-3.143",NA,NA,"0","i819n",NA,NA,"1",NA,"0",NA,"0.178","2108.38","-131",NA,NA,NA,NA,NA,"2","6",NA,"0.879","0",NA,NA,NA,NA,"70.53",NA,NA
NA,NA,NA,NA,NA,NA,NA,"2.9",NA,NA,NA,NA,NA,NA,NA,NA,NA,NA,NA,NA,NA,NA,"0",NA,NA,NA,NA,NA,NA,NA,"2.45",NA,NA,NA,NA,NA,NA,NA,NA,"7",NA,NA,NA,NA,NA,NA,NA,NA,NA,NA
NA,NA,NA,NA,NA,NA,NA,"5.48",NA,NA,NA,NA,"2002-01-16",NA,NA,NA,NA,NA,NA,NA,NA,NA,"0",NA,NA,NA,NA,NA,"0",NA,"0.158","1730.51",NA,NA,NA,NA,NA,NA,NA,"3",NA,"0.928",NA,NA,NA,NA,NA,"58.55",NA,NA
NA,NA,NA,NA,NA,NA,"E/W","4.67",NA,NA,NA,NA,"2016-10-12",NA,NA,NA,NA,NA,NA,NA,"Z515",NA,"0",NA,NA,NA,"1",NA,"0",NA,"0",NA,NA,NA,NA,NA,NA,NA,NA,"0",NA,"1",NA,NA,NA,NA,NA,"0",NA,NA
NA,NA,NA,NA,NA,NA,NA,"3.4",NA,NA,NA,NA,"2011-04-18",NA,NA,NA,NA,NA,NA,NA,NA,NA,"0",NA,NA,NA,NA,NA,NA,NA,"0.609",NA,NA,NA,NA,NA,NA,NA,NA,"2",NA,NA,NA,NA,NA,NA,NA,NA,NA,NA
NA,NA,NA,NA,NA,NA,NA,"3.92",NA,NA,NA,NA,NA,NA,NA,NA,NA,NA,NA,NA,NA,NA,"0",NA,NA,NA,NA,NA,NA,NA,"0.984",NA,NA,NA,NA,NA,NA,NA,NA,"6",NA,NA,NA,NA,NA,NA,NA,NA,NA,NA
NA,NA,NA,NA,NA,NA,NA,"2.3",NA,NA,NA,NA,"2011-12-14","436500",NA,NA,NA,NA,NA,"-6.857",NA,NA,"0","i913n",NA,NA,NA,NA,NA,NA,"0.786","7777.21",NA,NA,NA,NA,NA,"2012-09-15 08:54:22","2","2",NA,NA,NA,NA,NA,NA,NA,NA,NA,NA
NA,NA,NA,NA,NA,NA,NA,NA,NA,NA,NA,NA,"2006-03-03",NA,NA,NA,NA,NA,NA,NA,NA,NA,NA,NA,NA,NA,NA,NA,NA,NA,"0.934",NA,NA,NA,NA,NA,NA,NA,NA,"2",NA,NA,NA,NA,NA,NA,NA,NA,NA,NA
NA,"1982",NA,NA,NA,NA,NA,"3.24",NA,NA,NA,NA,"2013-01-07",NA,NA,NA,NA,NA,NA,NA,NA,NA,"0",NA,NA,NA,NA,NA,"0",NA,"0.738","7368.08","0",NA,NA,NA,NA,NA,NA,"4",NA,"0.847","0",NA,NA,NA,NA,"41.17","555",NA
NA,NA,NA,NA,NA,NA,"E/W",NA,NA,NA,NA,NA,"2008-10-08",NA,NA,NA,NA,NA,NA,NA,NA,NA,NA,NA,NA,NA,NA,NA,NA,NA,"0",NA,NA,NA,NA,NA,NA,NA,NA,"5",NA,NA,NA,NA,NA,NA,NA,NA,NA,NA
NA,NA,NA,NA,NA,NA,"E/W","4",NA,NA,NA,NA,NA,NA,NA,NA,NA,NA,NA,NA,NA,NA,"0",NA,NA,NA,NA,NA,NA,NA,"0.071",NA,NA,NA,NA,NA,NA,NA,NA,"6",NA,NA,NA,NA,NA,NA,NA,NA,NA,NA
NA,NA,NA,NA,NA,NA,NA,"3.62",NA,NA,NA,NA,"2014-03-06",NA,NA,NA,NA,NA,NA,NA,NA,NA,"0",NA,NA,NA,NA,NA,NA,NA,"0.688",NA,NA,NA,NA,NA,NA,NA,NA,"7",NA,NA,NA,NA,NA,NA,NA,NA,NA,NA
NA,"2003",NA,NA,NA,NA,NA,"2.69",NA,NA,NA,NA,NA,NA,NA,NA,NA,NA,NA,NA,NA,NA,"0",NA,NA,NA,NA,NA,NA,NA,"0.326",NA,"0",NA,NA,NA,NA,NA,NA,"0",NA,NA,"0",NA,NA,NA,NA,NA,NA,NA
NA,NA,NA,NA,NA,NA,NA,"7.4",NA,NA,NA,NA,"2016-03-09",NA,NA,NA,NA,NA,NA,NA,NA,NA,"0",NA,NA,NA,NA,NA,"0",NA,"0","1195.99",NA,NA,NA,NA,NA,NA,NA,"7",NA,"0.909",NA,NA,NA,NA,NA,"34.63",NA,NA
NA,NA,NA,NA,NA,NA,"E/W","4.2",NA,NA,NA,NA,"2000-08-07",NA,NA,NA,NA,NA,NA,NA,NA,NA,"0",NA,NA,NA,NA,NA,NA,NA,"0.001",NA,NA,NA,NA,NA,NA,NA,NA,"-3",NA,NA,NA,NA,NA,NA,NA,NA,NA,NA
NA,NA,NA,NA,NA,NA,NA,"3.2",NA,NA,NA,NA,"2002-12-19",NA,NA,NA,NA,NA,NA,NA,NA,NA,"0",NA,NA,NA,NA,NA,NA,NA,"2.216",NA,NA,NA,NA,NA,NA,NA,NA,"2",NA,NA,NA,NA,NA,NA,NA,NA,NA,NA
NA,"2005",NA,NA,NA,NA,NA,"3.4",NA,NA,NA,NA,NA,NA,NA,NA,NA,NA,NA,NA,NA,NA,"0",NA,NA,NA,NA,NA,NA,NA,"0","1643.75","-131",NA,NA,NA,"210",NA,NA,"5",NA,NA,"0",NA,NA,NA,NA,NA,"1",NA
NA,NA,NA,NA,NA,NA,NA,"3.21",NA,NA,NA,NA,"2016-04-18",NA,NA,NA,NA,NA,NA,NA,NA,NA,"0",NA,NA,NA,NA,NA,"0",NA,"0.063",NA,NA,NA,NA,NA,NA,NA,NA,"2",NA,"0.893",NA,NA,NA,NA,NA,"32.8",NA,NA
NA,"1992",NA,NA,"103",NA,NA,"5.1",NA,NA,NA,"3","2008-11-19","283500","0.000393",NA,NA,NA,NA,"-4.857",NA,"1","0","i651n",NA,NA,NA,NA,NA,"705","0.011","609.09","0",NA,NA,NA,NA,"2012-08-23 09:25:05","2","4",NA,NA,"0",NA,NA,"0",NA,NA,NA,NA
NA,NA,NA,NA,NA,NA,NA,NA,NA,NA,NA,NA,NA,NA,NA,NA,NA,NA,NA,NA,NA,NA,NA,NA,NA,NA,"1",NA,NA,NA,"0","885.99",NA,NA,NA,NA,NA,NA,NA,"4",NA,NA,NA,NA,NA,NA,NA,NA,NA,NA
NA,NA,NA,NA,NA,NA,"E/W","6.8",NA,NA,NA,NA,NA,NA,NA,NA,NA,NA,NA,NA,NA,NA,"0",NA,NA,NA,NA,NA,NA,NA,"1.727",NA,NA,NA,NA,NA,NA,NA,NA,"5",NA,NA,NA,NA,NA,NA,NA,NA,NA,NA
NA,NA,NA,NA,NA,NA,NA,"3.72",NA,NA,NA,NA,"2014-11-13",NA,NA,NA,NA,NA,NA,NA,NA,NA,"0",NA,NA,NA,NA,NA,"0",NA,"0","3704.7",NA,NA,NA,NA,NA,NA,NA,"7",NA,"0.907",NA,NA,NA,NA,NA,"30.95",NA,NA
NA,"1985",NA,NA,NA,NA,NA,"3.98",NA,NA,NA,NA,NA,NA,NA,NA,NA,NA,NA,NA,NA,NA,"0",NA,NA,NA,NA,NA,"0",NA,"0.253",NA,"0",NA,NA,NA,NA,NA,NA,"4",NA,"0.867","0",NA,NA,NA,NA,"50.91",NA,NA
NA,NA,NA,NA,NA,NA,NA,"4.58",NA,NA,NA,NA,"2009-01-26",NA,NA,NA,NA,NA,NA,NA,NA,NA,"0",NA,NA,NA,NA,NA,NA,NA,"0",NA,NA,NA,NA,NA,NA,NA,NA,"6",NA,NA,NA,NA,NA,NA,NA,NA,NA,NA
NA,"1995",NA,NA,NA,NA,NA,"4.66",NA,NA,NA,NA,NA,NA,NA,NA,NA,NA,NA,NA,NA,NA,"0",NA,NA,NA,NA,NA,NA,NA,"0.248",NA,"0",NA,NA,NA,NA,NA,NA,"0",NA,NA,"0",NA,NA,NA,NA,NA,NA,NA
NA,NA,NA,NA,NA,NA,NA,"4.48",NA,NA,NA,NA,NA,NA,NA,NA,NA,NA,NA,NA,NA,NA,"0",NA,NA,NA,NA,NA,NA,NA,"0.186",NA,NA,NA,NA,NA,NA,NA,NA,"3",NA,NA,NA,NA,NA,NA,NA,NA,NA,NA
NA,NA,NA,NA,NA,NA,NA,"5.19",NA,NA,NA,NA,NA,NA,NA,NA,NA,NA,NA,NA,NA,NA,"0",NA,NA,NA,NA,NA,NA,NA,"0.02",NA,NA,NA,NA,NA,NA,NA,NA,"0",NA,NA,NA,NA,NA,NA,NA,NA,NA,NA
NA,NA,NA,NA,NA,NA,NA,"2.43",NA,NA,NA,NA,NA,NA,NA,NA,NA,NA,NA,NA,NA,NA,"0",NA,NA,NA,NA,NA,NA,NA,"3.026",NA,NA,NA,NA,NA,NA,NA,NA,"2",NA,NA,NA,NA,NA,NA,NA,NA,NA,NA
NA,NA,NA,NA,NA,NA,"E/W","7.29",NA,NA,NA,NA,"2013-09-19",NA,NA,NA,NA,NA,NA,NA,"K529",NA,"0",NA,NA,NA,NA,NA,NA,NA,"12.521",NA,NA,NA,NA,NA,NA,NA,NA,"0",NA,NA,NA,NA,NA,NA,NA,NA,NA,NA
NA,NA,NA,NA,NA,NA,NA,"3",NA,NA,NA,NA,"2016-11-02",NA,NA,NA,NA,NA,NA,NA,NA,NA,"0",NA,NA,NA,NA,NA,NA,NA,"8.137",NA,NA,NA,NA,NA,NA,NA,NA,"7",NA,NA,NA,NA,NA,NA,NA,NA,NA,NA
NA,NA,NA,NA,NA,NA,"NCIN","4.51",NA,NA,NA,NA,"2011-08-02",NA,NA,NA,NA,NA,NA,NA,"R768",NA,"0",NA,NA,NA,NA,NA,NA,NA,"0.083",NA,NA,NA,NA,NA,NA,NA,NA,"7",NA,NA,NA,NA,NA,NA,NA,NA,NA,NA
NA,NA,NA,NA,NA,NA,NA,"4.2",NA,NA,NA,NA,"1998-10-16",NA,NA,NA,NA,NA,NA,NA,NA,NA,"0",NA,NA,NA,NA,NA,NA,NA,"0.068",NA,NA,NA,NA,NA,NA,NA,NA,"7",NA,NA,NA,NA,NA,NA,NA,NA,NA,NA
NA,NA,NA,NA,NA,NA,NA,"4.95",NA,NA,NA,NA,NA,NA,NA,NA,NA,NA,NA,NA,NA,NA,"0",NA,NA,NA,"1",NA,NA,NA,"6.83",NA,NA,NA,NA,NA,NA,NA,NA,"6",NA,NA,NA,NA,NA,NA,NA,NA,NA,NA
NA,NA,NA,NA,NA,NA,NA,"3.42",NA,NA,NA,NA,NA,NA,NA,NA,NA,NA,NA,NA,NA,NA,"0",NA,NA,NA,NA,NA,NA,NA,"1.668",NA,NA,NA,NA,NA,NA,NA,NA,"5",NA,NA,NA,NA,NA,NA,NA,NA,NA,NA
NA,NA,NA,NA,NA,NA,NA,NA,NA,NA,NA,NA,NA,NA,NA,NA,NA,NA,NA,NA,NA,NA,NA,NA,NA,NA,NA,NA,NA,NA,"0",NA,NA,NA,NA,NA,NA,NA,NA,"0",NA,NA,NA,NA,NA,NA,NA,NA,NA,NA
NA,NA,NA,NA,NA,NA,NA,"3.44",NA,NA,NA,NA,NA,NA,NA,NA,NA,NA,NA,NA,NA,NA,"0",NA,NA,NA,NA,NA,NA,NA,"0.233",NA,NA,NA,NA,NA,NA,NA,NA,"2",NA,NA,NA,NA,NA,NA,NA,NA,NA,NA
NA,NA,NA,NA,NA,NA,NA,"7.7",NA,NA,NA,NA,"2017-03-23",NA,NA,NA,NA,NA,NA,NA,NA,NA,"0",NA,NA,NA,NA,NA,NA,NA,"0.001",NA,NA,NA,NA,NA,NA,NA,NA,"7",NA,NA,NA,NA,NA,NA,NA,NA,NA,NA
NA,NA,NA,NA,NA,NA,NA,"2.8",NA,NA,NA,NA,"2014-07-03",NA,NA,NA,NA,NA,NA,NA,NA,NA,"0",NA,NA,NA,NA,NA,NA,NA,"0.038",NA,NA,NA,NA,NA,NA,NA,NA,"2",NA,NA,NA,NA,NA,NA,NA,NA,NA,NA
NA,NA,NA,NA,NA,NA,NA,"4.1",NA,NA,NA,NA,"1999-11-23",NA,NA,NA,NA,NA,NA,NA,NA,NA,"0",NA,NA,NA,NA,NA,NA,NA,"1.71",NA,NA,NA,NA,NA,NA,NA,NA,"6",NA,NA,NA,NA,NA,NA,NA,NA,NA,NA
NA,NA,NA,NA,NA,NA,"E/W","3.93",NA,NA,NA,NA,"2011-12-19",NA,NA,NA,NA,NA,NA,NA,NA,NA,"0",NA,NA,NA,NA,NA,NA,NA,"0.062",NA,NA,NA,NA,NA,NA,NA,NA,"0",NA,NA,NA,NA,NA,NA,NA,NA,NA,NA
NA,NA,NA,NA,NA,NA,NA,"3.78",NA,NA,NA,NA,"2013-05-09",NA,NA,NA,NA,NA,NA,NA,NA,NA,"0",NA,NA,NA,NA,NA,NA,NA,"5.112",NA,NA,NA,NA,NA,NA,NA,NA,"0",NA,NA,NA,NA,NA,NA,NA,NA,NA,NA
NA,"2006",NA,NA,NA,NA,NA,"4.4",NA,NA,NA,NA,NA,"405500",NA,NA,NA,NA,NA,"-8",NA,NA,"0","i938n",NA,NA,NA,NA,NA,NA,"0.634",NA,NA,NA,NA,NA,"210","2012-09-25 09:04:28","2","1",NA,NA,"0",NA,NA,NA,NA,NA,NA,NA
NA,"2009",NA,NA,"289",NA,NA,"6.5",NA,NA,NA,"4","1997-05-30",NA,"0.000466",NA,NA,NA,NA,NA,NA,"0","0",NA,NA,NA,NA,NA,NA,"1130","0.052",NA,"-141",NA,NA,NA,NA,NA,NA,"3",NA,NA,"0",NA,NA,"0",NA,NA,NA,NA
NA,NA,NA,NA,NA,NA,NA,"3.61",NA,NA,NA,NA,"2013-11-07",NA,NA,NA,NA,NA,NA,NA,NA,NA,"0",NA,NA,NA,"1",NA,NA,NA,"0.011",NA,NA,NA,NA,NA,NA,NA,NA,"3",NA,NA,NA,NA,NA,NA,NA,NA,NA,NA
NA,NA,NA,NA,NA,NA,NA,"4.9",NA,NA,NA,NA,NA,NA,NA,NA,NA,NA,NA,NA,NA,NA,"0",NA,NA,NA,NA,NA,NA,NA,"0.473",NA,NA,NA,NA,NA,NA,NA,NA,"1",NA,NA,NA,NA,NA,NA,NA,NA,NA,NA
NA,NA,NA,NA,NA,NA,NA,NA,NA,NA,NA,NA,"2010-10-11",NA,NA,NA,NA,NA,NA,NA,NA,NA,NA,NA,NA,NA,NA,NA,NA,NA,"2.344",NA,NA,NA,NA,NA,NA,NA,NA,"3",NA,NA,NA,NA,NA,NA,NA,NA,NA,NA
NA,NA,NA,NA,NA,NA,NA,"4.86",NA,NA,NA,NA,"2004-02-13",NA,NA,NA,NA,NA,NA,NA,NA,NA,NA,NA,NA,NA,NA,NA,"0",NA,"0",NA,NA,NA,NA,NA,"210",NA,NA,"7",NA,"0.825",NA,NA,NA,NA,NA,"53.1",NA,NA
NA,"1972",NA,NA,NA,NA,"SCOT","2.4",NA,NA,NA,NA,NA,NA,NA,NA,NA,NA,NA,NA,NA,NA,"0",NA,NA,NA,NA,NA,NA,NA,NA,NA,"-131",NA,NA,NA,"211",NA,NA,"7",NA,NA,"0",NA,NA,NA,NA,NA,NA,NA
NA,NA,NA,NA,NA,NA,"NCIN","3.89",NA,NA,NA,NA,NA,NA,NA,NA,NA,NA,NA,NA,NA,NA,"0",NA,NA,NA,NA,NA,NA,NA,"0.039",NA,NA,NA,NA,NA,NA,NA,NA,"5",NA,NA,NA,NA,NA,NA,NA,NA,NA,NA
NA,NA,NA,NA,NA,NA,NA,"3.84",NA,NA,NA,NA,NA,NA,NA,NA,NA,NA,NA,NA,NA,NA,"0",NA,NA,NA,NA,NA,"0",NA,"0.267",NA,"0",NA,NA,NA,NA,NA,NA,"3",NA,"0.888","0",NA,NA,NA,NA,"133.56",NA,NA
NA,"1984",NA,NA,NA,NA,NA,"4.71",NA,NA,NA,NA,"2006-10-09",NA,NA,NA,NA,NA,NA,NA,NA,NA,"0",NA,NA,NA,NA,NA,"0.2",NA,"0.003",NA,"0",NA,NA,NA,NA,NA,NA,"4",NA,"0.992","0",NA,NA,NA,NA,"8.55",NA,NA
NA,"1970",NA,NA,NA,NA,NA,"5.59",NA,NA,NA,NA,NA,NA,NA,NA,NA,NA,NA,NA,NA,NA,"0",NA,NA,NA,NA,NA,"0",NA,"0.048",NA,"0",NA,NA,NA,NA,NA,NA,"1",NA,"0.895","0",NA,NA,NA,NA,"48.88",NA,NA
NA,"2000",NA,NA,NA,NA,"NCIN","4.96",NA,NA,NA,NA,NA,NA,NA,NA,NA,NA,NA,NA,NA,NA,"0",NA,NA,NA,NA,NA,"0",NA,"11.369","3890.09","0",NA,NA,NA,NA,NA,NA,"0",NA,"0.927","0",NA,NA,NA,NA,"51.88",NA,NA
NA,NA,NA,NA,NA,NA,NA,"5.47",NA,NA,NA,NA,NA,NA,NA,NA,NA,NA,NA,NA,NA,NA,"0",NA,NA,NA,"1",NA,NA,NA,"0",NA,NA,NA,NA,NA,NA,NA,NA,"4",NA,NA,NA,NA,NA,NA,NA,NA,NA,NA
NA,NA,NA,NA,NA,NA,"E/W","4.19",NA,NA,NA,NA,"2015-06-23",NA,NA,NA,NA,NA,NA,NA,NA,NA,"0",NA,NA,NA,"1",NA,NA,NA,"0.382",NA,NA,NA,NA,NA,NA,NA,NA,"3",NA,NA,NA,NA,NA,NA,NA,NA,NA,NA
NA,NA,NA,NA,NA,NA,NA,"3.42",NA,NA,NA,NA,NA,NA,NA,NA,NA,NA,NA,NA,NA,NA,"0",NA,NA,NA,"1",NA,NA,NA,"0.065","3050.51",NA,NA,NA,NA,NA,NA,NA,"7",NA,NA,NA,NA,NA,NA,NA,NA,NA,NA
NA,NA,NA,NA,NA,NA,NA,"3.14",NA,NA,NA,NA,NA,NA,NA,NA,NA,NA,NA,NA,NA,NA,"0",NA,NA,NA,NA,NA,NA,NA,"0","269.69",NA,NA,NA,NA,NA,NA,NA,"2",NA,NA,NA,NA,NA,NA,NA,NA,NA,NA
NA,NA,NA,NA,NA,NA,"E/W","4.99",NA,NA,NA,NA,"2016-04-22",NA,NA,NA,NA,NA,NA,NA,NA,NA,"0",NA,NA,NA,NA,NA,NA,NA,"0.003",NA,NA,NA,NA,NA,NA,NA,NA,"5",NA,NA,"0",NA,NA,NA,NA,NA,NA,NA
NA,NA,NA,NA,NA,NA,NA,"3.9",NA,NA,NA,NA,NA,NA,NA,NA,NA,NA,NA,NA,NA,NA,"0",NA,NA,NA,NA,NA,NA,NA,NA,NA,NA,NA,NA,NA,NA,NA,NA,"0",NA,NA,NA,NA,NA,NA,NA,NA,NA,NA
NA,"2007",NA,NA,NA,NA,"SCOT","4",NA,NA,NA,NA,"2006-07-24",NA,NA,NA,NA,NA,NA,NA,NA,NA,"0",NA,NA,NA,NA,NA,NA,NA,NA,"4477.23","0",NA,NA,NA,NA,NA,NA,"5",NA,NA,"0",NA,NA,NA,NA,NA,NA,NA
NA,NA,NA,NA,NA,NA,NA,"5.18",NA,NA,NA,NA,"2016-12-20",NA,NA,NA,NA,NA,NA,NA,NA,NA,"0",NA,NA,NA,NA,NA,"0",NA,"0.602",NA,NA,NA,NA,NA,"210",NA,NA,"1",NA,"0.886","0",NA,NA,NA,NA,"33.23",NA,NA
NA,NA,NA,NA,NA,NA,NA,"5.21",NA,NA,NA,NA,"2001-01-11",NA,NA,NA,NA,NA,NA,NA,NA,NA,"0",NA,NA,NA,NA,NA,NA,NA,"0.055","4474.33",NA,NA,NA,NA,"210",NA,NA,"0",NA,NA,NA,NA,NA,NA,NA,NA,NA,NA
NA,NA,NA,NA,NA,NA,NA,"3.39",NA,NA,NA,NA,NA,NA,NA,NA,NA,NA,NA,NA,NA,NA,"0",NA,NA,NA,NA,NA,NA,NA,"4.524",NA,NA,NA,NA,NA,NA,NA,NA,"7",NA,NA,NA,NA,NA,NA,NA,NA,NA,NA
NA,"1985",NA,NA,NA,NA,"SCOT","2.7",NA,NA,NA,NA,"2005-04-11",NA,NA,NA,NA,NA,NA,NA,NA,NA,"0",NA,NA,NA,NA,NA,"0",NA,NA,"1317.14","0",NA,NA,NA,NA,NA,NA,"7",NA,"0.892","0",NA,NA,NA,"1","48.89",NA,NA
NA,NA,NA,NA,NA,NA,NA,"2.27",NA,NA,NA,NA,"2006-06-21",NA,NA,NA,"360",NA,NA,NA,NA,NA,"0",NA,NA,NA,"1",NA,"0",NA,"0.002","1511.92",NA,NA,NA,NA,NA,NA,NA,"5",NA,"0.898",NA,NA,NA,NA,NA,"153.15",NA,NA
NA,NA,NA,NA,NA,NA,NA,"3.1",NA,NA,NA,NA,NA,NA,NA,NA,NA,NA,NA,NA,NA,NA,"0",NA,NA,NA,NA,NA,NA,NA,"0",NA,NA,NA,NA,NA,NA,NA,NA,"1",NA,NA,NA,NA,NA,NA,NA,NA,NA,NA
NA,NA,NA,NA,NA,NA,NA,"6.7",NA,NA,NA,NA,"2006-03-20",NA,NA,NA,NA,NA,NA,NA,NA,NA,"0",NA,NA,NA,NA,NA,NA,NA,"0.086",NA,NA,NA,NA,NA,NA,NA,NA,"1",NA,NA,NA,NA,NA,NA,NA,NA,NA,NA
NA,NA,NA,NA,NA,NA,NA,"8.77",NA,NA,NA,NA,NA,NA,NA,NA,NA,NA,NA,NA,NA,NA,"0",NA,NA,NA,"1",NA,NA,NA,"0.009","1169.13","0",NA,NA,NA,NA,NA,NA,"1",NA,NA,"0",NA,NA,NA,NA,NA,NA,NA
NA,"1978",NA,NA,NA,NA,NA,"6.23",NA,NA,NA,NA,"2014-12-20",NA,NA,NA,NA,NA,NA,NA,NA,NA,"0",NA,NA,NA,NA,NA,NA,NA,"1.644","5777.32","0",NA,NA,NA,NA,NA,NA,"3",NA,NA,"0",NA,NA,NA,NA,NA,NA,NA
NA,NA,NA,NA,NA,NA,"E/W","6.91",NA,NA,NA,NA,"2017-02-24",NA,NA,NA,NA,NA,NA,NA,"R296",NA,"0",NA,NA,NA,NA,NA,NA,NA,"0.016",NA,NA,NA,NA,NA,NA,NA,NA,"3",NA,NA,NA,NA,NA,NA,NA,NA,NA,NA
NA,NA,NA,NA,NA,NA,NA,"4.43",NA,NA,NA,NA,"2009-05-14",NA,NA,NA,NA,NA,NA,NA,NA,NA,"0",NA,NA,NA,NA,NA,NA,NA,"1.225",NA,NA,NA,NA,NA,NA,NA,NA,"2",NA,NA,NA,NA,NA,NA,NA,NA,NA,NA
NA,NA,NA,NA,NA,NA,NA,"2.45",NA,NA,NA,NA,"2012-01-30",NA,NA,NA,NA,NA,NA,NA,NA,NA,"0",NA,NA,NA,NA,NA,NA,NA,"2.967",NA,NA,NA,NA,NA,NA,NA,NA,"5",NA,NA,NA,NA,NA,NA,NA,NA,NA,NA
NA,NA,NA,NA,NA,NA,NA,"3.26",NA,NA,NA,NA,"2001-05-09",NA,NA,NA,NA,NA,NA,NA,NA,NA,"0",NA,NA,NA,NA,NA,NA,NA,"1.2",NA,NA,NA,NA,NA,NA,NA,NA,"3",NA,NA,NA,NA,NA,NA,NA,NA,NA,NA
NA,NA,NA,NA,NA,NA,NA,NA,NA,NA,NA,NA,NA,NA,NA,NA,"44",NA,NA,NA,NA,NA,NA,NA,NA,NA,"1",NA,NA,NA,"0",NA,NA,NA,NA,NA,NA,NA,NA,"5",NA,NA,NA,NA,NA,NA,NA,NA,NA,NA
NA,NA,NA,NA,NA,NA,"E/W","4.1",NA,NA,NA,NA,"2014-10-11",NA,NA,NA,NA,NA,NA,NA,NA,NA,"0",NA,NA,NA,NA,NA,"0",NA,"0","978.49",NA,NA,NA,NA,NA,NA,NA,"3",NA,"0.974",NA,NA,NA,NA,NA,"21.84",NA,NA
NA,NA,NA,NA,NA,NA,NA,"2.99",NA,NA,NA,NA,NA,NA,NA,NA,NA,NA,NA,NA,NA,NA,"0",NA,NA,NA,NA,NA,NA,NA,"0",NA,NA,NA,NA,NA,NA,NA,NA,"3",NA,NA,NA,NA,NA,NA,NA,NA,NA,NA
NA,NA,NA,NA,NA,NA,NA,"4.11",NA,NA,NA,NA,"2016-03-24",NA,NA,NA,NA,NA,NA,NA,NA,NA,"0",NA,NA,NA,NA,NA,NA,NA,"0.03",NA,NA,NA,NA,NA,NA,NA,NA,"0",NA,NA,NA,NA,NA,NA,NA,NA,NA,NA
NA,NA,NA,NA,NA,NA,NA,"5.08",NA,NA,NA,NA,"2014-11-13",NA,NA,NA,NA,NA,NA,NA,NA,NA,"0",NA,NA,NA,NA,NA,NA,NA,"0",NA,NA,NA,NA,NA,NA,NA,NA,"3",NA,NA,NA,NA,NA,NA,NA,NA,NA,NA
NA,NA,NA,NA,NA,NA,NA,"5.04",NA,NA,NA,NA,"2008-01-30",NA,NA,NA,NA,NA,NA,NA,NA,NA,"0",NA,NA,NA,NA,NA,NA,NA,"0.803",NA,NA,NA,NA,NA,NA,NA,NA,"7",NA,NA,NA,NA,NA,NA,NA,NA,NA,NA
NA,"1960",NA,NA,NA,NA,"SCOT","3",NA,NA,NA,NA,"1999-04-28",NA,NA,NA,NA,NA,NA,NA,NA,NA,"0",NA,NA,NA,NA,NA,"0",NA,NA,NA,"0",NA,NA,NA,NA,NA,NA,"7",NA,"0.915","0",NA,NA,NA,NA,"37.14",NA,NA
NA,NA,NA,NA,NA,NA,NA,"3.22",NA,NA,NA,NA,NA,NA,NA,NA,NA,NA,NA,NA,NA,NA,"0",NA,NA,NA,NA,NA,"0",NA,"0.013",NA,NA,NA,NA,NA,NA,NA,NA,"1",NA,"0.866",NA,NA,NA,NA,NA,"67.06",NA,NA
NA,NA,NA,NA,NA,NA,NA,NA,NA,NA,NA,NA,NA,NA,NA,NA,NA,NA,NA,NA,NA,NA,NA,NA,NA,NA,NA,NA,NA,NA,NA,NA,NA,NA,NA,NA,NA,NA,NA,"1",NA,NA,NA,NA,NA,NA,NA,NA,NA,NA
NA,NA,NA,NA,NA,NA,"E/W","2.95",NA,NA,NA,NA,NA,NA,NA,NA,NA,NA,NA,NA,NA,NA,"0",NA,NA,NA,NA,NA,NA,NA,"2.015",NA,NA,NA,NA,NA,NA,NA,NA,"3",NA,NA,NA,NA,NA,NA,NA,NA,NA,NA
NA,NA,NA,NA,NA,NA,NA,"3.69",NA,NA,NA,NA,NA,NA,NA,NA,NA,NA,NA,NA,NA,NA,"0",NA,NA,NA,NA,NA,"2.7",NA,NA,"5030.64","0",NA,NA,NA,NA,NA,NA,"3",NA,"0.885","0",NA,NA,NA,NA,"44.24",NA,NA
NA,NA,NA,NA,NA,NA,NA,"5.01",NA,NA,NA,NA,"2002-02-09",NA,NA,NA,NA,NA,NA,NA,NA,NA,"0",NA,NA,NA,NA,NA,NA,NA,"17.514",NA,NA,NA,NA,NA,NA,NA,NA,"1",NA,NA,NA,NA,NA,NA,NA,NA,NA,NA
NA,"1971",NA,NA,NA,NA,NA,"2.75",NA,NA,NA,NA,"2016-10-12",NA,NA,NA,NA,NA,NA,NA,NA,NA,"0",NA,NA,NA,NA,NA,NA,NA,"1.006",NA,"0",NA,NA,NA,NA,NA,NA,"3",NA,NA,"0",NA,NA,NA,NA,NA,NA,NA
NA,NA,NA,NA,"434",NA,"E/W","3.6",NA,NA,NA,"3","1998-03-03",NA,"0.000337",NA,NA,NA,NA,NA,NA,"0","0",NA,NA,NA,NA,NA,NA,"1142","1.398",NA,NA,NA,NA,NA,NA,NA,NA,"0",NA,NA,NA,NA,NA,"0",NA,NA,NA,NA
NA,"1967",NA,NA,NA,NA,NA,"3.11",NA,NA,NA,NA,"2012-12-04",NA,NA,NA,NA,NA,NA,NA,NA,NA,"0",NA,NA,NA,NA,NA,"0",NA,"0.02","650.88","0",NA,NA,NA,NA,NA,NA,"-1",NA,"0.92","0",NA,NA,NA,NA,"44.62",NA,NA
NA,"2009",NA,NA,NA,NA,NA,"5",NA,NA,NA,NA,"2006-11-02",NA,NA,NA,NA,NA,NA,NA,NA,NA,"0",NA,NA,NA,NA,NA,"0",NA,"0.108",NA,NA,NA,NA,NA,NA,NA,NA,"3",NA,"0.908","0",NA,NA,NA,NA,"69.07",NA,NA
NA,NA,NA,NA,"641",NA,"E/W","4.42",NA,NA,NA,"1","2008-07-30",NA,"0.000406",NA,NA,NA,NA,NA,NA,"0","0",NA,NA,NA,NA,NA,NA,"1024","0.204","4594.99","0",NA,NA,NA,NA,NA,NA,"4",NA,NA,"0",NA,NA,"0",NA,NA,NA,NA
NA,NA,NA,NA,NA,NA,NA,"4.34",NA,NA,NA,NA,NA,NA,NA,NA,NA,NA,NA,NA,NA,NA,"0",NA,NA,NA,NA,NA,NA,NA,"0.08",NA,NA,NA,NA,NA,NA,NA,NA,"7",NA,NA,NA,NA,NA,NA,NA,NA,NA,NA
NA,"1988",NA,NA,"136",NA,NA,NA,NA,NA,"30.72","3","1999-10-04","304500","0.000536",NA,NA,NA,NA,"-6.286",NA,"0",NA,"i20nc250n",NA,NA,NA,NA,NA,"998","2.945","4614.44",NA,NA,NA,NA,NA,"2012-11-04 08:48:30","2","2",NA,NA,"0",NA,NA,"1",NA,NA,NA,NA
NA,NA,NA,NA,NA,NA,"E/W","3.9",NA,NA,NA,NA,"2014-01-28",NA,NA,NA,NA,NA,NA,NA,NA,NA,"0",NA,NA,NA,NA,NA,NA,NA,NA,NA,NA,NA,NA,NA,NA,NA,NA,"3",NA,NA,NA,NA,NA,NA,NA,NA,NA,NA
NA,NA,NA,NA,NA,NA,NA,NA,NA,NA,NA,NA,NA,NA,NA,NA,NA,NA,NA,NA,NA,NA,NA,NA,NA,NA,NA,NA,NA,NA,"0.621",NA,NA,NA,NA,NA,NA,NA,NA,"2",NA,NA,NA,NA,NA,NA,NA,NA,NA,NA
NA,NA,NA,NA,NA,NA,NA,NA,NA,NA,NA,NA,"2004-06-21",NA,NA,NA,NA,NA,NA,NA,NA,NA,NA,NA,NA,NA,NA,NA,NA,NA,"0.524",NA,NA,NA,NA,NA,NA,NA,NA,"6",NA,NA,NA,NA,NA,NA,NA,NA,NA,NA
NA,NA,NA,NA,NA,NA,NA,"6.55",NA,NA,NA,NA,NA,NA,NA,NA,NA,NA,NA,NA,NA,NA,"0",NA,NA,NA,"1",NA,"0",NA,"1.594",NA,NA,NA,NA,NA,NA,NA,NA,"3",NA,"0.928",NA,NA,NA,NA,NA,"33.8",NA,NA
NA,NA,NA,NA,NA,NA,NA,"2.12",NA,NA,NA,NA,NA,NA,NA,NA,NA,NA,NA,NA,NA,NA,"0",NA,NA,NA,NA,NA,NA,NA,"2.022",NA,NA,NA,NA,NA,NA,NA,NA,"0",NA,NA,NA,NA,NA,NA,NA,NA,NA,NA
NA,NA,NA,NA,NA,NA,NA,"5.06",NA,NA,NA,NA,NA,NA,NA,NA,NA,NA,NA,NA,NA,NA,"0",NA,NA,NA,NA,NA,NA,NA,"0.029",NA,NA,NA,NA,NA,NA,NA,NA,"-1",NA,NA,NA,NA,NA,NA,NA,NA,NA,NA
NA,NA,NA,NA,NA,NA,NA,"3.82",NA,NA,NA,NA,NA,NA,NA,NA,NA,NA,NA,NA,NA,NA,"0",NA,NA,NA,NA,NA,NA,NA,"0.236",NA,NA,NA,NA,NA,NA,NA,NA,"2",NA,NA,NA,NA,NA,NA,NA,NA,NA,NA
NA,NA,NA,NA,NA,NA,NA,"2.2",NA,NA,NA,NA,"2005-04-26",NA,NA,NA,NA,NA,NA,NA,NA,NA,"0",NA,NA,NA,NA,NA,"0",NA,"0.988","8057.68",NA,NA,NA,NA,"210",NA,NA,"2",NA,"0.95",NA,NA,NA,NA,NA,"41.65",NA,NA
NA,NA,NA,NA,NA,NA,NA,"2.9",NA,NA,NA,NA,"2007-09-27",NA,NA,NA,NA,NA,NA,NA,NA,NA,"0",NA,NA,NA,NA,NA,NA,NA,"1.612",NA,NA,NA,NA,NA,NA,NA,NA,"3",NA,NA,NA,NA,NA,NA,NA,NA,NA,NA
NA,"1974",NA,NA,NA,NA,NA,"3.34",NA,NA,NA,NA,"2016-08-09",NA,NA,NA,NA,NA,NA,NA,NA,NA,"0",NA,NA,NA,NA,NA,NA,NA,"0.157",NA,"0",NA,NA,NA,NA,NA,NA,"3",NA,NA,"0",NA,NA,NA,NA,NA,NA,NA
NA,NA,NA,NA,NA,NA,"SCOT","2.3",NA,NA,NA,NA,"2011-03-30",NA,NA,NA,NA,NA,NA,NA,NA,NA,"0",NA,NA,NA,NA,NA,NA,NA,NA,"956.08",NA,NA,NA,NA,NA,NA,NA,"0",NA,NA,NA,NA,NA,NA,NA,NA,NA,NA
NA,NA,NA,NA,NA,NA,NA,"2.9",NA,NA,NA,NA,"1998-09-16",NA,NA,NA,NA,NA,NA,NA,"Z530",NA,"0",NA,NA,NA,NA,NA,NA,NA,"0",NA,NA,NA,NA,NA,NA,NA,NA,"-1",NA,NA,NA,NA,NA,NA,NA,NA,NA,NA
NA,NA,NA,NA,NA,NA,NA,"4.73",NA,NA,NA,NA,"1997-11-14",NA,NA,NA,NA,NA,NA,NA,NA,NA,"0",NA,NA,NA,"1",NA,NA,NA,"0.162",NA,NA,NA,NA,NA,NA,NA,NA,"4",NA,NA,NA,NA,NA,NA,NA,NA,NA,NA
NA,"1984",NA,NA,NA,NA,NA,"3.61",NA,NA,NA,NA,"2007-12-10",NA,NA,NA,NA,NA,NA,NA,NA,NA,"0",NA,NA,NA,NA,NA,NA,NA,"0.608","313.61","0",NA,NA,NA,NA,NA,NA,"3",NA,NA,"0",NA,NA,NA,NA,NA,NA,NA
NA,"1982",NA,NA,"895",NA,NA,"3.3",NA,NA,NA,"2","2012-10-19",NA,NA,NA,NA,NA,NA,NA,NA,"1","0",NA,NA,NA,NA,NA,"0",NA,"0.476",NA,"0",NA,NA,NA,NA,NA,NA,"2",NA,"0.887","0",NA,NA,"0",NA,"48.76",NA,NA
NA,NA,NA,NA,NA,NA,NA,"5.6",NA,NA,NA,NA,"2016-05-05",NA,NA,NA,NA,NA,NA,NA,NA,NA,"0",NA,NA,NA,NA,NA,NA,NA,"0",NA,NA,NA,NA,NA,NA,NA,NA,"4",NA,NA,NA,NA,NA,NA,NA,NA,NA,NA
NA,NA,NA,NA,NA,NA,NA,"5.34",NA,NA,NA,NA,"2016-08-08",NA,NA,NA,NA,NA,NA,NA,NA,NA,"0",NA,NA,NA,NA,NA,NA,NA,"0.046",NA,NA,NA,NA,NA,"210",NA,NA,"4",NA,NA,NA,NA,NA,NA,NA,NA,NA,NA
NA,NA,NA,NA,NA,NA,NA,"4.8",NA,NA,NA,NA,"1999-10-13",NA,NA,NA,NA,NA,NA,NA,NA,NA,"0",NA,NA,NA,NA,NA,"0",NA,"0","3567.65",NA,NA,NA,NA,NA,NA,NA,"3",NA,"0.995",NA,NA,NA,NA,NA,"0.15",NA,NA
NA,NA,NA,NA,NA,NA,"SCOT","4.9",NA,NA,NA,NA,"2011-07-19",NA,NA,NA,NA,NA,NA,NA,NA,NA,"0",NA,NA,NA,NA,NA,NA,NA,NA,NA,NA,NA,NA,NA,NA,NA,NA,"7",NA,NA,NA,NA,NA,NA,NA,NA,NA,NA
NA,NA,NA,NA,NA,NA,NA,"3.54",NA,NA,NA,NA,NA,NA,NA,NA,NA,NA,NA,NA,NA,NA,"0",NA,NA,NA,NA,NA,NA,NA,"0.109",NA,NA,NA,NA,NA,NA,NA,NA,"3",NA,NA,NA,NA,NA,NA,NA,NA,NA,NA
NA,"2012",NA,NA,"059",NA,NA,"2.48",NA,NA,"33.34","2","2007-02-07",NA,"0.000397",NA,NA,NA,NA,NA,NA,"0","0",NA,NA,NA,"1",NA,NA,"1428","0.127","1788.86","0",NA,NA,NA,"211",NA,NA,"0",NA,NA,"0",NA,NA,"0",NA,NA,NA,NA
NA,"1996",NA,NA,NA,NA,NA,"4.11",NA,NA,NA,NA,"2013-11-29",NA,NA,NA,NA,NA,NA,NA,NA,NA,"0",NA,NA,NA,NA,NA,"0",NA,"3.085","5578.39","0",NA,NA,NA,NA,NA,NA,"4",NA,"0.847","0",NA,NA,NA,NA,"51.82",NA,NA
NA,"2014",NA,NA,NA,NA,NA,"1.17",NA,NA,NA,NA,NA,NA,NA,NA,NA,NA,NA,NA,NA,NA,"0",NA,NA,NA,NA,NA,"0",NA,"0.515",NA,"0",NA,NA,NA,NA,NA,NA,"2",NA,"0.891","0",NA,NA,NA,NA,"44.94",NA,NA
NA,NA,NA,NA,NA,NA,NA,"5.2",NA,NA,NA,NA,"2011-04-04",NA,NA,NA,NA,NA,NA,NA,NA,NA,"0",NA,NA,NA,NA,NA,NA,NA,"0.245",NA,NA,NA,NA,NA,NA,NA,NA,"5",NA,NA,NA,NA,NA,NA,NA,NA,NA,NA
NA,NA,NA,NA,NA,NA,NA,"2.82",NA,NA,NA,NA,"2016-02-02",NA,NA,NA,NA,NA,NA,NA,NA,NA,"0",NA,NA,NA,NA,NA,NA,NA,"0.108",NA,NA,NA,NA,NA,NA,NA,NA,"4",NA,NA,NA,NA,NA,NA,NA,NA,NA,NA
NA,NA,NA,NA,NA,NA,"NCIN","6.66",NA,NA,NA,NA,"2016-09-21",NA,NA,NA,NA,NA,NA,NA,NA,NA,"0",NA,NA,NA,NA,NA,NA,NA,"0.002",NA,NA,NA,NA,NA,NA,NA,NA,"-1",NA,NA,NA,NA,NA,NA,NA,NA,NA,NA
NA,NA,NA,NA,NA,NA,NA,"4.9",NA,NA,NA,NA,NA,NA,NA,NA,"14",NA,NA,NA,NA,NA,"0",NA,NA,NA,"1",NA,NA,NA,"0.027",NA,NA,NA,NA,NA,NA,NA,NA,"7",NA,NA,NA,NA,NA,NA,NA,NA,NA,NA
NA,NA,NA,NA,NA,NA,NA,"3.84",NA,NA,NA,NA,NA,NA,NA,NA,"59",NA,NA,NA,NA,NA,"0",NA,NA,NA,"1",NA,NA,NA,"6.541",NA,NA,NA,NA,NA,NA,NA,NA,"3",NA,NA,NA,NA,NA,NA,NA,NA,NA,NA
NA,NA,NA,NA,NA,NA,NA,"5.1",NA,NA,NA,NA,"2012-10-12",NA,NA,NA,NA,NA,NA,NA,NA,NA,"0",NA,NA,NA,NA,NA,"0",NA,NA,NA,NA,NA,NA,NA,NA,NA,NA,"4",NA,"0.857",NA,NA,NA,NA,NA,"44.44",NA,NA
NA,"2005",NA,NA,NA,NA,"E/W","3.48",NA,NA,NA,NA,"2011-09-12",NA,NA,NA,NA,NA,NA,NA,NA,NA,"0",NA,NA,NA,NA,NA,"0",NA,"0.53","1123.66","0",NA,NA,NA,"211",NA,NA,"7",NA,"0.877","0",NA,NA,NA,NA,"54.85",NA,NA
NA,NA,NA,NA,NA,NA,"E/W","3.18",NA,NA,NA,NA,"2009-05-01",NA,NA,NA,NA,NA,NA,NA,NA,NA,"0",NA,NA,NA,NA,NA,NA,NA,"0.323",NA,NA,NA,NA,NA,NA,NA,NA,"0",NA,NA,NA,NA,NA,NA,NA,NA,NA,NA
NA,"2009",NA,NA,NA,NA,NA,"3.68",NA,NA,NA,NA,"2011-07-21",NA,NA,NA,NA,NA,NA,NA,NA,NA,"0",NA,NA,NA,NA,NA,NA,NA,"0",NA,"0",NA,NA,NA,NA,NA,NA,"6",NA,NA,"0",NA,NA,NA,NA,NA,NA,NA
NA,NA,NA,NA,"044",NA,NA,"2.4",NA,NA,NA,"2",NA,NA,"0.000437",NA,NA,NA,NA,NA,NA,"0","0",NA,NA,NA,NA,NA,NA,"949","0.198",NA,NA,NA,NA,NA,NA,NA,NA,"1",NA,NA,NA,NA,NA,"0",NA,NA,NA,NA
NA,NA,NA,NA,"359",NA,NA,"2.29",NA,NA,NA,"2","2010-04-10",NA,NA,NA,NA,NA,NA,NA,NA,"1","0",NA,NA,NA,NA,NA,NA,NA,"0.002",NA,NA,NA,NA,NA,NA,NA,NA,"2",NA,NA,NA,NA,NA,"0",NA,NA,NA,NA
NA,NA,NA,NA,NA,NA,NA,"5.07",NA,NA,NA,NA,NA,NA,NA,NA,NA,NA,NA,NA,NA,NA,"0",NA,NA,NA,NA,NA,NA,NA,"0.55",NA,NA,NA,NA,NA,NA,NA,NA,"7",NA,NA,NA,NA,NA,NA,NA,NA,NA,NA
NA,"1982",NA,NA,NA,NA,"E/W","4.82",NA,NA,NA,NA,NA,NA,NA,NA,NA,NA,NA,NA,NA,NA,"0",NA,NA,NA,NA,NA,"0",NA,"2.323",NA,"-131",NA,NA,NA,NA,NA,NA,"2",NA,"0.904","0",NA,NA,NA,NA,"32.19",NA,NA
NA,"2010",NA,NA,"582",NA,NA,"2.68",NA,NA,"30.27","2",NA,NA,"0.000453",NA,NA,NA,NA,NA,NA,"0","0",NA,NA,NA,NA,NA,NA,"1290","0.02","10405",NA,NA,NA,NA,NA,NA,NA,"5",NA,NA,"0",NA,NA,"1",NA,NA,NA,NA
NA,NA,NA,NA,NA,NA,NA,"2.53",NA,NA,NA,NA,NA,NA,NA,NA,"44",NA,NA,NA,NA,NA,"0",NA,NA,NA,"1",NA,NA,NA,"0.101",NA,NA,NA,NA,NA,NA,NA,NA,"2",NA,NA,NA,NA,NA,NA,NA,NA,NA,NA
NA,NA,NA,NA,NA,NA,"E/W","4.1",NA,NA,NA,NA,"2011-03-02",NA,NA,NA,NA,NA,NA,NA,NA,NA,"0",NA,NA,NA,NA,NA,NA,NA,"0.262",NA,NA,NA,NA,NA,NA,NA,NA,"7",NA,NA,NA,NA,NA,NA,NA,NA,NA,NA
NA,NA,NA,NA,NA,NA,"E/W","2.89",NA,NA,NA,NA,"2009-02-20",NA,NA,NA,NA,NA,NA,NA,NA,NA,"0",NA,NA,NA,NA,NA,NA,NA,"1.329",NA,NA,NA,NA,NA,NA,NA,NA,"4",NA,NA,NA,NA,NA,NA,NA,NA,NA,NA
NA,NA,NA,NA,NA,NA,"E/W","5.48",NA,NA,NA,NA,NA,NA,NA,NA,NA,NA,NA,NA,NA,NA,"0",NA,NA,NA,NA,NA,NA,NA,"0",NA,NA,NA,NA,NA,NA,NA,NA,"3",NA,NA,NA,NA,NA,NA,NA,NA,NA,NA
NA,"1964",NA,NA,NA,NA,"SCOT","3.2",NA,NA,NA,NA,"2013-07-03",NA,NA,NA,NA,NA,NA,NA,NA,NA,"0",NA,NA,NA,NA,NA,NA,NA,NA,"9510.56","0",NA,NA,NA,NA,NA,NA,"7",NA,NA,"0",NA,NA,NA,NA,NA,NA,NA
NA,NA,NA,NA,NA,NA,NA,"3.66",NA,NA,NA,NA,"2002-06-18",NA,NA,NA,NA,NA,NA,NA,NA,NA,"0",NA,NA,NA,NA,NA,NA,NA,"8.829",NA,"-141",NA,NA,NA,NA,NA,NA,"5",NA,NA,"0",NA,NA,NA,NA,NA,NA,NA
NA,NA,NA,NA,NA,NA,NA,"3.38",NA,NA,NA,NA,"2000-12-04",NA,NA,NA,NA,NA,NA,NA,NA,NA,"0",NA,NA,NA,NA,NA,NA,NA,"0.035",NA,NA,NA,NA,NA,NA,NA,NA,"5",NA,NA,NA,NA,NA,NA,NA,NA,NA,NA
NA,NA,NA,NA,NA,NA,NA,"3.47",NA,NA,NA,NA,"2000-12-05",NA,NA,NA,NA,NA,NA,NA,NA,NA,"0",NA,NA,NA,NA,NA,NA,NA,"0",NA,NA,NA,NA,NA,NA,NA,NA,"2",NA,NA,NA,NA,NA,NA,NA,NA,NA,NA
NA,NA,NA,NA,NA,NA,NA,"3.9",NA,NA,NA,NA,"2002-08-13",NA,NA,NA,NA,NA,NA,NA,NA,NA,"0",NA,NA,NA,NA,NA,NA,NA,NA,NA,NA,NA,NA,NA,NA,NA,NA,"2",NA,NA,NA,NA,NA,NA,NA,NA,NA,NA
NA,"2008",NA,NA,NA,NA,NA,"4.32",NA,NA,NA,NA,"2008-05-14",NA,NA,NA,"44",NA,NA,NA,NA,NA,"0",NA,NA,NA,"1",NA,"0",NA,"0",NA,NA,NA,NA,NA,NA,NA,NA,"7",NA,"0.877","0",NA,NA,NA,NA,"54.19",NA,NA
NA,"2009",NA,NA,NA,NA,NA,"5.46",NA,NA,NA,NA,"2003-02-07",NA,NA,NA,NA,NA,NA,NA,NA,NA,"0",NA,NA,NA,NA,NA,"0",NA,"8.338","1245.45","-131",NA,NA,NA,NA,NA,NA,"3",NA,"0.898","0",NA,NA,NA,NA,"55.7",NA,NA
NA,NA,NA,NA,NA,NA,"E/W","7.25",NA,NA,NA,NA,"2009-11-11",NA,NA,NA,NA,NA,NA,NA,NA,NA,"0",NA,NA,NA,NA,NA,NA,NA,"0.447",NA,NA,NA,NA,NA,NA,NA,NA,"7",NA,NA,NA,NA,NA,NA,NA,NA,NA,NA
NA,NA,NA,NA,NA,NA,NA,"3.84",NA,NA,NA,NA,NA,NA,NA,NA,NA,NA,NA,NA,NA,NA,"0",NA,NA,NA,NA,NA,NA,NA,"0",NA,NA,NA,NA,NA,NA,NA,NA,"2",NA,NA,NA,NA,NA,NA,NA,NA,NA,NA
NA,NA,NA,NA,"940",NA,NA,"2.7",NA,NA,NA,"3","2007-02-07",NA,"0.000515",NA,NA,NA,NA,NA,NA,"1","0",NA,NA,NA,NA,NA,"0","738","0.428",NA,"0",NA,NA,NA,NA,NA,NA,"3",NA,"0.887","0",NA,NA,"0",NA,"41.6",NA,NA
NA,NA,NA,NA,NA,NA,NA,"8.2",NA,NA,NA,NA,"2014-01-22",NA,NA,NA,NA,NA,NA,NA,NA,NA,"0",NA,NA,NA,NA,NA,"0",NA,"0.023","119.14",NA,NA,NA,NA,NA,NA,NA,"5",NA,"0.992",NA,NA,NA,NA,NA,"13.31",NA,NA
NA,"2008",NA,NA,NA,NA,NA,"5.45",NA,NA,NA,NA,"2011-04-26",NA,NA,NA,NA,NA,NA,NA,NA,NA,"0",NA,NA,NA,NA,NA,"0",NA,"17.514","3463.03","0",NA,NA,NA,"210",NA,NA,"1",NA,"0.906","0",NA,NA,NA,NA,"58.03",NA,NA
NA,"2003",NA,NA,NA,NA,NA,"2.25",NA,NA,NA,NA,"2006-02-23",NA,NA,NA,NA,NA,NA,NA,NA,NA,"0",NA,NA,NA,NA,NA,NA,NA,"1.602",NA,"0",NA,NA,NA,NA,NA,NA,"4",NA,NA,"0",NA,NA,NA,NA,NA,NA,NA
NA,NA,"555",NA,NA,NA,NA,"4.89",NA,NA,NA,NA,NA,NA,NA,NA,NA,NA,NA,NA,NA,NA,"0",NA,NA,NA,NA,NA,NA,NA,"0.275",NA,NA,NA,NA,NA,NA,NA,NA,"7",NA,NA,NA,NA,NA,NA,NA,NA,NA,NA
NA,NA,NA,NA,NA,NA,"NCIN","4.94",NA,NA,NA,NA,"2017-02-23",NA,NA,NA,NA,NA,NA,NA,NA,NA,"0",NA,NA,NA,NA,NA,NA,NA,"0.237",NA,NA,NA,NA,NA,NA,NA,NA,"5",NA,NA,NA,NA,NA,NA,NA,NA,NA,NA
NA,NA,NA,NA,NA,NA,NA,"9.06",NA,NA,NA,NA,"2017-03-08",NA,NA,NA,NA,NA,NA,NA,NA,NA,"0",NA,NA,NA,NA,NA,NA,NA,"0.997",NA,NA,NA,NA,NA,NA,NA,NA,"3",NA,NA,NA,NA,NA,NA,NA,NA,NA,NA
NA,NA,NA,NA,NA,NA,NA,"4.88",NA,NA,NA,NA,NA,NA,NA,NA,NA,NA,NA,NA,NA,NA,"0",NA,NA,NA,NA,NA,NA,NA,"0",NA,NA,NA,NA,NA,NA,NA,NA,"4",NA,NA,NA,NA,NA,NA,NA,NA,NA,NA
NA,"1981",NA,NA,"608",NA,NA,"3.5",NA,NA,NA,"2",NA,NA,"0.000342",NA,NA,NA,NA,NA,NA,"1","0",NA,NA,NA,NA,NA,"0","590",NA,NA,"0",NA,NA,NA,NA,NA,NA,"2",NA,"0.903","0",NA,NA,"0",NA,"39.29",NA,NA
NA,NA,NA,NA,NA,NA,NA,"2",NA,NA,NA,NA,NA,NA,NA,NA,NA,NA,NA,NA,NA,NA,"0",NA,NA,NA,NA,NA,NA,NA,"0",NA,NA,NA,NA,NA,NA,NA,NA,"1",NA,NA,NA,NA,NA,NA,NA,NA,NA,NA
NA,NA,NA,NA,NA,NA,NA,NA,NA,NA,NA,NA,NA,NA,NA,NA,NA,NA,NA,NA,NA,NA,NA,NA,NA,NA,NA,NA,NA,NA,"0.547",NA,NA,NA,NA,NA,NA,NA,NA,"5",NA,NA,NA,NA,NA,NA,NA,NA,NA,NA
NA,"1981",NA,NA,NA,NA,NA,"5.54",NA,NA,NA,NA,"2003-06-12",NA,NA,NA,"359",NA,NA,NA,NA,NA,"0",NA,NA,NA,"1",NA,NA,NA,"0",NA,"0",NA,NA,NA,NA,NA,NA,"5",NA,NA,"0",NA,NA,NA,NA,NA,NA,NA
NA,NA,NA,NA,NA,NA,"E/W","3.68",NA,NA,NA,NA,"2012-03-05",NA,NA,NA,NA,NA,NA,NA,NA,NA,"0",NA,NA,NA,NA,NA,NA,NA,"0.006",NA,NA,NA,NA,NA,NA,NA,NA,"7",NA,NA,NA,NA,NA,NA,NA,NA,NA,NA
NA,NA,NA,NA,NA,NA,"SCOT","1.9",NA,NA,NA,NA,"2010-11-29",NA,NA,NA,NA,NA,NA,NA,NA,NA,"0",NA,NA,NA,NA,NA,NA,NA,NA,"2646.95",NA,NA,NA,NA,NA,NA,NA,"7",NA,NA,NA,NA,NA,NA,NA,NA,NA,NA
NA,NA,NA,NA,NA,NA,NA,"3.8",NA,NA,NA,NA,"2002-08-06",NA,NA,NA,NA,NA,NA,NA,NA,NA,"0",NA,NA,NA,NA,NA,NA,NA,"0.014",NA,NA,NA,NA,NA,NA,NA,NA,"3",NA,NA,NA,NA,NA,NA,NA,NA,NA,NA
NA,NA,NA,NA,"103",NA,NA,"1.93",NA,NA,NA,"2","1999-05-26",NA,"0.000429",NA,NA,NA,NA,NA,NA,"1","0",NA,NA,NA,NA,NA,"0","937","0.069",NA,NA,NA,NA,NA,NA,NA,NA,"6",NA,"0.848",NA,NA,NA,"0",NA,"44.67",NA,NA
NA,NA,NA,NA,"518",NA,NA,"4.52",NA,NA,NA,"5",NA,NA,NA,NA,"4",NA,NA,NA,NA,"1","0",NA,NA,NA,"1",NA,NA,NA,"0.851",NA,NA,NA,NA,NA,NA,NA,NA,"5",NA,NA,NA,NA,NA,"0",NA,NA,NA,NA
NA,NA,NA,NA,NA,NA,NA,"2.9",NA,NA,NA,NA,"2008-10-13",NA,NA,NA,NA,NA,NA,NA,NA,NA,"0",NA,NA,NA,NA,NA,NA,NA,"0.098",NA,NA,NA,NA,NA,NA,NA,NA,"7",NA,NA,NA,NA,NA,NA,NA,NA,NA,NA
NA,NA,NA,NA,NA,NA,"E/W","2.34",NA,NA,NA,NA,"1999-03-01",NA,NA,NA,NA,NA,NA,NA,NA,NA,"0",NA,NA,NA,"1",NA,NA,NA,"0.213",NA,NA,NA,NA,NA,NA,NA,NA,"2",NA,NA,NA,NA,NA,NA,NA,NA,NA,NA
NA,NA,NA,NA,NA,NA,NA,"4.25",NA,NA,NA,NA,"2006-03-06",NA,NA,NA,NA,NA,NA,NA,NA,NA,"0",NA,NA,NA,NA,NA,NA,NA,"0.334","2206.11",NA,NA,NA,NA,NA,NA,NA,"1",NA,NA,NA,NA,NA,NA,NA,NA,NA,NA
NA,NA,NA,NA,NA,NA,NA,"5.5",NA,NA,NA,NA,NA,"206500",NA,NA,NA,NA,NA,"-6.857",NA,NA,"0","i542n",NA,NA,NA,NA,"0",NA,"0.154",NA,"0",NA,NA,NA,NA,NA,"2","3",NA,"0.923","0",NA,NA,NA,NA,"35.79",NA,NA
NA,NA,NA,NA,"819",NA,NA,"5.28",NA,NA,NA,"3","2016-05-23",NA,"0.000416",NA,NA,NA,NA,NA,NA,"0","0",NA,NA,NA,NA,NA,"0","1105","0.001",NA,NA,NA,NA,NA,NA,NA,NA,"6",NA,"0.953",NA,NA,NA,"0",NA,"30.09",NA,NA
NA,"2010",NA,NA,"613",NA,NA,"4.4",NA,NA,NA,"5","2012-01-09",NA,"0.000412",NA,NA,NA,NA,NA,NA,"0","0",NA,NA,NA,NA,NA,NA,"710","0","647.55",NA,NA,NA,NA,NA,NA,NA,"3",NA,NA,"0",NA,NA,"0",NA,NA,NA,NA
NA,NA,NA,NA,NA,NA,NA,"5.1",NA,NA,NA,NA,"1997-08-19",NA,NA,NA,NA,NA,NA,NA,NA,NA,"0",NA,NA,NA,NA,NA,NA,NA,NA,NA,NA,NA,NA,NA,NA,NA,NA,"7",NA,NA,NA,NA,NA,NA,NA,NA,NA,NA
NA,NA,NA,NA,NA,NA,"E/W","3.91",NA,NA,NA,NA,"2016-01-05",NA,NA,NA,"59",NA,NA,NA,NA,NA,"0",NA,NA,NA,"1",NA,NA,NA,"4.097",NA,NA,NA,NA,NA,NA,NA,NA,"7",NA,NA,NA,NA,NA,NA,NA,NA,NA,NA
NA,NA,NA,NA,NA,NA,"E/W",NA,NA,NA,NA,NA,"1999-09-17",NA,NA,NA,NA,NA,NA,NA,NA,NA,NA,NA,NA,NA,NA,NA,NA,NA,"0.078",NA,NA,NA,NA,NA,NA,NA,NA,"0",NA,NA,NA,NA,NA,NA,NA,NA,NA,NA
NA,NA,NA,NA,NA,NA,NA,"4.52",NA,NA,NA,NA,"2006-09-25",NA,NA,NA,NA,NA,NA,NA,NA,NA,"0",NA,NA,NA,NA,NA,NA,NA,"0.163",NA,NA,NA,NA,NA,NA,NA,NA,"7",NA,NA,NA,NA,NA,NA,NA,NA,NA,NA
NA,NA,NA,NA,NA,NA,NA,"5.33",NA,NA,NA,NA,"2013-01-24",NA,NA,NA,NA,NA,NA,NA,NA,NA,"0",NA,NA,NA,NA,NA,NA,NA,"0.471",NA,NA,NA,NA,NA,NA,NA,NA,"6",NA,NA,NA,NA,NA,NA,NA,NA,NA,NA
NA,NA,NA,NA,"608",NA,NA,"3.48",NA,NA,NA,"1",NA,NA,"0.000423",NA,NA,NA,NA,NA,NA,"1","0",NA,NA,NA,NA,NA,"0","1046","1.602",NA,"0",NA,NA,NA,NA,NA,NA,"2",NA,"0.904","0",NA,NA,"0",NA,"54.14",NA,NA
NA,NA,NA,NA,NA,NA,NA,"3.8",NA,NA,NA,NA,"2006-08-25",NA,NA,NA,NA,NA,NA,NA,NA,NA,"0",NA,NA,NA,NA,NA,NA,NA,"0.029",NA,NA,NA,NA,NA,NA,NA,NA,"-1",NA,NA,NA,NA,NA,NA,NA,NA,NA,NA
NA,NA,NA,NA,NA,NA,NA,"4.03",NA,NA,NA,NA,NA,NA,NA,NA,NA,NA,NA,NA,NA,NA,"0",NA,NA,NA,NA,NA,NA,NA,NA,"370.19",NA,NA,NA,NA,"210",NA,NA,"2",NA,NA,NA,NA,NA,NA,NA,NA,NA,NA
NA,NA,NA,NA,NA,NA,NA,"4.41",NA,NA,NA,NA,"2016-05-24",NA,NA,NA,NA,NA,NA,NA,NA,NA,NA,NA,NA,NA,"1",NA,"0",NA,"0.004","11588.9",NA,NA,NA,NA,"210",NA,NA,"5",NA,"0.874",NA,NA,NA,NA,NA,"50.31",NA,NA
NA,NA,NA,NA,NA,NA,NA,"4.38",NA,NA,NA,NA,"2012-02-18",NA,NA,NA,NA,NA,NA,NA,NA,NA,"0",NA,NA,NA,NA,NA,NA,NA,"0.057",NA,NA,NA,NA,NA,NA,NA,NA,"7",NA,NA,NA,NA,NA,NA,NA,NA,NA,NA
NA,NA,NA,NA,NA,NA,NA,NA,NA,NA,NA,NA,"2005-08-13",NA,NA,NA,NA,NA,NA,NA,NA,NA,NA,NA,NA,NA,NA,NA,NA,NA,"8.953",NA,NA,NA,NA,NA,NA,NA,NA,"4",NA,NA,NA,NA,NA,NA,NA,NA,NA,NA
NA,NA,NA,NA,NA,NA,NA,"5.29",NA,NA,NA,NA,"2001-07-29",NA,NA,NA,NA,NA,NA,NA,NA,NA,"0",NA,NA,NA,"1",NA,NA,NA,"2.133",NA,NA,NA,NA,NA,NA,NA,NA,"7",NA,NA,NA,NA,NA,NA,NA,NA,NA,NA
NA,"2009",NA,NA,NA,NA,NA,"3.02",NA,NA,NA,NA,NA,NA,NA,NA,NA,NA,NA,NA,NA,NA,"0",NA,NA,NA,NA,NA,NA,NA,"0.023",NA,"0",NA,NA,NA,NA,NA,NA,"4",NA,NA,"0",NA,NA,NA,NA,NA,NA,NA
NA,NA,NA,NA,NA,NA,NA,"5.65",NA,NA,NA,NA,NA,NA,NA,NA,NA,NA,NA,NA,NA,NA,"0",NA,NA,NA,NA,NA,NA,NA,"3.207","303.97",NA,NA,NA,NA,NA,NA,NA,"2",NA,NA,"0",NA,NA,NA,NA,NA,NA,NA
NA,NA,NA,NA,NA,NA,NA,"4.6",NA,NA,NA,NA,"2015-08-06",NA,NA,NA,NA,NA,NA,NA,NA,NA,"0",NA,NA,NA,NA,NA,"0",NA,"0.578",NA,NA,NA,NA,NA,NA,NA,NA,"7",NA,"0.816",NA,NA,NA,NA,NA,"58.37",NA,NA
NA,NA,NA,NA,NA,NA,NA,"2.9",NA,NA,NA,NA,"2013-04-04",NA,NA,NA,NA,NA,NA,NA,NA,NA,"0",NA,NA,NA,NA,NA,NA,NA,"0.006",NA,NA,NA,NA,NA,NA,NA,NA,"-1",NA,NA,NA,NA,NA,NA,NA,NA,NA,NA
NA,"1970",NA,NA,NA,NA,"E/W","2.48",NA,NA,NA,NA,"2016-09-19",NA,NA,NA,NA,NA,NA,NA,NA,NA,"0",NA,NA,NA,NA,NA,NA,NA,"20.087",NA,"0",NA,NA,NA,NA,NA,NA,"7",NA,NA,"0",NA,NA,NA,NA,NA,NA,NA
NA,NA,NA,NA,NA,NA,"E/W","6.91",NA,NA,NA,NA,"2015-02-12",NA,NA,NA,"60",NA,NA,NA,NA,NA,"0",NA,NA,NA,"1",NA,NA,NA,"0.008",NA,NA,NA,NA,NA,NA,NA,NA,"2",NA,NA,NA,NA,NA,NA,NA,NA,NA,NA
NA,NA,NA,NA,NA,NA,NA,"4.57",NA,NA,NA,NA,"2016-02-15",NA,NA,NA,NA,NA,NA,NA,NA,NA,"0",NA,NA,NA,"1",NA,"0",NA,"0","1657.71","0",NA,NA,NA,NA,NA,NA,"1",NA,"0.897","0",NA,NA,NA,NA,"54.38",NA,NA
NA,NA,NA,NA,NA,NA,NA,"2.83",NA,NA,NA,NA,NA,NA,NA,NA,NA,NA,NA,NA,NA,NA,"0",NA,NA,NA,NA,NA,NA,NA,"0.003",NA,NA,NA,NA,NA,NA,NA,NA,"6",NA,NA,NA,NA,NA,NA,NA,NA,NA,NA
NA,NA,NA,NA,NA,NA,NA,"1.85",NA,NA,NA,NA,NA,NA,NA,NA,NA,NA,NA,NA,NA,NA,"0",NA,NA,NA,"1",NA,NA,NA,"0.283",NA,NA,NA,NA,NA,NA,NA,NA,"0",NA,NA,NA,NA,NA,NA,NA,NA,NA,NA
NA,NA,NA,NA,NA,NA,NA,"3",NA,NA,NA,NA,"2007-07-11",NA,NA,NA,NA,NA,NA,NA,NA,NA,"0",NA,NA,NA,NA,NA,NA,NA,"0.844","3493.9",NA,NA,NA,NA,NA,NA,NA,"7",NA,NA,NA,NA,NA,NA,"444",NA,NA,NA
NA,NA,NA,NA,NA,NA,NA,"2.83",NA,NA,NA,NA,NA,NA,NA,NA,NA,NA,NA,NA,NA,NA,"0",NA,NA,NA,"1",NA,NA,NA,"0.028",NA,NA,NA,NA,NA,NA,NA,NA,"5",NA,NA,NA,NA,NA,NA,NA,NA,NA,NA
NA,NA,NA,NA,NA,NA,NA,"2.63",NA,NA,NA,NA,"2015-07-21",NA,NA,NA,NA,NA,NA,NA,NA,NA,"0",NA,NA,NA,"1",NA,NA,NA,"1.158",NA,NA,NA,NA,NA,NA,NA,NA,"4",NA,NA,NA,NA,NA,NA,NA,NA,NA,NA
NA,NA,NA,NA,NA,NA,NA,"3.2",NA,NA,NA,NA,NA,NA,NA,NA,NA,NA,NA,NA,NA,NA,"0",NA,NA,NA,NA,NA,NA,NA,"0.004",NA,NA,NA,NA,NA,NA,NA,NA,"1",NA,NA,NA,NA,NA,NA,NA,NA,NA,NA
NA,"1973",NA,NA,NA,NA,NA,"3.8",NA,NA,NA,NA,"2012-02-04",NA,NA,NA,NA,NA,NA,NA,NA,NA,"0",NA,NA,NA,NA,NA,NA,NA,"0.049",NA,"0",NA,NA,NA,NA,NA,NA,"6",NA,NA,"0",NA,NA,NA,NA,NA,NA,NA
NA,NA,NA,NA,NA,NA,NA,"2.99",NA,NA,NA,NA,"2007-10-17",NA,NA,NA,NA,NA,NA,NA,NA,NA,"0",NA,NA,NA,NA,NA,NA,NA,"0.594",NA,NA,NA,NA,NA,NA,NA,NA,"2",NA,NA,NA,NA,NA,NA,NA,NA,NA,NA
NA,NA,NA,NA,NA,NA,NA,"4.17",NA,NA,NA,NA,"2003-10-10",NA,NA,NA,NA,NA,NA,NA,NA,NA,"0",NA,NA,NA,NA,NA,NA,NA,"0.04",NA,NA,NA,NA,NA,NA,NA,NA,"6",NA,NA,NA,NA,NA,NA,NA,NA,NA,NA
NA,NA,NA,NA,NA,NA,NA,"3.4",NA,NA,NA,NA,"2004-03-03",NA,NA,NA,NA,NA,NA,NA,NA,NA,"0",NA,NA,NA,NA,NA,NA,NA,"0.147",NA,NA,NA,NA,NA,NA,NA,NA,"3",NA,NA,NA,NA,NA,NA,NA,NA,NA,NA
NA,NA,NA,NA,NA,NA,NA,"3.22",NA,NA,NA,NA,"2017-03-31",NA,NA,NA,NA,NA,NA,NA,NA,NA,"0",NA,NA,NA,"1",NA,NA,NA,"4.387",NA,NA,NA,NA,NA,NA,NA,NA,"6",NA,NA,NA,NA,NA,NA,NA,NA,NA,NA
NA,NA,NA,NA,NA,NA,NA,"1.65",NA,NA,NA,NA,NA,NA,NA,NA,NA,NA,NA,NA,NA,NA,"0",NA,NA,NA,NA,NA,"0",NA,"0.022","9005.44",NA,NA,NA,NA,"210",NA,NA,"1",NA,"0.932",NA,NA,NA,NA,NA,"29.25",NA,NA
NA,NA,NA,NA,NA,NA,"E/W","2.75",NA,NA,NA,NA,"2011-06-02",NA,NA,NA,NA,NA,NA,NA,NA,NA,"0",NA,NA,NA,NA,NA,"0",NA,"0",NA,NA,NA,NA,NA,NA,NA,NA,"2",NA,"0.874",NA,NA,NA,NA,NA,"55.38",NA,NA
NA,NA,NA,NA,NA,NA,NA,"3.26",NA,NA,NA,NA,"2016-08-12",NA,NA,NA,"29",NA,NA,NA,NA,NA,"0",NA,NA,NA,"1",NA,NA,NA,"0.054",NA,NA,NA,NA,NA,NA,NA,NA,"0",NA,NA,NA,NA,NA,NA,NA,NA,NA,NA
NA,NA,NA,NA,NA,NA,NA,"3.57",NA,NA,NA,NA,"2015-11-27",NA,NA,NA,NA,NA,NA,NA,NA,NA,"0",NA,NA,NA,NA,NA,NA,NA,"0.085",NA,NA,NA,NA,NA,NA,NA,NA,"5",NA,NA,NA,NA,NA,NA,NA,NA,NA,NA
NA,NA,NA,NA,NA,NA,"E/W","3.1",NA,NA,NA,NA,"2007-01-29",NA,NA,NA,NA,NA,NA,NA,NA,NA,"0",NA,NA,NA,NA,NA,NA,NA,"0.024",NA,NA,NA,NA,NA,NA,NA,NA,"7",NA,NA,NA,NA,NA,NA,NA,NA,NA,NA
NA,"1996",NA,NA,NA,NA,NA,"3.5",NA,NA,NA,NA,"2009-12-29",NA,NA,NA,NA,NA,NA,NA,NA,NA,"0",NA,NA,NA,NA,NA,NA,NA,"0.365","2165.79","0",NA,NA,NA,NA,NA,NA,"4",NA,NA,"0",NA,NA,NA,NA,NA,NA,NA
NA,NA,NA,NA,NA,NA,NA,"4.5",NA,NA,NA,NA,NA,NA,NA,NA,NA,NA,NA,NA,NA,NA,"0",NA,NA,NA,NA,NA,NA,NA,"0.224",NA,NA,NA,NA,NA,NA,NA,NA,"7",NA,NA,NA,NA,NA,NA,NA,NA,NA,NA
NA,NA,NA,NA,"010",NA,"E/W","2.8",NA,NA,"30.96","5","2016-03-21",NA,"0.00041",NA,NA,NA,NA,NA,NA,"0","0",NA,NA,NA,NA,NA,"0","1617","0.035",NA,"-121",NA,NA,NA,NA,NA,NA,"0",NA,"0.926","0",NA,NA,"0",NA,"38.04",NA,NA
NA,NA,NA,NA,NA,NA,NA,"2.46",NA,NA,NA,NA,"2001-08-16",NA,NA,NA,NA,NA,NA,NA,NA,NA,"0",NA,NA,NA,NA,NA,NA,NA,"2.546",NA,NA,NA,NA,NA,NA,NA,NA,"1",NA,NA,NA,NA,NA,NA,NA,NA,NA,NA
NA,NA,NA,NA,NA,NA,"NCIN","4.78",NA,NA,NA,NA,"2013-07-05",NA,NA,NA,NA,NA,NA,NA,NA,NA,"0",NA,NA,NA,NA,NA,NA,NA,"0.075",NA,NA,NA,NA,NA,NA,NA,NA,"3",NA,NA,NA,NA,NA,NA,NA,NA,NA,NA
NA,NA,NA,NA,NA,NA,NA,NA,NA,NA,NA,NA,NA,NA,NA,NA,NA,NA,NA,NA,NA,NA,NA,NA,NA,NA,NA,NA,NA,NA,"0",NA,NA,NA,NA,NA,NA,NA,NA,"2",NA,NA,NA,NA,NA,NA,NA,NA,NA,NA
"0.00107934",NA,"1",NA,"651","652",NA,"4.56",NA,NA,NA,"4","2015-11-14",NA,"0.000378",NA,NA,NA,NA,NA,NA,"1","0",NA,NA,NA,NA,NA,NA,"1209","0.19",NA,NA,NA,NA,NA,NA,NA,NA,"5","0.000828",NA,NA,"4",NA,"0",NA,NA,NA,"0.000437"
NA,NA,NA,NA,NA,NA,NA,"5.1",NA,NA,NA,NA,"2016-11-30",NA,NA,NA,NA,NA,NA,NA,NA,NA,"0",NA,NA,NA,NA,NA,NA,NA,"1.671",NA,NA,NA,NA,NA,"210",NA,NA,"3",NA,NA,NA,NA,NA,NA,NA,NA,NA,NA
NA,NA,NA,NA,NA,NA,NA,"5.98",NA,NA,NA,NA,NA,NA,NA,NA,NA,NA,NA,NA,NA,NA,"0",NA,NA,NA,NA,NA,"0",NA,"0",NA,NA,NA,NA,NA,"210",NA,NA,"2",NA,"0.902",NA,NA,NA,NA,NA,"37.4",NA,NA
NA,NA,NA,NA,NA,NA,NA,"4.54",NA,NA,NA,NA,"2016-01-21",NA,NA,NA,NA,NA,NA,NA,NA,NA,"0",NA,NA,NA,NA,NA,NA,NA,"0",NA,"0",NA,NA,NA,NA,NA,NA,"5",NA,NA,"0",NA,NA,NA,NA,NA,NA,NA
NA,NA,NA,NA,NA,NA,NA,"5.13",NA,NA,NA,NA,"2007-07-15",NA,NA,NA,NA,NA,NA,NA,NA,NA,"0",NA,NA,NA,NA,NA,NA,NA,"0",NA,NA,NA,NA,NA,NA,NA,NA,"4",NA,NA,NA,NA,NA,NA,NA,NA,NA,NA
NA,NA,NA,NA,NA,NA,NA,"5.3",NA,NA,NA,NA,"2005-05-09",NA,NA,NA,NA,NA,NA,NA,NA,NA,"0",NA,NA,NA,NA,NA,NA,NA,"1.136",NA,NA,NA,NA,NA,NA,NA,NA,"0",NA,NA,NA,NA,NA,NA,NA,NA,NA,NA
NA,NA,NA,NA,NA,NA,NA,"7.87",NA,NA,NA,NA,"2006-10-18",NA,NA,NA,NA,NA,NA,NA,NA,NA,"0",NA,NA,NA,NA,NA,NA,NA,"0.004",NA,NA,NA,NA,NA,NA,NA,NA,"1",NA,NA,NA,NA,NA,NA,NA,NA,NA,NA
NA,NA,NA,NA,NA,NA,NA,"3.74",NA,NA,NA,NA,"2012-03-14",NA,NA,NA,NA,NA,NA,NA,NA,NA,"0",NA,NA,NA,NA,NA,NA,NA,"1.576",NA,NA,NA,NA,NA,NA,NA,NA,"7",NA,NA,NA,NA,NA,NA,NA,NA,NA,NA
NA,NA,NA,NA,NA,NA,NA,"3.27",NA,NA,NA,NA,"2007-08-03",NA,NA,NA,NA,NA,NA,NA,NA,NA,"0",NA,NA,NA,NA,NA,"4.2",NA,"0.961",NA,NA,NA,NA,NA,NA,NA,NA,"7",NA,"0.993",NA,NA,NA,NA,NA,"17.67",NA,NA
NA,NA,NA,NA,NA,NA,NA,"4.57",NA,NA,NA,NA,"2012-08-19",NA,NA,NA,NA,NA,NA,NA,NA,NA,"0",NA,NA,NA,NA,NA,"0",NA,"0.003",NA,NA,NA,NA,NA,NA,NA,NA,"7",NA,"0.854",NA,NA,NA,NA,NA,"57.63",NA,NA
NA,NA,NA,NA,NA,NA,"E/W","3.8",NA,NA,NA,NA,"2006-03-21",NA,NA,NA,NA,NA,NA,NA,NA,NA,"0",NA,NA,NA,NA,NA,NA,NA,"0.262",NA,NA,NA,NA,NA,NA,NA,NA,"4",NA,NA,NA,NA,NA,NA,NA,NA,NA,NA
NA,NA,NA,NA,NA,NA,NA,"3.49",NA,NA,NA,NA,"2007-03-17",NA,NA,NA,NA,NA,NA,NA,NA,NA,"0",NA,NA,NA,NA,NA,NA,NA,"0.142",NA,NA,NA,NA,NA,NA,NA,NA,"5",NA,NA,NA,NA,NA,NA,NA,NA,NA,NA
NA,"1965",NA,NA,NA,NA,NA,"4.1",NA,NA,NA,NA,"2008-08-09",NA,NA,NA,NA,NA,NA,NA,NA,NA,"0",NA,NA,NA,NA,NA,NA,NA,"0.06",NA,"0",NA,NA,NA,NA,NA,NA,"0",NA,NA,"0",NA,NA,NA,NA,NA,NA,NA
NA,NA,NA,NA,NA,NA,NA,"2.16",NA,NA,NA,NA,"2004-02-21",NA,NA,NA,NA,NA,NA,NA,NA,NA,"0",NA,NA,NA,NA,NA,NA,NA,"0.004","4891.22",NA,NA,NA,NA,NA,NA,NA,"3",NA,NA,NA,NA,NA,NA,NA,NA,NA,NA
NA,NA,NA,NA,NA,NA,"E/W","4.72",NA,NA,NA,NA,NA,NA,NA,NA,NA,NA,NA,NA,NA,NA,"0",NA,NA,NA,NA,NA,NA,NA,"0.219",NA,NA,NA,NA,NA,NA,NA,NA,"6",NA,NA,NA,NA,NA,NA,NA,NA,NA,NA
NA,NA,NA,NA,NA,NA,NA,"5.1",NA,NA,NA,NA,"2004-04-08",NA,NA,NA,NA,NA,NA,NA,NA,NA,"0",NA,NA,NA,NA,NA,NA,NA,"1.041",NA,NA,NA,NA,NA,NA,NA,NA,"0",NA,NA,NA,NA,NA,NA,NA,NA,NA,NA
NA,"1965",NA,NA,NA,NA,NA,"3.56",NA,NA,NA,NA,"2007-05-21",NA,NA,NA,NA,NA,NA,NA,NA,NA,"0",NA,NA,NA,NA,NA,NA,NA,"0.005",NA,"-121",NA,NA,NA,NA,NA,NA,"3",NA,NA,"0",NA,NA,NA,NA,NA,NA,NA
NA,NA,NA,NA,NA,NA,NA,"2.8",NA,NA,NA,NA,NA,NA,NA,NA,NA,NA,NA,NA,NA,NA,"0",NA,NA,NA,NA,NA,NA,NA,"1.08",NA,NA,NA,NA,NA,NA,NA,NA,"1",NA,NA,"0",NA,NA,NA,NA,NA,NA,NA
NA,NA,NA,NA,NA,NA,NA,"2.69",NA,NA,NA,NA,"2014-08-20",NA,NA,NA,NA,NA,NA,NA,NA,NA,"0",NA,NA,NA,NA,NA,NA,NA,"0.019",NA,NA,NA,NA,NA,NA,NA,NA,"7",NA,NA,NA,NA,NA,NA,NA,NA,NA,NA
NA,"2008",NA,NA,NA,NA,NA,"4.3",NA,NA,NA,NA,NA,NA,NA,NA,NA,NA,NA,NA,NA,NA,"0",NA,NA,NA,NA,NA,"0",NA,"4.741",NA,"0",NA,NA,NA,NA,NA,NA,"4",NA,"0.928","0",NA,NA,NA,NA,"38.92",NA,NA
NA,NA,NA,NA,NA,NA,NA,NA,NA,NA,NA,NA,"2004-12-31",NA,NA,NA,"14",NA,NA,NA,NA,NA,NA,NA,NA,NA,"1",NA,"0",NA,"0",NA,NA,NA,NA,NA,NA,NA,NA,"3",NA,"0.881",NA,NA,NA,NA,NA,"51.25",NA,NA
NA,NA,NA,NA,NA,NA,NA,"4.59",NA,NA,NA,NA,NA,NA,NA,NA,NA,NA,NA,NA,NA,NA,"0",NA,NA,NA,NA,NA,NA,NA,"0",NA,NA,NA,NA,NA,NA,NA,NA,"5",NA,NA,NA,NA,NA,NA,NA,NA,NA,NA
NA,NA,NA,NA,NA,NA,"E/W","3.5",NA,NA,NA,NA,"2015-09-29",NA,NA,NA,NA,NA,NA,NA,NA,NA,"0",NA,NA,NA,NA,NA,NA,NA,NA,NA,NA,NA,NA,NA,NA,NA,NA,"5",NA,NA,NA,NA,NA,NA,NA,NA,NA,NA
NA,NA,NA,NA,NA,NA,NA,"3.3",NA,NA,NA,NA,"2007-01-15",NA,NA,NA,NA,NA,NA,NA,NA,NA,"0",NA,NA,NA,NA,NA,"0",NA,"0.042","3979.29",NA,NA,NA,NA,NA,NA,NA,"2",NA,"0.908",NA,NA,NA,NA,NA,"44.28",NA,NA
NA,NA,NA,NA,NA,NA,NA,"2.53",NA,NA,NA,NA,"2013-05-10",NA,NA,NA,NA,NA,NA,NA,NA,NA,"0",NA,NA,NA,"1",NA,"0",NA,"3.63","1210.21",NA,NA,NA,NA,NA,NA,NA,"5",NA,"0.818",NA,NA,NA,NA,NA,"71.99",NA,NA
NA,NA,NA,NA,NA,NA,NA,"2.36",NA,NA,NA,NA,"2004-01-16",NA,NA,NA,NA,NA,NA,NA,NA,NA,"0",NA,NA,NA,NA,NA,NA,NA,"0.823",NA,"0",NA,NA,NA,NA,NA,NA,"2",NA,NA,"0",NA,NA,NA,NA,NA,NA,NA
NA,NA,NA,NA,NA,NA,NA,"3",NA,NA,NA,NA,"2013-01-23",NA,NA,NA,NA,NA,NA,NA,NA,NA,"0",NA,NA,NA,NA,NA,NA,NA,"0.001",NA,NA,NA,NA,NA,NA,NA,NA,"4",NA,NA,NA,NA,NA,NA,NA,NA,NA,NA
NA,NA,NA,NA,NA,NA,NA,"2.9",NA,NA,NA,NA,"2006-04-18","391500",NA,NA,NA,NA,NA,"-6",NA,NA,"0","i158n",NA,NA,NA,NA,NA,NA,"0.622",NA,NA,NA,NA,NA,NA,"2012-10-03 07:32:23","2","5",NA,NA,NA,NA,NA,NA,NA,NA,NA,NA
NA,NA,NA,NA,NA,NA,NA,"4.68",NA,NA,NA,NA,"2001-09-15",NA,NA,NA,NA,NA,NA,NA,NA,NA,"0",NA,NA,NA,NA,NA,"0",NA,"0.004",NA,NA,NA,NA,NA,NA,NA,NA,"7",NA,"0.895",NA,NA,NA,NA,NA,"56.42",NA,NA
NA,NA,NA,NA,NA,NA,NA,"2.7",NA,NA,NA,NA,NA,NA,NA,NA,NA,NA,NA,NA,NA,NA,"0",NA,NA,NA,NA,NA,NA,NA,"0.018",NA,NA,NA,NA,NA,NA,NA,NA,"3",NA,NA,"0",NA,NA,NA,NA,NA,NA,NA
NA,NA,NA,NA,NA,NA,NA,"5.01",NA,NA,NA,NA,"1999-07-01",NA,NA,NA,NA,NA,NA,NA,NA,NA,"0",NA,NA,NA,NA,NA,NA,NA,"0.11",NA,NA,NA,NA,NA,NA,NA,NA,"7",NA,NA,NA,NA,NA,NA,NA,NA,NA,NA
NA,"2011","1",NA,NA,NA,NA,"3.8",NA,NA,NA,NA,"2006-01-30","174500",NA,NA,NA,NA,NA,"-6.571",NA,NA,"0","i288n",NA,NA,NA,NA,NA,NA,"0",NA,"0",NA,NA,NA,NA,"2013-06-04 13:34:11","2","0",NA,NA,"0",NA,NA,NA,NA,NA,NA,NA
NA,NA,NA,NA,NA,NA,NA,"2.32",NA,NA,NA,NA,"2010-12-15",NA,NA,NA,NA,NA,NA,NA,NA,NA,"0",NA,NA,NA,NA,NA,"0",NA,"0.935",NA,NA,NA,NA,NA,NA,NA,NA,"7",NA,"0.79",NA,NA,NA,NA,NA,"63.81",NA,NA
NA,NA,NA,NA,NA,NA,NA,"4.53",NA,NA,NA,NA,"2006-02-21",NA,NA,NA,NA,NA,NA,NA,NA,NA,"0",NA,NA,NA,NA,NA,"0",NA,"0.002",NA,NA,NA,NA,NA,NA,NA,NA,"4",NA,"0.9",NA,NA,NA,NA,NA,"43.81",NA,NA
NA,NA,NA,NA,NA,NA,NA,"5.8",NA,NA,NA,NA,NA,NA,NA,NA,NA,NA,NA,NA,NA,NA,"0",NA,NA,NA,NA,NA,NA,NA,NA,NA,NA,NA,NA,NA,NA,NA,NA,"2",NA,NA,NA,NA,NA,NA,NA,NA,NA,NA
NA,NA,NA,NA,NA,NA,NA,NA,NA,NA,NA,NA,"2014-11-21",NA,NA,NA,NA,NA,NA,NA,"R454",NA,NA,NA,NA,NA,NA,NA,NA,NA,NA,NA,NA,NA,NA,NA,NA,NA,NA,"-3",NA,NA,NA,NA,NA,NA,NA,NA,NA,NA
NA,NA,NA,NA,NA,NA,NA,"3.2",NA,NA,NA,NA,NA,NA,NA,NA,NA,NA,NA,NA,NA,NA,"0",NA,NA,NA,NA,NA,NA,NA,"0.123",NA,NA,NA,NA,NA,NA,NA,NA,"3",NA,NA,NA,NA,NA,NA,NA,NA,NA,NA
NA,NA,NA,NA,NA,NA,NA,"5.95",NA,NA,NA,NA,"2008-11-10",NA,NA,NA,NA,NA,NA,NA,NA,NA,"0",NA,NA,NA,NA,NA,NA,NA,"0",NA,NA,NA,NA,NA,NA,NA,NA,"1",NA,NA,NA,NA,NA,NA,NA,NA,NA,NA
NA,NA,NA,NA,NA,NA,"E/W","2.56",NA,NA,NA,NA,"2011-01-21",NA,NA,NA,NA,NA,NA,NA,NA,NA,"0",NA,NA,NA,NA,NA,NA,NA,"0.222",NA,NA,NA,NA,NA,NA,NA,NA,"3",NA,NA,NA,NA,NA,NA,NA,NA,NA,NA
NA,NA,NA,NA,NA,NA,NA,"3.05",NA,NA,NA,NA,"2010-10-05",NA,NA,NA,NA,NA,NA,NA,NA,NA,"0",NA,NA,NA,NA,NA,"0",NA,"1.832","2005.57",NA,NA,NA,NA,NA,NA,NA,"3",NA,"0.933",NA,NA,NA,NA,NA,"20.25",NA,NA
NA,"1977",NA,NA,NA,NA,NA,"4.05",NA,NA,NA,NA,NA,NA,NA,NA,NA,NA,NA,NA,NA,NA,"0",NA,NA,NA,NA,NA,NA,NA,"0",NA,"0",NA,NA,NA,NA,NA,NA,"0",NA,NA,"0",NA,NA,NA,NA,NA,NA,NA
NA,NA,NA,NA,NA,NA,NA,"3.39",NA,NA,NA,NA,"2016-04-20",NA,NA,NA,NA,NA,NA,NA,NA,NA,"0",NA,NA,NA,NA,NA,NA,NA,"0.822",NA,NA,NA,NA,NA,NA,NA,NA,"4",NA,NA,NA,NA,NA,NA,NA,NA,NA,NA
NA,NA,NA,NA,NA,NA,NA,"9",NA,NA,NA,NA,"2008-03-07",NA,NA,NA,NA,NA,NA,NA,NA,NA,"0",NA,NA,NA,NA,NA,NA,NA,"1.336","7707.39",NA,NA,NA,NA,"210",NA,NA,"7",NA,NA,NA,NA,NA,NA,NA,NA,NA,NA
NA,"1971",NA,NA,NA,NA,NA,"3.56",NA,NA,NA,NA,"2004-05-18",NA,NA,NA,NA,NA,NA,NA,NA,NA,"0",NA,NA,NA,NA,NA,"0",NA,"0.027","1317.7","0",NA,NA,NA,"210",NA,NA,"3",NA,"0.933","0",NA,NA,NA,NA,"57.19",NA,NA
NA,NA,NA,NA,NA,NA,NA,"2.19",NA,NA,NA,NA,NA,NA,NA,NA,NA,NA,NA,NA,NA,NA,"0",NA,NA,NA,NA,NA,NA,NA,"0.33",NA,NA,NA,NA,NA,NA,NA,NA,"-1",NA,NA,NA,NA,NA,NA,NA,NA,NA,NA
NA,NA,NA,NA,NA,NA,NA,"2.43",NA,NA,NA,NA,NA,NA,NA,NA,NA,NA,NA,NA,NA,NA,"0",NA,NA,NA,NA,NA,"0",NA,"0",NA,NA,NA,NA,NA,NA,NA,NA,"6",NA,"0.76",NA,NA,NA,NA,NA,"93.88",NA,NA
NA,NA,NA,NA,NA,NA,NA,"3.2",NA,NA,NA,NA,"2014-05-09",NA,NA,NA,NA,NA,NA,NA,NA,NA,"0",NA,NA,NA,NA,NA,NA,NA,"0.214",NA,NA,NA,NA,NA,NA,NA,NA,"-1",NA,NA,NA,NA,NA,NA,NA,NA,NA,NA
NA,NA,NA,NA,NA,NA,"E/W","3.2",NA,NA,NA,NA,NA,NA,NA,NA,NA,NA,NA,NA,NA,NA,"0",NA,NA,NA,NA,NA,NA,NA,"0.034",NA,NA,NA,NA,NA,NA,NA,NA,"5",NA,NA,NA,NA,NA,NA,NA,NA,NA,NA
NA,"2006",NA,NA,"031",NA,NA,"4.2",NA,NA,NA,"3","2017-01-09","417500","0.000432",NA,NA,NA,NA,"-8.571",NA,"0","0","i425n",NA,NA,NA,NA,"0","1482","0.471","3442.99","0",NA,NA,NA,NA,"2013-02-20 09:01:02","0","2",NA,"0.91","0",NA,NA,"0",NA,"27.37","1",NA
NA,NA,NA,NA,NA,NA,NA,"5",NA,NA,NA,NA,"2015-06-02",NA,NA,NA,NA,NA,NA,NA,NA,NA,"0",NA,NA,NA,NA,NA,NA,NA,NA,NA,NA,NA,NA,NA,NA,NA,NA,"6",NA,NA,NA,NA,NA,NA,NA,NA,NA,NA
NA,NA,NA,NA,NA,NA,NA,"4.26",NA,NA,NA,NA,NA,NA,NA,NA,NA,NA,NA,NA,NA,NA,"0",NA,NA,NA,NA,NA,NA,NA,"0.076",NA,NA,NA,NA,NA,NA,NA,NA,"4",NA,NA,NA,NA,NA,NA,NA,NA,NA,NA
NA,NA,NA,NA,NA,NA,NA,"6.26",NA,NA,NA,NA,"2007-02-06",NA,NA,NA,NA,NA,NA,NA,NA,NA,"0",NA,NA,NA,NA,NA,NA,NA,"0.029",NA,NA,NA,NA,NA,NA,NA,NA,"3",NA,NA,NA,NA,NA,NA,NA,NA,NA,NA
NA,NA,NA,NA,NA,NA,NA,"4.4",NA,NA,NA,NA,NA,NA,NA,NA,NA,NA,NA,NA,NA,NA,"0",NA,NA,NA,NA,NA,NA,NA,"0.453",NA,NA,NA,NA,NA,NA,NA,NA,"7",NA,NA,NA,NA,NA,NA,NA,NA,NA,NA
NA,NA,NA,NA,NA,NA,NA,"3.9",NA,NA,NA,NA,"2001-10-06",NA,NA,NA,NA,NA,NA,NA,NA,NA,"0",NA,NA,NA,NA,NA,NA,NA,"0.12",NA,"0",NA,NA,NA,NA,NA,NA,"4",NA,NA,"0",NA,NA,NA,NA,NA,NA,NA
NA,NA,NA,NA,NA,NA,NA,"4.24",NA,NA,NA,NA,"2000-06-18",NA,NA,NA,NA,NA,NA,NA,NA,NA,"0",NA,NA,NA,NA,NA,NA,NA,"0.061",NA,NA,NA,NA,NA,NA,NA,NA,"7",NA,NA,NA,NA,NA,NA,NA,NA,NA,NA
NA,NA,NA,NA,NA,NA,NA,NA,NA,NA,NA,NA,"2015-07-09",NA,NA,NA,NA,NA,NA,NA,NA,NA,NA,NA,NA,NA,NA,NA,"0",NA,"0","3287.58",NA,NA,NA,NA,"210",NA,NA,"1",NA,"0.895",NA,NA,NA,NA,NA,"45.44",NA,NA
NA,NA,NA,NA,NA,NA,"E/W","3.2",NA,NA,NA,NA,"2010-04-29",NA,NA,NA,NA,NA,NA,NA,NA,NA,"0",NA,NA,NA,NA,NA,NA,NA,"0.039",NA,NA,NA,NA,NA,NA,NA,NA,"5",NA,NA,NA,NA,NA,NA,NA,NA,NA,NA
NA,NA,NA,NA,NA,NA,"SCOT","4",NA,NA,NA,NA,"2015-02-12",NA,NA,NA,NA,NA,NA,NA,NA,NA,"0",NA,NA,NA,NA,NA,NA,NA,NA,NA,NA,NA,NA,NA,NA,NA,NA,"3",NA,NA,NA,NA,NA,NA,NA,NA,NA,NA
NA,NA,NA,NA,NA,NA,NA,"6.33",NA,NA,NA,NA,NA,NA,NA,NA,NA,NA,NA,NA,NA,NA,"0",NA,NA,NA,NA,NA,NA,NA,"0.018","10501.2",NA,NA,NA,NA,NA,NA,NA,"-1",NA,NA,NA,NA,NA,NA,NA,NA,NA,NA
NA,NA,"1",NA,NA,NA,NA,"4",NA,NA,NA,NA,NA,"387500",NA,NA,NA,NA,NA,"-6.857",NA,NA,"0","i925n",NA,NA,NA,NA,NA,NA,"1.498","1294.68",NA,NA,NA,NA,NA,NA,"2","5",NA,NA,NA,NA,NA,NA,NA,NA,NA,NA
NA,NA,NA,NA,NA,NA,NA,"5.05",NA,NA,NA,NA,"2011-08-15",NA,NA,NA,NA,NA,NA,NA,NA,NA,"0",NA,NA,NA,NA,NA,NA,NA,"7.762",NA,NA,NA,NA,NA,NA,NA,NA,"5",NA,NA,NA,NA,NA,NA,NA,NA,NA,NA
NA,NA,NA,NA,NA,NA,NA,"5.2",NA,NA,NA,NA,"2017-02-22",NA,NA,NA,NA,NA,NA,NA,NA,NA,"0",NA,NA,NA,NA,NA,NA,NA,"0",NA,NA,NA,NA,NA,NA,NA,NA,"-1",NA,NA,NA,NA,NA,NA,NA,NA,NA,NA
NA,"1986",NA,NA,"961",NA,NA,"1.6",NA,NA,NA,"3","2009-10-20",NA,"0.000408",NA,NA,NA,NA,NA,NA,"1","0",NA,NA,NA,NA,NA,"0.2","780",NA,NA,"0",NA,NA,NA,NA,NA,NA,"7",NA,"0.834","0",NA,NA,"0",NA,"60.1",NA,NA
NA,NA,NA,NA,NA,NA,NA,"4.6",NA,NA,NA,NA,NA,NA,NA,NA,NA,NA,NA,NA,NA,NA,"0",NA,NA,NA,NA,NA,NA,NA,NA,NA,NA,NA,NA,NA,NA,NA,NA,"3",NA,NA,NA,NA,NA,NA,NA,NA,NA,NA
NA,NA,NA,NA,NA,NA,NA,"4.13",NA,NA,NA,NA,NA,NA,NA,NA,NA,NA,NA,NA,NA,NA,"0",NA,NA,NA,"1",NA,NA,NA,"0.007","2539.41",NA,NA,NA,NA,NA,NA,NA,"7",NA,NA,NA,NA,NA,NA,NA,NA,NA,NA
NA,NA,NA,NA,NA,NA,NA,"4.56",NA,NA,NA,NA,NA,NA,NA,NA,NA,NA,NA,NA,NA,NA,"0",NA,NA,NA,NA,NA,"0",NA,"5.967","486.77",NA,NA,NA,NA,NA,NA,NA,"7",NA,"0.809",NA,NA,NA,NA,NA,"55.32",NA,NA
NA,"1996",NA,NA,NA,NA,NA,"3.36",NA,NA,NA,NA,"1997-09-01",NA,NA,NA,NA,NA,NA,NA,NA,NA,"0",NA,NA,NA,NA,NA,"0",NA,"0.24","3929.69","0",NA,NA,NA,NA,NA,NA,"5",NA,"0.867","0",NA,NA,NA,NA,"45.9",NA,NA
NA,NA,NA,NA,NA,NA,NA,"5.92",NA,NA,NA,NA,"2011-03-03",NA,NA,NA,NA,NA,NA,NA,NA,NA,"0",NA,NA,NA,NA,NA,NA,NA,"0",NA,NA,NA,NA,NA,NA,NA,NA,"0",NA,NA,NA,NA,NA,NA,NA,NA,NA,NA
NA,NA,NA,NA,NA,NA,NA,"6.7",NA,NA,NA,NA,"2015-09-26",NA,NA,NA,NA,NA,NA,NA,NA,NA,"0",NA,NA,NA,NA,NA,NA,NA,"0.111",NA,NA,NA,NA,NA,NA,NA,NA,"-1",NA,NA,NA,NA,NA,NA,NA,NA,NA,NA
NA,NA,NA,NA,NA,NA,"NCIN","3.74",NA,NA,NA,NA,"2015-09-10",NA,NA,NA,NA,NA,NA,NA,NA,NA,"0",NA,NA,NA,NA,NA,NA,NA,"0",NA,NA,NA,NA,NA,NA,NA,NA,"3",NA,NA,NA,NA,NA,NA,NA,NA,NA,NA
NA,"1977",NA,NA,"518",NA,NA,"2.85",NA,NA,NA,"2",NA,NA,"0.000458",NA,NA,NA,NA,"-9.143",NA,"1","0","i058n",NA,NA,NA,NA,NA,"1451","0.687","7224.68","0",NA,NA,NA,NA,NA,"2","2",NA,NA,"0",NA,NA,"0",NA,NA,NA,NA
NA,NA,NA,NA,NA,NA,NA,"7.4",NA,NA,NA,NA,NA,NA,NA,NA,NA,NA,NA,NA,NA,NA,"0",NA,NA,NA,NA,NA,NA,NA,"0.368",NA,NA,NA,NA,NA,NA,NA,NA,"4",NA,NA,NA,NA,NA,NA,NA,NA,NA,NA
NA,NA,NA,NA,NA,NA,NA,"5.86",NA,NA,NA,NA,"2012-09-01",NA,NA,NA,NA,NA,NA,NA,NA,NA,"0",NA,NA,NA,"1",NA,NA,NA,"0.65",NA,NA,NA,NA,NA,NA,NA,NA,"6",NA,NA,NA,NA,NA,NA,NA,NA,NA,NA
NA,NA,NA,NA,NA,NA,NA,"2.74",NA,NA,NA,NA,"2016-07-25",NA,NA,NA,NA,NA,NA,NA,NA,NA,"0",NA,NA,NA,"1",NA,NA,NA,"0.123",NA,NA,NA,NA,NA,NA,NA,NA,"7",NA,NA,NA,NA,NA,NA,NA,NA,NA,NA
NA,NA,NA,NA,NA,NA,NA,"3.07",NA,NA,NA,NA,"2002-02-03",NA,NA,NA,NA,NA,NA,NA,NA,NA,"0",NA,NA,NA,NA,NA,NA,NA,"0",NA,NA,NA,NA,NA,NA,NA,NA,"7",NA,NA,NA,NA,NA,NA,NA,NA,NA,NA
NA,NA,NA,NA,NA,NA,"E/W","4.5",NA,NA,NA,NA,"1999-10-18",NA,NA,NA,NA,NA,NA,NA,NA,NA,"0",NA,NA,NA,NA,NA,NA,NA,NA,NA,NA,NA,NA,NA,NA,NA,NA,"-1",NA,NA,NA,NA,NA,NA,NA,NA,NA,NA
NA,NA,NA,NA,NA,NA,NA,"3.99",NA,NA,NA,NA,"2003-05-12",NA,NA,NA,NA,NA,NA,NA,NA,NA,"0",NA,NA,NA,NA,NA,NA,NA,"0.08",NA,NA,NA,NA,NA,NA,NA,NA,"3",NA,NA,NA,NA,NA,NA,NA,NA,NA,NA
NA,NA,NA,NA,NA,NA,NA,"3.53",NA,NA,NA,NA,"2004-05-09",NA,NA,NA,NA,NA,NA,NA,NA,NA,"0",NA,NA,NA,"1",NA,NA,NA,"0.634",NA,NA,NA,NA,NA,NA,NA,NA,"2",NA,NA,NA,NA,NA,NA,NA,NA,NA,NA
NA,NA,NA,NA,NA,NA,NA,"3.49",NA,NA,NA,NA,NA,NA,NA,NA,NA,NA,NA,NA,NA,NA,"0",NA,NA,NA,NA,NA,NA,NA,"0",NA,NA,NA,NA,NA,NA,NA,NA,"4",NA,NA,NA,NA,NA,NA,NA,NA,NA,NA
NA,NA,NA,NA,NA,NA,NA,"2.24",NA,NA,NA,NA,NA,NA,NA,NA,NA,NA,NA,NA,NA,NA,"0",NA,NA,NA,NA,NA,NA,NA,"0",NA,NA,NA,NA,NA,NA,NA,NA,"3",NA,NA,NA,NA,NA,NA,NA,NA,NA,NA
NA,NA,NA,NA,NA,NA,NA,"4.22",NA,NA,NA,NA,NA,NA,NA,NA,NA,NA,NA,NA,NA,NA,"0",NA,NA,NA,NA,NA,NA,NA,"2.163",NA,NA,NA,NA,NA,NA,NA,NA,"4",NA,NA,NA,NA,NA,NA,NA,NA,NA,NA
NA,NA,NA,NA,NA,NA,NA,"2.95",NA,NA,NA,NA,NA,NA,NA,NA,NA,NA,NA,NA,NA,NA,"0",NA,NA,NA,NA,NA,NA,NA,"0.399","4827.41",NA,NA,NA,NA,NA,NA,NA,"0",NA,NA,NA,NA,NA,NA,NA,NA,NA,NA
NA,NA,NA,NA,NA,NA,NA,"5.5",NA,NA,NA,NA,"2010-11-16","396500",NA,NA,NA,NA,NA,"-5.429",NA,NA,"0","i010n",NA,NA,NA,NA,NA,NA,"4.154",NA,NA,NA,NA,NA,NA,NA,"2","7",NA,NA,NA,NA,NA,NA,NA,NA,NA,NA
NA,NA,NA,"Ramp29","303",NA,NA,"4.53",NA,NA,NA,"1","2010-08-17",NA,"0.000375",NA,"312",NA,NA,NA,NA,"1","0",NA,NA,NA,"1",NA,"0","756","0.279",NA,"0",NA,NA,NA,NA,NA,NA,"2",NA,"0.866","0",NA,NA,"0",NA,"58.11",NA,NA
NA,NA,NA,NA,NA,NA,NA,"2.88",NA,NA,NA,NA,NA,NA,NA,NA,"29",NA,NA,NA,NA,NA,"0",NA,NA,NA,"1",NA,NA,NA,"0.893",NA,NA,NA,NA,NA,NA,NA,NA,"5",NA,NA,NA,NA,NA,NA,NA,NA,NA,NA
NA,NA,NA,NA,NA,NA,NA,"3.04",NA,NA,NA,NA,"2009-02-13",NA,NA,NA,NA,NA,NA,NA,NA,NA,"0",NA,NA,NA,NA,NA,NA,NA,"0.573",NA,NA,NA,NA,NA,NA,NA,NA,"7",NA,NA,NA,NA,NA,NA,NA,NA,NA,NA
NA,NA,NA,NA,NA,NA,NA,"3.03",NA,NA,NA,NA,"2000-08-04",NA,NA,NA,NA,NA,NA,NA,NA,NA,"0",NA,NA,NA,NA,NA,NA,NA,"0",NA,NA,NA,NA,NA,NA,NA,NA,"5",NA,NA,NA,NA,NA,NA,NA,NA,NA,NA
NA,NA,NA,NA,NA,NA,"E/W","2.58",NA,NA,NA,NA,"2000-09-08",NA,NA,NA,NA,NA,NA,NA,"Z907",NA,"0",NA,NA,NA,NA,NA,NA,NA,"0.748",NA,NA,NA,NA,NA,NA,NA,NA,"7",NA,NA,NA,NA,NA,NA,NA,NA,NA,NA
NA,"1965",NA,NA,NA,NA,NA,"3.14",NA,NA,NA,NA,"2011-01-20",NA,NA,NA,NA,NA,NA,NA,NA,NA,"0",NA,NA,NA,NA,NA,"0",NA,"1.037","188","0",NA,NA,NA,NA,NA,NA,"4",NA,"0.923","0",NA,NA,NA,NA,"56.17",NA,NA
NA,NA,NA,NA,"300",NA,"SCOT","6.1",NA,NA,NA,"0","1998-03-12",NA,"0.000413",NA,NA,NA,NA,NA,NA,"0","0",NA,NA,NA,NA,NA,NA,"1096",NA,NA,NA,NA,NA,NA,NA,NA,NA,"4",NA,NA,NA,NA,NA,"0",NA,NA,NA,NA
NA,NA,NA,NA,NA,NA,"E/W","4.8",NA,NA,NA,NA,NA,NA,NA,NA,NA,NA,NA,NA,NA,NA,"0",NA,NA,NA,NA,NA,NA,NA,"0.004",NA,NA,NA,NA,NA,NA,NA,NA,"0",NA,NA,NA,NA,NA,NA,NA,NA,NA,NA
NA,NA,NA,NA,NA,NA,NA,"3.1",NA,NA,NA,NA,NA,NA,NA,NA,NA,NA,NA,NA,NA,NA,"0",NA,NA,NA,NA,NA,NA,NA,"0.734",NA,NA,NA,NA,NA,NA,NA,NA,"3",NA,NA,NA,NA,NA,NA,NA,NA,NA,NA
NA,NA,NA,NA,NA,NA,NA,"5.3",NA,NA,NA,NA,"1999-10-05",NA,NA,NA,NA,NA,NA,NA,NA,NA,"0",NA,NA,NA,NA,NA,NA,NA,NA,NA,NA,NA,NA,NA,NA,NA,NA,"1",NA,NA,NA,NA,NA,NA,NA,NA,NA,NA
NA,NA,NA,NA,NA,NA,NA,"3.3",NA,NA,NA,NA,NA,NA,NA,NA,NA,NA,NA,NA,NA,NA,"0",NA,NA,NA,NA,NA,NA,NA,NA,NA,NA,NA,NA,NA,NA,NA,NA,"0",NA,NA,NA,NA,NA,NA,NA,NA,NA,NA
NA,NA,NA,NA,NA,NA,NA,NA,NA,NA,NA,NA,NA,NA,NA,NA,NA,NA,NA,NA,NA,NA,NA,NA,NA,NA,NA,NA,NA,NA,"0.027",NA,NA,NA,NA,NA,NA,NA,NA,"4",NA,NA,NA,NA,NA,NA,NA,NA,NA,NA
NA,NA,NA,NA,NA,NA,NA,"4.07",NA,NA,NA,NA,"2009-11-12",NA,NA,NA,NA,NA,NA,NA,NA,NA,"0",NA,NA,NA,NA,NA,NA,NA,"1.419",NA,NA,NA,NA,NA,NA,NA,NA,"7",NA,NA,NA,NA,NA,NA,NA,NA,NA,NA
NA,NA,NA,NA,NA,NA,NA,"4.42",NA,NA,NA,NA,"2007-09-25",NA,NA,NA,NA,NA,NA,NA,NA,NA,"0",NA,NA,NA,NA,NA,NA,NA,"0.005",NA,NA,NA,NA,NA,NA,NA,NA,"1",NA,NA,NA,NA,NA,NA,NA,NA,NA,NA
NA,NA,NA,NA,NA,NA,NA,"5.41",NA,NA,NA,NA,NA,NA,NA,NA,NA,NA,NA,NA,NA,NA,"0",NA,NA,NA,"1",NA,NA,NA,"1.788",NA,NA,NA,NA,NA,NA,NA,NA,"3",NA,NA,NA,NA,NA,NA,NA,NA,NA,NA
NA,NA,NA,NA,NA,NA,NA,"2.72",NA,NA,NA,NA,"2009-06-23",NA,NA,NA,NA,NA,NA,NA,NA,NA,"0",NA,NA,NA,NA,NA,NA,NA,"1.644",NA,NA,NA,NA,NA,NA,NA,NA,"3",NA,NA,NA,NA,NA,NA,NA,NA,NA,NA
NA,"1973",NA,NA,"826",NA,NA,"2.44",NA,NA,NA,"2",NA,NA,"0.000434",NA,NA,NA,NA,NA,NA,"1","0",NA,NA,NA,NA,NA,"0","1678","0.001",NA,"0",NA,NA,NA,NA,NA,NA,"5",NA,"0.862","0",NA,NA,"0",NA,"65.74",NA,NA
NA,NA,NA,NA,NA,NA,NA,"3.84",NA,NA,NA,NA,NA,NA,NA,NA,NA,NA,NA,NA,NA,NA,"0",NA,NA,NA,NA,NA,NA,NA,"0.505",NA,NA,NA,NA,NA,NA,NA,NA,"5",NA,NA,NA,NA,NA,NA,NA,NA,NA,NA
NA,NA,NA,NA,NA,NA,NA,"4.6",NA,NA,NA,NA,NA,NA,NA,NA,NA,NA,NA,NA,NA,NA,"0",NA,NA,NA,NA,NA,NA,NA,NA,NA,NA,NA,NA,NA,NA,NA,NA,"6",NA,NA,NA,NA,NA,NA,NA,NA,NA,NA
NA,NA,NA,NA,NA,NA,NA,"6.8",NA,NA,NA,NA,"2017-02-23",NA,NA,NA,NA,NA,NA,NA,NA,NA,"0",NA,NA,NA,NA,NA,NA,NA,"0.149","1948.38",NA,NA,NA,NA,NA,NA,NA,"1",NA,NA,NA,NA,NA,NA,NA,NA,NA,NA
NA,NA,NA,NA,NA,NA,NA,"3.93",NA,NA,NA,NA,NA,NA,NA,NA,NA,NA,NA,NA,NA,NA,"0",NA,NA,NA,"1",NA,NA,NA,"0.002",NA,NA,NA,NA,NA,NA,NA,NA,"1",NA,NA,NA,NA,NA,NA,NA,NA,NA,NA
NA,NA,NA,NA,NA,NA,NA,NA,NA,NA,NA,NA,"2004-08-10",NA,NA,NA,NA,NA,NA,NA,NA,NA,NA,NA,NA,NA,NA,NA,NA,NA,"0.06",NA,NA,NA,NA,NA,NA,NA,NA,"1",NA,NA,NA,NA,NA,NA,NA,NA,NA,NA
NA,"2001",NA,NA,NA,NA,NA,"2.48",NA,NA,NA,NA,NA,NA,NA,NA,NA,NA,NA,NA,NA,NA,"0",NA,NA,NA,NA,NA,"0",NA,"0.158",NA,NA,NA,NA,NA,NA,NA,NA,"6",NA,"0.894","0",NA,NA,NA,NA,"57.26",NA,NA
NA,NA,NA,NA,NA,NA,NA,"7.34",NA,NA,NA,NA,NA,NA,NA,NA,NA,NA,NA,NA,NA,NA,"0",NA,NA,NA,NA,NA,NA,NA,"1.22",NA,NA,NA,NA,NA,NA,NA,NA,"-1",NA,NA,NA,NA,NA,NA,NA,NA,NA,NA
NA,"1996",NA,NA,"819",NA,NA,"4",NA,NA,NA,"1","1999-10-12",NA,"0.00036",NA,NA,NA,NA,NA,NA,"1","0",NA,NA,NA,NA,NA,NA,"1348","0","2930.15","0",NA,NA,NA,NA,NA,NA,"0",NA,NA,"0",NA,NA,"0",NA,NA,NA,NA
NA,NA,NA,NA,NA,NA,NA,"4.44",NA,NA,NA,NA,NA,NA,NA,NA,"359",NA,NA,NA,NA,NA,"0",NA,NA,NA,"1",NA,NA,NA,"0",NA,NA,NA,NA,NA,NA,NA,NA,"6",NA,NA,NA,NA,NA,NA,NA,NA,NA,NA
NA,NA,NA,NA,NA,NA,NA,"6.35",NA,NA,NA,NA,NA,NA,NA,NA,NA,NA,NA,NA,NA,NA,"0",NA,NA,NA,NA,NA,NA,NA,"0.002",NA,NA,NA,NA,NA,NA,NA,NA,"4",NA,NA,NA,NA,NA,NA,NA,NA,NA,NA
NA,NA,NA,NA,NA,NA,NA,"2.31",NA,NA,NA,NA,NA,NA,NA,NA,"360",NA,NA,NA,NA,NA,"0",NA,NA,NA,"1",NA,NA,NA,"8.129",NA,NA,NA,NA,NA,"210",NA,NA,"7",NA,NA,NA,NA,NA,NA,NA,NA,NA,NA
NA,NA,NA,NA,NA,NA,NA,"3.1",NA,NA,NA,NA,"2001-01-03",NA,NA,NA,NA,NA,NA,NA,NA,NA,"0",NA,NA,NA,"1",NA,"0",NA,"0.192",NA,NA,NA,NA,NA,NA,NA,NA,"5",NA,"0.884",NA,NA,NA,NA,NA,"48.46",NA,NA
NA,NA,NA,NA,NA,NA,NA,"3.18",NA,NA,NA,NA,NA,NA,NA,NA,NA,NA,NA,NA,NA,NA,"0",NA,NA,NA,NA,NA,NA,NA,"5.742",NA,NA,NA,NA,NA,NA,NA,NA,"1",NA,NA,NA,NA,NA,NA,NA,NA,NA,NA
NA,NA,NA,NA,NA,NA,NA,"4.43",NA,NA,NA,NA,NA,NA,NA,NA,NA,NA,NA,NA,NA,NA,"0",NA,NA,NA,NA,NA,NA,NA,"0.818",NA,NA,NA,NA,NA,NA,NA,NA,"1",NA,NA,NA,NA,NA,NA,NA,NA,NA,NA
NA,NA,NA,NA,NA,NA,NA,"5.48",NA,NA,NA,NA,"2002-02-07",NA,NA,NA,NA,NA,NA,NA,NA,NA,"0",NA,NA,NA,NA,NA,NA,NA,"0",NA,NA,NA,NA,NA,NA,NA,NA,"1",NA,NA,NA,NA,NA,NA,NA,NA,NA,NA
NA,NA,NA,NA,NA,NA,NA,"5.46",NA,NA,NA,NA,"2015-09-14",NA,NA,NA,NA,NA,NA,NA,NA,NA,"0",NA,NA,NA,NA,NA,NA,NA,"0.082",NA,NA,NA,NA,NA,NA,NA,NA,"7",NA,NA,NA,NA,NA,NA,NA,NA,NA,NA
NA,NA,NA,NA,NA,NA,NA,"3.92",NA,NA,NA,NA,"2016-09-19",NA,NA,NA,NA,NA,NA,NA,NA,NA,"0",NA,NA,NA,NA,NA,NA,NA,"0.007",NA,NA,NA,NA,NA,NA,NA,NA,"7",NA,NA,NA,NA,NA,NA,NA,NA,NA,NA
NA,NA,NA,NA,NA,NA,NA,"4",NA,NA,NA,NA,"1999-05-19",NA,NA,NA,NA,NA,NA,NA,NA,NA,"0",NA,NA,NA,NA,NA,"0",NA,"0",NA,"0",NA,NA,NA,NA,NA,NA,"1",NA,"0.886","0",NA,NA,NA,NA,"37.82",NA,NA
NA,NA,NA,NA,NA,NA,NA,"2",NA,NA,NA,NA,NA,NA,NA,NA,NA,NA,NA,NA,NA,NA,"0",NA,NA,NA,NA,NA,"0",NA,NA,NA,"0",NA,NA,NA,NA,NA,NA,"0",NA,"0.846","0",NA,NA,NA,NA,"44.68",NA,NA
NA,NA,NA,NA,NA,NA,NA,"4.9",NA,NA,NA,NA,NA,NA,NA,NA,NA,NA,NA,NA,NA,NA,"0",NA,NA,NA,NA,NA,NA,NA,"0.007",NA,NA,NA,NA,NA,NA,NA,NA,"4",NA,NA,NA,NA,NA,NA,NA,NA,NA,NA
NA,NA,NA,NA,NA,NA,NA,"5.31",NA,NA,NA,NA,"2010-12-03",NA,NA,NA,NA,NA,NA,NA,NA,NA,"0",NA,NA,NA,"1",NA,NA,NA,"0.109","3033.02",NA,NA,NA,NA,NA,NA,NA,"2",NA,NA,"0",NA,NA,NA,NA,NA,NA,NA
NA,NA,NA,NA,NA,NA,NA,"0.5",NA,NA,NA,NA,NA,NA,NA,NA,NA,NA,NA,NA,NA,NA,"0",NA,NA,NA,NA,NA,NA,NA,NA,NA,NA,NA,NA,NA,NA,NA,NA,"7",NA,NA,NA,NA,NA,NA,NA,NA,NA,NA
NA,NA,NA,NA,NA,NA,NA,"3.81",NA,NA,NA,NA,"2006-09-12",NA,NA,NA,NA,NA,NA,NA,NA,NA,"0",NA,NA,NA,NA,NA,NA,NA,"0",NA,NA,NA,NA,NA,NA,NA,NA,"5",NA,NA,NA,NA,NA,NA,NA,NA,NA,NA
NA,NA,NA,NA,NA,NA,NA,"4",NA,NA,NA,NA,NA,NA,NA,NA,NA,NA,NA,NA,NA,NA,"0",NA,NA,NA,NA,NA,"0",NA,NA,NA,"0",NA,NA,NA,NA,NA,NA,"2",NA,"0.917","0",NA,NA,NA,NA,"57.24",NA,NA
NA,NA,NA,NA,NA,NA,NA,"3.71",NA,NA,NA,NA,"2014-01-06",NA,NA,NA,NA,NA,NA,NA,NA,NA,"0",NA,NA,NA,NA,NA,NA,NA,"0.657",NA,NA,NA,NA,NA,NA,NA,NA,"5",NA,NA,NA,NA,NA,NA,NA,NA,NA,NA
NA,"2011",NA,NA,NA,NA,NA,"3.7",NA,NA,NA,NA,NA,NA,NA,NA,NA,NA,NA,NA,NA,NA,"0",NA,NA,NA,NA,NA,NA,NA,"0.659",NA,"0",NA,NA,NA,NA,NA,NA,"7",NA,NA,"0",NA,NA,NA,NA,NA,NA,NA
NA,NA,NA,NA,NA,NA,"E/W","6.76",NA,NA,NA,NA,"2007-08-08",NA,NA,NA,NA,NA,NA,NA,NA,NA,"0",NA,NA,NA,NA,NA,NA,NA,"0.001",NA,NA,NA,NA,NA,NA,NA,NA,"3",NA,NA,NA,NA,NA,NA,NA,NA,NA,NA
NA,"1980",NA,NA,NA,NA,NA,"6.2",NA,NA,NA,NA,"1996-07-10",NA,NA,NA,NA,NA,NA,NA,NA,NA,"0",NA,NA,NA,NA,NA,NA,NA,NA,NA,"0",NA,NA,NA,NA,NA,NA,"3",NA,NA,"0",NA,NA,NA,NA,NA,NA,NA
NA,NA,NA,NA,NA,NA,NA,"3.84",NA,NA,NA,NA,"2013-10-29",NA,NA,NA,NA,NA,NA,NA,NA,NA,"0",NA,NA,NA,NA,NA,NA,NA,"0.201",NA,NA,NA,NA,NA,NA,NA,NA,"4",NA,NA,NA,NA,NA,NA,NA,NA,NA,NA
NA,"1971",NA,NA,NA,NA,NA,"3.5",NA,NA,NA,NA,"2005-09-16",NA,NA,NA,NA,NA,NA,NA,NA,NA,"0",NA,NA,NA,NA,NA,NA,NA,NA,"6743.63","-121",NA,NA,NA,NA,NA,NA,"3",NA,NA,"0",NA,NA,NA,NA,NA,NA,NA
NA,NA,NA,NA,NA,NA,NA,"4",NA,NA,NA,NA,"2011-04-10",NA,NA,NA,NA,NA,NA,NA,NA,NA,"0",NA,NA,NA,NA,NA,NA,NA,"0.057",NA,NA,NA,NA,NA,NA,NA,NA,"3",NA,NA,NA,NA,NA,NA,NA,NA,NA,NA
NA,NA,NA,NA,NA,NA,NA,"4.82",NA,NA,NA,NA,"2008-07-22",NA,NA,NA,NA,NA,NA,NA,NA,NA,"0",NA,NA,NA,NA,NA,NA,NA,"0.018",NA,"0",NA,NA,NA,NA,NA,NA,"1",NA,NA,"0",NA,NA,NA,NA,NA,NA,NA
NA,NA,NA,NA,NA,NA,"NCIN","4.04",NA,NA,NA,NA,"2015-05-13",NA,NA,NA,NA,NA,NA,NA,NA,NA,"0",NA,NA,NA,NA,NA,NA,NA,"0.399",NA,NA,NA,NA,NA,NA,NA,NA,"4",NA,NA,NA,NA,NA,NA,NA,NA,NA,NA
NA,NA,NA,NA,"166",NA,NA,"3.19",NA,NA,NA,"1",NA,NA,"0.000507",NA,NA,NA,NA,NA,NA,"1","0",NA,NA,NA,NA,NA,"0","933","0",NA,NA,NA,NA,NA,NA,NA,NA,"4",NA,"0.876",NA,NA,NA,"0",NA,"40.96",NA,NA
NA,"1969",NA,NA,NA,NA,NA,"4.1",NA,NA,NA,NA,NA,NA,NA,NA,NA,NA,NA,NA,NA,NA,"0",NA,NA,NA,NA,NA,"0",NA,"0.551","4167.3","0",NA,NA,NA,NA,NA,NA,"2",NA,"0.896","0",NA,NA,NA,NA,"52.25","2",NA
NA,"2004",NA,NA,NA,NA,NA,"3.59",NA,NA,NA,NA,NA,NA,NA,NA,NA,NA,NA,NA,NA,NA,"0",NA,NA,NA,NA,NA,"0",NA,"0.055",NA,"0",NA,NA,NA,NA,NA,NA,"4",NA,"0.875","0",NA,NA,NA,NA,"63.24",NA,NA
NA,"2011",NA,NA,NA,NA,NA,"4",NA,NA,NA,NA,NA,NA,NA,NA,NA,NA,NA,NA,NA,NA,"0",NA,NA,NA,NA,NA,"0",NA,NA,NA,"0",NA,NA,NA,NA,NA,NA,"0",NA,"0.935","0",NA,NA,NA,NA,"12.06",NA,NA
NA,"1973",NA,NA,NA,NA,NA,"3.1",NA,NA,NA,NA,NA,NA,NA,NA,NA,NA,NA,NA,NA,NA,"0",NA,NA,NA,NA,NA,NA,NA,"0.438","2130.83",NA,NA,NA,NA,"211",NA,NA,"4",NA,NA,"0",NA,NA,NA,"555",NA,NA,NA
NA,NA,NA,NA,NA,NA,NA,"3.45",NA,NA,NA,NA,NA,NA,NA,NA,NA,NA,NA,NA,NA,NA,"0",NA,NA,NA,NA,NA,NA,NA,"0.003",NA,NA,NA,NA,NA,NA,NA,NA,"5",NA,NA,NA,NA,NA,NA,NA,NA,NA,NA
NA,NA,NA,NA,NA,NA,NA,"5.26",NA,NA,NA,NA,"2005-02-25",NA,NA,NA,NA,NA,NA,NA,NA,NA,"0",NA,NA,NA,NA,NA,NA,NA,"0.263","197.08",NA,NA,NA,NA,NA,NA,NA,"0",NA,NA,NA,NA,NA,NA,NA,NA,NA,NA
NA,NA,NA,NA,NA,NA,NA,"4.72",NA,NA,NA,NA,NA,NA,NA,NA,"59",NA,NA,NA,NA,NA,"0",NA,NA,NA,"1",NA,NA,NA,"0.018",NA,NA,NA,NA,NA,NA,NA,NA,"5",NA,NA,NA,NA,NA,NA,NA,NA,NA,NA
NA,NA,NA,NA,NA,NA,NA,"3.35",NA,NA,NA,NA,"2007-11-12",NA,NA,NA,NA,NA,NA,NA,NA,NA,"0",NA,NA,NA,NA,NA,NA,NA,"0",NA,NA,NA,NA,NA,NA,NA,NA,"0",NA,NA,NA,NA,NA,NA,NA,NA,NA,NA
NA,NA,NA,NA,NA,NA,NA,"4.67",NA,NA,NA,NA,"2013-04-13",NA,NA,NA,NA,NA,NA,NA,NA,NA,"0",NA,NA,NA,"1",NA,NA,NA,"0",NA,NA,NA,NA,NA,NA,NA,NA,"1",NA,NA,NA,NA,NA,NA,NA,NA,NA,NA
NA,"1987",NA,NA,NA,NA,NA,"3.39",NA,NA,NA,NA,"2005-10-27",NA,NA,NA,NA,NA,NA,NA,NA,NA,"0",NA,NA,NA,NA,NA,"0",NA,"0.025","1030.71","0",NA,NA,NA,NA,NA,NA,"0",NA,"0.941","0",NA,NA,NA,NA,"26.02",NA,NA
NA,NA,NA,NA,NA,NA,NA,"7.2",NA,NA,NA,NA,NA,NA,NA,NA,NA,NA,NA,NA,NA,NA,"0",NA,NA,NA,NA,NA,"0",NA,NA,NA,NA,NA,NA,NA,NA,NA,NA,"7",NA,"0.926",NA,NA,NA,NA,NA,"29.71",NA,NA
NA,"1965",NA,NA,NA,NA,"E/W","3.77",NA,NA,NA,NA,NA,NA,NA,NA,NA,NA,NA,NA,NA,NA,"0",NA,NA,NA,NA,NA,"21.2",NA,"0.403",NA,NA,NA,NA,NA,NA,NA,NA,"7",NA,"0.964","0",NA,NA,NA,NA,"18.37",NA,NA
NA,NA,NA,NA,NA,NA,NA,"5.9",NA,NA,NA,NA,NA,NA,NA,NA,NA,NA,NA,NA,NA,NA,"0",NA,NA,NA,NA,NA,NA,NA,"5.331",NA,NA,NA,NA,NA,NA,NA,NA,"7",NA,NA,NA,NA,NA,NA,NA,NA,NA,NA
NA,"2014",NA,NA,NA,NA,NA,"3.06",NA,NA,NA,NA,NA,NA,NA,NA,NA,NA,NA,NA,NA,NA,"0",NA,NA,NA,NA,NA,"0",NA,"0","1766.04",NA,NA,NA,NA,NA,NA,NA,"0",NA,"0.855","0",NA,NA,NA,NA,"70.91",NA,NA
NA,NA,NA,NA,NA,NA,NA,"4.25",NA,NA,NA,NA,"2011-10-28",NA,NA,NA,NA,NA,NA,NA,NA,NA,"0",NA,NA,NA,"1",NA,"0",NA,"0.455","4884.72",NA,NA,NA,NA,NA,NA,NA,"3",NA,"0.951",NA,NA,NA,NA,NA,"18.61",NA,NA
NA,NA,NA,NA,NA,NA,NA,"3.96",NA,NA,NA,NA,"2011-10-17","183500",NA,NA,NA,NA,NA,"-3.714",NA,NA,"0","i844n",NA,NA,NA,NA,NA,NA,"0.141",NA,NA,NA,NA,NA,NA,NA,"2","7",NA,NA,NA,NA,NA,NA,NA,NA,NA,NA
NA,NA,NA,NA,NA,NA,NA,"4",NA,NA,NA,NA,NA,NA,NA,NA,NA,NA,NA,NA,NA,NA,"0",NA,NA,NA,NA,NA,NA,NA,"0.044",NA,NA,NA,NA,NA,NA,NA,NA,"3",NA,NA,NA,NA,NA,NA,NA,NA,NA,NA
NA,"2007",NA,NA,"311",NA,NA,"2.05",NA,NA,NA,"3","2008-12-23",NA,"0.000451",NA,NA,NA,NA,NA,NA,"0","0",NA,NA,NA,"1",NA,NA,"1602","1.009","5507.69","0",NA,NA,NA,NA,NA,NA,"5",NA,NA,"0",NA,NA,"1",NA,NA,NA,NA
NA,NA,NA,NA,"938",NA,NA,"4.38",NA,NA,NA,"4",NA,"383500","0.000391",NA,NA,NA,NA,"-7.714",NA,"1","0","i921n",NA,NA,"1",NA,NA,"924","5.096",NA,NA,NA,NA,NA,NA,NA,"2","0",NA,NA,NA,NA,NA,"0",NA,NA,NA,NA
NA,NA,NA,NA,"938",NA,NA,"5.76",NA,NA,NA,"1",NA,"371500","0.000407",NA,"29",NA,NA,"-8.571",NA,"0","0","i303n",NA,NA,"1",NA,"0","1504","0.391",NA,"0",NA,NA,NA,NA,"2013-02-14 11:52:31","2","1",NA,"0.929","0",NA,NA,"0",NA,"30.84",NA,NA
NA,NA,NA,NA,NA,NA,NA,"4.7",NA,NA,NA,NA,"2006-11-06",NA,NA,NA,NA,NA,NA,NA,NA,NA,"0",NA,NA,NA,NA,NA,NA,NA,"0.548",NA,NA,NA,NA,NA,NA,NA,NA,"0",NA,NA,NA,NA,NA,NA,NA,NA,NA,NA
NA,NA,NA,NA,NA,NA,NA,"4.13",NA,NA,NA,NA,NA,NA,NA,NA,NA,NA,NA,NA,NA,NA,"0",NA,NA,NA,NA,NA,NA,NA,"0.442",NA,NA,NA,NA,NA,NA,NA,NA,"3",NA,NA,NA,NA,NA,NA,NA,NA,NA,NA
NA,NA,NA,NA,"498",NA,NA,"4.69",NA,NA,NA,"2","2002-09-24",NA,"0.000459",NA,NA,NA,NA,NA,NA,"0","0",NA,NA,NA,NA,NA,"0","916","0",NA,NA,NA,NA,NA,NA,NA,NA,"0",NA,"0.924",NA,NA,NA,"0",NA,"30.08",NA,NA
NA,NA,NA,NA,"809",NA,NA,"2.7",NA,NA,"30.69","2","2015-10-30",NA,NA,NA,NA,NA,NA,NA,NA,"0","0",NA,NA,NA,NA,NA,NA,NA,"0.501",NA,NA,NA,NA,NA,NA,NA,NA,"1",NA,NA,NA,NA,NA,"0",NA,NA,NA,NA
NA,NA,NA,NA,NA,NA,NA,"4.61",NA,NA,NA,NA,"2013-11-16",NA,NA,NA,NA,NA,NA,NA,NA,NA,NA,NA,NA,NA,"1",NA,NA,NA,"0",NA,NA,NA,NA,NA,NA,NA,NA,"2",NA,NA,NA,NA,NA,NA,NA,NA,NA,NA
NA,NA,NA,NA,NA,NA,"E/W","3.5",NA,NA,NA,NA,"2013-04-26",NA,NA,NA,NA,NA,NA,NA,NA,NA,"0",NA,NA,NA,NA,NA,NA,NA,"1.469",NA,NA,NA,NA,NA,NA,NA,NA,"2",NA,NA,NA,NA,NA,NA,NA,NA,NA,NA
NA,NA,NA,NA,NA,NA,NA,"2.9",NA,NA,NA,NA,NA,NA,NA,NA,NA,NA,NA,NA,NA,NA,"0",NA,NA,NA,NA,NA,NA,NA,"3.287",NA,NA,NA,NA,NA,NA,NA,NA,"4",NA,NA,NA,NA,NA,NA,NA,NA,NA,NA
NA,NA,NA,NA,NA,NA,NA,"5.9",NA,NA,NA,NA,"2016-03-02",NA,NA,NA,NA,NA,NA,NA,NA,NA,"0",NA,NA,NA,NA,NA,NA,NA,"0.46",NA,NA,NA,NA,NA,NA,NA,NA,"7",NA,NA,NA,NA,NA,NA,NA,NA,NA,NA
NA,NA,NA,NA,NA,NA,NA,"3.95",NA,NA,NA,NA,"2007-02-25",NA,NA,NA,NA,NA,NA,NA,NA,NA,"0",NA,NA,NA,"1",NA,NA,NA,"0","547.18",NA,NA,NA,NA,"210",NA,NA,"3",NA,NA,NA,NA,NA,NA,NA,NA,NA,NA
NA,NA,NA,NA,NA,NA,NA,"2.52",NA,NA,NA,NA,"2007-04-14",NA,NA,NA,NA,NA,NA,NA,NA,NA,"0",NA,NA,NA,"1",NA,NA,NA,"0.01",NA,NA,NA,NA,NA,NA,NA,NA,"5",NA,NA,NA,NA,NA,NA,NA,NA,NA,NA
NA,NA,NA,NA,NA,NA,NA,"4.54",NA,NA,NA,NA,NA,NA,NA,NA,NA,NA,NA,NA,NA,NA,"0",NA,NA,NA,NA,NA,NA,NA,NA,NA,NA,NA,NA,NA,NA,NA,NA,"2",NA,NA,NA,NA,NA,NA,NA,NA,NA,NA
NA,NA,NA,NA,NA,NA,"E/W","3.76",NA,NA,NA,NA,NA,NA,NA,NA,NA,NA,NA,NA,NA,NA,"0",NA,NA,NA,NA,NA,NA,NA,"0.706",NA,NA,NA,NA,NA,NA,NA,NA,"3",NA,NA,NA,NA,NA,NA,NA,NA,NA,NA
NA,NA,NA,NA,NA,NA,NA,"5.8",NA,NA,NA,NA,"2002-10-02",NA,NA,NA,NA,NA,NA,NA,NA,NA,"0",NA,NA,NA,NA,NA,NA,NA,"9.564",NA,NA,NA,NA,NA,NA,NA,NA,"7",NA,NA,NA,NA,NA,NA,NA,NA,NA,NA
NA,NA,NA,NA,NA,NA,NA,"1.78",NA,NA,NA,NA,NA,NA,NA,NA,NA,NA,NA,NA,NA,NA,"0",NA,NA,NA,NA,NA,NA,NA,"0","1036.58",NA,NA,NA,NA,NA,NA,NA,"3",NA,NA,NA,NA,NA,NA,NA,NA,NA,NA
NA,NA,NA,NA,NA,NA,NA,"7.84",NA,NA,NA,NA,"1997-09-22",NA,NA,NA,NA,NA,NA,NA,NA,NA,"0",NA,NA,NA,NA,NA,NA,NA,"0.264",NA,NA,NA,NA,NA,NA,NA,NA,"2",NA,NA,NA,NA,NA,NA,NA,NA,NA,NA
NA,"2007",NA,NA,"058",NA,NA,"2.2",NA,NA,NA,"4","2009-10-01","347500","0.000431",NA,NA,NA,NA,"-8",NA,"1","0","i498n",NA,NA,NA,NA,"0","985","0.061","5575.79","0",NA,NA,NA,NA,NA,"2","0",NA,"0.918","0",NA,NA,"0",NA,"24.05",NA,NA
NA,"2011",NA,"Noload","655",NA,NA,"5.52",NA,NA,NA,"0",NA,NA,"0.000338",NA,"352",NA,NA,NA,NA,"1","0",NA,NA,NA,"1",NA,"0","1016","1.291","4211.2","0",NA,NA,NA,NA,NA,NA,"4",NA,"0.892","0",NA,NA,"0",NA,"57.36",NA,NA
NA,NA,NA,NA,NA,NA,NA,"4.81",NA,NA,NA,NA,"2003-11-17",NA,NA,NA,NA,NA,NA,NA,NA,NA,"0",NA,NA,NA,"1",NA,NA,NA,"0.239",NA,NA,NA,NA,NA,NA,NA,NA,"4",NA,NA,NA,NA,NA,NA,NA,NA,NA,NA
NA,NA,NA,NA,NA,NA,NA,"3",NA,NA,NA,NA,"2012-08-01",NA,NA,NA,NA,NA,NA,NA,NA,NA,"0",NA,NA,NA,NA,NA,NA,NA,"0.084",NA,NA,NA,NA,NA,NA,NA,NA,"1",NA,NA,NA,NA,NA,NA,NA,NA,NA,NA
NA,NA,NA,NA,NA,NA,"E/W","5.41",NA,NA,NA,NA,"2004-05-10",NA,NA,NA,NA,NA,NA,NA,NA,NA,"0",NA,NA,NA,NA,NA,NA,NA,"0.041",NA,NA,NA,NA,NA,NA,NA,NA,"5",NA,NA,NA,NA,NA,NA,NA,NA,NA,NA
NA,"1989",NA,NA,NA,NA,NA,"5.14",NA,NA,NA,NA,"2001-11-20",NA,NA,NA,NA,NA,NA,NA,NA,NA,"0",NA,NA,NA,NA,NA,"0",NA,"1.763","427.27","0",NA,NA,NA,NA,NA,NA,"7",NA,"0.897","0",NA,NA,NA,NA,"69.37",NA,NA
NA,NA,NA,NA,NA,NA,"E/W","3.9",NA,NA,NA,"2","2010-03-02",NA,NA,NA,NA,NA,NA,NA,NA,NA,"0",NA,NA,NA,NA,NA,NA,NA,"0","4082.47",NA,NA,NA,NA,NA,NA,NA,"5",NA,NA,NA,NA,NA,NA,NA,NA,NA,NA
NA,"2012",NA,NA,NA,NA,NA,"3.51",NA,NA,NA,NA,"2015-04-15",NA,NA,NA,NA,NA,NA,NA,NA,NA,"0",NA,NA,NA,NA,NA,NA,NA,"0.09","3796.95",NA,NA,NA,NA,NA,NA,NA,"5",NA,NA,"0",NA,NA,NA,NA,NA,NA,NA
NA,NA,NA,NA,NA,NA,NA,"7.57",NA,NA,NA,NA,"2005-09-19",NA,NA,NA,NA,NA,NA,NA,NA,NA,"0",NA,NA,NA,NA,NA,NA,NA,"0.012",NA,NA,NA,NA,NA,NA,NA,NA,"3",NA,NA,NA,NA,NA,NA,NA,NA,NA,NA
NA,"2016",NA,NA,"809",NA,"E/W","3.44",NA,NA,NA,"5","2005-02-28",NA,"0.000592",NA,NA,NA,NA,NA,NA,"0","0",NA,NA,NA,NA,NA,NA,"1200","0.244",NA,"-131",NA,NA,NA,NA,NA,NA,"3",NA,NA,"0",NA,NA,"0",NA,NA,NA,NA
NA,"1974",NA,NA,NA,NA,"NCIN","3.9",NA,NA,NA,NA,NA,NA,NA,NA,NA,NA,NA,NA,NA,NA,"0",NA,NA,NA,NA,NA,"0",NA,"0","1071.89","0",NA,NA,NA,"210",NA,NA,"7",NA,"0.884","0",NA,NA,NA,NA,"34.9",NA,NA
NA,NA,NA,NA,NA,NA,"E/W","3.8",NA,NA,NA,NA,"2002-04-02",NA,NA,NA,NA,NA,NA,NA,"Z966",NA,"0",NA,NA,NA,NA,NA,NA,NA,NA,NA,NA,NA,NA,NA,NA,NA,NA,"3",NA,NA,NA,NA,NA,NA,NA,NA,NA,NA
NA,NA,NA,NA,NA,NA,NA,"3.4",NA,NA,NA,NA,"2015-04-01",NA,NA,NA,NA,NA,NA,NA,NA,NA,"0",NA,NA,NA,NA,NA,NA,NA,"0.002",NA,NA,NA,NA,NA,NA,NA,NA,"0",NA,NA,NA,NA,NA,NA,NA,NA,NA,NA
NA,NA,NA,NA,NA,NA,NA,"3.8",NA,NA,NA,NA,"2010-09-22",NA,NA,NA,NA,NA,NA,NA,NA,NA,"0",NA,NA,NA,NA,NA,NA,NA,NA,NA,NA,NA,NA,NA,NA,NA,NA,"2",NA,NA,NA,NA,NA,NA,NA,NA,NA,NA
NA,NA,NA,NA,"445",NA,NA,"4.64",NA,NA,NA,"2",NA,NA,"0.000399",NA,NA,NA,NA,NA,NA,"0","0",NA,NA,NA,NA,NA,NA,"1530","0","220.3",NA,NA,NA,NA,NA,NA,NA,"3",NA,NA,NA,NA,NA,"0",NA,NA,NA,NA
NA,NA,NA,NA,NA,NA,NA,"6.2",NA,NA,NA,NA,NA,NA,NA,NA,NA,NA,NA,NA,NA,NA,"0",NA,NA,NA,NA,NA,NA,NA,NA,NA,NA,NA,NA,NA,NA,NA,NA,"6",NA,NA,NA,NA,NA,NA,NA,NA,NA,NA
NA,"2014","1",NA,"434",NA,NA,"1.64",NA,NA,NA,"3",NA,NA,"0.000317",NA,NA,NA,NA,NA,NA,"1","0",NA,NA,NA,NA,NA,"0","1522",NA,"1968.69","0",NA,NA,NA,"210",NA,NA,"6",NA,"0.904","0",NA,NA,"0",NA,"34.59",NA,NA
NA,NA,NA,NA,NA,NA,"NCIN","3.96",NA,NA,NA,NA,"2010-04-08",NA,NA,NA,NA,NA,NA,NA,NA,NA,"0",NA,NA,NA,NA,NA,NA,NA,"0",NA,NA,NA,NA,NA,NA,NA,NA,"2",NA,NA,NA,NA,NA,NA,NA,NA,NA,NA
NA,NA,NA,NA,NA,NA,NA,"6.11",NA,NA,NA,NA,"2006-11-07",NA,NA,NA,NA,NA,NA,NA,NA,NA,"0",NA,NA,NA,NA,NA,NA,NA,"0.075",NA,NA,NA,NA,NA,NA,NA,NA,"1",NA,NA,NA,NA,NA,NA,NA,NA,NA,NA
NA,"2013",NA,NA,"568",NA,NA,"3.4",NA,NA,NA,"-1",NA,NA,NA,NA,NA,NA,NA,NA,NA,"0","0",NA,NA,NA,NA,NA,NA,NA,"0.202",NA,NA,NA,NA,NA,"210",NA,NA,"-1",NA,NA,"0",NA,NA,"0",NA,NA,NA,NA
NA,NA,NA,NA,NA,NA,NA,"2.6",NA,NA,NA,NA,"2011-09-05",NA,NA,NA,NA,NA,NA,NA,NA,NA,"0",NA,NA,NA,NA,NA,NA,NA,"8.274",NA,NA,NA,NA,NA,NA,NA,NA,"0",NA,NA,NA,NA,NA,NA,NA,NA,NA,NA
NA,NA,NA,NA,NA,NA,NA,"3.7",NA,NA,NA,NA,"2014-01-16",NA,NA,NA,NA,NA,NA,NA,NA,NA,"0",NA,NA,NA,NA,NA,NA,NA,"1.647",NA,"0",NA,NA,NA,NA,NA,NA,"2",NA,NA,"0",NA,NA,NA,NA,NA,NA,NA
NA,NA,NA,NA,NA,NA,NA,"3.59",NA,NA,NA,NA,"2015-05-15",NA,NA,NA,NA,NA,NA,NA,NA,NA,"0",NA,NA,NA,NA,NA,NA,NA,"0",NA,NA,NA,NA,NA,NA,NA,NA,"3",NA,NA,NA,NA,NA,NA,NA,NA,NA,NA
NA,NA,NA,NA,NA,NA,"E/W","5.05",NA,NA,NA,NA,"2005-07-11",NA,NA,NA,NA,NA,NA,NA,NA,NA,"0",NA,NA,NA,NA,NA,NA,NA,NA,"168.06",NA,NA,NA,NA,"210",NA,NA,"5",NA,NA,NA,NA,NA,NA,NA,NA,NA,NA
NA,"2004",NA,NA,NA,NA,NA,"2.62",NA,NA,NA,NA,"2000-09-05",NA,NA,NA,NA,NA,NA,NA,NA,NA,"0",NA,NA,NA,"1",NA,"0",NA,"0","2614.78","0",NA,NA,NA,"210",NA,NA,"3",NA,"0.982","0",NA,NA,NA,NA,"15.76",NA,NA
NA,NA,NA,NA,NA,NA,"E/W","6.44",NA,NA,NA,NA,"2016-10-20",NA,NA,NA,NA,NA,NA,NA,"K579",NA,"0",NA,NA,NA,NA,NA,"0",NA,"1.202","6991.97",NA,NA,NA,NA,"210",NA,NA,"3",NA,"0.881",NA,NA,NA,NA,NA,"51.04",NA,NA
NA,NA,NA,NA,NA,NA,NA,"1.3",NA,NA,NA,NA,"2016-02-03",NA,NA,NA,NA,NA,NA,NA,NA,NA,"0",NA,NA,NA,NA,NA,NA,NA,NA,NA,NA,NA,NA,NA,NA,NA,NA,"7",NA,NA,NA,NA,NA,NA,NA,NA,NA,NA
NA,NA,NA,NA,NA,NA,NA,"3.15",NA,NA,NA,NA,"2012-03-02",NA,NA,NA,NA,NA,NA,NA,NA,NA,"0",NA,NA,NA,NA,NA,NA,NA,"0.024",NA,NA,NA,NA,NA,NA,NA,NA,"-1",NA,NA,NA,NA,NA,NA,NA,NA,NA,NA
NA,NA,NA,NA,NA,NA,NA,"6.09",NA,NA,NA,NA,"2008-04-15",NA,NA,NA,NA,NA,NA,NA,NA,NA,"0",NA,NA,NA,NA,NA,NA,NA,"0.023",NA,NA,NA,NA,NA,NA,NA,NA,"1",NA,NA,NA,NA,NA,NA,NA,NA,NA,NA
NA,"1972",NA,NA,NA,NA,NA,"2.98",NA,NA,NA,NA,NA,NA,NA,NA,NA,NA,NA,NA,NA,NA,"0",NA,NA,NA,NA,NA,NA,NA,"0",NA,"0",NA,NA,NA,"211",NA,NA,"7",NA,NA,"0",NA,NA,NA,NA,NA,NA,NA
NA,NA,NA,NA,NA,NA,NA,"4.8",NA,NA,NA,NA,"2010-11-01",NA,NA,NA,NA,NA,NA,NA,NA,NA,"0",NA,NA,NA,NA,NA,"0",NA,"0.36",NA,NA,NA,NA,NA,"210",NA,NA,"7",NA,"0.88",NA,NA,NA,NA,NA,"41.26",NA,NA
NA,NA,NA,NA,NA,NA,NA,"5.1",NA,NA,NA,NA,NA,NA,NA,NA,NA,NA,NA,NA,NA,NA,"0",NA,NA,NA,NA,NA,NA,NA,"0.249",NA,NA,NA,NA,NA,NA,NA,NA,"6",NA,NA,NA,NA,NA,NA,NA,NA,NA,NA
NA,NA,NA,NA,NA,NA,NA,"5.81",NA,NA,NA,NA,NA,"425500",NA,NA,NA,NA,NA,"-5.143",NA,NA,"0","i445n",NA,NA,NA,NA,"0",NA,"0.091",NA,NA,NA,NA,NA,NA,NA,"1","7",NA,"0.9",NA,NA,NA,NA,NA,"38.47",NA,NA
NA,NA,NA,NA,NA,NA,"E/W","6.5",NA,NA,NA,NA,"2009-12-17",NA,NA,NA,NA,NA,NA,NA,NA,NA,"0",NA,NA,NA,NA,NA,NA,NA,"0.013",NA,NA,NA,NA,NA,NA,NA,NA,"7",NA,NA,NA,NA,NA,NA,NA,NA,NA,NA
NA,NA,NA,NA,NA,NA,NA,"2.69",NA,NA,NA,NA,"2009-12-14",NA,NA,NA,NA,NA,NA,NA,NA,NA,"0",NA,NA,NA,NA,NA,NA,NA,"0.085",NA,NA,NA,NA,NA,NA,NA,NA,"2",NA,NA,NA,NA,NA,NA,NA,NA,NA,NA
NA,NA,NA,NA,NA,NA,NA,"5.07",NA,NA,NA,NA,NA,NA,NA,NA,NA,NA,NA,NA,NA,NA,"0",NA,NA,NA,"1",NA,NA,NA,"0.02",NA,NA,NA,NA,NA,NA,NA,NA,"1",NA,NA,NA,NA,NA,NA,NA,NA,NA,NA
NA,"1982",NA,NA,NA,NA,NA,"4.08",NA,NA,NA,NA,NA,NA,NA,NA,NA,NA,NA,NA,NA,NA,"0",NA,NA,NA,NA,NA,"0",NA,"0","447.94","0",NA,NA,NA,NA,NA,NA,"1",NA,"0.899","0",NA,NA,NA,NA,"64.92",NA,NA
NA,NA,NA,NA,NA,NA,NA,NA,NA,NA,NA,NA,"1999-06-22",NA,NA,NA,NA,NA,NA,NA,NA,NA,NA,NA,NA,NA,NA,NA,NA,NA,"0.715",NA,NA,NA,NA,NA,NA,NA,NA,"6",NA,NA,NA,NA,NA,NA,NA,NA,NA,NA
NA,NA,NA,NA,NA,NA,"E/W","3.85",NA,NA,NA,NA,"2002-10-16",NA,NA,NA,NA,NA,NA,NA,NA,NA,"0",NA,NA,NA,"1",NA,NA,NA,"0",NA,NA,NA,NA,NA,NA,NA,NA,"-1",NA,NA,NA,NA,NA,NA,NA,NA,NA,NA
NA,NA,NA,NA,NA,NA,"E/W","2.7",NA,NA,NA,NA,"2017-01-23",NA,NA,NA,NA,NA,NA,NA,NA,NA,"0",NA,NA,NA,NA,NA,NA,NA,"1.911",NA,NA,NA,NA,NA,NA,NA,NA,"4",NA,NA,NA,NA,NA,NA,NA,NA,NA,NA
NA,NA,NA,NA,NA,NA,"E/W","4",NA,NA,NA,NA,"2010-07-05",NA,NA,NA,NA,NA,NA,NA,NA,NA,"0",NA,NA,NA,NA,NA,NA,NA,"0",NA,NA,NA,NA,NA,NA,NA,NA,"7",NA,NA,NA,NA,NA,NA,NA,NA,NA,NA
NA,NA,NA,NA,NA,NA,NA,"3.27",NA,NA,NA,NA,"2000-05-24",NA,NA,NA,NA,NA,NA,NA,NA,NA,"0",NA,NA,NA,NA,NA,NA,NA,"0.065",NA,NA,NA,NA,NA,NA,NA,NA,"7",NA,NA,NA,NA,NA,NA,NA,NA,NA,NA
NA,"1981",NA,NA,NA,NA,NA,"6.1",NA,NA,NA,NA,"2017-03-06",NA,NA,NA,NA,NA,NA,NA,NA,NA,"0",NA,NA,NA,NA,NA,NA,NA,"0.901",NA,"0",NA,NA,NA,NA,NA,NA,"4",NA,NA,"0",NA,NA,NA,NA,NA,NA,NA
NA,NA,NA,NA,NA,NA,NA,"2.87",NA,NA,NA,NA,"2016-06-17",NA,NA,NA,NA,NA,NA,NA,NA,NA,"0",NA,NA,NA,NA,NA,NA,NA,"0.143",NA,NA,NA,NA,NA,NA,NA,NA,"4",NA,NA,NA,NA,NA,NA,NA,NA,NA,NA
NA,NA,NA,NA,NA,NA,"E/W","4.95",NA,NA,NA,NA,"2015-07-28",NA,NA,NA,NA,NA,NA,NA,NA,NA,"0",NA,NA,NA,NA,NA,NA,NA,"0.295",NA,NA,NA,NA,NA,NA,NA,NA,"7",NA,NA,NA,NA,NA,NA,NA,NA,NA,NA
NA,NA,NA,NA,NA,NA,"NCIN","3.23",NA,NA,NA,NA,"2016-04-11",NA,NA,NA,NA,NA,NA,NA,"Z884",NA,"0",NA,NA,NA,"1",NA,NA,NA,"0.746",NA,NA,NA,NA,NA,NA,NA,NA,"2",NA,NA,NA,NA,NA,NA,NA,NA,NA,NA
NA,NA,NA,NA,NA,NA,NA,"7.22",NA,NA,NA,NA,"2014-12-15",NA,NA,NA,NA,NA,NA,NA,NA,NA,"0",NA,NA,NA,NA,NA,"0",NA,"0.018",NA,NA,NA,NA,NA,NA,NA,NA,"3",NA,"0.888",NA,NA,NA,NA,NA,"58.78",NA,NA
NA,NA,NA,NA,NA,NA,NA,"2.76",NA,NA,NA,NA,NA,NA,NA,NA,NA,NA,NA,NA,NA,NA,"0",NA,NA,NA,NA,NA,NA,NA,"0.338",NA,NA,NA,NA,NA,NA,NA,NA,"3",NA,NA,NA,NA,NA,NA,NA,NA,NA,NA
NA,NA,NA,NA,NA,NA,NA,"3.32",NA,NA,NA,NA,NA,NA,NA,NA,NA,NA,NA,NA,NA,NA,"0",NA,NA,NA,NA,NA,NA,NA,"0",NA,NA,NA,NA,NA,NA,NA,NA,"1",NA,NA,NA,NA,NA,NA,NA,NA,NA,NA
NA,NA,NA,NA,NA,NA,NA,"4.62",NA,NA,NA,NA,"2014-12-31",NA,NA,NA,NA,NA,NA,NA,NA,NA,"0",NA,NA,NA,NA,NA,NA,NA,"0",NA,NA,NA,NA,NA,NA,NA,NA,"-1",NA,NA,NA,NA,NA,NA,NA,NA,NA,NA
NA,NA,NA,NA,NA,NA,NA,"2.8",NA,NA,NA,NA,NA,NA,NA,NA,NA,NA,NA,NA,NA,NA,"0",NA,NA,NA,NA,NA,NA,NA,"0.213",NA,"-131",NA,NA,NA,"210",NA,NA,"0",NA,NA,"0",NA,NA,NA,NA,NA,NA,NA
NA,NA,NA,NA,NA,NA,NA,"3.58",NA,NA,NA,NA,"2003-03-19",NA,NA,NA,NA,NA,NA,NA,NA,NA,"0",NA,NA,NA,NA,NA,NA,NA,"0.002",NA,NA,NA,NA,NA,NA,NA,NA,"5",NA,NA,NA,NA,NA,NA,NA,NA,NA,NA
NA,NA,NA,NA,"613",NA,NA,"3.47",NA,NA,NA,"2","2016-04-06",NA,"0.000349",NA,NA,NA,NA,NA,NA,"0","0",NA,NA,NA,NA,NA,NA,"1238","0.057",NA,NA,NA,NA,NA,NA,NA,NA,"7",NA,NA,NA,NA,NA,"0",NA,NA,NA,NA
NA,NA,NA,NA,NA,NA,"E/W","2.62",NA,NA,NA,NA,"2004-01-06",NA,NA,NA,NA,NA,NA,NA,NA,NA,"0",NA,NA,NA,NA,NA,NA,NA,"19.801",NA,NA,NA,NA,NA,NA,NA,NA,"7",NA,NA,NA,NA,NA,NA,NA,NA,NA,NA
NA,NA,NA,NA,NA,NA,NA,"4.35",NA,NA,NA,NA,"2011-05-27",NA,NA,NA,NA,NA,NA,NA,NA,NA,"0",NA,NA,NA,NA,NA,NA,NA,"1.798",NA,NA,NA,NA,NA,NA,NA,NA,"2",NA,NA,NA,NA,NA,NA,NA,NA,NA,NA
NA,NA,NA,NA,NA,NA,NA,"3",NA,NA,NA,NA,"1998-07-10",NA,NA,NA,NA,NA,NA,NA,NA,NA,"0",NA,NA,NA,NA,NA,NA,NA,"2.003","2035.37",NA,NA,NA,NA,"210",NA,NA,"1",NA,NA,NA,NA,NA,NA,NA,NA,NA,NA
NA,NA,NA,NA,NA,NA,NA,NA,NA,NA,NA,NA,"2008-08-04",NA,NA,NA,NA,NA,NA,NA,NA,NA,NA,NA,NA,NA,NA,NA,NA,NA,"14.629",NA,NA,NA,NA,NA,NA,NA,NA,"-1",NA,NA,NA,NA,NA,NA,NA,NA,NA,NA
NA,NA,NA,NA,NA,NA,NA,"4.53",NA,NA,NA,NA,NA,NA,NA,NA,NA,NA,NA,NA,NA,NA,"0",NA,NA,NA,NA,NA,NA,NA,"0.362",NA,NA,NA,NA,NA,NA,NA,NA,"3",NA,NA,NA,NA,NA,NA,NA,NA,NA,NA
NA,NA,NA,NA,NA,NA,NA,"6.98",NA,NA,NA,NA,"2013-07-22",NA,NA,NA,NA,NA,NA,NA,NA,NA,"0",NA,NA,NA,NA,NA,NA,NA,NA,NA,NA,NA,NA,NA,NA,NA,NA,"3",NA,NA,NA,NA,NA,NA,NA,NA,NA,NA
NA,NA,NA,NA,NA,NA,NA,"3.97",NA,NA,NA,NA,"2002-05-21",NA,NA,NA,NA,NA,NA,NA,NA,NA,"0",NA,NA,NA,NA,NA,NA,NA,"0.033",NA,NA,NA,NA,NA,NA,NA,NA,"0",NA,NA,NA,NA,NA,NA,NA,NA,NA,NA
NA,NA,NA,NA,NA,NA,NA,"4.33",NA,NA,NA,NA,"2016-12-23",NA,NA,NA,NA,NA,NA,NA,NA,NA,"0",NA,NA,NA,NA,NA,NA,NA,"0.353",NA,NA,NA,NA,NA,NA,NA,NA,"7",NA,NA,NA,NA,NA,NA,NA,NA,NA,NA
NA,NA,NA,NA,NA,NA,NA,"2.67",NA,NA,NA,NA,NA,NA,NA,NA,NA,NA,NA,NA,NA,NA,"0",NA,NA,NA,NA,NA,NA,NA,"0.491",NA,NA,NA,NA,NA,NA,NA,NA,"3",NA,NA,NA,NA,NA,NA,NA,NA,NA,NA
NA,NA,NA,NA,NA,NA,NA,"4.57",NA,NA,NA,NA,"2017-01-14",NA,NA,NA,NA,NA,NA,NA,NA,NA,"0",NA,NA,NA,NA,NA,NA,NA,"0",NA,NA,NA,NA,NA,NA,NA,NA,"4",NA,NA,NA,NA,NA,NA,NA,NA,NA,NA
NA,NA,NA,NA,NA,NA,"E/W","3.9",NA,NA,NA,NA,"2012-07-25",NA,NA,NA,NA,NA,NA,NA,NA,NA,"0",NA,NA,NA,NA,NA,NA,NA,NA,NA,NA,NA,NA,NA,NA,NA,NA,"6",NA,NA,NA,NA,NA,NA,NA,NA,NA,NA
NA,"2010",NA,NA,"434",NA,NA,"3.82",NA,NA,NA,"2","2005-08-10",NA,NA,NA,NA,NA,NA,NA,NA,"1","0",NA,NA,NA,NA,NA,NA,NA,"0",NA,NA,NA,NA,NA,NA,NA,NA,"7",NA,NA,"0",NA,NA,"0",NA,NA,NA,NA
NA,NA,NA,NA,NA,NA,NA,"4.2",NA,NA,NA,NA,"2003-07-14",NA,NA,NA,NA,NA,NA,NA,NA,NA,"0",NA,NA,NA,NA,NA,NA,NA,NA,NA,NA,NA,NA,NA,NA,NA,NA,"5",NA,NA,NA,NA,NA,NA,NA,NA,NA,NA
NA,NA,NA,NA,NA,NA,NA,"4.2",NA,NA,NA,NA,"2009-04-06",NA,NA,NA,"13",NA,NA,NA,NA,NA,"0",NA,NA,NA,"1",NA,NA,NA,"0",NA,NA,NA,NA,NA,NA,NA,NA,"0",NA,NA,NA,NA,NA,NA,NA,NA,NA,NA
