"logmar_in_round_left_f5078_1_12","time_blood_sample_collected_f3166_0_4","number_of_digits_to_be_memorisedrecalled_f4250_2_4","night_shifts_worked_f22650_0_20","method_of_recording_time_when_operation_occurred_f20014_2_0","time_to_press_last_digit_left_f4235_2_9","time_to_press_last_digit_left_f4235_3_8","operative_procedures_main_opcs4_f41200_0_30","volume_of_sfrontmiddle_left_hemisphere_f27529_2_0","aspartate_aminotransferase_correction_reason_f30654_0_0","visual_acuity_measured_left_f5187_0_0","keystroke_history_left_f4238_3_14","round_of_numeric_memory_test_f4260_0_8","ecg_stage_name_f5988_0_22","values_entered_f20229_0_115","volume_of_latfisanthorizont_right_hemisphere_f27737_2_0","time_to_press_last_digit_left_f4235_1_10","operation_code_f20004_0_26","heel_quantitative_ultrasound_index_qui_direct_entry_left_f4104_2_0","sponge_pudding_intake_f102210_2_0","mean_mo_in_cingulum_cingulate_gyrus_on_fa_skeleton_left_f25187_3_0","weightedmean_icvf_in_tract_inferior_longitudinal_fasciculus_right_f25665_3_0","workplace_had_a_lot_of_cigarette_smoke_from_other_people_smoking_f22611_0_19","workplace_very_hot_f22608_0_8","monocyte_percentage_f30190_2_0","volume_of_accumbens_right_f25024_3_0","noncancer_illness_yearage_first_occurred_f87_0_19","ecg_heart_rate_f5983_0_71","date_of_first_operative_procedure_main_opcs4_f41260_0_46","shbg_reportability_f30836_0_0","home_location_east_coordinate_rounded_f22702_0_9","diagnoses_icd9_f41271_0_18","index_for_card_b_in_round_f402_2_4","glycated_haemoglobin_hba1c_correction_reason_f30754_1_0","weightedmean_md_in_tract_medial_lemniscus_right_f25533_3_0","cereal_type_f1468_2_0","grapefruit_intake_f104490_4_0","vitamin_andor_mineral_supplement_use_f20084_4_1","vitamin_andor_mineral_supplement_use_f20084_1_6","systolic_blood_pressure_automated_reading_f4080_1_1","sliced_bread_intake_f100950_3_0","triplet_entered_left_f4236_2_13","basophill_percentage_device_id_f30223_0_0","interpolated_year_when_noncancer_illness_first_diagnosed_f20008_2_7","mean_thickness_of_gscingulmidpost_left_hemisphere_f27410_3_0","ecg_trend_phase_name_f5987_1_96","avocado_intake_f104100_2_0","home_location_east_coordinate_rounded_f22702_0_7","manifestations_of_mania_or_irritability_f20548_0_6","values_entered_f23322_2_31"
NA,"2009-11-10 17:38:02",NA,NA,NA,NA,NA,NA,NA,"0","1",NA,NA,NA,NA,NA,NA,NA,NA,NA,NA,NA,NA,NA,NA,NA,NA,NA,NA,"1",NA,NA,NA,NA,NA,NA,NA,NA,NA,NA,NA,NA,"AH49855",NA,NA,NA,NA,NA,NA,NA
NA,"2008-09-02 13:12:45",NA,NA,NA,NA,NA,NA,NA,"0",NA,NA,NA,NA,NA,NA,NA,NA,NA,NA,NA,NA,NA,NA,NA,NA,NA,NA,NA,NA,NA,NA,NA,NA,NA,NA,NA,NA,NA,NA,NA,NA,"AK30431",NA,NA,NA,NA,NA,NA,NA
NA,"2010-05-25 11:30:05",NA,NA,NA,NA,NA,NA,NA,"0","1",NA,NA,"Ramp3",NA,NA,NA,NA,NA,NA,NA,NA,NA,NA,NA,NA,NA,NA,NA,"1",NA,NA,NA,NA,NA,NA,NA,"474",NA,NA,NA,NA,"AH49855",NA,NA,NA,NA,NA,NA,NA
NA,"2007-05-08 12:37:09",NA,NA,NA,NA,NA,NA,NA,"0",NA,NA,NA,NA,NA,NA,NA,NA,NA,NA,NA,NA,NA,NA,NA,NA,NA,NA,NA,"1",NA,NA,NA,NA,NA,NA,NA,NA,NA,NA,NA,NA,"AK26401",NA,NA,NA,NA,NA,NA,NA
NA,"2006-06-09 10:49:13",NA,NA,NA,NA,NA,NA,NA,NA,NA,NA,NA,NA,NA,NA,NA,NA,NA,NA,NA,NA,NA,NA,NA,NA,NA,NA,NA,NA,NA,NA,NA,NA,NA,NA,NA,NA,NA,NA,NA,NA,NA,NA,NA,NA,NA,NA,NA,NA
NA,"2009-11-05 11:20:03",NA,NA,NA,NA,NA,NA,NA,"0","1",NA,NA,NA,NA,NA,NA,NA,NA,NA,NA,NA,NA,NA,NA,NA,NA,NA,NA,"1",NA,NA,NA,NA,NA,NA,NA,NA,NA,NA,NA,NA,"AH49855",NA,NA,NA,NA,NA,NA,NA
NA,"2010-02-04 09:54:53",NA,NA,NA,NA,NA,NA,NA,"0","1",NA,NA,"Ramp4",NA,NA,NA,NA,NA,NA,NA,NA,NA,NA,NA,NA,NA,NA,NA,"1",NA,NA,NA,NA,NA,NA,NA,NA,NA,NA,"555",NA,"AJ38695",NA,NA,NA,NA,NA,NA,NA
NA,"2009-03-20 15:38:25",NA,NA,NA,NA,NA,NA,NA,"0",NA,NA,NA,NA,NA,NA,NA,NA,NA,NA,NA,NA,NA,NA,NA,NA,NA,NA,NA,"1",NA,NA,NA,NA,NA,NA,NA,NA,NA,NA,NA,NA,"AJ38695",NA,NA,NA,"555",NA,NA,NA
NA,"2007-12-13 09:46:52","6",NA,"-5","23",NA,NA,"2300","0",NA,NA,NA,NA,NA,"495","26",NA,"89.6076","1",NA,NA,NA,NA,NA,NA,NA,NA,NA,"1",NA,NA,"4","0",NA,"3",NA,NA,NA,"131",NA,"938","AH49855",NA,NA,NA,NA,NA,NA,NA
NA,"2008-02-28 17:57:30",NA,NA,NA,NA,NA,NA,NA,"0",NA,NA,NA,NA,NA,NA,NA,NA,NA,NA,NA,NA,NA,NA,NA,NA,NA,NA,NA,"1",NA,NA,NA,NA,NA,NA,NA,NA,NA,NA,NA,NA,"AH49855",NA,NA,NA,NA,NA,NA,NA
NA,"2008-04-15 10:02:25",NA,NA,NA,NA,NA,NA,NA,"0",NA,NA,NA,NA,NA,NA,NA,NA,NA,NA,NA,NA,NA,NA,NA,NA,NA,NA,NA,"1",NA,NA,NA,NA,NA,NA,NA,NA,NA,NA,NA,NA,"AJ38695",NA,NA,NA,NA,NA,NA,NA
NA,"2008-11-21 16:58:33",NA,NA,NA,NA,NA,NA,NA,"0",NA,NA,NA,NA,NA,NA,NA,NA,NA,NA,NA,NA,NA,NA,NA,NA,NA,NA,NA,"1",NA,NA,NA,NA,NA,NA,NA,NA,NA,NA,"2",NA,"AK26401",NA,NA,NA,NA,NA,NA,NA
NA,"2009-07-04 15:37:25",NA,NA,NA,NA,NA,NA,NA,"0",NA,NA,"8",NA,NA,NA,NA,NA,NA,NA,NA,NA,NA,NA,NA,NA,NA,NA,NA,"1",NA,NA,NA,NA,NA,NA,NA,NA,NA,NA,NA,NA,"AH49855",NA,NA,NA,NA,NA,NA,NA
NA,"2007-09-22 11:05:14",NA,NA,NA,NA,NA,NA,NA,"0",NA,NA,NA,NA,NA,NA,NA,NA,NA,NA,NA,NA,NA,NA,NA,NA,NA,NA,NA,"1",NA,NA,NA,NA,NA,NA,NA,NA,NA,NA,NA,NA,NA,NA,NA,NA,NA,NA,NA,NA
NA,"2008-05-17 14:54:24",NA,NA,NA,NA,NA,NA,NA,"0",NA,NA,NA,NA,NA,NA,NA,NA,NA,NA,NA,NA,NA,NA,NA,NA,NA,NA,NA,"1",NA,NA,NA,NA,NA,NA,NA,NA,NA,NA,NA,NA,"AJ38695",NA,NA,NA,NA,NA,NA,NA
NA,"2007-12-17 17:42:36",NA,NA,NA,NA,NA,NA,NA,"0",NA,NA,NA,NA,NA,NA,NA,NA,NA,NA,NA,NA,NA,NA,NA,NA,NA,NA,NA,"1",NA,NA,NA,NA,NA,NA,NA,NA,NA,NA,NA,NA,"AH49855",NA,NA,NA,NA,NA,NA,NA
NA,"2008-03-15 09:15:18",NA,NA,"-5","29","39",NA,"3462","0",NA,"i655n",NA,NA,NA,"438","27",NA,"113.114",NA,NA,NA,NA,NA,NA,NA,NA,NA,NA,"1",NA,NA,NA,"0",NA,"2",NA,NA,NA,"126",NA,"359","AJ38695",NA,NA,NA,NA,NA,NA,NA
NA,NA,NA,NA,NA,NA,NA,NA,NA,"0","1",NA,NA,"Ramp3",NA,NA,NA,NA,NA,NA,NA,NA,NA,NA,NA,NA,NA,NA,NA,"1",NA,NA,NA,NA,NA,NA,NA,NA,NA,NA,NA,NA,NA,NA,NA,NA,NA,NA,NA,NA
NA,"2008-12-01 16:38:13",NA,NA,NA,NA,NA,NA,NA,"0",NA,NA,NA,NA,NA,NA,NA,NA,NA,NA,NA,NA,NA,NA,NA,NA,NA,NA,NA,"1",NA,NA,NA,NA,NA,NA,NA,NA,NA,NA,NA,NA,"AH49855",NA,NA,NA,NA,NA,NA,NA
NA,"2009-06-25 13:18:45",NA,NA,NA,NA,NA,NA,NA,"0",NA,NA,NA,NA,NA,NA,NA,NA,NA,NA,NA,NA,NA,NA,NA,NA,NA,NA,NA,"1",NA,NA,NA,NA,NA,NA,NA,NA,NA,NA,NA,NA,"AK30431",NA,NA,NA,NA,NA,NA,NA
NA,"2009-02-23 13:06:57",NA,NA,NA,NA,NA,NA,NA,NA,NA,NA,NA,NA,NA,NA,NA,NA,NA,NA,NA,NA,NA,NA,NA,NA,NA,NA,NA,NA,NA,NA,NA,NA,NA,NA,NA,NA,NA,NA,NA,NA,"AK26401",NA,NA,NA,NA,NA,NA,NA
NA,"2008-01-22 14:27:41",NA,NA,NA,NA,NA,NA,NA,"0",NA,NA,NA,NA,NA,NA,NA,NA,NA,NA,NA,NA,NA,NA,NA,NA,NA,NA,NA,"1",NA,NA,NA,NA,NA,NA,NA,NA,NA,NA,NA,NA,"AH49855",NA,NA,NA,NA,NA,NA,NA
NA,"2009-07-20 17:27:10",NA,NA,NA,NA,NA,NA,NA,"0",NA,NA,NA,NA,NA,NA,NA,NA,NA,NA,NA,NA,NA,NA,NA,NA,NA,NA,NA,"1",NA,NA,NA,NA,NA,NA,NA,NA,NA,NA,NA,NA,"AH49855",NA,NA,NA,NA,NA,NA,NA
NA,"2009-05-22 16:20:48",NA,NA,NA,NA,NA,NA,NA,"0",NA,NA,NA,NA,NA,NA,NA,NA,NA,NA,NA,NA,NA,NA,NA,NA,NA,NA,NA,"1",NA,NA,NA,NA,NA,NA,NA,NA,NA,NA,NA,NA,"AK30431",NA,NA,NA,NA,NA,NA,NA
NA,"2007-08-23 15:35:38",NA,NA,NA,NA,NA,NA,NA,"0",NA,NA,NA,NA,NA,NA,NA,NA,NA,NA,NA,NA,NA,NA,NA,NA,NA,NA,NA,"1",NA,NA,NA,NA,NA,NA,NA,NA,NA,NA,NA,NA,"AK30431",NA,NA,NA,NA,NA,NA,NA
NA,"2009-08-17 15:35:23",NA,NA,NA,NA,NA,NA,NA,"0",NA,NA,"8",NA,NA,NA,NA,NA,NA,NA,NA,NA,NA,NA,NA,NA,NA,NA,NA,NA,NA,NA,NA,NA,NA,NA,NA,NA,NA,NA,NA,NA,NA,NA,NA,NA,NA,NA,NA,NA
NA,"2009-08-05 14:17:11",NA,NA,NA,NA,NA,NA,NA,"0",NA,NA,NA,NA,NA,NA,NA,NA,NA,NA,NA,NA,NA,NA,NA,NA,NA,NA,NA,"1",NA,NA,NA,NA,NA,NA,NA,NA,NA,NA,NA,NA,"AK30431",NA,NA,NA,NA,NA,NA,NA
NA,"2008-10-22 14:51:08",NA,NA,NA,NA,NA,NA,NA,"0",NA,NA,NA,NA,NA,NA,NA,NA,NA,NA,NA,NA,NA,NA,NA,NA,NA,NA,NA,"1",NA,NA,NA,NA,NA,NA,NA,NA,NA,NA,NA,NA,"AK30431",NA,NA,NA,NA,NA,NA,NA
NA,NA,NA,NA,NA,NA,NA,NA,NA,NA,"1",NA,NA,"Ramp4",NA,NA,NA,NA,NA,NA,NA,NA,NA,NA,NA,NA,NA,NA,NA,NA,NA,NA,NA,NA,NA,NA,NA,NA,NA,NA,NA,NA,NA,NA,NA,NA,NA,NA,NA,NA
NA,"2008-07-11 18:19:17",NA,NA,NA,NA,NA,NA,NA,"0",NA,NA,NA,NA,NA,NA,NA,NA,NA,NA,NA,NA,NA,NA,NA,NA,NA,NA,NA,"1",NA,NA,NA,NA,NA,NA,NA,NA,NA,NA,NA,NA,"AK30431",NA,NA,NA,NA,NA,NA,NA
NA,"2009-03-06 15:51:11","6",NA,NA,"59",NA,NA,NA,NA,NA,NA,NA,NA,NA,NA,NA,NA,"80.0756",NA,NA,NA,NA,NA,NA,NA,NA,NA,NA,NA,NA,NA,"9",NA,NA,"4",NA,NA,NA,NA,NA,"035","AJ38695",NA,NA,NA,NA,NA,NA,NA
NA,"2009-04-03 11:26:42",NA,NA,NA,NA,NA,NA,NA,"0",NA,NA,NA,NA,NA,NA,NA,NA,NA,NA,NA,NA,NA,NA,NA,NA,NA,NA,NA,"1",NA,NA,NA,NA,NA,NA,NA,NA,NA,NA,NA,NA,"AH49855",NA,NA,NA,NA,NA,NA,NA
NA,"2009-01-26 12:17:29",NA,NA,NA,NA,NA,NA,NA,"0",NA,NA,NA,NA,NA,NA,NA,NA,NA,NA,NA,NA,NA,NA,NA,NA,NA,NA,NA,"1",NA,NA,NA,NA,NA,NA,NA,NA,NA,NA,NA,NA,"AH49855",NA,NA,NA,NA,NA,NA,NA
NA,"2009-09-16 15:17:26",NA,NA,NA,NA,NA,NA,NA,"0",NA,NA,NA,NA,NA,NA,NA,NA,NA,NA,NA,NA,NA,NA,NA,NA,NA,NA,NA,"1",NA,NA,NA,NA,NA,NA,NA,NA,NA,NA,"1",NA,"AH49855",NA,NA,NA,NA,NA,NA,NA
NA,"2010-04-07 17:09:23",NA,NA,NA,NA,NA,NA,NA,"0","1",NA,NA,"Ramp4",NA,NA,NA,NA,NA,NA,NA,NA,NA,NA,NA,NA,NA,"115",NA,"1",NA,NA,NA,NA,NA,NA,NA,NA,NA,NA,NA,NA,"AJ38695",NA,NA,NA,NA,NA,NA,NA
NA,"2010-05-25 09:49:48",NA,NA,NA,NA,NA,NA,NA,"0","1",NA,NA,"Ramp5",NA,NA,NA,NA,NA,NA,NA,NA,NA,NA,NA,NA,NA,"122",NA,"1",NA,NA,NA,NA,NA,NA,NA,NA,NA,NA,NA,NA,"AJ38695",NA,NA,NA,NA,NA,NA,NA
NA,"2009-08-12 15:54:41",NA,NA,NA,NA,NA,NA,NA,"0",NA,NA,NA,NA,NA,NA,NA,NA,NA,NA,NA,NA,NA,NA,NA,NA,NA,NA,NA,"1",NA,NA,NA,NA,NA,NA,NA,NA,NA,NA,NA,NA,"AJ38695",NA,NA,NA,NA,NA,NA,NA
NA,"2009-10-28 14:54:10",NA,NA,NA,NA,NA,NA,NA,"0",NA,NA,NA,NA,NA,NA,NA,NA,NA,NA,NA,NA,NA,NA,NA,NA,NA,NA,NA,"1",NA,NA,NA,NA,NA,NA,NA,NA,NA,NA,"2",NA,"AK30431",NA,NA,NA,NA,NA,NA,NA
NA,"2009-10-24 11:31:07",NA,NA,NA,NA,NA,NA,NA,"0",NA,NA,"8",NA,NA,NA,NA,NA,NA,NA,NA,NA,NA,NA,NA,NA,NA,NA,NA,"1",NA,NA,NA,NA,NA,NA,NA,NA,NA,NA,"2",NA,"AK26401",NA,NA,NA,NA,NA,NA,NA
NA,"2008-04-08 18:42:52","6",NA,"-5","120",NA,NA,NA,"0",NA,NA,NA,NA,NA,NA,NA,NA,NA,NA,NA,NA,NA,NA,NA,NA,NA,NA,NA,"1",NA,NA,"6",NA,NA,"3",NA,NA,NA,NA,NA,"534","AJ38695","2004.5",NA,NA,NA,NA,NA,NA
NA,"2009-11-05 16:55:40",NA,NA,"-4","71","195",NA,"1843","0",NA,"i480n","8",NA,NA,"571",NA,NA,"93.1257",NA,"0.68713","0.464663",NA,NA,NA,"304",NA,NA,NA,"1",NA,NA,NA,NA,"0.000878407","2",NA,NA,NA,NA,"1","582","AK26401",NA,"2.828",NA,NA,NA,NA,NA
NA,"2009-08-26 12:41:14",NA,NA,NA,NA,NA,NA,NA,"0",NA,NA,NA,NA,NA,NA,NA,NA,NA,NA,NA,NA,NA,NA,NA,NA,NA,NA,NA,NA,NA,NA,NA,NA,NA,NA,NA,NA,NA,NA,NA,NA,"AJ38695",NA,NA,NA,NA,NA,NA,NA
NA,"2009-08-26 13:56:10",NA,NA,NA,NA,NA,NA,NA,"0",NA,NA,"8",NA,NA,NA,NA,NA,NA,NA,NA,NA,NA,NA,NA,NA,NA,NA,NA,NA,NA,NA,NA,NA,NA,NA,NA,NA,NA,NA,NA,NA,"AK30431",NA,NA,NA,NA,NA,NA,NA
NA,"2009-01-07 15:29:05",NA,NA,NA,NA,NA,NA,NA,"0",NA,NA,NA,NA,NA,NA,NA,NA,NA,NA,NA,NA,NA,NA,NA,NA,NA,NA,NA,"1",NA,NA,NA,NA,NA,NA,NA,NA,NA,NA,NA,NA,"AH49855",NA,NA,NA,NA,NA,NA,NA
NA,"2010-06-21 18:51:47",NA,NA,NA,NA,NA,NA,NA,"0","1",NA,NA,"Ramp3",NA,NA,NA,NA,NA,NA,NA,NA,NA,NA,NA,NA,NA,"114",NA,"1",NA,NA,NA,NA,NA,NA,NA,NA,NA,NA,NA,NA,"AH49855",NA,NA,NA,NA,NA,NA,NA
NA,"2008-02-04 11:25:33",NA,NA,NA,NA,NA,NA,NA,"0",NA,NA,NA,NA,NA,NA,NA,NA,NA,NA,NA,NA,NA,NA,NA,NA,NA,NA,NA,"1",NA,NA,NA,NA,NA,NA,NA,NA,NA,NA,NA,NA,"AJ38695",NA,NA,NA,NA,NA,NA,NA
NA,"2007-12-05 14:57:56",NA,NA,NA,NA,NA,NA,NA,"0",NA,NA,NA,NA,NA,NA,NA,NA,NA,NA,NA,NA,NA,NA,NA,NA,NA,NA,NA,"1",NA,NA,NA,NA,NA,NA,NA,NA,NA,NA,"1",NA,"AK30431",NA,NA,NA,NA,NA,NA,NA
NA,"2007-07-21 16:17:19",NA,NA,NA,NA,NA,NA,NA,"0",NA,NA,NA,NA,NA,NA,NA,NA,NA,NA,NA,NA,NA,NA,NA,NA,NA,NA,NA,"1",NA,NA,NA,NA,NA,NA,NA,NA,NA,NA,NA,NA,"AH49855",NA,NA,NA,NA,NA,NA,NA
NA,"2008-03-03 17:02:45",NA,NA,NA,NA,NA,NA,NA,"0",NA,NA,NA,NA,NA,NA,NA,NA,NA,NA,NA,NA,NA,NA,NA,NA,NA,NA,NA,"1",NA,NA,NA,NA,NA,NA,NA,NA,NA,NA,NA,NA,"AJ38695",NA,NA,NA,NA,NA,NA,NA
NA,"2009-02-26 12:05:33",NA,NA,NA,NA,NA,NA,NA,"0",NA,NA,NA,NA,NA,NA,NA,NA,NA,NA,NA,NA,NA,NA,NA,NA,NA,NA,NA,"1",NA,NA,NA,NA,NA,NA,NA,NA,NA,NA,NA,NA,"AH49855",NA,NA,NA,NA,NA,NA,NA
NA,"2009-03-19 11:56:17",NA,NA,NA,NA,NA,NA,NA,"0",NA,NA,NA,NA,NA,NA,NA,NA,NA,NA,NA,NA,NA,NA,NA,NA,NA,NA,NA,"1",NA,NA,NA,NA,NA,NA,NA,NA,NA,NA,NA,NA,"AJ38695",NA,NA,NA,NA,NA,NA,NA
NA,"2009-03-04 15:31:08",NA,NA,NA,NA,NA,NA,NA,"0",NA,NA,NA,NA,NA,NA,NA,NA,NA,NA,NA,NA,NA,NA,NA,NA,NA,NA,NA,"1",NA,NA,NA,NA,NA,NA,NA,NA,NA,NA,NA,NA,"AJ38695",NA,NA,NA,NA,NA,NA,NA
NA,"2010-05-11 10:06:49",NA,NA,NA,NA,NA,NA,NA,"0","1",NA,NA,NA,NA,NA,NA,NA,NA,NA,NA,NA,NA,NA,NA,NA,NA,NA,NA,"1",NA,NA,NA,NA,NA,NA,NA,NA,NA,NA,NA,NA,"AK30431",NA,NA,NA,NA,NA,NA,NA
NA,"2008-12-04 13:05:11",NA,NA,NA,NA,NA,NA,NA,"0",NA,NA,NA,NA,NA,NA,NA,NA,NA,NA,NA,NA,NA,NA,NA,NA,NA,NA,NA,"1",NA,NA,NA,NA,NA,NA,NA,NA,NA,NA,NA,NA,"AH49855",NA,NA,NA,NA,NA,NA,NA
NA,"2006-06-08 14:26:31",NA,NA,NA,NA,NA,NA,NA,NA,NA,NA,NA,NA,NA,NA,NA,NA,NA,NA,NA,NA,NA,NA,NA,NA,NA,NA,NA,NA,NA,NA,NA,NA,NA,NA,NA,NA,NA,NA,NA,NA,NA,NA,NA,NA,NA,NA,NA,NA
NA,"2006-05-08 19:26:15",NA,NA,NA,NA,NA,NA,NA,NA,NA,NA,NA,NA,NA,NA,NA,NA,NA,NA,NA,NA,NA,NA,NA,NA,NA,NA,NA,NA,NA,NA,NA,NA,NA,NA,NA,NA,NA,NA,NA,NA,NA,NA,NA,NA,NA,NA,NA,NA
NA,"2008-02-08 18:54:22",NA,NA,NA,NA,NA,NA,NA,"0",NA,NA,NA,NA,NA,NA,NA,NA,NA,NA,NA,NA,NA,NA,NA,NA,NA,NA,NA,"1",NA,NA,NA,NA,NA,NA,NA,NA,NA,"166","2",NA,"AJ38695",NA,NA,NA,NA,NA,NA,NA
NA,"2009-09-21 11:28:09",NA,NA,NA,NA,NA,NA,NA,"0",NA,NA,"8",NA,NA,NA,NA,NA,NA,NA,NA,NA,NA,NA,NA,NA,NA,NA,NA,"1",NA,NA,NA,NA,NA,NA,NA,NA,NA,NA,NA,NA,"AK30431",NA,NA,NA,NA,NA,NA,NA
NA,"2010-04-09 16:51:11",NA,NA,NA,NA,NA,NA,NA,"0","1",NA,NA,NA,NA,NA,NA,NA,NA,NA,NA,NA,NA,NA,NA,NA,NA,NA,NA,"1",NA,NA,NA,NA,NA,NA,NA,NA,NA,NA,NA,NA,"AJ38695",NA,NA,NA,NA,NA,NA,NA
NA,"2010-02-08 15:30:56",NA,NA,NA,NA,NA,NA,NA,"0","1",NA,NA,"Ramp4",NA,NA,NA,NA,NA,NA,NA,NA,NA,NA,NA,NA,NA,"117",NA,"1",NA,NA,NA,NA,NA,NA,"1",NA,NA,NA,NA,NA,"AH49855",NA,NA,NA,NA,NA,NA,NA
NA,"2009-03-04 16:25:29",NA,NA,NA,NA,NA,NA,NA,"0",NA,NA,NA,NA,NA,NA,NA,NA,NA,NA,NA,NA,NA,NA,NA,NA,NA,NA,NA,"1",NA,NA,NA,NA,NA,NA,NA,NA,NA,NA,"2",NA,"AK30431",NA,NA,NA,NA,NA,NA,NA
NA,"2008-07-04 10:28:46","6",NA,"-5","25",NA,NA,"1579","0",NA,NA,NA,NA,NA,"473",NA,NA,NA,NA,NA,NA,NA,NA,NA,NA,NA,NA,NA,"1",NA,NA,"7",NA,NA,"1",NA,NA,NA,NA,NA,"103","AK30431",NA,NA,NA,NA,NA,NA,NA
NA,"2008-09-05 12:52:08",NA,NA,NA,NA,NA,NA,NA,"0",NA,NA,NA,NA,NA,NA,NA,NA,NA,NA,NA,NA,NA,NA,NA,NA,NA,NA,NA,"1",NA,NA,NA,NA,NA,NA,NA,NA,NA,NA,"3",NA,"AJ38695",NA,NA,NA,NA,NA,NA,NA
NA,"2008-02-29 16:27:30",NA,NA,NA,NA,NA,NA,NA,"0",NA,NA,NA,NA,NA,NA,NA,NA,NA,NA,NA,NA,NA,NA,NA,NA,NA,NA,NA,"1",NA,NA,NA,NA,NA,NA,NA,NA,NA,NA,NA,NA,"AK26401",NA,NA,NA,NA,NA,NA,NA
NA,"2009-01-13 15:21:48",NA,NA,NA,NA,NA,NA,NA,"0",NA,NA,NA,NA,NA,NA,NA,NA,NA,NA,NA,NA,NA,NA,NA,NA,NA,NA,NA,"1",NA,NA,NA,NA,NA,NA,NA,NA,NA,NA,"3",NA,"AJ38695",NA,NA,NA,NA,NA,NA,NA
NA,"2010-06-11 13:22:53",NA,NA,NA,NA,NA,NA,NA,"0","1",NA,NA,"Noload",NA,NA,NA,NA,NA,NA,NA,NA,NA,NA,NA,NA,NA,NA,NA,"1",NA,NA,NA,NA,NA,NA,NA,NA,NA,NA,NA,NA,"AK26401",NA,NA,NA,NA,NA,NA,NA
NA,"2007-09-05 18:44:53",NA,NA,NA,NA,NA,NA,NA,"0",NA,NA,NA,NA,NA,NA,NA,NA,NA,NA,NA,NA,NA,NA,NA,NA,NA,NA,NA,"1",NA,NA,NA,NA,NA,NA,NA,NA,NA,NA,NA,NA,"AH49855",NA,NA,NA,NA,NA,NA,NA
NA,"2008-03-26 11:02:49",NA,NA,NA,NA,NA,NA,NA,"0",NA,NA,NA,NA,NA,NA,NA,NA,NA,NA,NA,NA,NA,NA,NA,NA,NA,NA,NA,"1",NA,NA,NA,NA,NA,NA,NA,NA,NA,NA,NA,NA,"AJ38695",NA,NA,NA,NA,NA,NA,NA
NA,"2009-01-05 13:12:33",NA,NA,NA,NA,NA,NA,NA,"0",NA,NA,NA,NA,NA,NA,NA,NA,NA,NA,NA,NA,NA,NA,NA,NA,NA,NA,NA,"1",NA,NA,NA,NA,NA,NA,NA,NA,NA,NA,NA,NA,"AJ38695",NA,NA,NA,NA,NA,NA,NA
NA,"2008-03-25 11:20:40",NA,NA,NA,NA,NA,NA,NA,"0",NA,NA,NA,NA,NA,NA,NA,NA,NA,NA,NA,NA,NA,NA,NA,NA,NA,NA,NA,"1",NA,NA,NA,NA,NA,NA,NA,NA,NA,NA,NA,NA,"AH49855",NA,NA,NA,NA,NA,NA,NA
NA,"2007-12-17 12:59:36",NA,NA,NA,NA,NA,NA,NA,"0",NA,NA,NA,NA,NA,NA,NA,NA,NA,NA,NA,NA,NA,NA,NA,NA,NA,NA,NA,"1",NA,NA,NA,NA,NA,NA,NA,NA,NA,NA,NA,NA,"AK30431",NA,NA,NA,NA,NA,NA,NA
NA,"2009-03-12 13:11:49",NA,NA,NA,NA,NA,NA,NA,NA,NA,NA,NA,NA,NA,NA,NA,NA,NA,NA,NA,NA,NA,NA,NA,NA,NA,NA,NA,NA,NA,NA,NA,NA,NA,NA,NA,NA,NA,NA,NA,NA,"AK30431",NA,NA,NA,NA,NA,NA,NA
NA,"2008-08-06 14:40:16",NA,NA,NA,NA,NA,NA,NA,"0",NA,NA,NA,NA,NA,NA,NA,NA,NA,NA,NA,NA,NA,NA,NA,NA,NA,NA,NA,"1",NA,NA,NA,NA,NA,NA,NA,NA,NA,NA,NA,NA,"AK30431",NA,NA,NA,NA,NA,NA,NA
NA,"2008-11-15 14:59:52",NA,NA,NA,NA,NA,NA,NA,"0",NA,NA,NA,NA,NA,NA,NA,NA,NA,NA,NA,NA,NA,NA,NA,NA,NA,NA,NA,"1",NA,NA,NA,NA,NA,NA,NA,NA,NA,NA,NA,NA,"AK26401",NA,NA,NA,NA,NA,NA,NA
NA,"2009-06-01 12:48:41",NA,NA,NA,NA,NA,NA,NA,"0",NA,NA,NA,NA,NA,NA,NA,NA,NA,NA,NA,NA,NA,NA,NA,NA,NA,NA,NA,"1",NA,NA,NA,NA,NA,NA,NA,NA,NA,NA,NA,NA,"AJ38695",NA,NA,NA,NA,NA,NA,NA
NA,"2007-10-01 14:34:52",NA,NA,"-5","37",NA,NA,"1994","0",NA,NA,NA,NA,NA,"685","35",NA,"101.821",NA,NA,NA,NA,NA,NA,NA,NA,NA,NA,"1",NA,NA,"2",NA,NA,"3",NA,NA,NA,"147","2","999","AJ38695","1957.5",NA,NA,NA,NA,NA,NA
NA,"2008-09-09 17:54:59",NA,NA,NA,NA,NA,NA,NA,"0",NA,NA,NA,NA,NA,NA,NA,NA,NA,NA,NA,NA,NA,NA,NA,NA,NA,NA,NA,"1",NA,NA,NA,NA,NA,NA,NA,NA,NA,NA,NA,NA,"AJ38695",NA,NA,NA,NA,NA,NA,NA
NA,"2009-05-20 13:34:31",NA,NA,NA,NA,NA,NA,NA,"0",NA,NA,NA,NA,NA,NA,NA,NA,NA,NA,NA,NA,NA,NA,NA,NA,NA,NA,NA,"1",NA,NA,NA,NA,NA,NA,NA,NA,NA,NA,NA,NA,"AJ38695",NA,NA,NA,NA,NA,NA,NA
NA,"2010-02-08 16:24:47",NA,NA,NA,NA,NA,NA,NA,"0","1",NA,NA,"Ramp5",NA,NA,NA,NA,NA,NA,NA,NA,NA,NA,NA,NA,NA,"100",NA,"1",NA,NA,NA,NA,NA,NA,NA,"471",NA,NA,NA,NA,"AH49855",NA,NA,NA,NA,NA,NA,NA
NA,"2007-10-24 18:32:15",NA,NA,NA,NA,NA,NA,NA,"0",NA,NA,NA,NA,NA,NA,NA,NA,NA,NA,NA,NA,NA,NA,NA,NA,NA,NA,NA,"1",NA,NA,NA,NA,NA,NA,NA,NA,NA,NA,"2",NA,"AH49855",NA,NA,NA,NA,NA,NA,NA
NA,"2008-09-01 14:14:48",NA,NA,NA,NA,NA,NA,NA,"0",NA,NA,NA,NA,NA,NA,NA,NA,NA,NA,NA,NA,NA,NA,NA,NA,NA,NA,NA,"1",NA,NA,NA,NA,NA,NA,NA,NA,NA,NA,NA,NA,"AJ38695",NA,NA,NA,NA,NA,NA,NA
NA,"2010-03-15 09:54:07",NA,NA,NA,NA,NA,NA,NA,"0","1",NA,NA,"Ramp4",NA,NA,NA,NA,NA,NA,NA,NA,NA,NA,NA,NA,NA,"122",NA,"1",NA,NA,NA,NA,NA,NA,NA,NA,NA,NA,NA,NA,"AJ38695",NA,NA,NA,NA,NA,NA,NA
NA,"2008-07-02 18:12:46",NA,NA,NA,NA,NA,NA,NA,"0",NA,NA,NA,NA,NA,NA,NA,NA,NA,NA,NA,NA,NA,NA,NA,NA,NA,NA,NA,"1",NA,NA,NA,NA,NA,NA,NA,NA,NA,NA,NA,NA,"AH49855",NA,NA,NA,NA,NA,NA,NA
NA,"2008-05-08 13:21:35",NA,NA,NA,NA,NA,NA,NA,"0",NA,NA,NA,NA,NA,NA,NA,NA,NA,NA,NA,NA,NA,NA,NA,NA,NA,NA,NA,NA,NA,NA,NA,NA,NA,NA,NA,NA,NA,NA,NA,NA,"AK26401",NA,NA,NA,NA,NA,NA,NA
NA,"2008-06-11 15:36:02",NA,NA,NA,NA,NA,NA,NA,"0",NA,NA,NA,NA,NA,NA,NA,NA,NA,NA,NA,NA,NA,NA,NA,NA,NA,NA,NA,"1",NA,NA,NA,NA,NA,NA,NA,NA,NA,NA,NA,NA,"AH49855",NA,NA,NA,NA,NA,NA,NA
NA,"2008-11-25 09:59:51",NA,NA,NA,NA,NA,NA,NA,"0",NA,NA,NA,NA,NA,NA,NA,NA,NA,NA,NA,NA,NA,NA,NA,NA,NA,NA,NA,"1",NA,NA,NA,NA,NA,NA,NA,NA,NA,NA,NA,NA,"AK26401",NA,NA,NA,NA,NA,NA,NA
NA,"2009-01-13 15:07:59",NA,NA,NA,NA,NA,NA,NA,"0",NA,NA,NA,NA,NA,NA,NA,NA,NA,NA,NA,NA,NA,NA,NA,NA,NA,NA,NA,"1",NA,NA,NA,NA,NA,NA,NA,NA,NA,NA,NA,NA,"AH49855",NA,NA,NA,NA,NA,NA,NA
NA,"2007-12-03 16:09:02",NA,NA,NA,NA,NA,NA,NA,"0",NA,NA,NA,NA,NA,NA,NA,NA,NA,NA,NA,NA,NA,NA,NA,NA,NA,NA,NA,NA,NA,NA,NA,NA,NA,NA,NA,NA,NA,NA,NA,NA,"AJ38695",NA,NA,NA,NA,NA,NA,NA
NA,"2009-08-10 18:09:07",NA,NA,NA,NA,NA,NA,NA,"0",NA,NA,NA,NA,NA,NA,NA,NA,NA,NA,NA,NA,NA,NA,NA,NA,NA,NA,NA,"1",NA,NA,NA,NA,NA,NA,NA,NA,NA,NA,NA,NA,"AK30431",NA,NA,NA,NA,NA,NA,NA
NA,"2009-11-19 18:49:26",NA,NA,NA,NA,NA,NA,NA,"0","1",NA,NA,NA,NA,NA,NA,NA,NA,NA,NA,NA,NA,NA,NA,NA,NA,NA,NA,"5",NA,NA,NA,NA,NA,NA,NA,NA,NA,NA,NA,NA,"AK30431",NA,NA,NA,NA,NA,NA,NA
NA,"2009-07-28 17:15:31",NA,NA,NA,NA,NA,NA,NA,"0",NA,NA,NA,NA,NA,NA,NA,NA,NA,NA,NA,NA,NA,NA,NA,NA,NA,NA,NA,"1",NA,NA,NA,NA,NA,NA,NA,NA,NA,NA,NA,NA,"AH49855",NA,NA,NA,NA,NA,NA,NA
NA,"2008-10-16 13:00:01",NA,NA,NA,NA,NA,NA,NA,"0",NA,NA,NA,NA,NA,NA,NA,NA,NA,NA,NA,NA,NA,NA,NA,NA,NA,NA,NA,"1",NA,NA,NA,NA,NA,NA,NA,NA,NA,NA,NA,NA,"AK26401",NA,NA,NA,NA,NA,NA,NA
NA,"2010-03-24 17:40:47",NA,NA,NA,NA,NA,NA,NA,"0","1",NA,NA,NA,NA,NA,NA,NA,NA,NA,NA,NA,NA,NA,NA,NA,NA,NA,NA,"1",NA,NA,NA,NA,NA,NA,NA,NA,NA,NA,NA,NA,"AJ38695",NA,NA,NA,NA,NA,NA,NA
NA,"2007-09-21 17:59:25",NA,NA,NA,NA,NA,NA,NA,"0",NA,NA,NA,NA,NA,NA,NA,NA,NA,NA,NA,NA,NA,NA,NA,NA,NA,NA,NA,"1",NA,NA,NA,NA,NA,NA,NA,NA,NA,NA,NA,NA,"AK30431",NA,NA,NA,NA,NA,NA,NA
NA,"2010-06-03 15:44:52",NA,NA,NA,NA,NA,NA,NA,"0","1",NA,NA,"Ramp2",NA,NA,NA,NA,NA,NA,NA,NA,NA,NA,NA,NA,NA,NA,NA,"1",NA,NA,NA,NA,NA,NA,NA,NA,NA,NA,NA,NA,"AK30431",NA,NA,NA,NA,NA,NA,NA
NA,"2009-01-15 11:49:12",NA,NA,NA,NA,NA,NA,NA,"0",NA,NA,NA,NA,NA,NA,NA,NA,NA,NA,NA,NA,NA,NA,NA,NA,NA,NA,NA,"1",NA,NA,NA,NA,NA,NA,NA,NA,NA,NA,NA,NA,"AJ38695",NA,NA,NA,NA,NA,NA,NA
NA,"2007-06-05 11:15:04",NA,NA,NA,NA,NA,NA,NA,"0",NA,NA,NA,NA,NA,NA,NA,NA,NA,NA,NA,NA,NA,NA,NA,NA,NA,NA,NA,"1",NA,NA,NA,NA,NA,NA,NA,NA,NA,NA,NA,NA,"AJ38695",NA,NA,NA,NA,NA,NA,NA
NA,"2009-11-27 17:20:09",NA,NA,NA,NA,NA,NA,NA,NA,"1",NA,NA,NA,NA,NA,NA,NA,NA,NA,NA,NA,NA,NA,NA,NA,NA,NA,NA,NA,NA,NA,NA,NA,NA,NA,NA,NA,NA,NA,NA,NA,"AK30431",NA,NA,NA,NA,NA,NA,NA
NA,"2008-08-29 19:25:11",NA,NA,NA,NA,NA,NA,NA,"0",NA,NA,NA,NA,NA,NA,NA,NA,NA,NA,NA,NA,NA,NA,NA,NA,NA,NA,NA,"1",NA,NA,NA,NA,NA,NA,NA,NA,NA,NA,NA,NA,"AK30431",NA,NA,NA,NA,NA,NA,NA
NA,"2008-09-09 11:51:13",NA,NA,NA,NA,NA,NA,NA,"0",NA,NA,NA,NA,NA,NA,NA,NA,NA,NA,NA,NA,NA,NA,NA,NA,NA,NA,NA,"1",NA,NA,NA,NA,NA,NA,NA,"479",NA,NA,NA,NA,"AJ38695",NA,NA,NA,NA,NA,NA,NA
NA,"2009-11-11 09:45:13",NA,NA,NA,NA,NA,NA,NA,"0",NA,NA,NA,NA,NA,NA,NA,NA,NA,NA,NA,NA,NA,NA,NA,NA,NA,NA,NA,"1",NA,NA,NA,NA,NA,NA,NA,NA,NA,NA,NA,NA,"AH49855",NA,NA,NA,NA,NA,NA,NA
NA,"2008-10-03 08:51:00",NA,NA,NA,NA,NA,NA,NA,"0",NA,NA,NA,NA,NA,NA,NA,NA,NA,NA,NA,NA,NA,NA,NA,NA,NA,NA,NA,"1",NA,NA,NA,NA,NA,NA,NA,NA,NA,NA,NA,NA,NA,NA,NA,NA,NA,NA,NA,NA
NA,"2008-05-13 15:17:34",NA,NA,NA,NA,NA,NA,NA,"0",NA,NA,NA,NA,NA,NA,NA,NA,NA,NA,NA,NA,NA,NA,NA,NA,NA,NA,NA,"1",NA,NA,NA,NA,NA,NA,NA,NA,NA,NA,NA,NA,"AK26401",NA,NA,NA,NA,NA,NA,NA
NA,"2009-09-02 16:29:16",NA,NA,NA,NA,NA,NA,NA,"0",NA,NA,NA,NA,NA,NA,NA,NA,NA,NA,NA,NA,NA,NA,NA,NA,NA,NA,NA,"1",NA,NA,NA,NA,NA,NA,NA,NA,NA,NA,NA,NA,"AH49855",NA,NA,NA,NA,NA,NA,NA
NA,"2008-11-14 16:01:20",NA,NA,NA,NA,NA,NA,NA,"0",NA,NA,NA,NA,NA,NA,NA,NA,NA,NA,NA,NA,NA,NA,NA,NA,NA,NA,NA,"1",NA,NA,NA,NA,NA,NA,NA,NA,NA,NA,NA,NA,"AJ38695",NA,NA,NA,NA,NA,NA,NA
NA,"2010-01-30 13:33:12",NA,NA,NA,NA,NA,NA,NA,"0","1",NA,NA,"Ramp5",NA,NA,NA,NA,NA,NA,NA,NA,NA,NA,NA,NA,NA,"118",NA,"1",NA,NA,NA,NA,NA,NA,NA,NA,NA,NA,NA,NA,"AJ38695",NA,NA,NA,NA,NA,NA,NA
NA,"2010-05-25 14:54:27",NA,NA,NA,NA,NA,NA,NA,"0","1",NA,NA,NA,NA,NA,NA,NA,NA,NA,NA,NA,NA,NA,NA,NA,NA,NA,NA,"1",NA,NA,NA,NA,NA,NA,NA,"473",NA,NA,NA,NA,"AH49855",NA,NA,NA,NA,NA,NA,NA
NA,"2008-11-04 14:54:41",NA,NA,NA,NA,NA,NA,NA,"0",NA,NA,NA,NA,NA,NA,"27",NA,NA,NA,NA,NA,NA,NA,NA,NA,NA,NA,NA,"1",NA,NA,NA,NA,NA,NA,NA,NA,NA,"122",NA,NA,"AK30431",NA,NA,NA,NA,NA,NA,NA
NA,"2008-04-18 17:46:28",NA,NA,NA,NA,NA,NA,NA,"0",NA,NA,NA,NA,NA,NA,NA,NA,NA,NA,NA,NA,NA,NA,NA,NA,NA,NA,NA,"1",NA,NA,NA,NA,NA,NA,NA,NA,NA,NA,NA,NA,"AK30431",NA,NA,NA,NA,NA,NA,NA
NA,"2008-07-01 10:08:31",NA,NA,NA,NA,NA,NA,NA,"0",NA,NA,NA,NA,NA,NA,NA,NA,NA,NA,NA,NA,NA,NA,NA,NA,NA,NA,NA,"1",NA,NA,NA,NA,NA,NA,NA,"473",NA,NA,NA,NA,"AJ38695",NA,NA,NA,NA,NA,NA,NA
NA,"2010-03-27 14:56:17",NA,NA,NA,NA,NA,NA,NA,"0","1",NA,NA,"Ramp3",NA,NA,NA,NA,NA,NA,NA,NA,NA,NA,NA,NA,NA,NA,NA,"1",NA,NA,NA,NA,NA,NA,NA,NA,NA,NA,NA,NA,"AJ38695",NA,NA,NA,NA,NA,NA,NA
NA,"2009-03-06 15:32:11",NA,NA,NA,NA,NA,NA,NA,"0",NA,NA,NA,NA,NA,NA,NA,NA,NA,NA,NA,NA,NA,NA,NA,NA,NA,NA,NA,"1",NA,NA,NA,NA,NA,NA,NA,NA,NA,NA,NA,NA,"AK30431",NA,NA,NA,NA,NA,NA,NA
NA,"2008-06-05 14:46:04",NA,NA,NA,NA,NA,NA,NA,"0",NA,NA,NA,NA,NA,NA,"27",NA,NA,NA,NA,NA,NA,NA,NA,NA,NA,NA,NA,"1",NA,NA,NA,NA,NA,NA,NA,NA,NA,"149",NA,NA,"AK26401",NA,NA,NA,NA,NA,NA,NA
NA,"2009-01-29 13:30:57",NA,NA,NA,NA,NA,NA,NA,"0",NA,NA,NA,NA,NA,NA,NA,NA,NA,NA,NA,NA,NA,NA,NA,NA,NA,NA,NA,"1",NA,NA,NA,NA,NA,NA,NA,NA,NA,NA,NA,NA,"AK30431",NA,NA,NA,NA,NA,NA,NA
NA,"2008-05-27 13:32:50",NA,NA,NA,NA,NA,NA,NA,"0",NA,NA,NA,NA,NA,NA,NA,NA,NA,NA,NA,NA,NA,NA,NA,NA,NA,NA,NA,NA,NA,NA,NA,NA,NA,NA,NA,NA,NA,NA,NA,NA,"AK26401",NA,NA,NA,NA,NA,NA,NA
NA,"2008-11-06 12:04:07",NA,NA,NA,NA,NA,NA,NA,"0",NA,NA,NA,NA,NA,NA,NA,NA,NA,NA,NA,NA,NA,NA,NA,NA,NA,NA,NA,"1",NA,NA,NA,NA,NA,NA,NA,NA,NA,NA,NA,NA,"AK26401",NA,NA,NA,NA,NA,NA,NA
NA,"2009-02-09 13:49:36",NA,NA,"-5","36",NA,NA,"2176","0",NA,NA,NA,NA,NA,"727",NA,NA,NA,NA,NA,NA,NA,NA,NA,NA,NA,NA,NA,"1",NA,NA,NA,NA,NA,"5",NA,NA,NA,NA,"1","158","AK26401",NA,NA,NA,NA,NA,NA,NA
NA,"2008-11-20 16:03:14",NA,NA,NA,NA,NA,NA,NA,"0",NA,NA,NA,NA,NA,NA,NA,NA,NA,NA,NA,NA,NA,NA,NA,NA,NA,NA,NA,"1",NA,NA,NA,NA,NA,NA,NA,NA,NA,NA,NA,NA,"AK30431",NA,NA,NA,NA,NA,NA,NA
NA,"2010-03-11 14:59:11",NA,NA,NA,NA,NA,NA,NA,"0","1",NA,NA,"Ramp3",NA,NA,NA,NA,NA,NA,NA,NA,NA,NA,NA,NA,NA,"136",NA,"1",NA,NA,NA,NA,NA,NA,NA,NA,NA,NA,NA,NA,"AK30431",NA,NA,NA,NA,NA,NA,NA
NA,"2008-11-28 11:55:07",NA,NA,NA,NA,NA,NA,NA,"0",NA,NA,NA,NA,NA,NA,NA,NA,NA,NA,NA,NA,NA,NA,NA,NA,NA,NA,NA,"1",NA,NA,NA,NA,NA,NA,NA,NA,NA,NA,NA,NA,"AJ38695",NA,NA,NA,NA,NA,NA,NA
NA,"2009-06-15 16:18:22",NA,NA,NA,NA,NA,NA,NA,"0",NA,NA,NA,NA,NA,NA,NA,NA,NA,NA,NA,NA,NA,NA,NA,NA,NA,NA,NA,"1",NA,NA,NA,NA,NA,NA,NA,NA,NA,NA,NA,NA,"AJ38695",NA,NA,NA,NA,NA,"9",NA
NA,"2010-05-19 19:06:53",NA,NA,NA,NA,NA,NA,NA,"0","1",NA,NA,"Ramp3",NA,NA,NA,NA,NA,NA,NA,NA,NA,NA,NA,NA,NA,NA,NA,"1",NA,NA,NA,NA,NA,NA,NA,NA,NA,NA,NA,NA,"AK26401",NA,NA,NA,NA,NA,NA,NA
NA,"2010-06-04 16:03:18",NA,NA,NA,NA,NA,NA,NA,"0","1",NA,NA,"Ramp5",NA,NA,NA,NA,NA,NA,NA,NA,NA,NA,NA,NA,NA,"121",NA,"1",NA,NA,NA,NA,NA,NA,NA,NA,NA,NA,NA,NA,"AJ38695",NA,NA,NA,NA,NA,NA,NA
NA,"2007-08-08 12:21:32",NA,NA,NA,NA,NA,NA,NA,"0",NA,NA,NA,NA,NA,NA,"32",NA,NA,NA,NA,NA,NA,NA,NA,NA,NA,NA,NA,"1",NA,NA,NA,NA,NA,NA,NA,NA,NA,"122",NA,NA,"AH49855",NA,NA,NA,NA,NA,NA,NA
NA,"2008-07-21 13:39:43",NA,NA,NA,NA,NA,NA,NA,"0",NA,NA,NA,NA,NA,NA,NA,NA,NA,NA,NA,NA,NA,NA,NA,NA,NA,NA,NA,"1",NA,NA,NA,NA,NA,NA,NA,"474",NA,NA,NA,NA,"AK26401",NA,NA,NA,NA,NA,NA,NA
NA,"2008-05-17 12:25:27",NA,NA,NA,NA,NA,NA,NA,"0",NA,NA,NA,NA,NA,NA,NA,NA,NA,NA,NA,NA,NA,NA,NA,NA,NA,NA,NA,"1",NA,NA,NA,NA,NA,NA,NA,NA,NA,NA,NA,NA,"AH49855",NA,NA,NA,NA,NA,NA,NA
NA,"2007-12-18 18:27:06",NA,NA,NA,NA,NA,NA,NA,"0",NA,NA,NA,NA,NA,NA,NA,NA,NA,NA,NA,NA,NA,NA,NA,NA,NA,NA,NA,"1",NA,NA,NA,NA,NA,NA,NA,NA,NA,NA,NA,NA,"AK26401",NA,NA,NA,NA,NA,NA,NA
NA,"2010-06-29 17:41:41",NA,NA,NA,NA,NA,NA,NA,"0","1",NA,NA,"Ramp5",NA,NA,NA,NA,NA,NA,NA,NA,NA,NA,NA,NA,NA,"122",NA,"1",NA,NA,NA,NA,NA,NA,NA,NA,NA,NA,NA,NA,"AH49855",NA,NA,NA,NA,NA,NA,NA
NA,"2008-12-03 14:53:41",NA,NA,NA,NA,NA,NA,NA,"0",NA,NA,NA,NA,NA,NA,NA,NA,NA,NA,NA,NA,NA,NA,NA,NA,NA,NA,NA,"1",NA,NA,NA,NA,NA,NA,NA,NA,NA,NA,NA,NA,"AH49855",NA,NA,NA,NA,NA,NA,NA
NA,"2008-12-03 18:04:26",NA,NA,NA,NA,NA,NA,NA,"0",NA,NA,NA,NA,NA,NA,NA,NA,NA,NA,NA,NA,NA,NA,NA,NA,NA,NA,NA,"1",NA,NA,NA,NA,NA,NA,NA,"487",NA,NA,NA,NA,"AJ38695",NA,NA,NA,NA,NA,NA,NA
NA,"2007-08-07 15:32:59",NA,NA,NA,NA,NA,NA,NA,"0",NA,NA,NA,NA,NA,NA,NA,NA,NA,NA,NA,NA,NA,NA,NA,NA,NA,NA,NA,"1",NA,NA,NA,NA,NA,NA,NA,NA,NA,NA,NA,NA,"AJ38695",NA,NA,NA,NA,NA,NA,NA
NA,"2008-12-13 13:08:55",NA,NA,NA,NA,NA,NA,NA,"0",NA,NA,NA,NA,NA,NA,NA,NA,NA,NA,NA,NA,NA,NA,NA,NA,NA,NA,NA,"1",NA,NA,NA,NA,NA,NA,NA,NA,NA,NA,"2",NA,"AJ38695",NA,NA,NA,NA,NA,NA,NA
NA,"2009-02-20 10:56:41",NA,NA,"-5","26",NA,NA,"2067","0",NA,NA,NA,NA,NA,"440",NA,NA,"96.4117",NA,NA,NA,NA,NA,NA,NA,NA,NA,NA,"1",NA,NA,"0",NA,NA,NA,NA,NA,NA,NA,NA,"204","AJ38695",NA,NA,NA,NA,NA,NA,NA
NA,"2009-06-05 15:54:02",NA,NA,NA,NA,NA,NA,NA,"0",NA,NA,NA,NA,NA,NA,NA,NA,NA,NA,NA,NA,NA,NA,NA,NA,NA,NA,NA,"1",NA,NA,NA,NA,NA,NA,NA,NA,NA,NA,NA,NA,"AK30431",NA,NA,NA,NA,NA,NA,NA
NA,"2008-11-11 10:10:48",NA,NA,NA,NA,NA,NA,NA,"0",NA,NA,NA,NA,NA,NA,NA,NA,NA,NA,NA,NA,NA,NA,NA,NA,NA,NA,NA,"1",NA,NA,NA,NA,NA,NA,NA,NA,NA,NA,NA,NA,"AK26401",NA,NA,NA,NA,NA,NA,NA
NA,"2010-04-20 18:10:47",NA,NA,NA,NA,NA,NA,NA,"0","1",NA,NA,"Ramp4",NA,NA,NA,NA,NA,NA,NA,NA,NA,NA,NA,NA,NA,"142",NA,"1",NA,NA,NA,NA,NA,NA,NA,NA,NA,NA,NA,NA,"AH49855",NA,NA,NA,NA,NA,NA,NA
NA,"2008-12-16 10:24:41",NA,NA,NA,NA,NA,NA,NA,"0",NA,NA,NA,NA,NA,NA,NA,NA,NA,NA,NA,NA,NA,NA,NA,NA,NA,NA,NA,"1",NA,NA,NA,NA,NA,NA,NA,NA,NA,NA,NA,NA,"AK30431",NA,NA,NA,NA,NA,NA,NA
NA,"2009-01-26 14:56:36","6",NA,"-4","26",NA,NA,NA,"0",NA,NA,NA,NA,NA,NA,NA,NA,NA,NA,NA,NA,NA,NA,NA,NA,NA,NA,NA,"1",NA,NA,"8",NA,NA,"5",NA,NA,NA,NA,NA,"290","AH49855",NA,NA,NA,NA,NA,NA,NA
NA,"2010-01-05 14:35:15",NA,NA,NA,NA,NA,NA,NA,"0","1",NA,NA,NA,NA,NA,NA,NA,NA,NA,NA,NA,NA,NA,NA,NA,NA,NA,NA,"1",NA,NA,NA,NA,NA,NA,NA,NA,NA,NA,NA,NA,NA,NA,NA,NA,NA,NA,NA,NA
NA,"2009-12-17 13:17:05",NA,NA,NA,NA,NA,NA,NA,"0","1",NA,NA,NA,NA,NA,NA,NA,NA,NA,NA,NA,NA,NA,NA,NA,NA,NA,NA,"1",NA,NA,NA,NA,NA,NA,NA,NA,NA,NA,NA,NA,"AH49855",NA,NA,NA,NA,NA,NA,NA
NA,"2010-05-14 13:46:50",NA,NA,NA,NA,NA,NA,NA,"0","1",NA,NA,"Ramp4",NA,NA,NA,NA,NA,NA,NA,NA,NA,NA,NA,NA,NA,"102",NA,"1",NA,NA,NA,NA,NA,NA,NA,NA,NA,NA,NA,NA,"AK26401",NA,NA,NA,NA,NA,NA,NA
NA,"2009-04-06 09:52:38",NA,NA,NA,NA,NA,NA,NA,"0",NA,NA,NA,NA,NA,NA,NA,NA,NA,NA,NA,NA,NA,NA,NA,NA,NA,NA,NA,"1",NA,NA,NA,NA,NA,NA,NA,NA,NA,NA,"600",NA,"AK30431",NA,NA,NA,NA,NA,NA,NA
NA,"2009-07-20 09:46:56",NA,NA,NA,NA,NA,NA,NA,"0",NA,NA,NA,NA,NA,NA,NA,NA,NA,NA,NA,NA,NA,NA,NA,NA,NA,NA,NA,NA,NA,NA,NA,NA,NA,NA,NA,NA,NA,NA,NA,NA,"AJ38695",NA,NA,NA,NA,NA,NA,NA
NA,"2008-09-13 17:51:48",NA,NA,NA,NA,NA,NA,NA,"0",NA,NA,NA,NA,NA,NA,NA,NA,NA,NA,NA,NA,NA,NA,NA,NA,NA,NA,NA,"1",NA,NA,NA,NA,NA,NA,NA,NA,NA,NA,NA,NA,"AH49855",NA,NA,NA,NA,NA,NA,NA
NA,"2008-06-26 14:51:01",NA,NA,NA,NA,NA,NA,NA,"0",NA,NA,NA,NA,NA,NA,NA,NA,NA,NA,NA,NA,NA,NA,NA,NA,NA,NA,NA,"1",NA,NA,NA,NA,NA,NA,NA,NA,NA,NA,NA,NA,"AH49855",NA,NA,NA,NA,NA,NA,NA
NA,"2009-04-16 16:59:12",NA,NA,NA,NA,NA,NA,NA,"0",NA,NA,NA,NA,NA,NA,NA,NA,NA,NA,NA,NA,NA,NA,NA,NA,NA,NA,NA,"1",NA,NA,NA,NA,NA,NA,NA,NA,NA,NA,NA,NA,"AK30431",NA,NA,NA,NA,NA,NA,NA
NA,"2010-02-27 11:44:33",NA,NA,NA,NA,NA,NA,NA,NA,"1",NA,NA,"Ramp2",NA,NA,NA,NA,NA,NA,NA,NA,NA,NA,NA,NA,NA,NA,NA,NA,NA,NA,NA,NA,NA,NA,NA,NA,NA,NA,NA,NA,"AJ38695",NA,NA,NA,NA,NA,NA,NA
NA,"2009-10-16 17:11:47",NA,NA,NA,NA,NA,NA,NA,"0","1",NA,NA,NA,NA,NA,NA,NA,NA,NA,NA,NA,NA,NA,NA,NA,NA,NA,NA,NA,NA,NA,NA,NA,NA,NA,NA,NA,NA,NA,NA,NA,"AJ38695",NA,NA,NA,NA,NA,NA,NA
NA,"2009-04-06 09:32:05",NA,NA,NA,NA,NA,NA,NA,"0",NA,NA,NA,NA,NA,NA,NA,NA,NA,NA,NA,NA,NA,NA,NA,NA,NA,NA,NA,"1",NA,NA,NA,NA,NA,NA,NA,NA,NA,NA,NA,NA,"AH49855",NA,NA,NA,NA,NA,NA,NA
NA,"2009-01-20 14:27:58","5",NA,NA,"31",NA,NA,NA,"0",NA,NA,NA,NA,NA,NA,NA,NA,"114.726",NA,NA,NA,NA,NA,NA,NA,NA,NA,NA,"1",NA,NA,"3",NA,NA,"2",NA,NA,NA,NA,NA,"002","AH49855",NA,NA,NA,NA,NA,NA,NA
NA,"2008-06-04 16:48:41",NA,NA,NA,NA,NA,NA,NA,"0",NA,NA,NA,NA,NA,NA,NA,NA,NA,NA,NA,NA,NA,NA,NA,NA,NA,NA,NA,"1",NA,NA,NA,NA,NA,NA,NA,NA,NA,NA,NA,NA,"AH49855",NA,NA,NA,NA,NA,NA,NA
NA,"2007-12-14 15:11:09",NA,NA,NA,NA,NA,NA,NA,"0",NA,NA,NA,NA,NA,NA,NA,NA,NA,NA,NA,NA,NA,NA,NA,NA,NA,NA,NA,"1",NA,"V440",NA,NA,NA,NA,NA,NA,NA,NA,NA,NA,"AJ38695",NA,NA,NA,NA,NA,NA,NA
NA,"2008-04-08 14:50:06",NA,NA,NA,NA,NA,NA,NA,"0",NA,NA,NA,NA,NA,NA,NA,NA,NA,NA,NA,NA,NA,NA,NA,NA,NA,NA,NA,"1",NA,NA,NA,NA,NA,NA,NA,"473",NA,NA,NA,NA,"AJ38695",NA,NA,NA,NA,NA,NA,NA
NA,"2010-02-01 10:48:19","6",NA,"-5","45",NA,NA,"1994","0","1",NA,NA,"Ramp5",NA,"386",NA,NA,"141.943",NA,NA,NA,NA,NA,NA,NA,NA,"100",NA,"1",NA,NA,"6",NA,NA,NA,NA,NA,NA,NA,"3","518","AJ38695","2008.2",NA,NA,NA,NA,NA,NA
NA,"2007-09-27 11:32:42",NA,NA,NA,NA,NA,NA,NA,"0",NA,NA,NA,NA,NA,NA,NA,NA,NA,NA,NA,NA,NA,NA,NA,NA,NA,NA,NA,"1",NA,NA,NA,NA,NA,NA,NA,NA,NA,NA,NA,NA,"AJ38695",NA,NA,NA,NA,NA,NA,NA
NA,"2007-12-10 11:43:09",NA,NA,NA,NA,NA,NA,NA,"0",NA,NA,NA,NA,NA,NA,NA,NA,NA,NA,NA,NA,NA,NA,NA,NA,NA,NA,NA,"1",NA,NA,NA,NA,NA,NA,NA,NA,NA,NA,NA,NA,"AH49855",NA,NA,NA,NA,NA,NA,NA
NA,"2010-05-13 09:45:36",NA,NA,NA,NA,NA,NA,NA,"0","1",NA,NA,"Ramp3",NA,NA,NA,NA,NA,NA,NA,NA,NA,NA,NA,NA,NA,NA,NA,"1",NA,NA,NA,NA,NA,NA,NA,NA,NA,NA,NA,NA,"AH49855",NA,NA,NA,NA,NA,NA,NA
NA,"2009-03-09 10:15:03",NA,NA,NA,NA,NA,NA,NA,NA,NA,NA,NA,NA,NA,NA,NA,NA,NA,NA,NA,NA,NA,NA,NA,NA,NA,NA,NA,NA,NA,NA,NA,NA,NA,NA,NA,NA,NA,NA,NA,NA,"AK26401",NA,NA,NA,NA,NA,NA,NA
NA,"2007-05-23 10:32:06",NA,NA,NA,NA,NA,NA,NA,"0",NA,NA,NA,NA,NA,NA,NA,NA,NA,NA,NA,NA,NA,NA,NA,NA,NA,NA,NA,"1",NA,NA,NA,NA,NA,NA,NA,NA,NA,NA,NA,NA,"AJ38695",NA,NA,NA,NA,NA,NA,NA
NA,"2009-03-07 16:00:02",NA,NA,NA,NA,NA,NA,NA,"0",NA,NA,NA,NA,NA,NA,NA,NA,NA,NA,NA,NA,NA,NA,NA,NA,NA,NA,NA,"1",NA,NA,NA,NA,NA,NA,NA,NA,NA,NA,NA,NA,"AK26401",NA,NA,NA,NA,NA,NA,NA
NA,"2008-08-27 17:38:58",NA,NA,NA,NA,NA,NA,NA,"0",NA,NA,NA,NA,NA,NA,NA,NA,NA,NA,NA,NA,NA,NA,NA,NA,NA,NA,NA,"1",NA,NA,NA,NA,NA,NA,NA,NA,NA,NA,NA,NA,"AK26401",NA,NA,NA,NA,NA,NA,NA
NA,"2009-11-03 16:33:22",NA,NA,NA,NA,NA,NA,NA,"0","1",NA,NA,NA,NA,NA,NA,NA,NA,NA,NA,NA,NA,NA,NA,NA,NA,NA,NA,"1",NA,NA,NA,NA,NA,NA,NA,NA,NA,NA,NA,NA,"AJ38695",NA,NA,NA,NA,NA,NA,NA
NA,"2008-11-14 15:57:18",NA,NA,NA,NA,NA,NA,NA,"0",NA,NA,NA,NA,NA,NA,NA,NA,NA,NA,NA,NA,NA,NA,NA,NA,NA,NA,NA,"1",NA,NA,NA,NA,NA,NA,NA,NA,NA,NA,NA,NA,"AJ38695",NA,NA,NA,NA,NA,NA,NA
NA,"2010-07-19 15:51:11",NA,NA,NA,NA,NA,NA,NA,"0","1",NA,NA,"Ramp3",NA,NA,NA,NA,NA,NA,NA,NA,NA,NA,NA,NA,NA,NA,NA,"1",NA,NA,NA,NA,NA,NA,NA,NA,NA,NA,NA,NA,"AJ38695",NA,NA,NA,NA,NA,NA,NA
NA,"2010-04-14 19:09:29",NA,NA,NA,NA,NA,NA,NA,"0","1",NA,NA,"Ramp5",NA,NA,NA,NA,NA,NA,NA,NA,NA,NA,NA,NA,NA,"123",NA,NA,NA,NA,NA,NA,NA,NA,NA,NA,NA,NA,NA,NA,"AK30431",NA,NA,NA,NA,NA,NA,NA
NA,"2010-06-19 18:29:28",NA,NA,NA,NA,NA,NA,NA,"0","1",NA,NA,NA,NA,NA,NA,NA,NA,NA,NA,NA,NA,NA,NA,NA,NA,NA,NA,"1",NA,NA,NA,NA,NA,NA,NA,NA,NA,NA,NA,NA,"AH49855",NA,NA,NA,NA,NA,NA,NA
NA,"2009-01-26 10:18:36",NA,NA,NA,NA,NA,NA,NA,"0",NA,NA,NA,NA,NA,NA,NA,NA,NA,NA,NA,NA,NA,NA,NA,NA,NA,NA,NA,"1",NA,NA,NA,NA,NA,NA,NA,NA,NA,NA,NA,NA,"AH49855",NA,NA,NA,NA,NA,NA,NA
NA,"2009-06-04 17:02:34",NA,NA,NA,NA,NA,NA,NA,"0",NA,NA,NA,NA,NA,NA,NA,NA,NA,NA,NA,NA,NA,NA,NA,NA,NA,NA,NA,"1",NA,NA,NA,NA,NA,NA,NA,NA,NA,NA,NA,NA,"AH49855",NA,NA,NA,NA,NA,NA,NA
NA,"2008-02-29 14:23:08",NA,NA,NA,NA,NA,NA,NA,"0",NA,NA,NA,NA,NA,NA,NA,NA,NA,NA,NA,NA,NA,NA,NA,NA,NA,NA,NA,"1",NA,NA,NA,NA,NA,NA,NA,NA,NA,NA,NA,NA,"AK26401",NA,NA,NA,NA,NA,NA,NA
NA,"2008-03-10 16:08:12",NA,NA,NA,NA,NA,NA,NA,"0",NA,NA,NA,NA,NA,NA,NA,NA,NA,NA,NA,NA,NA,NA,NA,NA,NA,NA,NA,"1",NA,NA,NA,NA,NA,NA,NA,NA,NA,NA,NA,NA,"AK26401",NA,NA,NA,NA,NA,NA,NA
NA,"2010-02-26 11:55:23",NA,NA,NA,NA,NA,NA,NA,"0","1",NA,NA,"Ramp5",NA,NA,NA,NA,NA,NA,NA,NA,NA,NA,NA,NA,NA,"104",NA,"1",NA,NA,NA,NA,NA,NA,NA,NA,NA,NA,"2",NA,"AJ38695",NA,NA,NA,NA,NA,NA,NA
NA,"2010-09-02 11:07:05",NA,NA,NA,NA,NA,NA,NA,"0",NA,NA,NA,NA,NA,NA,NA,NA,NA,NA,NA,NA,NA,NA,NA,NA,NA,NA,NA,"1",NA,NA,NA,NA,NA,NA,NA,NA,NA,NA,NA,NA,"AJ38695",NA,NA,NA,NA,NA,NA,NA
NA,"2010-02-10 17:20:55","6",NA,"-4","33",NA,NA,"1965","0","1",NA,NA,"Ramp2",NA,"515",NA,NA,"73.517",NA,NA,NA,NA,NA,NA,NA,NA,NA,NA,"1",NA,NA,"9",NA,NA,NA,NA,"472",NA,NA,NA,"596","AK30431",NA,NA,NA,NA,NA,NA,NA
NA,"2008-03-01 11:08:40",NA,NA,NA,NA,NA,NA,NA,"0",NA,NA,NA,NA,NA,NA,NA,NA,NA,NA,NA,NA,NA,NA,NA,NA,NA,NA,NA,"1",NA,NA,NA,NA,NA,NA,NA,NA,NA,NA,NA,NA,"AK26401",NA,NA,NA,NA,NA,NA,NA
NA,"2009-05-23 12:47:50",NA,NA,NA,NA,NA,NA,NA,"0",NA,NA,NA,NA,NA,NA,NA,NA,NA,NA,NA,NA,NA,NA,NA,NA,NA,NA,NA,"1",NA,NA,NA,NA,NA,NA,NA,NA,NA,NA,NA,NA,"AH49855",NA,NA,NA,NA,NA,NA,NA
NA,"2010-01-15 15:13:31",NA,NA,NA,NA,NA,NA,NA,"0","1",NA,NA,NA,NA,NA,NA,NA,NA,NA,NA,NA,NA,NA,NA,NA,NA,NA,NA,"1",NA,NA,NA,NA,NA,NA,NA,NA,NA,NA,NA,NA,"AH49855",NA,NA,NA,NA,NA,NA,NA
NA,"2007-12-18 11:24:19",NA,NA,NA,NA,NA,NA,NA,"0",NA,NA,NA,NA,NA,NA,NA,NA,NA,NA,NA,NA,NA,NA,NA,NA,NA,NA,NA,NA,NA,NA,NA,NA,NA,NA,NA,NA,NA,NA,NA,NA,"AK30431",NA,NA,NA,NA,NA,NA,NA
NA,"2009-12-05 16:02:35",NA,NA,NA,NA,NA,NA,NA,"0","1",NA,NA,NA,NA,NA,NA,NA,NA,NA,NA,NA,NA,NA,NA,NA,NA,NA,NA,"1",NA,NA,NA,NA,NA,NA,NA,NA,NA,NA,"1",NA,"AJ38695",NA,NA,NA,NA,NA,NA,NA
NA,"2007-10-27 12:32:13",NA,NA,NA,NA,NA,NA,NA,"0",NA,NA,NA,NA,NA,NA,NA,NA,NA,NA,NA,NA,NA,NA,NA,NA,NA,NA,NA,"1",NA,NA,NA,NA,NA,NA,NA,NA,NA,NA,NA,NA,"AH49855",NA,NA,NA,NA,NA,NA,NA
NA,"2008-09-23 09:51:12",NA,NA,NA,NA,NA,NA,NA,NA,NA,NA,NA,NA,NA,NA,NA,NA,NA,NA,NA,NA,NA,NA,NA,NA,NA,NA,NA,NA,NA,NA,NA,NA,NA,NA,NA,NA,NA,NA,NA,NA,NA,NA,NA,NA,NA,NA,NA,NA
NA,"2010-01-23 13:16:21",NA,NA,NA,NA,NA,NA,NA,"0",NA,NA,NA,NA,NA,NA,NA,NA,NA,NA,NA,NA,NA,NA,NA,NA,NA,NA,NA,"1",NA,NA,NA,NA,NA,NA,NA,NA,NA,NA,"2",NA,"AK30431",NA,NA,NA,NA,NA,NA,NA
NA,"2009-02-03 15:59:04",NA,NA,NA,NA,NA,NA,NA,"0",NA,NA,NA,NA,NA,NA,NA,NA,NA,NA,NA,NA,NA,NA,NA,NA,NA,NA,NA,"1",NA,NA,NA,NA,NA,NA,NA,NA,NA,NA,NA,NA,"AJ38695",NA,NA,NA,NA,NA,NA,NA
NA,"2008-06-04 14:43:32",NA,NA,NA,NA,NA,NA,NA,"0",NA,NA,NA,NA,NA,NA,NA,NA,NA,NA,NA,NA,NA,NA,NA,NA,NA,NA,NA,"1",NA,NA,NA,NA,NA,NA,NA,"479",NA,NA,NA,NA,"AK26401",NA,NA,NA,NA,NA,NA,NA
NA,"2010-05-28 17:24:53",NA,NA,NA,NA,NA,NA,NA,"0","1",NA,NA,"Ramp3",NA,NA,NA,NA,NA,NA,NA,NA,NA,NA,NA,NA,NA,NA,NA,NA,NA,NA,NA,NA,NA,NA,NA,NA,NA,NA,NA,NA,"AK26401",NA,NA,NA,NA,NA,NA,NA
NA,"2008-12-04 10:19:24",NA,NA,NA,NA,NA,NA,NA,"0",NA,NA,NA,NA,NA,NA,NA,NA,NA,NA,NA,NA,NA,NA,NA,NA,NA,NA,NA,"1",NA,NA,NA,NA,NA,NA,NA,NA,NA,NA,NA,NA,NA,NA,NA,NA,NA,NA,NA,NA
NA,"2010-03-09 17:48:34",NA,NA,NA,NA,NA,NA,NA,"0","1",NA,NA,"Ramp3",NA,NA,NA,NA,NA,NA,NA,NA,NA,NA,NA,NA,NA,NA,NA,"1",NA,NA,NA,NA,NA,NA,NA,NA,NA,NA,NA,NA,"AH49855",NA,NA,NA,NA,NA,NA,NA
NA,"2009-09-16 12:42:59",NA,NA,NA,NA,NA,NA,NA,"0",NA,NA,NA,NA,NA,NA,NA,NA,NA,NA,NA,NA,NA,NA,NA,NA,NA,NA,NA,NA,NA,NA,NA,NA,NA,NA,NA,NA,NA,NA,NA,NA,"AK30431",NA,NA,NA,NA,NA,NA,NA
NA,"2009-04-02 14:37:40",NA,NA,NA,NA,NA,NA,NA,"0",NA,NA,NA,NA,NA,NA,NA,NA,NA,NA,NA,NA,NA,NA,NA,NA,NA,NA,NA,"1",NA,NA,NA,NA,NA,NA,NA,NA,NA,NA,NA,NA,"AJ38695",NA,NA,NA,NA,NA,NA,NA
NA,"2008-11-26 16:53:10","5",NA,"-4","32",NA,NA,"2015","0",NA,NA,NA,NA,NA,"385",NA,NA,"74.9219",NA,NA,NA,NA,NA,NA,NA,NA,NA,NA,"1",NA,NA,"3",NA,NA,"3",NA,NA,NA,NA,NA,"810","AK26401",NA,NA,NA,NA,NA,NA,NA
NA,"2007-10-10 17:08:05",NA,NA,NA,NA,NA,NA,NA,"0",NA,NA,NA,NA,NA,NA,NA,NA,NA,NA,NA,NA,NA,NA,NA,NA,NA,NA,NA,"1",NA,NA,NA,NA,NA,NA,NA,NA,NA,NA,NA,NA,"AK26401",NA,NA,NA,NA,NA,NA,NA
NA,"2009-03-30 17:41:29",NA,NA,NA,NA,NA,NA,NA,"0",NA,NA,NA,NA,NA,NA,NA,NA,NA,NA,NA,NA,NA,NA,NA,NA,NA,NA,NA,"1",NA,NA,NA,NA,NA,NA,NA,NA,NA,NA,NA,NA,"AH49855",NA,NA,NA,NA,NA,NA,NA
NA,"2009-07-04 14:33:13",NA,NA,NA,NA,NA,NA,NA,"0",NA,NA,NA,NA,NA,NA,NA,NA,NA,NA,NA,NA,NA,NA,NA,NA,NA,NA,NA,"1",NA,NA,NA,NA,NA,NA,NA,NA,NA,NA,NA,NA,"AH49855",NA,NA,NA,NA,NA,NA,NA
NA,"2008-08-05 11:45:32",NA,NA,NA,NA,NA,NA,NA,"0",NA,NA,NA,NA,NA,NA,NA,NA,NA,NA,NA,NA,NA,NA,NA,NA,NA,NA,NA,"1",NA,NA,NA,NA,NA,NA,NA,NA,NA,NA,NA,NA,"AK26401",NA,NA,NA,NA,NA,NA,NA
NA,"2007-08-24 14:26:58",NA,NA,NA,NA,NA,NA,NA,"0",NA,NA,NA,NA,NA,NA,"22",NA,NA,NA,NA,NA,NA,NA,NA,NA,NA,NA,NA,"1",NA,NA,NA,"0",NA,NA,NA,"472",NA,"145","2",NA,"AK30431",NA,NA,NA,NA,NA,NA,NA
NA,"2009-02-25 12:40:54",NA,NA,NA,NA,NA,NA,NA,"0",NA,NA,NA,NA,NA,NA,NA,NA,NA,NA,NA,NA,NA,NA,NA,NA,NA,NA,NA,"1",NA,NA,NA,NA,NA,NA,"1","473",NA,NA,"2",NA,"AK26401",NA,NA,NA,NA,NA,NA,NA
NA,"2008-09-24 14:52:18",NA,NA,NA,NA,NA,NA,NA,"0",NA,NA,NA,NA,NA,NA,NA,NA,NA,NA,NA,NA,NA,NA,NA,NA,NA,NA,NA,"1",NA,NA,NA,NA,NA,NA,NA,NA,NA,NA,NA,NA,"AJ38695",NA,NA,NA,NA,NA,NA,NA
NA,"2007-05-04 15:28:19",NA,NA,NA,NA,NA,NA,NA,"0",NA,NA,NA,NA,NA,NA,NA,NA,NA,NA,NA,NA,NA,NA,NA,NA,NA,NA,NA,"1",NA,NA,NA,NA,NA,NA,NA,NA,NA,NA,NA,NA,"AK26401",NA,NA,NA,NA,NA,NA,NA
NA,"2009-01-10 15:19:47",NA,NA,NA,NA,NA,NA,NA,"0",NA,NA,NA,NA,NA,NA,NA,NA,NA,NA,NA,NA,NA,NA,NA,NA,NA,NA,NA,"1",NA,NA,NA,NA,NA,NA,NA,NA,NA,NA,NA,NA,"AJ38695",NA,NA,NA,NA,NA,NA,NA
NA,"2009-08-28 11:11:34",NA,NA,NA,NA,NA,NA,NA,"0",NA,NA,NA,NA,NA,NA,NA,NA,NA,NA,NA,NA,NA,NA,NA,NA,NA,NA,NA,"1",NA,NA,NA,NA,NA,NA,NA,NA,NA,NA,"555",NA,"AK30431",NA,NA,NA,NA,NA,NA,NA
NA,"2010-04-10 12:48:22",NA,NA,NA,NA,NA,NA,NA,"0","1",NA,NA,"Ramp3",NA,NA,NA,NA,NA,NA,NA,NA,NA,NA,NA,NA,NA,NA,NA,"1",NA,NA,NA,NA,NA,NA,NA,NA,NA,NA,NA,NA,"AH49855",NA,NA,NA,NA,NA,NA,NA
NA,"2009-03-13 16:04:53",NA,NA,NA,NA,NA,NA,NA,NA,NA,NA,NA,NA,NA,NA,NA,NA,NA,NA,NA,NA,NA,NA,NA,NA,NA,NA,NA,"1",NA,NA,NA,NA,NA,NA,NA,NA,NA,NA,NA,NA,"AJ38695",NA,NA,NA,NA,NA,NA,NA
NA,"2007-07-17 10:10:21",NA,NA,NA,NA,NA,NA,NA,"0",NA,NA,NA,NA,NA,NA,NA,NA,NA,NA,NA,NA,NA,NA,NA,NA,NA,NA,NA,"1",NA,NA,NA,NA,NA,NA,NA,NA,NA,NA,NA,NA,"AJ38695",NA,NA,NA,NA,NA,NA,NA
NA,"2007-10-03 17:33:12",NA,NA,NA,NA,NA,NA,NA,"0",NA,NA,NA,NA,NA,NA,NA,NA,NA,NA,NA,NA,NA,NA,NA,NA,NA,NA,NA,"1",NA,NA,NA,NA,NA,NA,NA,NA,NA,NA,NA,NA,"AJ38695",NA,NA,NA,NA,NA,NA,NA
NA,"2008-11-28 11:43:19","6",NA,"-5","26",NA,NA,"1901","0",NA,NA,NA,NA,NA,"578",NA,NA,"99.2365",NA,NA,NA,NA,NA,NA,NA,NA,NA,NA,"1",NA,NA,"7",NA,NA,"2",NA,NA,NA,NA,NA,"534","AK30431",NA,NA,NA,NA,NA,NA,NA
NA,"2007-10-11 13:03:10",NA,NA,NA,NA,NA,NA,NA,"0",NA,NA,NA,NA,NA,NA,NA,NA,NA,NA,NA,NA,NA,NA,NA,NA,NA,NA,NA,"1",NA,NA,NA,NA,NA,NA,NA,NA,NA,NA,NA,NA,NA,NA,NA,NA,NA,NA,NA,NA
NA,"2010-03-29 12:27:05",NA,NA,NA,NA,NA,NA,NA,"0","1",NA,NA,"Ramp3",NA,NA,NA,NA,NA,NA,NA,NA,NA,NA,NA,NA,NA,"115",NA,"1",NA,NA,NA,NA,NA,NA,NA,NA,NA,NA,NA,NA,"AK26401",NA,NA,NA,NA,NA,NA,NA
NA,"2010-01-16 14:31:19",NA,NA,NA,NA,NA,NA,NA,"0","1",NA,NA,"Ramp5",NA,NA,NA,NA,NA,NA,NA,NA,NA,NA,NA,NA,NA,"125",NA,NA,NA,NA,NA,NA,NA,NA,NA,NA,NA,NA,NA,NA,"AJ38695",NA,NA,NA,NA,NA,NA,NA
NA,"2007-10-22 11:29:00",NA,NA,NA,NA,NA,NA,NA,"0",NA,NA,NA,NA,NA,NA,NA,NA,NA,NA,NA,NA,NA,NA,NA,NA,NA,NA,NA,"1",NA,NA,NA,NA,NA,NA,NA,NA,NA,NA,NA,NA,"AK26401",NA,NA,NA,NA,NA,NA,NA
NA,"2010-01-14 17:26:21",NA,NA,NA,NA,NA,NA,NA,"0","1",NA,NA,NA,NA,NA,NA,NA,NA,NA,NA,NA,NA,NA,NA,NA,NA,NA,NA,"1",NA,NA,NA,NA,NA,NA,NA,NA,NA,NA,"2",NA,"AJ38695",NA,NA,NA,NA,NA,NA,NA
NA,"2009-11-24 14:19:50",NA,NA,NA,NA,NA,NA,NA,"0","1",NA,NA,NA,NA,NA,NA,NA,NA,NA,NA,NA,NA,NA,NA,NA,NA,NA,NA,"1",NA,NA,NA,NA,NA,NA,NA,NA,NA,NA,NA,NA,"AK26401",NA,NA,NA,NA,NA,NA,NA
NA,"2009-04-20 10:35:43",NA,NA,NA,NA,NA,NA,NA,"0",NA,NA,NA,NA,NA,NA,NA,NA,NA,NA,NA,NA,NA,NA,NA,NA,NA,NA,NA,"1",NA,NA,NA,NA,NA,NA,NA,NA,NA,NA,NA,NA,"AK30431",NA,NA,NA,NA,NA,NA,NA
NA,"2009-11-06 16:28:03",NA,NA,NA,NA,NA,NA,NA,NA,"1",NA,NA,NA,NA,NA,NA,NA,NA,NA,NA,NA,NA,NA,NA,NA,NA,NA,NA,"1",NA,NA,NA,NA,NA,NA,NA,NA,NA,NA,NA,NA,"AJ38695",NA,NA,NA,NA,NA,NA,NA
NA,"2008-01-16 12:17:47",NA,NA,NA,NA,NA,NA,NA,"0",NA,NA,NA,NA,NA,NA,NA,NA,NA,NA,NA,NA,NA,NA,NA,NA,NA,NA,NA,"1",NA,NA,NA,NA,NA,NA,NA,NA,NA,NA,NA,NA,"AK30431",NA,NA,NA,NA,NA,NA,NA
NA,"2010-01-08 13:12:21",NA,NA,NA,NA,NA,NA,NA,"0","1",NA,NA,NA,NA,NA,NA,NA,NA,NA,NA,NA,NA,NA,NA,NA,NA,NA,NA,"1",NA,NA,NA,NA,NA,NA,NA,NA,NA,NA,NA,NA,"AK30431",NA,NA,NA,NA,NA,NA,NA
NA,"2008-04-30 19:06:01",NA,NA,NA,NA,NA,NA,NA,"0",NA,NA,NA,NA,NA,NA,NA,NA,NA,NA,NA,NA,NA,NA,NA,NA,NA,NA,NA,"1",NA,NA,NA,NA,NA,NA,NA,NA,NA,NA,NA,NA,"AH49855",NA,NA,NA,NA,NA,NA,NA
NA,"2009-03-27 18:13:13","6",NA,"-4","18",NA,NA,"2550",NA,NA,NA,NA,NA,NA,"369",NA,NA,"103.264",NA,NA,NA,NA,NA,NA,NA,NA,NA,NA,NA,NA,NA,"3",NA,NA,"4",NA,NA,NA,NA,NA,"359","AH49855",NA,NA,NA,NA,NA,NA,NA
NA,"2008-10-08 14:35:53",NA,NA,NA,NA,NA,NA,NA,"0",NA,NA,NA,NA,NA,NA,NA,NA,NA,NA,NA,NA,NA,NA,NA,NA,NA,NA,NA,"1",NA,NA,NA,NA,NA,NA,NA,NA,NA,NA,NA,NA,"AK30431",NA,NA,NA,NA,NA,NA,NA
NA,"2009-01-30 13:22:41",NA,NA,NA,NA,NA,NA,NA,"0",NA,NA,NA,NA,NA,NA,NA,NA,NA,NA,NA,NA,NA,NA,NA,NA,NA,NA,NA,"1",NA,NA,NA,NA,NA,NA,NA,NA,NA,NA,NA,NA,"AH49855",NA,NA,NA,NA,NA,NA,NA
NA,"2009-12-01 18:46:30",NA,NA,NA,NA,NA,NA,NA,NA,NA,NA,"8",NA,NA,NA,NA,NA,NA,NA,NA,NA,NA,NA,NA,NA,NA,NA,NA,NA,NA,NA,NA,NA,NA,NA,NA,NA,NA,NA,"2",NA,"AK30431",NA,NA,NA,NA,NA,NA,NA
NA,"2010-03-10 16:02:24",NA,NA,NA,NA,NA,NA,NA,"0","1",NA,NA,"Ramp5",NA,NA,NA,NA,NA,NA,NA,NA,NA,NA,NA,NA,NA,"109",NA,"1",NA,NA,NA,NA,NA,NA,NA,NA,NA,NA,"600",NA,"AK30431",NA,NA,NA,NA,NA,NA,NA
NA,"2009-09-03 17:06:16",NA,NA,NA,NA,NA,NA,NA,"0",NA,NA,NA,NA,NA,NA,NA,NA,NA,NA,NA,NA,NA,NA,NA,NA,NA,NA,NA,"1",NA,NA,NA,NA,NA,NA,NA,NA,NA,NA,NA,NA,"AH49855",NA,NA,NA,NA,NA,NA,NA
NA,"2010-04-29 17:26:44",NA,NA,NA,NA,NA,NA,NA,"0","1",NA,NA,"Ramp3",NA,NA,NA,NA,NA,NA,NA,NA,NA,NA,NA,NA,NA,NA,NA,NA,NA,NA,NA,NA,NA,NA,NA,NA,NA,NA,NA,NA,"AK26401",NA,NA,NA,NA,NA,NA,NA
NA,"2010-06-18 17:24:55",NA,NA,NA,NA,NA,NA,NA,"0","1",NA,NA,"Ramp3",NA,NA,NA,NA,NA,NA,NA,NA,NA,NA,NA,NA,NA,NA,NA,NA,NA,NA,NA,NA,NA,NA,NA,NA,NA,NA,"1",NA,"AK30431",NA,NA,NA,NA,NA,NA,NA
NA,"2010-06-01 13:24:10",NA,NA,NA,NA,NA,NA,NA,"0","1",NA,NA,"Ramp4",NA,NA,NA,NA,NA,NA,NA,NA,NA,NA,NA,NA,NA,"83",NA,"1",NA,NA,NA,NA,NA,NA,NA,NA,NA,NA,NA,NA,"AK30431",NA,NA,NA,NA,NA,NA,NA
NA,"2009-03-31 18:01:10",NA,NA,NA,NA,NA,NA,NA,"0",NA,NA,NA,NA,NA,NA,NA,NA,NA,NA,NA,NA,NA,NA,NA,NA,NA,NA,NA,"1",NA,NA,NA,NA,NA,NA,NA,NA,NA,NA,NA,NA,"AJ38695",NA,NA,NA,NA,NA,NA,NA
NA,"2009-04-03 16:17:47",NA,NA,NA,NA,NA,NA,NA,"0",NA,NA,NA,NA,NA,NA,NA,NA,NA,NA,NA,NA,NA,NA,NA,NA,NA,NA,NA,"1",NA,NA,NA,NA,NA,NA,NA,NA,NA,NA,NA,NA,"AK30431",NA,NA,NA,NA,NA,NA,NA
NA,"2009-11-17 13:39:18",NA,NA,NA,NA,NA,NA,NA,"0","1",NA,NA,NA,NA,NA,NA,NA,NA,NA,NA,NA,NA,NA,NA,NA,NA,NA,NA,"1",NA,NA,NA,NA,NA,NA,NA,NA,NA,NA,NA,NA,"AK26401",NA,NA,NA,NA,NA,NA,NA
NA,"2008-05-24 13:18:50",NA,NA,NA,NA,NA,NA,NA,"0",NA,NA,NA,NA,NA,NA,NA,NA,NA,NA,NA,NA,NA,NA,NA,NA,NA,NA,NA,NA,NA,NA,NA,NA,NA,NA,NA,NA,NA,NA,NA,NA,"AJ38695",NA,NA,NA,NA,NA,NA,NA
NA,"2008-09-13 15:38:00",NA,NA,NA,NA,NA,NA,NA,"0",NA,NA,NA,NA,NA,NA,NA,NA,NA,NA,NA,NA,NA,NA,NA,NA,NA,NA,NA,NA,NA,NA,NA,NA,NA,NA,NA,NA,NA,NA,NA,NA,"AJ38695",NA,NA,NA,NA,NA,NA,NA
NA,"2009-01-31 10:36:09",NA,NA,NA,NA,NA,NA,NA,"0",NA,NA,NA,NA,NA,NA,NA,NA,NA,NA,NA,NA,NA,NA,NA,NA,NA,NA,NA,"1",NA,NA,NA,NA,NA,NA,NA,NA,NA,NA,NA,NA,"AK30431",NA,NA,NA,NA,NA,NA,NA
NA,"2009-12-07 17:45:52",NA,NA,NA,NA,NA,NA,NA,"0",NA,NA,"8",NA,NA,NA,NA,NA,NA,NA,NA,NA,NA,NA,NA,NA,NA,NA,NA,"1",NA,NA,NA,NA,NA,NA,NA,NA,NA,NA,NA,NA,"AK30431",NA,NA,NA,NA,NA,NA,NA
NA,"2008-07-25 09:35:18",NA,NA,NA,NA,NA,NA,NA,"0",NA,NA,NA,NA,NA,NA,NA,NA,NA,NA,NA,NA,NA,NA,NA,NA,NA,NA,NA,"1",NA,NA,NA,NA,NA,NA,NA,NA,NA,NA,NA,NA,"AH49855",NA,NA,NA,NA,NA,NA,NA
NA,"2008-12-08 10:57:23",NA,NA,NA,NA,NA,NA,NA,"0",NA,NA,NA,NA,NA,NA,NA,NA,NA,NA,NA,NA,NA,NA,NA,NA,NA,NA,NA,"1",NA,NA,NA,NA,NA,NA,NA,NA,NA,NA,"4",NA,"AH49855",NA,NA,NA,NA,NA,NA,NA
NA,"2010-02-23 14:03:09",NA,NA,NA,NA,NA,NA,NA,"0","1",NA,NA,"Ramp3",NA,NA,NA,NA,NA,NA,NA,NA,NA,NA,NA,NA,NA,NA,NA,"1",NA,NA,NA,NA,NA,NA,NA,"474",NA,NA,"1",NA,"AK30431",NA,NA,NA,NA,NA,NA,NA
NA,"2009-09-02 19:17:05",NA,NA,NA,NA,NA,NA,NA,"0",NA,NA,NA,NA,NA,NA,NA,NA,NA,NA,NA,NA,NA,NA,NA,NA,NA,NA,NA,"1",NA,NA,NA,NA,NA,NA,NA,NA,NA,NA,NA,NA,"AK26401",NA,NA,NA,NA,NA,NA,NA
NA,NA,NA,NA,NA,NA,NA,NA,NA,NA,NA,NA,NA,NA,NA,NA,NA,NA,NA,NA,NA,NA,NA,NA,NA,NA,NA,NA,NA,NA,NA,NA,NA,NA,NA,NA,NA,NA,NA,NA,NA,NA,NA,NA,NA,NA,NA,NA,NA,NA
NA,"2008-04-28 12:12:34",NA,NA,NA,NA,NA,NA,NA,"0",NA,NA,NA,NA,NA,NA,NA,NA,NA,NA,NA,NA,NA,NA,NA,NA,NA,NA,NA,"1",NA,NA,NA,NA,NA,NA,NA,NA,NA,NA,NA,NA,"AJ38695",NA,NA,NA,NA,NA,NA,NA
NA,"2008-04-18 17:53:12",NA,NA,NA,NA,NA,NA,NA,"0",NA,NA,NA,NA,NA,NA,NA,NA,NA,NA,NA,NA,NA,NA,NA,NA,NA,NA,NA,"1",NA,NA,NA,NA,NA,NA,NA,NA,NA,NA,NA,NA,"AK30431",NA,NA,NA,NA,NA,NA,NA
NA,"2009-04-27 18:47:52",NA,NA,NA,NA,NA,NA,NA,"0",NA,NA,NA,NA,NA,NA,NA,NA,NA,NA,NA,NA,NA,NA,NA,NA,NA,NA,NA,"1",NA,NA,NA,NA,NA,NA,NA,NA,NA,NA,NA,NA,"AJ38695",NA,NA,NA,NA,NA,NA,NA
NA,"2009-04-02 18:09:16",NA,NA,NA,NA,NA,NA,NA,"0",NA,NA,NA,NA,NA,NA,NA,NA,NA,NA,NA,NA,NA,NA,NA,NA,NA,NA,NA,"1",NA,NA,NA,NA,NA,NA,NA,NA,NA,NA,NA,NA,"AH49855",NA,NA,NA,NA,NA,NA,NA
NA,"2008-06-06 14:15:14",NA,NA,NA,NA,NA,NA,NA,"0",NA,NA,NA,NA,NA,NA,NA,NA,NA,NA,NA,NA,NA,NA,NA,NA,NA,NA,NA,"1",NA,NA,NA,NA,NA,NA,NA,NA,NA,NA,NA,NA,"AJ38695",NA,NA,NA,NA,NA,NA,NA
NA,"2009-08-19 19:19:42","6",NA,"-5","27",NA,NA,"2803","0","1",NA,NA,NA,NA,"495",NA,NA,"106.837",NA,NA,NA,NA,NA,NA,NA,NA,NA,NA,"1",NA,NA,"4",NA,NA,"4",NA,NA,NA,NA,NA,"844","AJ38695","2009.5",NA,NA,NA,NA,NA,NA
NA,"2008-02-11 10:01:13","6",NA,"-5","31","30",NA,"1917","0",NA,"i331n",NA,NA,NA,"502",NA,NA,"83.5965",NA,NA,NA,NA,NA,NA,NA,NA,NA,NA,NA,NA,NA,"1",NA,NA,"5",NA,NA,NA,NA,NA,"895","AJ38695","2016.5",NA,NA,NA,NA,NA,NA
NA,"2007-05-04 10:53:22",NA,NA,NA,NA,NA,NA,NA,"0",NA,NA,NA,NA,NA,NA,NA,NA,NA,NA,NA,NA,NA,NA,NA,NA,NA,NA,NA,"1",NA,NA,NA,NA,NA,NA,NA,NA,NA,NA,NA,NA,"AK30431",NA,NA,NA,NA,NA,NA,NA
NA,"2007-11-17 10:17:36",NA,NA,NA,NA,NA,NA,NA,NA,NA,NA,NA,NA,NA,NA,NA,NA,NA,NA,NA,NA,NA,NA,NA,NA,NA,NA,NA,NA,NA,NA,NA,NA,NA,NA,NA,NA,NA,NA,NA,NA,"AK30431",NA,NA,NA,NA,NA,NA,NA
NA,"2008-03-10 10:17:00",NA,NA,NA,NA,NA,NA,NA,"0",NA,NA,NA,NA,NA,NA,NA,NA,NA,NA,NA,NA,NA,NA,NA,NA,NA,NA,NA,"1",NA,NA,NA,NA,NA,NA,NA,NA,NA,NA,NA,NA,"AH49855",NA,NA,NA,NA,NA,NA,NA
NA,"2008-10-08 17:41:24",NA,NA,NA,NA,NA,NA,NA,"0",NA,NA,NA,NA,NA,NA,NA,NA,NA,NA,NA,NA,NA,NA,NA,NA,NA,NA,NA,"1",NA,NA,NA,NA,NA,NA,NA,NA,NA,NA,NA,NA,"AH49855",NA,NA,NA,NA,NA,NA,NA
NA,"2010-03-16 11:50:11",NA,NA,NA,NA,NA,NA,NA,"0","7",NA,NA,NA,NA,NA,NA,NA,NA,NA,NA,NA,NA,NA,NA,NA,NA,NA,NA,"1",NA,NA,NA,NA,NA,NA,NA,NA,NA,NA,NA,NA,"AK26401",NA,NA,NA,NA,NA,NA,NA
NA,"2010-06-24 14:49:45",NA,NA,NA,NA,NA,NA,NA,"0","1",NA,NA,"Ramp3",NA,NA,NA,NA,NA,NA,NA,NA,NA,NA,NA,NA,NA,NA,NA,NA,NA,NA,NA,NA,NA,NA,NA,NA,NA,NA,NA,NA,"AH49855",NA,NA,NA,NA,NA,NA,NA
NA,"2008-05-03 13:49:15",NA,NA,"-5","27",NA,NA,"2291","0",NA,NA,NA,NA,NA,"541","51",NA,"97.7427",NA,NA,NA,NA,NA,"4.44",NA,NA,NA,NA,"1",NA,NA,"4","0",NA,"2",NA,NA,NA,"165","2","412","AK26401",NA,NA,NA,NA,NA,NA,NA
NA,"2008-05-13 10:18:31",NA,NA,NA,NA,NA,NA,NA,"0",NA,NA,NA,NA,NA,NA,NA,NA,NA,NA,NA,NA,NA,NA,NA,NA,NA,NA,NA,"1",NA,NA,NA,NA,NA,NA,NA,NA,NA,NA,NA,NA,"AK26401",NA,NA,NA,NA,NA,NA,NA
NA,"2010-04-26 15:19:55",NA,NA,NA,NA,NA,NA,NA,"0",NA,NA,NA,NA,NA,NA,NA,NA,NA,NA,NA,NA,NA,NA,NA,NA,NA,NA,NA,"1",NA,NA,NA,NA,NA,NA,NA,NA,NA,NA,"1",NA,"AK26401",NA,NA,NA,NA,NA,NA,NA
NA,"2008-09-09 12:18:49",NA,NA,NA,NA,NA,NA,NA,"0",NA,NA,NA,NA,NA,NA,NA,NA,NA,NA,NA,NA,NA,NA,NA,NA,NA,NA,NA,"1",NA,NA,NA,NA,NA,NA,NA,NA,NA,NA,NA,NA,"AH49855",NA,NA,NA,NA,NA,NA,NA
NA,"2008-11-05 11:19:09",NA,NA,NA,NA,NA,NA,NA,"0",NA,NA,NA,NA,NA,NA,NA,NA,NA,NA,NA,NA,NA,NA,NA,NA,NA,NA,NA,"1",NA,NA,NA,NA,NA,NA,NA,NA,NA,NA,NA,NA,"AK30431",NA,NA,NA,NA,NA,NA,NA
NA,"2009-08-22 13:05:57",NA,NA,NA,NA,NA,NA,NA,"0",NA,NA,"8",NA,NA,NA,NA,NA,NA,NA,NA,NA,NA,NA,NA,NA,NA,NA,NA,"1",NA,NA,NA,NA,NA,NA,NA,NA,NA,NA,"2",NA,"AK26401",NA,NA,NA,NA,NA,NA,NA
NA,"2009-09-01 13:58:47",NA,NA,NA,NA,NA,NA,NA,"0",NA,NA,"8",NA,NA,NA,NA,NA,NA,NA,NA,NA,NA,NA,NA,NA,NA,NA,NA,"1",NA,NA,NA,NA,NA,NA,NA,NA,NA,NA,NA,NA,"AK30431",NA,NA,NA,NA,NA,NA,NA
NA,"2009-02-17 14:37:24",NA,NA,NA,NA,NA,NA,NA,"0",NA,NA,NA,NA,NA,NA,NA,NA,NA,NA,NA,NA,NA,NA,NA,NA,NA,NA,NA,"1",NA,NA,NA,NA,NA,NA,NA,NA,NA,NA,NA,NA,"AK30431",NA,NA,NA,NA,NA,NA,NA
NA,"2008-10-03 11:19:33",NA,NA,NA,NA,NA,NA,NA,"0",NA,NA,NA,NA,NA,NA,NA,NA,NA,NA,NA,NA,NA,NA,NA,NA,NA,NA,NA,"1",NA,NA,NA,NA,NA,NA,NA,NA,NA,NA,NA,NA,"AK30431",NA,NA,NA,NA,NA,NA,NA
NA,"2008-03-11 11:09:20",NA,NA,NA,NA,NA,NA,NA,"0",NA,NA,NA,NA,NA,NA,NA,NA,NA,NA,NA,NA,NA,NA,NA,NA,NA,NA,NA,"1",NA,NA,NA,NA,NA,NA,NA,NA,NA,NA,"1",NA,"AJ38695",NA,NA,NA,NA,NA,NA,NA
NA,"2009-10-20 14:01:01",NA,NA,NA,NA,NA,NA,NA,"0","1",NA,NA,NA,NA,NA,NA,NA,NA,NA,NA,NA,NA,NA,NA,NA,NA,NA,NA,"1",NA,NA,NA,NA,NA,NA,NA,NA,NA,NA,NA,NA,"AH49855",NA,NA,NA,NA,NA,NA,NA
NA,"2009-08-19 15:24:01",NA,NA,NA,NA,NA,NA,NA,"0",NA,NA,NA,NA,NA,NA,NA,NA,NA,NA,NA,NA,NA,NA,NA,NA,NA,NA,NA,"1",NA,NA,NA,NA,NA,NA,NA,NA,NA,NA,NA,NA,"AK26401",NA,NA,NA,NA,NA,NA,NA
NA,"2008-04-07 09:16:05",NA,NA,NA,NA,NA,NA,NA,"0",NA,NA,NA,NA,NA,NA,NA,NA,NA,NA,NA,NA,NA,NA,NA,NA,NA,NA,NA,"1",NA,NA,NA,NA,NA,NA,NA,NA,NA,NA,NA,NA,"AJ38695",NA,NA,NA,NA,NA,NA,NA
NA,"2008-04-26 16:10:52",NA,NA,NA,NA,NA,NA,NA,"0",NA,NA,NA,NA,NA,NA,NA,NA,NA,NA,NA,NA,NA,NA,NA,NA,NA,NA,NA,"1",NA,NA,NA,NA,NA,NA,NA,NA,NA,NA,NA,NA,"AJ38695",NA,NA,NA,NA,NA,NA,NA
NA,"2010-05-07 18:23:05",NA,NA,NA,NA,NA,NA,NA,"0","1",NA,NA,"Ramp5",NA,NA,NA,NA,NA,NA,NA,NA,NA,NA,NA,NA,NA,"88",NA,NA,NA,NA,NA,NA,NA,NA,NA,NA,NA,NA,NA,NA,"AK30431",NA,NA,NA,NA,NA,NA,NA
NA,"2008-12-04 12:09:20",NA,NA,NA,NA,NA,NA,NA,"0",NA,NA,NA,NA,NA,NA,NA,NA,NA,NA,NA,NA,NA,NA,NA,NA,NA,NA,NA,"1",NA,NA,NA,NA,NA,NA,NA,NA,NA,NA,NA,NA,"AK30431",NA,NA,NA,NA,NA,NA,NA
NA,"2009-06-26 11:50:59",NA,NA,NA,NA,NA,NA,NA,"0",NA,NA,NA,NA,NA,NA,NA,NA,NA,NA,NA,NA,NA,NA,NA,NA,NA,NA,NA,"1",NA,NA,NA,NA,NA,NA,NA,NA,NA,NA,NA,NA,"AH49855",NA,NA,NA,NA,NA,NA,NA
NA,"2009-12-11 10:45:41",NA,NA,NA,NA,NA,NA,NA,"0","1",NA,NA,NA,NA,NA,NA,NA,NA,NA,NA,NA,NA,NA,NA,NA,NA,NA,NA,"1",NA,NA,NA,NA,NA,NA,NA,NA,NA,NA,NA,NA,"AK26401",NA,NA,NA,NA,NA,NA,NA
NA,"2008-09-05 12:09:04",NA,NA,NA,NA,NA,NA,NA,"0",NA,NA,NA,NA,NA,NA,NA,NA,NA,NA,NA,NA,NA,NA,NA,NA,NA,NA,NA,"1",NA,NA,NA,NA,NA,NA,NA,NA,NA,NA,NA,NA,"AH49855",NA,NA,NA,NA,NA,NA,NA
NA,"2009-01-23 13:46:25",NA,NA,NA,NA,NA,NA,NA,"0",NA,NA,NA,NA,NA,NA,NA,NA,NA,NA,NA,NA,NA,NA,NA,NA,NA,NA,NA,"1",NA,NA,NA,NA,NA,NA,NA,"472",NA,NA,NA,NA,"AK30431",NA,NA,NA,NA,NA,NA,NA
NA,"2007-04-28 16:27:16",NA,NA,NA,NA,NA,NA,NA,"0",NA,NA,NA,NA,NA,NA,NA,NA,NA,NA,NA,NA,NA,NA,NA,NA,NA,NA,NA,"1",NA,NA,NA,NA,NA,NA,NA,NA,NA,NA,NA,NA,"AH49855",NA,NA,NA,NA,NA,NA,NA
NA,"2008-04-28 16:31:44",NA,NA,NA,NA,NA,NA,NA,"0",NA,NA,NA,NA,NA,NA,NA,NA,NA,NA,NA,NA,NA,NA,NA,NA,NA,NA,NA,"1",NA,NA,NA,NA,NA,NA,NA,NA,NA,NA,NA,NA,"AH49855",NA,NA,NA,NA,NA,NA,NA
NA,"2009-12-15 11:13:35",NA,NA,NA,NA,NA,NA,NA,"0","1",NA,NA,"Ramp5",NA,NA,NA,NA,NA,NA,NA,NA,NA,NA,NA,NA,NA,"106",NA,NA,NA,NA,NA,NA,NA,NA,NA,NA,NA,NA,NA,NA,"AK26401",NA,NA,NA,NA,NA,NA,NA
NA,"2009-11-03 16:24:27",NA,NA,NA,NA,NA,NA,NA,"0","7",NA,NA,NA,NA,NA,NA,NA,NA,NA,NA,NA,NA,NA,NA,NA,NA,NA,NA,"1",NA,NA,NA,NA,NA,NA,NA,NA,NA,NA,NA,NA,"AK26401",NA,NA,NA,NA,NA,NA,NA
NA,"2008-03-26 13:46:27",NA,NA,NA,NA,NA,NA,NA,"0",NA,NA,NA,NA,NA,NA,NA,NA,NA,NA,NA,NA,NA,NA,NA,NA,NA,NA,NA,"1",NA,NA,NA,NA,NA,NA,NA,NA,NA,NA,NA,NA,"AJ38695",NA,NA,NA,NA,NA,NA,NA
NA,"2009-06-17 10:47:00",NA,NA,NA,NA,NA,NA,NA,"0",NA,NA,NA,NA,NA,NA,NA,NA,NA,NA,NA,NA,NA,NA,NA,NA,NA,NA,NA,"1",NA,NA,NA,NA,NA,NA,NA,NA,NA,NA,NA,NA,"AJ38695",NA,NA,NA,NA,NA,NA,NA
NA,"2009-06-17 16:29:01",NA,NA,NA,NA,NA,NA,NA,"0",NA,NA,NA,NA,NA,NA,NA,NA,NA,NA,NA,NA,NA,NA,NA,NA,NA,NA,NA,"1",NA,NA,NA,NA,NA,NA,NA,NA,NA,NA,NA,NA,"AK26401",NA,NA,NA,NA,NA,NA,NA
NA,"2008-04-04 19:02:33",NA,NA,NA,NA,NA,NA,NA,"0",NA,NA,NA,NA,NA,NA,NA,NA,NA,NA,NA,NA,NA,NA,NA,NA,NA,NA,NA,"1",NA,NA,NA,NA,NA,NA,NA,NA,NA,NA,NA,NA,"AK26401",NA,NA,NA,NA,NA,NA,NA
NA,"2010-06-29 19:26:45",NA,NA,NA,NA,NA,NA,NA,"0","1",NA,NA,"Ramp4",NA,NA,NA,NA,NA,NA,NA,NA,NA,NA,NA,NA,NA,NA,NA,"1",NA,NA,NA,NA,NA,NA,NA,NA,NA,NA,NA,NA,"AK26401",NA,NA,NA,NA,NA,NA,NA
NA,"2008-09-23 10:16:08",NA,NA,NA,NA,NA,NA,NA,"0",NA,NA,NA,NA,NA,NA,NA,NA,NA,NA,NA,NA,NA,NA,NA,NA,NA,NA,NA,"1",NA,NA,NA,NA,NA,NA,NA,NA,NA,NA,NA,NA,"AJ38695",NA,NA,NA,NA,NA,NA,NA
NA,"2009-02-17 18:28:39",NA,NA,NA,NA,NA,NA,NA,"0",NA,NA,NA,NA,NA,NA,NA,NA,NA,NA,NA,NA,NA,NA,NA,NA,NA,NA,NA,"1",NA,NA,NA,NA,NA,NA,NA,NA,NA,NA,NA,NA,"AJ38695",NA,NA,NA,NA,NA,NA,NA
NA,"2009-02-19 13:42:05","6",NA,"-4","22",NA,NA,"3402","0",NA,NA,NA,NA,NA,"727",NA,NA,"89.1533",NA,NA,NA,NA,NA,NA,NA,NA,NA,NA,"1",NA,NA,"7",NA,NA,"3",NA,NA,NA,NA,"3","103","AJ38695",NA,NA,NA,NA,NA,NA,NA
NA,"2009-05-01 12:02:42",NA,NA,NA,NA,NA,NA,NA,NA,NA,NA,NA,NA,NA,NA,NA,NA,NA,NA,NA,NA,NA,NA,NA,NA,NA,NA,NA,NA,NA,NA,NA,NA,NA,NA,NA,NA,NA,NA,NA,NA,"AH49855",NA,NA,NA,NA,NA,NA,NA
NA,"2009-05-06 10:22:57",NA,NA,NA,NA,NA,NA,NA,"0",NA,NA,NA,NA,NA,NA,NA,NA,NA,NA,NA,NA,NA,NA,NA,NA,NA,NA,NA,"1",NA,NA,NA,NA,NA,NA,NA,NA,NA,NA,NA,NA,"AH49855",NA,NA,NA,NA,NA,NA,NA
NA,"2008-08-11 15:06:18",NA,NA,NA,NA,NA,NA,NA,"0",NA,NA,NA,NA,NA,NA,NA,NA,NA,NA,NA,NA,NA,NA,NA,NA,NA,NA,NA,"1",NA,NA,NA,NA,NA,NA,NA,NA,NA,NA,"1",NA,"AK26401",NA,NA,NA,NA,NA,NA,NA
NA,"2010-05-25 17:18:00",NA,NA,NA,NA,NA,NA,NA,"0","1",NA,NA,"Ramp3",NA,NA,NA,NA,NA,NA,NA,NA,NA,NA,NA,NA,NA,NA,NA,"1",NA,NA,NA,NA,NA,NA,NA,NA,NA,NA,NA,NA,"AJ38695",NA,NA,NA,NA,NA,NA,NA
NA,"2009-06-03 09:20:00",NA,NA,NA,NA,NA,NA,NA,"0",NA,NA,NA,NA,NA,NA,NA,NA,NA,NA,NA,NA,NA,NA,NA,NA,NA,NA,NA,"1",NA,NA,NA,NA,NA,NA,NA,NA,NA,NA,"2",NA,"AH49855",NA,NA,NA,NA,NA,NA,NA
NA,"2009-08-15 11:44:01",NA,NA,NA,NA,NA,NA,NA,"0",NA,NA,NA,NA,NA,NA,NA,NA,NA,NA,NA,NA,NA,NA,NA,NA,NA,NA,NA,NA,NA,NA,NA,NA,NA,NA,NA,NA,NA,NA,NA,NA,"AJ38695",NA,NA,NA,NA,NA,NA,NA
NA,"2009-05-06 18:26:27",NA,NA,NA,NA,NA,NA,NA,"0",NA,NA,NA,NA,NA,NA,NA,NA,NA,NA,NA,NA,NA,NA,NA,NA,NA,NA,NA,"1",NA,NA,NA,NA,NA,NA,NA,NA,NA,NA,NA,NA,"AH49855",NA,NA,NA,NA,NA,NA,NA
NA,"2007-08-02 15:55:58",NA,NA,NA,NA,NA,NA,NA,"0",NA,NA,NA,NA,NA,NA,NA,NA,NA,NA,NA,NA,NA,NA,NA,NA,NA,NA,NA,"1",NA,NA,NA,NA,NA,NA,NA,NA,NA,NA,NA,NA,"AJ38695",NA,NA,NA,NA,NA,NA,NA
NA,"2008-10-15 16:32:02",NA,NA,NA,NA,NA,NA,NA,"0",NA,NA,NA,NA,NA,NA,NA,NA,NA,NA,NA,NA,NA,NA,NA,NA,NA,NA,NA,"1",NA,NA,NA,NA,NA,NA,NA,NA,NA,NA,NA,NA,"AK30431",NA,NA,NA,NA,NA,NA,NA
NA,"2009-11-03 10:59:03",NA,NA,NA,NA,NA,NA,NA,"0",NA,NA,"8",NA,NA,NA,NA,NA,NA,NA,NA,NA,NA,NA,NA,NA,NA,NA,NA,"1",NA,NA,NA,NA,NA,NA,NA,NA,NA,NA,NA,NA,"AH49855",NA,NA,NA,NA,NA,NA,NA
NA,"2009-11-17 17:07:18",NA,NA,NA,NA,NA,NA,NA,"0","1",NA,NA,NA,NA,NA,NA,NA,NA,NA,NA,NA,NA,NA,NA,NA,NA,NA,NA,"1",NA,NA,NA,NA,NA,NA,NA,NA,NA,NA,NA,NA,"AK30431",NA,NA,NA,NA,NA,NA,NA
NA,"2008-11-27 18:51:25",NA,NA,NA,NA,NA,NA,NA,"0",NA,NA,NA,NA,NA,NA,NA,NA,NA,NA,NA,NA,NA,NA,NA,NA,NA,NA,NA,"1",NA,NA,NA,NA,NA,NA,NA,NA,NA,NA,NA,NA,"AJ38695",NA,NA,NA,NA,NA,NA,NA
NA,"2009-06-15 15:18:47",NA,NA,NA,NA,NA,NA,NA,"0",NA,NA,NA,NA,NA,NA,NA,NA,NA,NA,NA,NA,NA,NA,NA,NA,NA,NA,NA,"1",NA,NA,NA,NA,NA,NA,NA,NA,NA,NA,NA,NA,"AJ38695",NA,NA,NA,NA,NA,NA,NA
NA,"2009-01-09 17:26:33",NA,NA,NA,NA,NA,NA,NA,"0",NA,NA,NA,NA,NA,NA,NA,NA,NA,NA,NA,NA,NA,NA,NA,NA,NA,NA,NA,"1",NA,NA,NA,NA,NA,NA,NA,NA,NA,NA,NA,NA,"AJ38695",NA,NA,NA,NA,NA,NA,NA
NA,"2009-03-04 13:16:03",NA,NA,NA,NA,NA,NA,NA,"0",NA,NA,NA,NA,NA,NA,NA,NA,NA,NA,NA,NA,NA,NA,NA,NA,NA,NA,NA,"1",NA,NA,NA,NA,NA,NA,NA,"472",NA,NA,"4",NA,"AK26401",NA,NA,NA,NA,NA,NA,NA
NA,"2010-01-26 17:58:56",NA,NA,NA,NA,NA,NA,NA,"0","1",NA,NA,"Ramp3",NA,NA,NA,NA,NA,NA,NA,NA,NA,NA,NA,NA,NA,NA,NA,"1",NA,NA,NA,NA,NA,NA,NA,NA,NA,NA,NA,NA,"AJ38695",NA,NA,NA,NA,NA,NA,NA
NA,"2008-11-06 11:17:59",NA,NA,NA,NA,NA,NA,NA,"0",NA,NA,NA,NA,NA,NA,NA,NA,NA,NA,NA,NA,NA,NA,NA,NA,NA,NA,NA,"1",NA,NA,NA,NA,NA,NA,NA,NA,NA,NA,NA,NA,"AK26401",NA,NA,NA,NA,NA,NA,NA
NA,"2010-05-04 14:35:52",NA,NA,NA,NA,NA,NA,NA,"0",NA,NA,NA,NA,NA,NA,NA,NA,NA,NA,NA,NA,NA,NA,NA,NA,NA,NA,NA,"1",NA,NA,NA,NA,NA,NA,NA,NA,"486",NA,NA,NA,"AH49855",NA,NA,NA,NA,NA,NA,NA
NA,"2010-05-10 10:34:26",NA,NA,NA,NA,NA,NA,NA,"0","1",NA,NA,"Ramp2",NA,NA,NA,NA,NA,NA,NA,NA,NA,NA,NA,NA,NA,"95",NA,"1",NA,NA,NA,NA,NA,NA,NA,NA,NA,NA,NA,NA,"AJ38695",NA,NA,NA,NA,NA,NA,NA
NA,"2010-05-11 14:57:43","6",NA,NA,"27",NA,NA,"2261","0","1",NA,NA,"Constant",NA,"438",NA,NA,"73.821",NA,NA,NA,NA,NA,NA,NA,NA,NA,NA,"1",NA,NA,"9",NA,NA,"4",NA,NA,NA,NA,NA,"024","AK26401",NA,NA,NA,NA,NA,NA,NA
NA,"2009-03-28 15:34:37",NA,NA,NA,NA,NA,NA,NA,NA,NA,NA,NA,NA,NA,NA,NA,NA,NA,NA,NA,NA,NA,NA,NA,NA,NA,NA,NA,NA,NA,NA,NA,NA,NA,NA,NA,NA,NA,NA,NA,NA,"AK26401",NA,NA,NA,NA,NA,NA,NA
NA,"2008-09-27 10:28:28",NA,NA,NA,NA,NA,NA,NA,"0",NA,NA,NA,NA,NA,NA,NA,NA,NA,NA,NA,NA,NA,NA,NA,NA,NA,NA,NA,"1",NA,NA,NA,NA,NA,NA,NA,NA,NA,NA,NA,NA,"AH49855",NA,NA,NA,NA,NA,NA,NA
NA,"2008-10-22 13:33:32",NA,NA,NA,NA,NA,NA,NA,"0",NA,NA,NA,NA,NA,NA,NA,NA,NA,NA,NA,NA,NA,NA,NA,NA,NA,NA,NA,NA,NA,NA,NA,NA,NA,NA,NA,NA,NA,NA,NA,NA,"AJ38695",NA,NA,NA,NA,NA,NA,NA
NA,"2008-02-26 18:25:03",NA,NA,NA,NA,NA,NA,NA,"0",NA,NA,NA,NA,NA,NA,NA,NA,NA,NA,NA,NA,NA,NA,NA,NA,NA,NA,NA,"1",NA,NA,NA,NA,NA,NA,NA,NA,NA,NA,NA,NA,"AK30431",NA,NA,NA,NA,NA,NA,NA
NA,"2010-07-02 12:38:50",NA,NA,NA,NA,NA,NA,NA,"0","1",NA,NA,NA,NA,NA,NA,NA,NA,NA,NA,NA,NA,NA,NA,NA,NA,NA,NA,"1",NA,NA,NA,NA,NA,NA,NA,NA,NA,NA,NA,NA,"AK30431",NA,NA,NA,NA,NA,NA,NA
NA,"2010-01-19 18:18:23",NA,NA,NA,NA,NA,NA,NA,"0","1",NA,NA,NA,NA,NA,NA,NA,NA,NA,NA,NA,NA,NA,NA,NA,NA,NA,NA,"1",NA,NA,NA,NA,NA,NA,NA,NA,NA,NA,"2",NA,"AK26401",NA,NA,NA,NA,NA,NA,NA
NA,"2008-12-18 12:34:09",NA,NA,NA,NA,NA,NA,NA,"0",NA,NA,NA,NA,NA,NA,NA,NA,NA,NA,NA,NA,NA,NA,NA,NA,NA,NA,NA,"1",NA,NA,NA,NA,NA,NA,NA,NA,NA,NA,NA,NA,"AK30431",NA,NA,NA,NA,NA,NA,NA
NA,"2007-12-06 12:54:20",NA,NA,NA,NA,NA,NA,NA,"0",NA,NA,NA,NA,NA,NA,NA,NA,NA,NA,NA,NA,NA,NA,NA,NA,NA,NA,NA,"1",NA,NA,NA,NA,NA,NA,NA,NA,NA,NA,NA,NA,"AK26401",NA,NA,NA,NA,NA,NA,NA
NA,"2009-07-20 17:48:02",NA,NA,NA,NA,NA,NA,NA,"0",NA,NA,NA,NA,NA,NA,NA,NA,NA,NA,NA,NA,NA,NA,NA,NA,NA,NA,NA,"1",NA,NA,NA,NA,NA,NA,NA,NA,NA,NA,NA,NA,"AK30431",NA,NA,NA,NA,NA,NA,NA
NA,"2009-04-16 09:40:48",NA,NA,NA,NA,NA,NA,NA,"0",NA,NA,NA,NA,NA,NA,NA,NA,NA,NA,NA,NA,NA,NA,NA,NA,NA,NA,NA,"1",NA,NA,NA,NA,NA,NA,NA,NA,NA,NA,NA,NA,"AH49855",NA,NA,NA,NA,NA,NA,NA
NA,"2008-10-03 11:31:25",NA,NA,NA,NA,NA,NA,NA,"0",NA,NA,NA,NA,NA,NA,NA,NA,NA,NA,NA,NA,NA,NA,NA,NA,NA,NA,NA,"1",NA,NA,NA,NA,NA,NA,NA,NA,NA,NA,NA,NA,"AK30431",NA,NA,NA,NA,NA,NA,NA
NA,"2009-06-09 18:15:04",NA,NA,NA,NA,NA,NA,NA,"0",NA,NA,NA,NA,NA,NA,NA,NA,NA,NA,NA,NA,NA,NA,NA,NA,NA,NA,NA,"1",NA,NA,NA,NA,NA,NA,NA,NA,NA,NA,NA,NA,"AK26401",NA,NA,NA,NA,NA,NA,NA
NA,"2010-02-23 14:28:09",NA,NA,"-5","28",NA,NA,"2043","0","1",NA,NA,"Ramp3",NA,"591","30",NA,NA,NA,NA,NA,NA,NA,"9.33",NA,NA,NA,NA,NA,NA,NA,"2","0",NA,"4",NA,NA,NA,"113","2","803","AK30431",NA,NA,NA,NA,NA,NA,NA
NA,"2009-02-12 17:24:20",NA,NA,NA,NA,NA,NA,NA,NA,NA,NA,NA,NA,NA,NA,NA,NA,NA,NA,NA,NA,NA,NA,NA,NA,NA,NA,NA,NA,NA,NA,NA,NA,NA,NA,NA,NA,NA,NA,NA,NA,"AJ38695",NA,NA,NA,NA,NA,NA,NA
NA,"2008-07-23 15:29:40",NA,NA,NA,NA,NA,NA,NA,"0",NA,NA,NA,NA,NA,NA,NA,NA,NA,NA,NA,NA,NA,NA,NA,NA,NA,NA,NA,"1",NA,NA,NA,NA,NA,NA,NA,NA,NA,NA,NA,NA,"AH49855",NA,NA,NA,NA,NA,NA,NA
NA,"2007-12-06 14:35:45",NA,NA,NA,NA,NA,NA,NA,"0",NA,NA,NA,NA,NA,NA,NA,NA,NA,NA,NA,NA,NA,NA,NA,NA,NA,NA,NA,"1",NA,NA,NA,NA,NA,NA,NA,NA,NA,NA,NA,NA,NA,NA,NA,NA,NA,NA,NA,NA
NA,"2008-11-29 17:16:06",NA,NA,NA,NA,NA,NA,NA,NA,NA,NA,NA,NA,NA,NA,NA,NA,NA,NA,NA,NA,NA,NA,NA,NA,NA,NA,NA,NA,NA,NA,NA,NA,NA,NA,NA,NA,NA,NA,NA,NA,"AH49855",NA,NA,NA,NA,NA,NA,NA
NA,"2008-07-21 12:10:57",NA,NA,NA,NA,NA,NA,NA,NA,NA,NA,NA,NA,NA,NA,NA,NA,NA,NA,NA,NA,NA,NA,NA,NA,NA,NA,NA,NA,NA,NA,NA,NA,NA,NA,NA,NA,NA,NA,NA,NA,"AK30431",NA,NA,NA,NA,NA,NA,NA
NA,"2009-10-12 09:16:26",NA,NA,NA,NA,NA,NA,NA,"0",NA,NA,NA,NA,NA,NA,NA,NA,NA,NA,NA,NA,NA,NA,NA,NA,NA,NA,NA,"1",NA,NA,NA,NA,NA,NA,NA,NA,NA,NA,NA,NA,"AK26401",NA,NA,NA,NA,NA,NA,NA
NA,"2009-02-07 14:25:55",NA,NA,NA,NA,NA,NA,NA,"0",NA,NA,NA,NA,NA,NA,NA,NA,NA,NA,NA,NA,NA,NA,NA,NA,NA,NA,NA,"1",NA,NA,NA,NA,NA,NA,NA,NA,NA,NA,NA,NA,"AK30431",NA,NA,NA,NA,NA,NA,NA
NA,"2007-11-14 11:12:26",NA,NA,NA,NA,NA,NA,NA,"0",NA,NA,NA,NA,NA,NA,NA,NA,NA,NA,NA,NA,NA,NA,NA,NA,NA,NA,NA,"1",NA,NA,NA,NA,NA,NA,NA,NA,NA,NA,NA,NA,"AJ38695",NA,NA,NA,NA,NA,NA,NA
NA,"2008-04-22 14:31:39",NA,NA,NA,NA,NA,NA,NA,"0",NA,NA,NA,NA,NA,NA,NA,NA,NA,NA,NA,NA,NA,NA,NA,NA,NA,NA,NA,"1",NA,NA,NA,NA,NA,NA,NA,NA,NA,NA,NA,NA,"AH49855",NA,NA,NA,NA,NA,NA,NA
NA,"2009-07-10 12:01:56",NA,NA,NA,NA,NA,NA,NA,"0",NA,NA,NA,NA,NA,NA,NA,NA,NA,NA,NA,NA,NA,NA,NA,NA,NA,NA,NA,"1",NA,NA,NA,NA,NA,NA,NA,NA,NA,NA,NA,NA,"AK30431",NA,NA,NA,NA,NA,NA,NA
NA,"2008-06-26 11:53:01",NA,NA,NA,NA,NA,NA,NA,"0",NA,NA,NA,NA,NA,NA,NA,NA,NA,NA,NA,NA,NA,NA,NA,NA,NA,NA,NA,"1",NA,NA,NA,NA,NA,NA,NA,NA,NA,NA,NA,NA,"AK30431",NA,NA,NA,NA,NA,NA,NA
NA,"2007-08-01 15:14:56",NA,NA,NA,NA,NA,NA,NA,"0",NA,NA,NA,NA,NA,NA,NA,NA,NA,NA,NA,NA,NA,NA,NA,NA,NA,NA,NA,"1",NA,NA,NA,NA,NA,NA,NA,"476",NA,NA,"2",NA,"AJ38695",NA,NA,NA,NA,NA,NA,NA
NA,"2008-05-10 10:12:33",NA,NA,NA,NA,NA,NA,NA,"0",NA,NA,NA,NA,NA,NA,NA,NA,NA,NA,NA,NA,NA,NA,NA,NA,NA,NA,NA,"1",NA,NA,NA,NA,NA,NA,NA,NA,NA,NA,NA,NA,"AK30431",NA,NA,NA,NA,NA,NA,NA
NA,"2007-09-14 14:27:01",NA,NA,NA,NA,NA,NA,NA,"0",NA,NA,NA,NA,NA,NA,NA,NA,NA,NA,NA,NA,NA,NA,NA,NA,NA,NA,NA,"1",NA,NA,NA,NA,NA,NA,NA,NA,NA,NA,NA,NA,"AK30431",NA,NA,NA,NA,NA,NA,NA
NA,"2010-07-03 15:59:12",NA,NA,NA,NA,NA,NA,NA,"0","1",NA,NA,"Ramp2",NA,NA,NA,NA,NA,NA,NA,NA,NA,NA,NA,NA,NA,NA,NA,"1",NA,NA,NA,NA,NA,NA,NA,NA,NA,NA,NA,NA,"AH49855",NA,NA,NA,NA,NA,NA,NA
NA,"2007-12-04 15:18:55",NA,NA,NA,NA,NA,NA,NA,"0",NA,NA,NA,NA,NA,NA,NA,NA,NA,NA,NA,NA,NA,NA,NA,NA,NA,NA,NA,"1",NA,NA,NA,NA,NA,NA,NA,NA,NA,NA,NA,NA,"AJ38695",NA,NA,NA,NA,NA,NA,NA
NA,"2009-06-20 15:25:53",NA,NA,NA,NA,NA,NA,NA,"0",NA,NA,NA,NA,NA,NA,NA,NA,NA,NA,NA,NA,NA,NA,NA,NA,NA,NA,NA,"1",NA,NA,NA,NA,NA,NA,NA,NA,NA,NA,NA,NA,"AJ38695",NA,NA,NA,NA,NA,NA,NA
NA,"2009-08-27 13:17:34",NA,NA,NA,NA,NA,NA,NA,"0",NA,NA,NA,NA,NA,NA,NA,NA,NA,NA,NA,NA,NA,NA,NA,NA,NA,NA,NA,"1",NA,NA,NA,NA,NA,NA,NA,NA,NA,NA,NA,NA,"AH49855",NA,NA,NA,NA,NA,"9",NA
NA,"2008-09-04 15:35:10",NA,NA,NA,NA,NA,NA,NA,"0",NA,NA,NA,NA,NA,NA,"31",NA,NA,NA,NA,NA,NA,NA,NA,NA,NA,NA,NA,NA,NA,NA,NA,"0",NA,NA,NA,NA,NA,"157",NA,NA,"AK30431",NA,NA,NA,NA,NA,NA,NA
NA,"2009-10-13 15:27:27",NA,NA,NA,NA,NA,NA,NA,NA,"1",NA,NA,NA,NA,NA,NA,NA,NA,NA,NA,NA,NA,NA,NA,NA,NA,NA,NA,"1",NA,NA,NA,NA,NA,NA,NA,NA,NA,NA,NA,NA,"AH49855",NA,NA,NA,NA,NA,NA,NA
NA,"2008-04-10 17:57:49",NA,NA,NA,NA,NA,NA,NA,"0",NA,NA,NA,NA,NA,NA,NA,NA,NA,NA,NA,NA,NA,NA,NA,NA,NA,NA,NA,"1",NA,NA,NA,NA,NA,NA,NA,NA,NA,NA,NA,NA,"AJ38695",NA,NA,NA,NA,NA,NA,NA
NA,"2006-05-13 12:17:16",NA,NA,NA,NA,NA,NA,NA,NA,NA,NA,NA,NA,NA,NA,NA,NA,NA,NA,NA,NA,NA,NA,NA,NA,NA,NA,NA,NA,NA,NA,NA,NA,NA,NA,NA,NA,NA,NA,NA,NA,NA,NA,NA,NA,NA,NA,NA,NA
NA,"2008-05-16 18:31:26",NA,NA,NA,NA,NA,NA,NA,"0",NA,NA,NA,NA,NA,NA,NA,NA,NA,NA,NA,NA,NA,NA,NA,NA,NA,NA,NA,"1",NA,NA,NA,NA,NA,NA,NA,NA,NA,NA,NA,NA,"AH49855",NA,NA,NA,NA,NA,NA,NA
NA,"2008-11-12 14:32:56",NA,NA,NA,NA,NA,NA,NA,"0",NA,NA,NA,NA,NA,NA,NA,NA,NA,NA,NA,NA,NA,NA,NA,NA,NA,NA,NA,"1",NA,NA,NA,NA,NA,NA,NA,NA,NA,NA,NA,NA,"AK30431",NA,NA,NA,NA,NA,NA,NA
NA,"2008-09-29 10:10:28",NA,NA,NA,NA,NA,NA,NA,"0",NA,NA,NA,NA,NA,NA,NA,NA,NA,NA,NA,NA,NA,NA,NA,NA,NA,NA,NA,NA,NA,NA,NA,NA,NA,NA,NA,"472",NA,NA,NA,NA,"AH49855",NA,NA,NA,NA,NA,NA,NA
NA,"2010-06-21 17:29:46",NA,NA,NA,NA,NA,NA,NA,"0","1",NA,NA,"Ramp4",NA,NA,NA,NA,NA,NA,NA,NA,NA,NA,NA,NA,NA,NA,NA,"1",NA,NA,NA,NA,NA,NA,NA,NA,NA,NA,NA,NA,"AH49855",NA,NA,NA,NA,NA,NA,NA
NA,"2009-07-16 16:32:55",NA,NA,NA,NA,NA,NA,NA,"0",NA,NA,"8",NA,NA,NA,NA,NA,NA,NA,NA,NA,NA,NA,NA,NA,NA,NA,NA,"1",NA,NA,NA,NA,NA,NA,NA,NA,NA,NA,"3",NA,"AK26401",NA,NA,NA,NA,NA,NA,NA
NA,"2010-06-12 14:27:40",NA,NA,NA,NA,NA,NA,NA,"0","1",NA,NA,"Ramp3",NA,NA,NA,NA,NA,NA,NA,NA,NA,NA,NA,NA,NA,NA,NA,"1",NA,NA,NA,NA,NA,NA,"555","472",NA,NA,NA,NA,"AJ38695",NA,NA,NA,NA,NA,NA,NA
NA,"2009-11-23 13:13:36",NA,NA,NA,NA,NA,NA,NA,"0","1",NA,NA,NA,NA,NA,NA,NA,NA,NA,NA,NA,NA,NA,NA,NA,NA,NA,NA,"1",NA,NA,NA,NA,NA,NA,NA,NA,NA,NA,NA,NA,"AK26401",NA,NA,NA,NA,NA,NA,NA
NA,"2010-02-13 11:32:45",NA,NA,NA,NA,NA,NA,NA,"0","1",NA,NA,"Ramp5",NA,NA,NA,NA,NA,NA,NA,NA,NA,NA,NA,NA,NA,"102",NA,"1",NA,NA,NA,NA,NA,NA,NA,NA,NA,NA,NA,NA,"AK30431",NA,NA,NA,NA,NA,NA,NA
NA,"2009-02-19 10:08:10",NA,NA,NA,NA,NA,NA,NA,"0",NA,NA,NA,NA,NA,NA,NA,NA,NA,NA,NA,NA,NA,NA,NA,NA,NA,NA,NA,"1",NA,NA,NA,NA,NA,NA,NA,NA,NA,NA,NA,NA,"AH49855",NA,NA,NA,NA,NA,NA,NA
NA,"2009-02-04 14:52:21",NA,NA,NA,NA,NA,NA,NA,"0",NA,NA,NA,NA,NA,NA,NA,NA,NA,NA,NA,NA,NA,NA,NA,NA,NA,NA,NA,NA,NA,NA,NA,NA,NA,NA,NA,NA,NA,NA,NA,NA,"AK30431",NA,NA,NA,NA,NA,NA,NA
NA,"2009-07-03 09:52:27",NA,NA,NA,NA,NA,NA,NA,"0",NA,NA,NA,NA,NA,NA,NA,NA,NA,NA,NA,NA,NA,NA,NA,NA,NA,NA,NA,"1",NA,NA,NA,NA,NA,NA,NA,NA,NA,NA,NA,NA,"AH49855",NA,NA,NA,NA,NA,NA,NA
NA,"2008-09-01 12:30:16","6",NA,"-5","26",NA,NA,NA,NA,NA,NA,NA,NA,NA,NA,NA,NA,"107.625",NA,NA,NA,NA,NA,NA,NA,NA,NA,NA,NA,NA,NA,"4",NA,NA,"4",NA,NA,NA,NA,NA,"345","AH49855",NA,NA,NA,NA,NA,NA,NA
NA,"2008-08-20 16:08:20",NA,NA,NA,NA,NA,NA,NA,"0",NA,NA,NA,NA,NA,NA,NA,NA,NA,NA,NA,NA,NA,NA,NA,NA,NA,NA,NA,"1",NA,NA,NA,NA,NA,NA,NA,NA,NA,NA,NA,NA,"AK30431",NA,NA,NA,NA,NA,NA,NA
NA,"2009-04-04 12:38:59","6",NA,"-5","38",NA,NA,"2951","0",NA,NA,NA,NA,NA,"460",NA,NA,"124.781",NA,NA,NA,NA,NA,NA,NA,NA,NA,NA,"1",NA,NA,"1",NA,NA,"4",NA,NA,NA,NA,NA,"125","AK30431",NA,NA,NA,NA,NA,NA,NA
NA,"2008-04-14 09:12:13","6",NA,NA,"45",NA,NA,"2105","0",NA,NA,NA,NA,NA,"504",NA,NA,NA,NA,NA,NA,NA,NA,NA,NA,NA,NA,NA,"1",NA,NA,"3",NA,NA,"1",NA,NA,NA,NA,NA,"107","AK26401",NA,NA,NA,NA,NA,NA,NA
NA,"2010-05-18 11:41:12","6",NA,"-4","53",NA,NA,"1435","0","1",NA,NA,"Ramp5",NA,"392",NA,NA,"68.1275",NA,NA,NA,NA,"-131",NA,NA,NA,"103",NA,"1",NA,NA,"0",NA,NA,NA,NA,"478",NA,NA,NA,"059","AH49855",NA,NA,NA,NA,NA,NA,NA
NA,"2009-10-28 14:44:10",NA,NA,NA,NA,NA,NA,NA,"0","1",NA,NA,NA,NA,NA,NA,NA,NA,NA,NA,NA,NA,NA,NA,NA,NA,NA,NA,"1",NA,NA,NA,NA,NA,NA,NA,NA,NA,NA,NA,NA,"AH49855",NA,NA,NA,NA,NA,NA,NA
NA,"2009-10-24 10:03:16",NA,NA,NA,NA,NA,NA,NA,"0","1",NA,NA,NA,NA,NA,NA,NA,NA,NA,NA,NA,NA,NA,NA,NA,NA,NA,NA,"1",NA,NA,NA,NA,NA,NA,NA,NA,NA,NA,"4",NA,"AK26401",NA,NA,NA,NA,NA,NA,NA
NA,"2010-06-21 11:00:49",NA,NA,NA,NA,NA,NA,NA,"0","1",NA,NA,"Ramp3",NA,NA,NA,NA,NA,NA,NA,NA,NA,NA,NA,NA,NA,NA,NA,"1",NA,NA,NA,NA,NA,NA,NA,NA,NA,NA,NA,NA,"AH49855",NA,NA,NA,NA,NA,NA,NA
NA,"2009-10-07 15:24:49",NA,NA,NA,NA,NA,NA,NA,"0",NA,NA,NA,NA,NA,NA,NA,NA,NA,NA,NA,NA,NA,NA,NA,NA,NA,NA,NA,"1",NA,NA,NA,NA,NA,NA,NA,NA,NA,NA,NA,NA,"AJ38695",NA,NA,NA,NA,NA,NA,NA
NA,"2008-05-13 09:21:51",NA,NA,NA,NA,NA,NA,NA,"0",NA,NA,NA,NA,NA,NA,NA,NA,NA,NA,NA,NA,NA,NA,NA,NA,NA,NA,NA,"1",NA,NA,NA,NA,NA,NA,NA,NA,"480",NA,"4",NA,"AK26401",NA,NA,NA,NA,NA,NA,NA
NA,"2008-08-21 10:49:37",NA,NA,NA,NA,NA,NA,NA,"0",NA,NA,NA,NA,NA,NA,NA,NA,NA,NA,NA,NA,NA,NA,NA,NA,NA,NA,NA,"1",NA,NA,NA,NA,NA,NA,NA,NA,NA,NA,NA,NA,"AJ38695",NA,NA,NA,NA,NA,NA,NA
NA,"2008-04-17 15:20:23",NA,NA,NA,NA,NA,NA,NA,"0",NA,NA,NA,NA,NA,NA,NA,NA,NA,NA,NA,NA,NA,NA,NA,NA,NA,NA,NA,"1",NA,NA,NA,NA,NA,NA,NA,NA,NA,NA,NA,NA,"AK26401",NA,NA,NA,NA,NA,NA,NA
NA,"2009-06-09 16:01:20",NA,NA,NA,NA,NA,NA,NA,"0",NA,NA,NA,NA,NA,NA,NA,NA,NA,NA,NA,NA,NA,NA,NA,NA,NA,NA,NA,"1",NA,NA,NA,NA,NA,NA,NA,NA,NA,NA,NA,NA,"AK30431",NA,NA,NA,NA,NA,NA,NA
NA,"2008-10-14 18:02:27",NA,NA,NA,NA,NA,NA,NA,"0",NA,NA,NA,NA,NA,NA,NA,NA,NA,NA,NA,NA,NA,NA,NA,NA,NA,NA,NA,"1",NA,NA,NA,NA,NA,NA,NA,NA,NA,NA,NA,NA,"AJ38695",NA,NA,NA,NA,NA,NA,NA
NA,"2009-01-14 15:31:01",NA,NA,NA,NA,NA,NA,NA,"0",NA,NA,NA,NA,NA,NA,NA,NA,NA,NA,NA,NA,NA,NA,NA,NA,NA,NA,NA,"1",NA,NA,NA,NA,NA,NA,NA,NA,NA,NA,NA,NA,"AK30431",NA,NA,NA,NA,NA,NA,NA
NA,NA,NA,NA,NA,NA,NA,NA,NA,NA,NA,NA,NA,NA,NA,NA,NA,NA,NA,NA,NA,NA,NA,NA,NA,NA,NA,NA,NA,NA,NA,NA,NA,NA,NA,NA,NA,NA,NA,NA,NA,NA,NA,NA,NA,NA,NA,NA,NA,NA
NA,"2009-04-27 19:12:04",NA,NA,NA,NA,NA,NA,NA,"0",NA,NA,NA,NA,NA,NA,NA,NA,NA,NA,NA,NA,NA,NA,NA,NA,NA,NA,NA,"1",NA,NA,NA,NA,NA,NA,NA,NA,NA,NA,NA,NA,"AK26401",NA,NA,NA,NA,NA,NA,NA
NA,"2008-12-16 10:25:26",NA,NA,NA,NA,NA,NA,NA,"0",NA,NA,NA,NA,NA,NA,NA,NA,NA,NA,NA,NA,NA,NA,NA,NA,NA,NA,NA,"1",NA,NA,NA,NA,NA,NA,NA,NA,NA,NA,NA,NA,"AK26401",NA,NA,NA,NA,NA,NA,NA
NA,"2008-10-28 18:58:09",NA,NA,NA,NA,NA,NA,NA,"0",NA,NA,NA,NA,NA,NA,NA,NA,NA,NA,NA,NA,NA,NA,NA,NA,NA,NA,NA,"1",NA,NA,NA,NA,NA,NA,NA,NA,NA,NA,NA,NA,"AJ38695",NA,NA,NA,NA,NA,NA,NA
NA,"2009-07-24 15:32:12",NA,NA,NA,NA,NA,NA,NA,"0",NA,NA,"8",NA,NA,NA,NA,NA,NA,NA,NA,NA,NA,NA,NA,NA,NA,NA,NA,"1",NA,NA,NA,NA,NA,NA,NA,NA,NA,NA,NA,NA,"AK30431",NA,NA,NA,NA,NA,NA,NA
NA,"2008-09-23 13:12:32",NA,NA,NA,NA,NA,NA,NA,"0",NA,NA,NA,NA,NA,NA,NA,NA,NA,NA,NA,NA,NA,NA,NA,NA,NA,NA,NA,"1",NA,NA,NA,NA,NA,NA,NA,NA,NA,NA,NA,NA,"AK30431",NA,NA,NA,NA,NA,NA,NA
NA,"2008-08-22 14:47:27",NA,NA,NA,NA,NA,NA,NA,"0",NA,NA,NA,NA,NA,NA,NA,NA,NA,NA,NA,NA,NA,NA,NA,NA,NA,NA,NA,"1",NA,NA,NA,NA,NA,NA,NA,NA,NA,NA,"2",NA,"AK30431",NA,NA,NA,NA,NA,NA,NA
NA,"2009-11-14 17:07:59",NA,NA,NA,NA,NA,NA,NA,"0","1",NA,NA,NA,NA,NA,NA,NA,NA,NA,NA,NA,NA,NA,NA,NA,NA,NA,NA,"1",NA,NA,NA,NA,NA,NA,NA,NA,NA,NA,NA,NA,NA,NA,NA,NA,NA,NA,NA,NA
NA,"2008-09-04 15:06:05",NA,NA,NA,NA,NA,NA,NA,"0",NA,NA,NA,NA,NA,NA,NA,NA,NA,NA,NA,NA,NA,NA,NA,NA,NA,NA,NA,"1",NA,NA,NA,NA,NA,NA,NA,NA,NA,NA,NA,NA,"AH49855",NA,NA,NA,NA,NA,NA,NA
NA,"2009-04-15 09:50:13",NA,NA,NA,NA,NA,NA,NA,"0",NA,NA,NA,NA,NA,NA,NA,NA,NA,NA,NA,NA,NA,NA,NA,NA,NA,NA,NA,NA,NA,NA,NA,NA,NA,NA,NA,NA,NA,NA,"555",NA,"AJ38695",NA,NA,NA,NA,NA,NA,NA
NA,"2009-09-08 15:30:13",NA,NA,NA,NA,NA,NA,NA,"0","1",NA,NA,NA,NA,NA,NA,NA,NA,NA,NA,NA,NA,NA,NA,NA,NA,NA,NA,"1",NA,NA,NA,NA,NA,NA,NA,NA,NA,NA,NA,NA,"AK30431",NA,NA,NA,NA,NA,NA,NA
NA,"2008-11-27 11:03:13",NA,NA,NA,NA,NA,NA,NA,"0",NA,NA,NA,NA,NA,NA,NA,NA,NA,NA,NA,NA,NA,NA,NA,NA,NA,NA,NA,"1",NA,NA,NA,NA,NA,NA,NA,NA,NA,NA,NA,NA,"AJ38695",NA,NA,NA,NA,NA,NA,NA
NA,"2007-06-09 18:40:06","6",NA,NA,"35",NA,NA,"1955","0",NA,NA,NA,NA,NA,"914",NA,NA,"102.382",NA,NA,NA,NA,NA,NA,NA,NA,NA,NA,"1",NA,NA,"7",NA,NA,NA,NA,NA,NA,NA,NA,"129","AH49855",NA,NA,NA,NA,NA,NA,NA
NA,"2010-02-23 17:22:29",NA,NA,NA,NA,NA,NA,NA,"0","1",NA,NA,NA,NA,NA,NA,NA,NA,NA,NA,NA,NA,NA,NA,NA,NA,NA,NA,"1",NA,NA,NA,NA,NA,NA,NA,NA,NA,NA,NA,NA,"AH49855",NA,NA,NA,NA,NA,NA,NA
NA,"2009-06-17 11:37:33",NA,NA,NA,NA,NA,NA,NA,"0",NA,NA,NA,NA,NA,NA,NA,NA,NA,NA,NA,NA,NA,NA,NA,NA,NA,NA,NA,"1",NA,NA,NA,NA,NA,NA,NA,NA,NA,NA,"2",NA,"AK26401",NA,NA,NA,NA,NA,NA,NA
NA,"2009-06-16 13:22:19",NA,NA,NA,NA,NA,NA,NA,NA,NA,NA,NA,NA,NA,NA,NA,NA,NA,NA,NA,NA,NA,NA,NA,NA,NA,NA,NA,NA,NA,NA,NA,NA,NA,NA,NA,NA,NA,NA,NA,NA,"AK26401",NA,NA,NA,NA,NA,NA,NA
NA,"2010-05-18 19:44:32",NA,NA,NA,NA,NA,NA,NA,"0","1",NA,NA,"Constant",NA,NA,NA,NA,NA,NA,NA,NA,NA,NA,NA,NA,NA,NA,NA,"1",NA,NA,NA,NA,NA,NA,NA,NA,NA,NA,NA,NA,"AK26401",NA,NA,NA,NA,NA,NA,NA
NA,"2009-11-13 10:56:31",NA,NA,NA,NA,NA,NA,NA,"0","1",NA,NA,NA,NA,NA,NA,NA,NA,NA,NA,NA,NA,NA,NA,NA,NA,NA,NA,"1",NA,NA,NA,NA,NA,NA,NA,NA,NA,NA,NA,NA,"AK26401",NA,NA,NA,NA,NA,NA,NA
NA,"2008-07-24 13:27:22","6",NA,"-4","26",NA,NA,"2142","0",NA,NA,NA,NA,NA,"645",NA,NA,NA,NA,NA,NA,NA,NA,NA,NA,NA,NA,NA,NA,NA,NA,"5",NA,NA,"2",NA,NA,NA,NA,NA,"210","AJ38695",NA,NA,NA,NA,NA,NA,NA
NA,"2010-06-18 16:35:45",NA,NA,NA,NA,NA,NA,NA,"0","1",NA,NA,"Ramp3",NA,NA,NA,NA,NA,NA,NA,NA,NA,NA,NA,NA,NA,"90",NA,"1",NA,NA,NA,NA,NA,NA,NA,NA,NA,NA,NA,NA,"AK30431",NA,NA,NA,NA,NA,NA,NA
NA,"2010-01-16 14:32:06",NA,NA,NA,NA,NA,NA,NA,NA,"1",NA,NA,"Ramp4",NA,NA,NA,NA,NA,NA,NA,NA,NA,NA,NA,NA,NA,"101",NA,NA,NA,NA,NA,NA,NA,NA,NA,NA,NA,NA,NA,NA,NA,NA,NA,NA,NA,NA,NA,NA
NA,"2009-09-10 17:01:07",NA,NA,NA,NA,NA,NA,NA,"0",NA,NA,NA,NA,NA,NA,NA,NA,NA,NA,NA,NA,NA,NA,NA,NA,NA,NA,NA,NA,NA,NA,NA,NA,NA,NA,NA,NA,NA,NA,NA,NA,"AK26401",NA,NA,NA,NA,NA,NA,NA
NA,"2008-07-24 15:47:34",NA,NA,NA,NA,NA,NA,NA,"0",NA,NA,NA,NA,NA,NA,NA,NA,NA,NA,NA,NA,NA,NA,NA,NA,NA,NA,NA,"1",NA,NA,NA,NA,NA,NA,NA,NA,NA,NA,NA,NA,"AJ38695",NA,NA,NA,NA,NA,NA,NA
NA,"2007-05-09 10:33:55",NA,NA,NA,NA,NA,NA,NA,"0",NA,NA,NA,NA,NA,NA,NA,NA,NA,NA,NA,NA,NA,NA,NA,NA,NA,NA,NA,"1",NA,NA,NA,NA,NA,NA,NA,NA,NA,NA,NA,NA,"AK26401",NA,NA,NA,NA,NA,NA,NA
NA,NA,NA,NA,NA,NA,NA,NA,NA,NA,NA,NA,NA,NA,NA,NA,NA,NA,NA,NA,NA,NA,NA,NA,NA,NA,NA,NA,NA,NA,NA,NA,NA,NA,NA,NA,NA,NA,NA,NA,NA,NA,NA,NA,NA,NA,NA,NA,NA,NA
NA,"2010-05-22 13:30:55",NA,NA,NA,NA,NA,NA,NA,"0","7",NA,NA,"Ramp5",NA,NA,NA,NA,NA,NA,NA,NA,NA,NA,NA,NA,NA,"93",NA,"1",NA,NA,NA,NA,NA,NA,NA,NA,NA,NA,NA,NA,"AK26401",NA,NA,NA,NA,NA,NA,NA
NA,"2008-05-16 15:07:49",NA,NA,NA,NA,NA,NA,NA,"0",NA,NA,NA,NA,NA,NA,NA,NA,NA,NA,NA,NA,NA,NA,NA,NA,NA,NA,NA,"1",NA,NA,NA,NA,NA,NA,NA,NA,NA,NA,"1",NA,"AH49855",NA,NA,NA,NA,NA,NA,NA
NA,"2009-06-12 11:20:47",NA,NA,NA,NA,NA,NA,NA,"0",NA,NA,NA,NA,NA,NA,NA,NA,NA,NA,NA,NA,NA,NA,NA,NA,NA,NA,NA,"1",NA,NA,NA,NA,NA,NA,NA,NA,NA,NA,"1",NA,"AH49855",NA,NA,NA,NA,NA,NA,NA
NA,"2008-09-01 09:35:59",NA,NA,NA,NA,NA,NA,NA,"0",NA,NA,NA,NA,NA,NA,NA,NA,NA,NA,NA,NA,NA,NA,NA,NA,NA,NA,NA,"1",NA,NA,NA,NA,NA,NA,NA,"483",NA,NA,"4",NA,"AK30431",NA,NA,NA,NA,NA,NA,NA
NA,"2010-04-10 18:23:11",NA,NA,NA,NA,NA,NA,NA,"0","1",NA,NA,"Ramp3",NA,NA,NA,NA,NA,NA,NA,NA,NA,NA,NA,NA,NA,"139",NA,"1",NA,NA,NA,NA,NA,NA,NA,NA,NA,NA,NA,NA,"AJ38695",NA,NA,NA,NA,NA,NA,NA
NA,"2009-07-30 17:37:51",NA,NA,NA,NA,NA,NA,NA,"0",NA,NA,"8",NA,NA,NA,NA,NA,NA,NA,NA,NA,NA,NA,NA,NA,NA,NA,NA,"1",NA,NA,NA,NA,NA,NA,NA,NA,NA,NA,NA,NA,"AH49855",NA,NA,NA,NA,NA,NA,NA
NA,"2007-05-17 19:11:31",NA,NA,NA,NA,NA,NA,NA,"0",NA,NA,NA,NA,NA,NA,NA,NA,NA,NA,NA,NA,NA,NA,NA,NA,NA,NA,NA,"1",NA,NA,NA,NA,NA,NA,NA,NA,NA,NA,"4",NA,"AJ38695",NA,NA,NA,NA,NA,NA,NA
NA,"2008-06-18 17:20:03",NA,NA,NA,NA,NA,NA,NA,"0",NA,NA,NA,NA,NA,NA,NA,NA,NA,NA,NA,NA,NA,NA,NA,NA,NA,NA,NA,"1",NA,NA,NA,NA,NA,NA,NA,NA,NA,NA,NA,NA,"AK26401",NA,NA,NA,NA,NA,NA,NA
NA,"2009-09-23 15:56:50",NA,NA,NA,NA,NA,NA,NA,"0","1",NA,NA,NA,NA,NA,NA,NA,NA,NA,NA,NA,NA,NA,NA,NA,NA,NA,NA,"1",NA,NA,NA,NA,NA,NA,NA,NA,NA,NA,NA,NA,"AJ38695",NA,NA,NA,NA,NA,NA,NA
NA,"2008-03-10 16:14:57",NA,NA,NA,NA,NA,NA,NA,"0",NA,NA,NA,NA,NA,NA,NA,NA,NA,NA,NA,NA,NA,NA,NA,NA,NA,NA,NA,"1",NA,NA,NA,NA,NA,NA,NA,NA,NA,NA,NA,NA,"AK26401",NA,NA,NA,NA,NA,NA,NA
NA,"2008-09-09 18:33:50",NA,NA,NA,NA,NA,NA,NA,"0",NA,NA,NA,NA,NA,NA,NA,NA,NA,NA,NA,NA,NA,NA,NA,NA,NA,NA,NA,"1",NA,NA,NA,NA,NA,NA,NA,NA,NA,NA,NA,NA,"AH49855",NA,NA,NA,NA,NA,NA,NA
NA,"2010-05-28 19:07:40",NA,NA,NA,NA,NA,NA,NA,"0","1",NA,NA,"Ramp3",NA,NA,NA,NA,NA,NA,NA,NA,NA,NA,NA,NA,NA,"116",NA,"1",NA,NA,NA,NA,NA,NA,NA,NA,NA,NA,NA,NA,"AJ38695",NA,NA,NA,NA,NA,NA,NA
NA,"2008-08-27 17:02:48",NA,NA,NA,NA,NA,NA,NA,"0",NA,NA,NA,NA,NA,NA,NA,NA,NA,NA,NA,NA,NA,NA,NA,NA,NA,NA,NA,"1",NA,NA,NA,NA,NA,NA,NA,NA,NA,NA,NA,NA,"AK26401",NA,NA,NA,NA,NA,NA,NA
NA,"2008-02-13 13:21:13",NA,NA,NA,NA,NA,NA,NA,"0",NA,NA,NA,NA,NA,NA,NA,NA,NA,NA,NA,NA,NA,NA,NA,NA,NA,NA,NA,"1",NA,NA,NA,NA,NA,NA,NA,NA,NA,NA,NA,NA,"AJ38695",NA,NA,NA,NA,NA,NA,NA
NA,"2009-03-10 19:09:07",NA,NA,NA,NA,NA,NA,NA,"0",NA,NA,NA,NA,NA,NA,NA,NA,NA,NA,NA,NA,NA,NA,NA,NA,NA,NA,NA,"1",NA,NA,NA,NA,NA,NA,NA,NA,NA,NA,NA,NA,"AH49855",NA,NA,NA,NA,NA,NA,NA
NA,"2009-10-13 13:52:03",NA,NA,NA,NA,NA,NA,NA,"0","1",NA,NA,NA,NA,NA,NA,NA,NA,NA,NA,NA,NA,NA,NA,NA,NA,NA,NA,"1",NA,NA,NA,NA,NA,NA,NA,NA,NA,NA,NA,NA,"AK26401",NA,NA,NA,NA,NA,NA,NA
NA,"2009-09-14 10:31:03",NA,NA,NA,NA,NA,NA,NA,"0",NA,NA,"8",NA,NA,NA,NA,NA,NA,NA,NA,NA,NA,NA,NA,NA,NA,NA,NA,"1",NA,NA,NA,NA,NA,NA,NA,NA,NA,NA,NA,NA,"AH49855",NA,NA,NA,NA,NA,NA,NA
NA,"2010-01-04 13:56:50",NA,NA,NA,NA,NA,NA,NA,"0","1",NA,NA,NA,NA,NA,NA,NA,NA,NA,NA,NA,NA,NA,NA,NA,NA,NA,NA,"1",NA,NA,NA,NA,NA,NA,NA,NA,NA,NA,NA,NA,"AJ38695",NA,NA,NA,NA,NA,NA,NA
NA,"2010-07-03 18:45:46",NA,NA,NA,NA,NA,NA,NA,NA,"1",NA,NA,"Ramp3",NA,NA,NA,NA,NA,NA,NA,NA,NA,NA,NA,NA,NA,NA,NA,NA,NA,NA,NA,NA,NA,NA,NA,NA,NA,NA,"2",NA,"AJ38695",NA,NA,NA,NA,NA,NA,NA
NA,"2010-06-28 16:14:16",NA,NA,"-5",NA,NA,NA,"2553","0","1",NA,NA,"Ramp4",NA,"908",NA,NA,"74.9986",NA,NA,NA,NA,"0","5.97",NA,NA,"98",NA,"1",NA,NA,"4",NA,NA,"3",NA,"471",NA,NA,NA,NA,"AK30431",NA,NA,NA,NA,NA,NA,NA
NA,"2009-08-15 10:40:43",NA,NA,"-5","40",NA,NA,NA,"0",NA,NA,"8",NA,NA,NA,NA,NA,"104.149",NA,NA,NA,NA,NA,NA,NA,NA,NA,NA,"1",NA,NA,"0",NA,NA,"2",NA,NA,NA,NA,NA,"345","AH49855",NA,NA,NA,NA,NA,NA,NA
NA,"2009-06-24 18:01:10",NA,NA,NA,NA,NA,NA,NA,"0",NA,NA,NA,NA,NA,NA,"30",NA,NA,NA,NA,NA,NA,NA,NA,NA,NA,NA,NA,"1",NA,NA,NA,"0",NA,NA,NA,NA,NA,"112","1",NA,"AH49855",NA,NA,NA,NA,NA,NA,NA
NA,"2008-05-08 17:21:08",NA,NA,NA,NA,NA,NA,NA,"0",NA,NA,NA,NA,NA,NA,NA,NA,NA,NA,NA,NA,NA,NA,NA,NA,NA,NA,NA,"1",NA,NA,NA,NA,NA,NA,NA,NA,NA,NA,NA,NA,"AH49855",NA,NA,NA,NA,NA,NA,NA
NA,"2010-05-11 16:33:34",NA,NA,NA,NA,NA,NA,NA,"0","1",NA,NA,"Ramp3",NA,NA,NA,NA,NA,NA,NA,NA,NA,NA,NA,NA,NA,NA,NA,"1",NA,NA,NA,NA,NA,NA,NA,NA,NA,NA,NA,NA,"AK30431",NA,NA,NA,NA,NA,NA,NA
NA,"2009-08-26 17:05:10",NA,NA,NA,NA,NA,NA,NA,"0",NA,NA,NA,NA,NA,NA,NA,NA,NA,NA,NA,NA,NA,NA,NA,NA,NA,NA,NA,"1",NA,NA,NA,NA,NA,NA,NA,NA,NA,NA,NA,NA,"AK30431",NA,NA,NA,NA,NA,NA,NA
NA,"2009-06-27 15:26:35",NA,NA,NA,NA,NA,NA,NA,"0",NA,NA,NA,NA,NA,NA,NA,NA,NA,NA,NA,NA,NA,NA,NA,NA,NA,NA,NA,"1",NA,NA,NA,NA,NA,NA,NA,NA,NA,NA,NA,NA,"AJ38695",NA,NA,NA,NA,NA,NA,NA
NA,"2008-10-15 15:24:40",NA,NA,NA,NA,NA,NA,NA,"0",NA,NA,NA,NA,NA,NA,NA,NA,NA,NA,NA,NA,NA,NA,NA,NA,NA,NA,NA,"1",NA,NA,NA,NA,NA,NA,NA,NA,NA,NA,NA,NA,"AK26401",NA,NA,NA,NA,NA,NA,NA
NA,"2008-04-21 11:00:07",NA,NA,NA,NA,NA,NA,NA,"0",NA,NA,NA,NA,NA,NA,"22",NA,NA,NA,NA,NA,NA,NA,NA,NA,NA,NA,NA,"1",NA,NA,NA,"0",NA,NA,NA,NA,NA,"145",NA,NA,"AH49855",NA,NA,NA,NA,NA,NA,NA
NA,"2010-05-24 10:24:21",NA,NA,NA,NA,NA,NA,NA,"0","1",NA,NA,"Ramp3",NA,NA,NA,NA,NA,NA,NA,NA,NA,NA,NA,NA,NA,"105",NA,"1",NA,NA,NA,NA,NA,NA,NA,NA,NA,NA,NA,NA,"AJ38695",NA,NA,NA,NA,NA,NA,NA
NA,"2009-11-11 11:15:14",NA,NA,NA,NA,NA,NA,NA,"0",NA,NA,"8",NA,NA,NA,NA,NA,NA,NA,NA,NA,NA,NA,NA,NA,NA,NA,NA,"1",NA,NA,NA,NA,NA,NA,NA,NA,NA,NA,NA,NA,"AK30431",NA,NA,NA,NA,NA,NA,NA
NA,"2008-04-22 13:16:25",NA,NA,NA,NA,NA,NA,NA,"0",NA,NA,NA,NA,NA,NA,NA,NA,NA,NA,NA,NA,NA,NA,NA,NA,NA,NA,NA,"1",NA,NA,NA,NA,NA,NA,NA,NA,NA,NA,NA,NA,"AH49855",NA,NA,NA,NA,NA,NA,NA
NA,"2008-06-14 12:55:12",NA,NA,NA,NA,NA,NA,NA,"0",NA,NA,NA,NA,NA,NA,NA,NA,NA,NA,NA,NA,NA,NA,NA,NA,NA,NA,NA,"1",NA,NA,NA,NA,NA,NA,NA,NA,NA,NA,NA,NA,"AH49855",NA,NA,NA,NA,NA,NA,NA
NA,"2009-08-07 18:03:49",NA,NA,NA,NA,NA,NA,NA,"0",NA,NA,"8",NA,NA,NA,NA,NA,NA,NA,NA,NA,NA,NA,NA,NA,NA,NA,NA,NA,NA,NA,NA,NA,NA,NA,NA,NA,NA,NA,NA,NA,"AK30431",NA,NA,NA,NA,NA,NA,NA
NA,"2008-08-26 16:36:11",NA,NA,NA,NA,NA,NA,NA,"0",NA,NA,NA,NA,NA,NA,NA,NA,NA,NA,NA,NA,NA,NA,NA,NA,NA,NA,NA,"1",NA,NA,NA,NA,NA,NA,NA,NA,NA,NA,"1",NA,"AK26401",NA,NA,NA,NA,NA,NA,NA
NA,"2010-03-23 14:07:24",NA,NA,NA,NA,NA,NA,NA,NA,"1",NA,NA,NA,NA,NA,NA,NA,NA,NA,NA,NA,NA,NA,NA,NA,NA,NA,NA,NA,NA,NA,NA,NA,NA,NA,NA,"472",NA,NA,NA,NA,"AK30431",NA,NA,NA,NA,NA,NA,NA
NA,"2008-04-16 11:39:28",NA,NA,NA,NA,NA,NA,NA,"0",NA,NA,NA,NA,NA,NA,NA,NA,NA,NA,NA,NA,NA,NA,NA,NA,NA,NA,NA,"1",NA,NA,NA,NA,NA,NA,NA,NA,NA,NA,NA,NA,"AJ38695",NA,NA,NA,NA,NA,NA,NA
NA,"2008-03-01 12:39:20","6",NA,"-4","26",NA,NA,"2272","0",NA,NA,NA,NA,NA,"329",NA,NA,NA,NA,NA,NA,NA,NA,NA,NA,NA,NA,NA,NA,NA,NA,"3",NA,NA,"4",NA,NA,NA,NA,NA,"925","AH49855",NA,NA,NA,NA,NA,NA,NA
NA,"2008-05-23 18:24:51",NA,NA,NA,NA,NA,NA,NA,"0",NA,NA,NA,NA,NA,NA,NA,NA,NA,NA,NA,NA,NA,NA,NA,NA,NA,NA,NA,"1",NA,NA,NA,NA,NA,NA,NA,NA,NA,NA,NA,NA,"AK26401",NA,NA,NA,NA,NA,NA,NA
NA,"2007-11-07 15:35:31",NA,NA,NA,NA,NA,NA,NA,"0",NA,NA,NA,NA,NA,NA,NA,NA,NA,NA,NA,NA,NA,NA,NA,NA,NA,NA,NA,"1",NA,NA,NA,NA,NA,NA,NA,NA,NA,NA,NA,NA,"AK30431",NA,NA,NA,NA,NA,NA,NA
NA,NA,NA,NA,NA,NA,NA,NA,NA,NA,"1",NA,NA,"Ramp2",NA,NA,NA,NA,NA,NA,NA,NA,NA,NA,NA,NA,NA,NA,NA,NA,NA,NA,NA,NA,NA,NA,NA,NA,NA,NA,NA,NA,NA,NA,NA,NA,NA,NA,NA,NA
NA,"2008-02-09 18:46:31",NA,NA,NA,NA,NA,NA,NA,"0",NA,NA,NA,NA,NA,NA,NA,NA,NA,NA,NA,NA,NA,NA,NA,NA,NA,NA,NA,"1",NA,NA,NA,NA,NA,NA,NA,NA,NA,NA,NA,NA,"AK30431",NA,NA,NA,NA,NA,NA,NA
NA,"2007-11-29 13:49:39",NA,NA,NA,NA,NA,NA,NA,"0",NA,NA,NA,NA,NA,NA,NA,NA,NA,NA,NA,NA,NA,NA,NA,NA,NA,NA,NA,"1",NA,NA,NA,NA,NA,NA,NA,NA,NA,NA,NA,NA,"AJ38695",NA,NA,NA,NA,NA,NA,NA
NA,"2009-08-19 14:32:58",NA,NA,NA,NA,NA,NA,NA,"0",NA,NA,"8",NA,NA,NA,NA,NA,NA,NA,NA,NA,NA,NA,NA,NA,NA,NA,NA,NA,NA,NA,NA,NA,NA,NA,NA,NA,NA,NA,NA,NA,"AK30431",NA,NA,NA,NA,NA,NA,NA
NA,"2007-11-02 14:34:02",NA,NA,NA,NA,NA,NA,NA,"0",NA,NA,NA,NA,NA,NA,NA,NA,NA,NA,NA,NA,NA,NA,NA,NA,NA,NA,NA,"1",NA,NA,NA,NA,NA,NA,NA,NA,NA,NA,NA,NA,"AK26401",NA,NA,NA,NA,NA,NA,NA
NA,"2008-05-14 17:22:08",NA,NA,NA,NA,NA,NA,NA,"0",NA,NA,NA,NA,NA,NA,NA,NA,NA,NA,NA,NA,NA,NA,NA,NA,NA,NA,NA,"1",NA,NA,NA,NA,NA,NA,NA,NA,NA,NA,"4",NA,"AK30431",NA,NA,NA,NA,NA,NA,NA
NA,"2010-03-17 14:30:09",NA,NA,NA,NA,NA,NA,NA,"0","1",NA,NA,"Ramp3",NA,NA,NA,NA,NA,NA,NA,NA,NA,NA,NA,NA,NA,NA,NA,"1",NA,NA,NA,NA,NA,NA,NA,NA,NA,NA,NA,NA,"AK26401",NA,NA,NA,NA,NA,NA,NA
NA,"2008-08-30 13:51:17",NA,NA,NA,NA,NA,NA,NA,"0",NA,NA,NA,NA,NA,NA,NA,NA,NA,NA,NA,NA,NA,NA,NA,NA,NA,NA,NA,"1",NA,NA,NA,NA,NA,NA,NA,NA,NA,NA,NA,NA,"AH49855",NA,NA,NA,NA,NA,NA,NA
NA,"2009-04-30 16:20:36",NA,NA,NA,NA,NA,NA,NA,"0",NA,NA,NA,NA,NA,NA,NA,NA,NA,NA,NA,NA,NA,NA,NA,NA,NA,NA,NA,"1",NA,NA,NA,NA,NA,NA,NA,NA,NA,NA,NA,NA,"AJ38695",NA,NA,NA,NA,NA,NA,NA
NA,"2009-02-17 16:46:44",NA,NA,NA,NA,NA,NA,NA,NA,NA,NA,NA,NA,NA,NA,NA,NA,NA,NA,NA,NA,NA,NA,NA,NA,NA,NA,NA,NA,NA,NA,NA,NA,NA,NA,NA,NA,NA,NA,"2",NA,"AH49855",NA,NA,NA,NA,NA,NA,NA
NA,"2008-10-03 12:54:15",NA,NA,NA,NA,NA,NA,NA,"0",NA,NA,NA,NA,NA,NA,NA,NA,NA,NA,NA,NA,NA,NA,NA,NA,NA,NA,NA,"1",NA,NA,NA,NA,NA,NA,NA,NA,NA,NA,NA,NA,"AK30431",NA,NA,NA,NA,NA,NA,NA
NA,"2008-07-30 16:19:56",NA,NA,NA,NA,NA,NA,NA,"0",NA,NA,NA,NA,NA,NA,NA,NA,NA,NA,NA,NA,NA,NA,NA,NA,NA,NA,NA,"1",NA,NA,NA,NA,NA,NA,NA,NA,NA,NA,NA,NA,"AK30431",NA,NA,NA,NA,NA,NA,NA
NA,"2008-09-18 16:04:34",NA,NA,NA,NA,NA,NA,NA,"0",NA,NA,NA,NA,NA,NA,NA,NA,NA,NA,NA,NA,NA,NA,NA,NA,NA,NA,NA,"1",NA,NA,NA,NA,NA,NA,NA,NA,NA,NA,NA,NA,"AH49855",NA,NA,NA,NA,NA,NA,NA
NA,"2008-07-22 12:59:40",NA,NA,NA,NA,NA,NA,NA,"0",NA,NA,NA,NA,NA,NA,NA,NA,NA,NA,NA,NA,NA,NA,NA,NA,NA,NA,NA,"1",NA,NA,NA,NA,NA,NA,NA,NA,NA,NA,NA,NA,"AH49855",NA,NA,NA,NA,NA,NA,NA
NA,"2007-08-20 12:41:54",NA,NA,NA,NA,NA,NA,NA,"0",NA,NA,NA,NA,NA,NA,NA,NA,NA,NA,NA,NA,NA,NA,NA,NA,NA,NA,NA,"1",NA,NA,NA,NA,NA,NA,NA,NA,NA,NA,NA,NA,"AH49855",NA,NA,NA,NA,NA,NA,NA
NA,"2010-01-19 17:07:06",NA,NA,NA,NA,NA,NA,NA,"0","1",NA,NA,"Ramp4",NA,NA,"30",NA,NA,NA,NA,NA,NA,NA,NA,NA,NA,"113",NA,"1",NA,NA,NA,NA,NA,NA,NA,NA,NA,"133",NA,NA,"AK26401",NA,NA,NA,NA,NA,NA,NA
NA,"2008-04-23 15:40:16",NA,NA,NA,"25",NA,NA,"1978","0",NA,NA,NA,NA,NA,"626","39",NA,"98.8248",NA,NA,NA,NA,NA,"5.34",NA,NA,NA,NA,"1",NA,NA,"3","0",NA,"4",NA,NA,NA,"126",NA,"992","AH49855",NA,NA,NA,NA,NA,NA,NA
NA,"2009-11-16 09:35:54",NA,NA,NA,NA,NA,NA,NA,"0","1",NA,NA,NA,NA,NA,NA,NA,NA,NA,NA,NA,NA,NA,NA,NA,NA,NA,NA,"1",NA,NA,NA,NA,NA,NA,NA,NA,NA,NA,NA,NA,"AH49855",NA,NA,NA,NA,NA,NA,NA
NA,"2009-05-18 16:56:56",NA,NA,NA,NA,NA,NA,NA,"0",NA,NA,NA,NA,NA,NA,NA,NA,NA,NA,NA,NA,NA,NA,NA,NA,NA,NA,NA,"1",NA,NA,NA,NA,NA,NA,NA,NA,NA,NA,NA,NA,"AK30431",NA,NA,NA,NA,NA,NA,NA
NA,"2007-10-17 14:29:03",NA,NA,NA,NA,NA,NA,NA,"0",NA,NA,NA,NA,NA,NA,NA,NA,NA,NA,NA,NA,NA,NA,NA,NA,NA,NA,NA,"1",NA,NA,NA,NA,NA,NA,NA,NA,NA,NA,NA,NA,"AK26401",NA,NA,NA,NA,NA,NA,NA
NA,"2008-02-16 09:49:54",NA,NA,NA,NA,NA,NA,NA,"0",NA,NA,NA,NA,NA,NA,NA,NA,NA,NA,NA,NA,NA,NA,NA,NA,NA,NA,NA,"1",NA,NA,NA,NA,NA,NA,NA,NA,NA,NA,NA,NA,"AK30431",NA,NA,NA,NA,NA,NA,NA
NA,"2008-05-15 19:03:51","6",NA,"-5","32",NA,NA,"1932","0",NA,NA,NA,NA,NA,"427",NA,NA,"79.0419",NA,NA,NA,NA,NA,NA,NA,NA,NA,NA,"1",NA,NA,"1",NA,NA,"4",NA,NA,NA,NA,NA,"923","AK30431","-1",NA,NA,NA,NA,NA,NA
NA,"2009-06-27 14:26:12",NA,NA,NA,NA,NA,NA,NA,"0",NA,NA,NA,NA,NA,NA,NA,NA,NA,NA,NA,NA,NA,NA,NA,NA,NA,NA,NA,"1",NA,NA,NA,NA,NA,NA,NA,NA,NA,NA,NA,NA,"AJ38695",NA,NA,NA,NA,NA,NA,NA
NA,"2010-05-25 14:36:45",NA,NA,NA,NA,NA,NA,NA,"0","1",NA,NA,"Ramp5",NA,NA,NA,NA,NA,NA,NA,NA,NA,NA,NA,NA,NA,"77",NA,"1",NA,NA,NA,NA,NA,NA,NA,NA,NA,NA,NA,NA,"AH49855",NA,NA,NA,NA,NA,NA,NA
NA,"2010-05-14 16:08:40",NA,NA,NA,NA,NA,NA,NA,"0",NA,NA,NA,NA,NA,NA,NA,NA,NA,NA,NA,NA,NA,NA,NA,NA,NA,NA,NA,"1",NA,NA,NA,NA,NA,NA,NA,NA,NA,NA,NA,NA,"AJ38695",NA,NA,NA,NA,NA,NA,NA
NA,"2008-04-25 19:20:32",NA,NA,NA,NA,NA,NA,NA,"0",NA,NA,NA,NA,NA,NA,NA,NA,NA,NA,NA,NA,NA,NA,NA,NA,NA,NA,NA,"1",NA,NA,NA,NA,NA,NA,NA,NA,NA,NA,NA,NA,"AK30431",NA,NA,NA,NA,NA,NA,NA
NA,"2009-09-30 15:54:57","6",NA,NA,"35",NA,NA,"2113","0","1",NA,NA,NA,NA,"750",NA,NA,NA,NA,NA,NA,NA,NA,NA,NA,NA,NA,NA,"1",NA,NA,"0",NA,NA,"3",NA,NA,NA,NA,NA,"210","AK26401",NA,NA,NA,NA,NA,NA,NA
NA,"2008-02-28 15:10:40",NA,NA,NA,NA,NA,NA,NA,"0",NA,NA,NA,NA,NA,NA,NA,NA,NA,NA,NA,NA,NA,NA,NA,NA,NA,NA,NA,"1",NA,NA,NA,NA,NA,NA,NA,NA,NA,NA,NA,NA,"AH49855",NA,NA,NA,NA,NA,NA,NA
NA,"2010-04-16 11:13:48",NA,NA,NA,NA,NA,NA,NA,"0","1",NA,NA,"Ramp5",NA,NA,NA,NA,NA,NA,NA,NA,NA,NA,NA,NA,NA,"104",NA,"1",NA,NA,NA,NA,NA,NA,NA,NA,NA,NA,NA,NA,"AH49855",NA,NA,NA,NA,NA,NA,NA
NA,"2008-10-11 15:50:12",NA,NA,NA,NA,NA,NA,NA,"0",NA,NA,NA,NA,NA,NA,NA,NA,NA,NA,NA,NA,NA,NA,NA,NA,NA,NA,NA,"1",NA,NA,NA,NA,NA,NA,NA,NA,NA,NA,NA,NA,"AH49855",NA,NA,NA,NA,NA,NA,NA
NA,"2006-05-02 16:37:59",NA,NA,NA,NA,NA,NA,NA,NA,NA,NA,NA,NA,NA,NA,NA,NA,NA,NA,NA,NA,NA,NA,NA,NA,NA,NA,NA,NA,NA,NA,NA,NA,NA,NA,NA,NA,NA,NA,NA,NA,NA,NA,NA,NA,NA,NA,NA,NA
NA,"2008-06-23 11:45:00",NA,NA,NA,NA,NA,NA,NA,"0",NA,NA,NA,NA,NA,NA,NA,NA,NA,NA,NA,NA,NA,NA,NA,NA,NA,NA,NA,"1",NA,NA,NA,NA,NA,NA,NA,NA,NA,NA,NA,NA,"AK30431",NA,NA,NA,NA,NA,NA,NA
NA,"2010-03-23 12:22:55",NA,NA,NA,NA,NA,NA,NA,"0","1",NA,NA,"Ramp3",NA,NA,NA,NA,NA,NA,NA,NA,NA,NA,NA,NA,NA,NA,NA,"1",NA,NA,NA,NA,NA,NA,NA,NA,NA,NA,NA,NA,"AK26401",NA,NA,NA,NA,NA,NA,NA
NA,"2008-08-11 17:43:59",NA,NA,NA,NA,NA,NA,NA,"0",NA,NA,NA,NA,NA,NA,NA,NA,NA,NA,NA,NA,NA,NA,NA,NA,NA,NA,NA,NA,NA,NA,NA,NA,NA,NA,NA,NA,NA,NA,NA,NA,"AH49855",NA,NA,NA,NA,NA,NA,NA
NA,"2008-09-13 18:29:47",NA,NA,NA,NA,NA,NA,NA,"0",NA,NA,NA,NA,NA,NA,NA,NA,NA,NA,NA,NA,NA,NA,NA,NA,NA,NA,NA,"1",NA,NA,NA,NA,NA,NA,NA,NA,NA,NA,NA,NA,"AH49855",NA,NA,NA,NA,NA,NA,NA
NA,"2009-12-03 12:18:33",NA,NA,NA,NA,NA,NA,NA,"0",NA,NA,NA,NA,NA,NA,NA,NA,NA,NA,NA,NA,NA,NA,NA,NA,NA,NA,NA,"1",NA,NA,NA,NA,NA,NA,NA,NA,NA,NA,NA,NA,"AK30431",NA,NA,NA,NA,NA,NA,NA
NA,"2010-06-25 19:13:49",NA,NA,NA,NA,NA,NA,NA,NA,"1",NA,NA,"Ramp5",NA,NA,NA,NA,NA,NA,NA,NA,NA,NA,NA,NA,NA,"94",NA,NA,NA,NA,NA,NA,NA,NA,NA,NA,NA,NA,"3",NA,"AK30431",NA,NA,NA,NA,NA,NA,NA
NA,"2008-04-26 14:33:09","6",NA,"-5","29",NA,NA,"1969","0",NA,NA,NA,NA,NA,"530","30",NA,"78.0619",NA,NA,NA,NA,NA,NA,NA,NA,NA,NA,"1",NA,NA,"3",NA,NA,"4",NA,NA,NA,"117",NA,"556","AK30431",NA,NA,NA,NA,NA,NA,NA
NA,"2009-12-02 16:53:12",NA,NA,NA,NA,NA,NA,NA,"0",NA,NA,NA,NA,NA,NA,NA,NA,NA,NA,NA,NA,NA,NA,NA,NA,NA,NA,NA,NA,NA,NA,NA,NA,NA,NA,NA,NA,NA,NA,NA,NA,"AK30431",NA,NA,NA,NA,NA,NA,NA
NA,"2008-11-10 18:20:38",NA,NA,NA,NA,NA,NA,NA,"0",NA,NA,NA,NA,NA,NA,NA,NA,NA,NA,NA,NA,NA,NA,NA,NA,NA,NA,NA,"1",NA,NA,NA,NA,NA,NA,NA,NA,NA,NA,NA,NA,"AK30431",NA,NA,NA,NA,NA,NA,NA
NA,"2009-05-12 11:44:21","6",NA,"-5","26",NA,NA,"1963","0",NA,NA,NA,NA,NA,"602",NA,NA,"62.1031",NA,NA,NA,NA,NA,NA,NA,NA,NA,NA,"1",NA,NA,"6",NA,NA,"3",NA,NA,NA,NA,"2","286",NA,NA,NA,NA,NA,NA,NA,NA
NA,"2009-06-17 10:13:19",NA,NA,NA,NA,NA,NA,NA,"0",NA,NA,NA,NA,NA,NA,NA,NA,NA,NA,NA,NA,NA,NA,NA,NA,NA,NA,NA,"1",NA,NA,NA,NA,NA,NA,NA,NA,NA,NA,NA,NA,"AK26401",NA,NA,NA,NA,NA,NA,NA
NA,"2009-11-02 16:24:44",NA,NA,NA,NA,NA,NA,NA,"0",NA,NA,"8",NA,NA,NA,NA,NA,NA,NA,NA,NA,NA,NA,NA,NA,NA,NA,NA,"1",NA,NA,NA,NA,NA,NA,NA,NA,NA,NA,NA,NA,"AJ38695",NA,NA,NA,NA,NA,NA,NA
NA,"2009-02-09 17:38:31",NA,NA,NA,NA,NA,NA,NA,"0",NA,NA,NA,NA,NA,NA,NA,NA,NA,NA,NA,NA,NA,NA,NA,NA,NA,NA,NA,"1",NA,NA,NA,NA,NA,NA,NA,NA,NA,NA,NA,NA,"AK30431",NA,NA,NA,NA,NA,NA,NA
NA,"2008-05-30 16:02:18","6",NA,"-5","77",NA,NA,"1590","0",NA,NA,NA,NA,NA,"372",NA,NA,"81.2775",NA,NA,NA,NA,NA,NA,NA,NA,NA,NA,"1",NA,NA,"2",NA,NA,"4",NA,NA,NA,NA,NA,"288","AJ38695",NA,NA,NA,NA,NA,NA,NA
NA,NA,NA,NA,NA,NA,NA,NA,NA,"0",NA,NA,NA,NA,NA,NA,NA,NA,NA,NA,NA,NA,NA,NA,NA,NA,NA,NA,NA,"1",NA,NA,NA,NA,NA,NA,NA,NA,NA,NA,NA,NA,"AK26401",NA,NA,NA,NA,NA,NA,NA
NA,"2008-05-16 15:40:26",NA,NA,NA,NA,NA,NA,NA,"0",NA,NA,NA,NA,NA,NA,NA,NA,NA,NA,NA,NA,NA,NA,NA,NA,NA,NA,NA,"1",NA,NA,NA,NA,NA,NA,NA,NA,NA,NA,NA,NA,"AH49855",NA,NA,NA,NA,NA,NA,NA
NA,"2008-06-06 13:32:33",NA,NA,NA,NA,NA,NA,NA,"0",NA,NA,NA,NA,NA,NA,NA,NA,NA,NA,NA,NA,NA,NA,NA,NA,NA,NA,NA,NA,NA,NA,NA,NA,NA,NA,NA,NA,NA,NA,"2",NA,"AK26401",NA,NA,NA,NA,NA,NA,NA
NA,"2008-11-18 14:30:57",NA,NA,NA,NA,NA,NA,NA,"0",NA,NA,NA,NA,NA,NA,NA,NA,NA,NA,NA,NA,NA,NA,NA,NA,NA,NA,NA,"1",NA,NA,NA,NA,NA,NA,NA,NA,NA,NA,NA,NA,"AK26401",NA,NA,NA,NA,NA,NA,NA
NA,"2008-06-17 13:13:02",NA,NA,NA,NA,NA,NA,NA,"0",NA,NA,NA,NA,NA,NA,NA,NA,NA,NA,NA,NA,NA,NA,NA,NA,NA,NA,NA,"1",NA,NA,NA,NA,NA,NA,NA,NA,NA,NA,NA,NA,"AK26401",NA,NA,NA,NA,NA,NA,NA
NA,"2008-11-29 09:36:05",NA,NA,NA,NA,NA,NA,NA,"0",NA,NA,NA,NA,NA,NA,NA,NA,NA,NA,NA,NA,NA,NA,NA,NA,NA,NA,NA,"1",NA,NA,NA,NA,NA,NA,NA,NA,NA,NA,NA,NA,"AH49855",NA,NA,NA,NA,NA,NA,NA
NA,"2009-12-08 12:35:36",NA,NA,NA,NA,NA,NA,NA,"0","1",NA,NA,NA,NA,NA,NA,NA,NA,NA,NA,NA,NA,NA,NA,NA,NA,NA,NA,"1",NA,NA,NA,NA,NA,NA,NA,NA,NA,NA,NA,NA,"AK26401",NA,NA,NA,NA,NA,NA,NA
NA,"2009-03-31 13:59:30",NA,NA,NA,NA,NA,NA,NA,NA,NA,NA,NA,NA,NA,NA,NA,NA,NA,NA,NA,NA,NA,NA,NA,NA,NA,NA,NA,NA,NA,NA,NA,NA,NA,NA,NA,NA,NA,NA,NA,NA,"AJ38695",NA,NA,NA,NA,NA,NA,NA
NA,"2007-10-04 19:14:10",NA,NA,NA,NA,NA,NA,NA,"0",NA,NA,NA,NA,NA,NA,NA,NA,NA,NA,NA,NA,NA,NA,NA,NA,NA,NA,NA,NA,NA,NA,NA,NA,NA,NA,NA,NA,NA,NA,NA,NA,"AK30431",NA,NA,NA,NA,NA,NA,NA
NA,"2008-02-11 16:43:28",NA,NA,"-5","31",NA,NA,"1595","0",NA,NA,NA,NA,NA,"392","24",NA,"106.959",NA,NA,NA,NA,NA,NA,NA,NA,NA,NA,"1",NA,NA,"2","0",NA,"1",NA,NA,NA,"146",NA,"608","AK26401",NA,NA,NA,NA,NA,NA,NA
NA,"2009-08-26 18:37:07",NA,NA,NA,NA,NA,NA,NA,"0",NA,NA,NA,NA,NA,NA,NA,NA,NA,NA,NA,NA,NA,NA,NA,NA,NA,NA,NA,"1",NA,NA,NA,NA,NA,NA,NA,NA,NA,NA,NA,NA,"AJ38695",NA,NA,NA,NA,NA,NA,NA
NA,"2009-11-03 16:02:44",NA,NA,NA,NA,NA,NA,NA,"0","1",NA,NA,NA,NA,NA,NA,NA,NA,NA,NA,NA,NA,NA,NA,NA,NA,NA,NA,"1",NA,NA,NA,NA,NA,NA,NA,NA,NA,NA,NA,NA,"AK26401",NA,NA,NA,NA,NA,NA,NA
NA,"2008-10-11 11:21:14",NA,NA,NA,NA,NA,NA,NA,"0",NA,NA,NA,NA,NA,NA,NA,NA,NA,NA,NA,NA,NA,NA,NA,NA,NA,NA,NA,"1",NA,NA,NA,NA,NA,NA,NA,NA,NA,NA,NA,NA,"AH49855",NA,NA,NA,NA,NA,NA,NA
NA,"2009-04-21 11:25:38",NA,NA,NA,NA,NA,NA,NA,"0",NA,NA,NA,NA,NA,NA,NA,NA,NA,NA,NA,NA,NA,NA,NA,NA,NA,NA,NA,"1",NA,NA,NA,NA,NA,NA,NA,NA,NA,NA,NA,NA,"AJ38695",NA,NA,NA,NA,NA,NA,NA
NA,"2010-07-16 17:55:33",NA,NA,NA,NA,NA,NA,NA,"0","1",NA,NA,"Ramp5",NA,NA,NA,NA,NA,NA,NA,NA,NA,NA,NA,NA,NA,"120",NA,"1",NA,NA,NA,NA,NA,NA,NA,NA,NA,NA,NA,NA,"AJ38695",NA,NA,NA,NA,NA,NA,NA
NA,"2010-03-10 11:50:22",NA,NA,NA,NA,NA,NA,NA,"0","1",NA,NA,"Ramp5",NA,NA,NA,NA,NA,NA,NA,NA,NA,NA,NA,NA,NA,NA,NA,"1",NA,NA,NA,NA,NA,NA,NA,NA,NA,NA,NA,NA,"AK30431",NA,NA,NA,NA,NA,NA,NA
NA,"2009-06-04 17:39:59",NA,NA,NA,NA,NA,NA,NA,"0",NA,NA,NA,NA,NA,NA,NA,NA,NA,NA,NA,NA,NA,NA,NA,NA,NA,NA,NA,"1",NA,NA,NA,NA,NA,NA,NA,NA,NA,NA,NA,NA,"AH49855",NA,NA,NA,NA,NA,NA,NA
NA,"2009-04-23 18:28:16",NA,NA,NA,NA,NA,NA,NA,"0",NA,NA,NA,NA,NA,NA,NA,NA,NA,NA,NA,NA,NA,NA,NA,NA,NA,NA,NA,"1",NA,NA,NA,NA,NA,NA,NA,NA,NA,NA,NA,NA,"AK30431",NA,NA,NA,NA,NA,NA,NA
NA,"2009-04-14 14:57:39",NA,NA,NA,NA,NA,NA,NA,"0",NA,NA,NA,NA,NA,NA,NA,NA,NA,NA,NA,NA,NA,NA,NA,NA,NA,NA,NA,"1",NA,NA,NA,NA,NA,NA,NA,NA,NA,NA,NA,NA,"AK30431",NA,NA,NA,NA,NA,NA,NA
NA,"2010-03-24 14:26:11",NA,NA,NA,NA,NA,NA,NA,"0","1",NA,NA,"Ramp5",NA,NA,NA,NA,NA,NA,NA,NA,NA,NA,NA,NA,NA,"89",NA,"1",NA,NA,NA,NA,NA,NA,NA,NA,NA,NA,"3",NA,"AJ38695",NA,NA,NA,NA,NA,NA,NA
NA,"2009-03-26 13:48:48","6",NA,"-5","22",NA,NA,"2131","0",NA,NA,NA,NA,NA,"465",NA,NA,NA,NA,NA,NA,NA,NA,NA,NA,NA,NA,NA,NA,NA,NA,"3",NA,NA,"2",NA,"479",NA,NA,NA,"809","AJ38695",NA,NA,NA,NA,NA,NA,NA
NA,"2009-06-06 14:11:01",NA,NA,"-4","29",NA,NA,"2023","0",NA,NA,NA,NA,NA,"880",NA,NA,"80.8058",NA,NA,NA,NA,NA,NA,NA,NA,NA,NA,NA,NA,NA,NA,NA,NA,NA,NA,NA,NA,NA,"2","831","AH49855",NA,NA,NA,NA,NA,NA,NA
NA,"2008-08-15 15:24:26",NA,NA,NA,NA,NA,NA,NA,"0",NA,NA,NA,NA,NA,NA,NA,NA,NA,NA,NA,NA,NA,NA,NA,NA,NA,NA,NA,"1",NA,NA,NA,NA,NA,NA,NA,NA,NA,NA,NA,NA,"AK26401",NA,NA,NA,NA,NA,NA,NA
NA,"2008-08-13 14:33:09",NA,NA,NA,NA,NA,NA,NA,"0",NA,NA,NA,NA,NA,NA,NA,NA,NA,NA,NA,NA,NA,NA,NA,NA,NA,NA,NA,"1",NA,NA,NA,NA,NA,NA,NA,NA,NA,NA,NA,NA,"AK26401",NA,NA,NA,NA,NA,NA,NA
NA,"2008-06-07 09:59:38",NA,NA,NA,NA,NA,NA,NA,"0",NA,NA,NA,NA,NA,NA,NA,NA,NA,NA,NA,NA,NA,NA,NA,NA,NA,NA,NA,NA,NA,NA,NA,NA,NA,NA,NA,NA,NA,NA,NA,NA,"AJ38695",NA,NA,NA,NA,NA,NA,NA
NA,"2009-07-17 18:05:09",NA,NA,NA,NA,NA,NA,NA,"0",NA,NA,NA,NA,NA,NA,NA,NA,NA,NA,NA,NA,NA,NA,NA,NA,NA,NA,NA,NA,NA,NA,NA,NA,NA,NA,NA,NA,NA,NA,NA,NA,"AJ38695",NA,NA,NA,NA,NA,NA,NA
NA,"2009-06-01 14:40:46",NA,NA,NA,NA,NA,NA,NA,"0",NA,NA,NA,NA,NA,NA,NA,NA,NA,NA,NA,NA,NA,NA,NA,NA,NA,NA,NA,"1",NA,NA,NA,NA,NA,NA,NA,NA,NA,NA,NA,NA,"AJ38695",NA,NA,NA,NA,NA,NA,NA
NA,"2007-11-20 14:02:47",NA,NA,NA,NA,NA,NA,NA,"0",NA,NA,NA,NA,NA,NA,NA,NA,NA,NA,NA,NA,NA,NA,NA,NA,NA,NA,NA,"1",NA,NA,NA,NA,NA,NA,NA,NA,NA,NA,NA,NA,"AJ38695",NA,NA,NA,NA,NA,NA,NA
NA,"2008-09-01 17:55:50",NA,NA,NA,NA,NA,NA,NA,"0",NA,NA,NA,NA,NA,NA,NA,NA,NA,NA,NA,NA,NA,NA,NA,NA,NA,NA,NA,"1",NA,NA,NA,NA,NA,NA,NA,NA,NA,NA,NA,NA,"AH49855",NA,NA,NA,NA,NA,NA,NA
