"features","percent","is_constant"
"3mm_regularity_index_left_f5163_1_3",1,1
"3mm_strong_meridian_left_f5135_0_2",0.786666666666667,0
"6mm_asymmetry_index_unreliable_right_f5143_1_4",1,1
"age_started_wearing_glasses_or_contact_lenses_f2217_0_0",0.1,0
"alanine_aminotransferase_correction_level_f30623_0_0",0.0433333333333333,1
"ankle_spacing_width_left_f4100_1_0",0.966666666666667,0
"coffee_type_f1508_2_0",0.91,0
"date_of_first_inpatient_diagnosis_icd10_f41280_0_201",1,1
"degree_bothered_by_feeling_tired_all_the_time_in_the_last_3_months_f21060_0_0",0.67,0
"digits_entered_correctly_f4259_3_10",1,1
"duration_to_entering_value_f20230_0_83",1,1
"ecg_heart_rate_f5983_0_60",0.91,0
"ecg_heart_rate_f5983_1_103",1,1
"ecg_stage_name_f5988_1_80",0.99,1
"ever_had_samesex_intercourse_f2159_2_0",0.906666666666667,1
"interpolated_age_of_participant_when_noncancer_illness_first_diagnosed_f20009_1_8",0.996666666666667,1
"mean_thickness_of_gtemporalinf_left_hemisphere_f27439_2_0",0.92,0
"nucleated_red_blood_cell_percentage_acquisition_route_f30234_0_0",0.0366666666666667,0
"operative_procedures_main_opcs4_f41200_0_6",0.853333333333333,0
"ordering_of_blows_f3065_2_0",0.92,0
"other_cereal_intake_f100860_2_0",0.993333333333333,1
"physical_violence_by_partner_or_expartner_as_an_adult_f20523_0_0",0.68,0
"place_of_birth_in_uk_north_coordinate_f129_2_0",0.99,0
"pq_interval_f22330_2_0",0.96,0
"pulse_rate_automated_reading_f102_0_0",0.0633333333333333,0
"stomachabdominal_pain_for_3_months_f3741_1_0",0.996666666666667,1
"usual_length_of_each_night_shift_during_mixed_shift_periods_f22642_0_14",1,1
"values_entered_f23322_3_23",0.993333333333333,1
"weightedmean_fa_in_tract_medial_lemniscus_left_f25505_2_0",0.92,0
"weightedmean_mo_in_tract_cingulate_gyrus_part_of_cingulum_left_f25546_3_0",0.99,0
