"features","percent","is_constant"
"3mm_weak_meridian_left_f5096_0_0",0.803333333333333,0
"6mm_strong_meridian_angle_right_f5106_1_2",0.996666666666667,1
"cough_on_most_days_f22502_0_0",0.75,0
"date_of_first_inpatient_diagnosis_icd10_f41280_0_150",1,1
"date_of_first_inpatient_diagnosis_icd10_f41280_0_24",0.92,0
"date_of_first_inpatient_diagnosis_icd10_f41280_0_87",1,1
"errors_before_selecting_correct_item_in_alphanumeric_path_trail_2_f20148_0_8",1,1
"guilty_feelings_f2030_3_0",0.996666666666667,1
"heel_broadband_ultrasound_attenuation_left_f4101_0_0",0.67,0
"index_for_card_a_in_round_pilot_f10139_0_13",0.986666666666667,1
"mean_signaltonoise_ratio_snr_right_f4244_2_1",0.89,1
"mean_thickness_of_poletemporal_left_hemisphere_f27445_2_0",0.896666666666667,0
"medication_for_pain_relief_constipation_heartburn_f6154_2_0",0.88,0
"method_of_recording_time_when_operation_occurred_f20014_0_21",1,1
"operative_procedures_opcs3_f41273_0_12",1,1
"operative_procedures_opcs4_f41272_0_45",1,1
"rheumatoid_factor_missing_reason_f30825_1_0",0.98,1
"spherical_power_left_f5085_1_4",1,1
"tea_consumed_f100390_2_0",0.843333333333333,0
"type_of_fatoil_used_in_cooking_f20090_4_10",1,1
"types_of_spreadssauces_consumed_f20088_0_8",1,1
"usual_length_of_each_night_shift_during_night_shift_periods_f22652_0_25",1,1
"vitamin_andor_mineral_supplement_use_f20084_3_16",1,1
"volume_of_gscingulmidpost_right_hemisphere_f27706_2_0",0.896666666666667,0
"volume_of_hippocampaltail_right_hemisphere_f26642_2_0",0.896666666666667,0
"volume_of_hippocampus_right_f25020_3_0",1,1
"volume_of_latfispost_right_hemisphere_f27739_2_0",0.896666666666667,0
"weekly_usage_of_mobile_phone_in_last_3_months_f1120_2_0",0.89,0
"worked_with_paints_thinners_or_glues_f22613_0_19",1,1
"workplace_had_a_lot_of_cigarette_smoke_from_other_people_smoking_f22611_0_12",1,1
