"features","percent","is_constant"
"3mm_asymmetry_index_unreliable_right_f5144_1_5",1,1
"3mm_regularity_index_unreliable_right_f5145_1_1",1,1
"area_of_caudalmiddlefrontal_left_hemisphere_f26926_2_0",0.933333333333333,0
"behaviour_of_cancer_tumour_f40012_2_0",0.993333333333333,0
"breathing_problems_during_period_of_job_f22616_0_9",0.993333333333333,1
"central_systolic_blood_pressure_during_pwa_f12677_3_4",1,1
"coffee_intake_f1498_2_0",0.926666666666667,0
"ever_talked_to_a_health_professional_about_unusual_or_psychotic_experiences_f20477_0_0",0.99,0
"external_ca_f41201_0_8",1,1
"fi10_arithmetic_sequence_recognition_f5699_0_0",0.916666666666667,0
"gas_or_solidfuel_cookingheating_f6139_3_2",1,1
"index_for_card_b_in_round_pilot_f10140_0_0",0.996666666666667,1
"interpolated_year_when_noncancer_illness_first_diagnosed_f20008_0_16",0.996666666666667,1
"interpolated_year_when_operation_took_place_f20010_2_12",1,1
"interpolated_year_when_operation_took_place_f20010_2_30",1,1
"keystroke_history_left_f4238_3_12",0.996666666666667,1
"logmar_in_round_right_f5079_0_6",0.996666666666667,1
"mean_l1_in_superior_longitudinal_fasciculus_on_fa_skeleton_left_f25241_2_0",0.943333333333333,0
"mean_sphered_cell_volume_acquisition_time_f30272_2_0",0.99,0
"method_of_recording_time_when_noncancer_illness_first_diagnosed_f20013_3_12",1,1
"milk_type_used_f1418_1_0",0.963333333333333,0
"noncancer_illness_yearage_first_occurred_f87_0_11",0.996666666666667,1
"reception_signoff_timestamp_f21811_0_0",0,0
"thickness_of_buttermargarine_spread_on_sliced_bread_f20098_1_2",1,1
"treatmentmedication_code_f20003_0_2",0.626666666666667,0
"type_of_yogurt_eaten_f20106_0_0",0.956666666666667,0
"values_entered_f23322_2_95",1,1
"volume_of_grey_matter_in_planum_temporale_left_f25872_2_0",0.933333333333333,0
"volume_of_transversetemporal_left_hemisphere_f26820_2_0",0.933333333333333,0
"word_associated_with_tattered_f6470_3_0",0.996666666666667,1
