"features","percent","is_constant"
"added_milk_to_rooibos_tea_f100480_0_0",0.993333333333333,1
"area_of_posteriorcingulate_left_hemisphere_f26743_2_0",0.916666666666667,0
"chocolatecovered_raisin_intake_f102300_0_0",1,1
"comparative_height_size_at_age_10_f1697_2_0",0.986666666666667,0
"ecg_load_f5984_0_56",0.886666666666667,0
"ecg_stage_name_f5988_0_30",0.86,0
"ecg_stage_name_f5988_0_40",0.863333333333333,0
"ecg_stage_name_f5988_0_43",0.863333333333333,0
"femur_troch_bmd_bone_mineral_density_tscore_right_f23215_2_0",0.996666666666667,1
"histology_of_cancer_tumour_f40011_3_0",1,1
"interpolated_age_of_participant_when_noncancer_illness_first_diagnosed_f20009_2_31",1,1
"interpolated_age_of_participant_when_noncancer_illness_first_diagnosed_f20009_3_27",1,1
"interpolated_age_of_participant_when_operation_took_place_f20011_1_15",1,1
"interpolated_year_when_noncancer_illness_first_diagnosed_f20008_1_26",1,1
"keystroke_history_left_f4238_3_1",1,1
"mashed_potato_intake_f104050_2_0",0.986666666666667,1
"mean_signaltonoise_ratio_snr_left_f4233_0_8",0.663333333333333,0
"mixed_fruit_intake_f104440_0_0",0.99,1
"noncancer_illness_code_selfreported_f20002_2_22",1,1
"plays_computer_games_f2237_2_0",0.906666666666667,0
"reason_former_drinker_stopped_drinking_alcohol_f3859_2_0",0.993333333333333,0
"sweet_potato_intake_f104330_4_0",0.996666666666667,1
"time_blood_sample_collected_f3166_1_4",0.953333333333333,0
"triplet_entered_left_f4236_0_4",0.663333333333333,0
"type_of_bread_roll_eaten_f20094_4_3",1,1
"type_of_yogurt_eaten_f20106_3_0",0.96,0
"types_of_spreadssauces_consumed_f20088_2_3",0.996666666666667,1
"values_entered_f23322_2_58",1,1
"volume_of_grey_matter_in_intracalcarine_cortex_left_f25828_2_0",0.92,0
"work_hours_lumped_category_f22604_0_15",1,1
