"features","percent","is_constant"
"area_of_postcentral_right_hemisphere_f26843_2_0",0.9,0
"area_of_ssubparietal_left_hemisphere_f27399_3_0",0.99,0
"buttermargarine_on_breadcrackers_f101300_4_0",0.87,1
"contributory_secondary_ca_f40002_0_7",1,1
"diagnoses_icd10_f41270_0_130",1,1
"diastolic_brachial_blood_pressure_during_pwa_f12675_3_3",1,1
"displayed_letters_in_round_right_f5080_1_15",1,1
"ecg_heart_rate_f5983_0_3",0.863333333333333,0
"ecg_heart_rate_f5983_1_50",0.976666666666667,0
"ecg_stage_name_f5988_1_22",0.973333333333333,0
"ecg_trend_phase_name_f5987_1_106",1,1
"forced_vital_capacity_fvc_f3062_2_0",0.893333333333333,0
"genetic_principal_components_f22009_0_8",0.0266666666666667,0
"haematocrit_percentage_device_id_f30033_2_0",0.98,1
"mean_od_in_cingulum_hippocampus_on_fa_skeleton_left_f25429_2_0",0.91,0
"mean_signaltonoise_ratio_snr_left_f4233_1_8",0.96,0
"mean_thickness_of_gtemporalmiddle_left_hemisphere_f27440_3_0",0.99,0
"night_shifts_worked_f22650_0_15",1,1
"number_of_digits_to_be_memorisedrecalled_f4250_1_15",1,1
"signaltonoiseratio_snr_of_triplet_right_f4241_2_12",0.893333333333333,0
"standard_tea_intake_f100400_4_0",0.836666666666667,0
"target_number_to_be_memorised_f4251_2_1",0.916666666666667,0
"thickness_of_buttermargarine_spread_on_other_bread_f20104_2_0",1,1
"time_number_displayed_for_f4253_3_4",0.986666666666667,0
"touchscreen_authorisation_f21722_2_0",0.886666666666667,0
"values_entered_f23322_2_11",0.916666666666667,0
"vegetable_pieces_intake_f104070_3_0",0.983333333333333,0
"worked_with_paints_thinners_or_glues_f22613_0_36",1,1
"workplace_very_hot_f22608_0_9",1,1
"workplace_very_noisy_f22606_0_17",1,1
