"features","percent","is_constant"
"6mm_asymmetry_index_unreliable_left_f5142_0_0",0.95,1
"6mm_strong_meridian_left_f5134_1_4",1,1
"area_of_ginslgscentins_right_hemisphere_f27567_3_0",0.996666666666667,1
"average_acceleration_2200_2259_f90049_0_0",0.813333333333333,0
"date_of_first_inpatient_diagnosis_icd10_f41280_0_143",1,1
"destinations_on_discharge_from_hospital_polymorphic_f41211_0_4",0.993333333333333,0
"diagnoses_secondary_icd10_f41204_0_3",0.633333333333333,0
"ecg_load_f5984_1_32",0.96,0
"ecg_phase_time_f5986_0_21",0.87,0
"egg_consumers_f102930_1_0",0.8,0
"first_code_array_presented_f6362_3_0",0.993333333333333,0
"illnesses_of_mother_f20110_2_4",1,1
"interpolated_age_of_participant_when_noncancer_illness_first_diagnosed_f20009_3_32",1,1
"lymphocyte_count_acquisition_time_f30122_2_0",0.98,0
"mean_corpuscular_volume_device_id_f30043_1_0",0.953333333333333,0
"mouthteeth_dental_problems_f6149_2_3",1,1
"noncancer_illness_yearage_first_occurred_f87_0_0",0.226666666666667,0
"noncancer_illness_yearage_first_occurred_f87_0_12",1,1
"number_of_beats_in_waveform_average_for_pwa_f12679_2_2",0.996666666666667,1
"operation_yearage_first_occurred_f92_2_25",1,1
"operative_procedures_main_opcs3_f41256_0_0",0.97,0
"peripheral_pulse_pressure_during_pwa_f12676_2_3",1,1
"prospective_memory_result_f20018_2_0",0.91,0
"refractometry_result_unreliable_left_f5090_1_5",1,1
"visual_acuity_measured_right_f5185_1_0",0.953333333333333,1
"volume_of_caudalmiddlefrontal_left_hemisphere_f26791_3_0",0.996666666666667,1
"volume_of_parsopercularis_right_hemisphere_f26906_3_0",0.996666666666667,1
"volume_of_postcentral_right_hemisphere_f26910_3_0",0.996666666666667,1
"vomiting_when_ibs_symptoms_first_began_f21076_0_0",0.966666666666667,1
"workplace_had_a_lot_of_cigarette_smoke_from_other_people_smoking_f22611_0_18",1,1
