"features","percent","is_constant"
"3mm_asymmetry_index_for_irregular_astigmatism_level_right_f5152_0_5",0.996666666666667,1
"6mm_cylindrical_power_angle_left_f5113_1_5",1,1
"acceptability_of_each_blow_result_pilot_f10693_0_2",0.996666666666667,1
"average_weekly_fortified_wine_intake_f1608_2_0",0.936666666666667,0
"bicycle_speed_f5985_1_2",0.963333333333333,0
"bicycle_speed_f5985_1_97",1,1
"crumble_intake_f101990_0_0",0.996666666666667,1
"date_of_first_inpatient_diagnosis_icd10_f41280_0_114",1,1
"date_of_first_inpatient_diagnosis_icd10_f41280_0_2",0.376666666666667,0
"day_shifts_worked_f22630_0_17",1,1
"duration_to_complete_numeric_path_trail_1_f6348_2_0",0.916666666666667,0
"ecg_phase_time_f5986_1_27",0.963333333333333,0
"englyst_dietary_fibre_f100009_0_0",0.853333333333333,0
"fractured_bone_sites_f6151_0_2",1,1
"haematocrit_freezethaw_cycles_f30031_0_0",0.03,1
"mean_signaltonoise_ratio_snr_right_f4244_1_4",0.96,1
"number_of_rows_displayed_in_round_pilot_f10134_0_1",0.993333333333333,1
"number_of_times_clear_was_pressed_right_f4249_0_6",0.69,0
"operative_procedures_main_opcs4_f41200_0_1",0.396666666666667,0
"pressure_curve_right_f5259_0_0",0.813333333333333,0
"sources_of_admission_to_hospital_recoded_f41251_0_4",1,1
"test_array_presented_f20198_0_95",1,1
"testosterone_f30850_1_0",0.966666666666667,0
"time_to_press_first_digit_right_f4245_1_4",0.96,0
"triplet_played_left_f4229_0_10",0.696666666666667,0
"types_of_transport_used_excluding_work_f6162_2_3",1,1
"value_entered_f6312_2_16",0.986666666666667,1
"values_wanted_f20200_0_78",1,1
"volume_level_set_by_participant_left_f4270_0_0",0.693333333333333,0
"worked_with_paints_thinners_or_glues_f22613_0_25",1,1
