"features","percent","is_constant"
"3mm_keratometry_result_unreliable_left_f5136_0_3",1,1
"broad_bean_intake_f104110_1_0",1,1
"diagnoses_icd9_f41271_0_41",1,1
"displayed_letters_in_round_right_f5080_1_14",1,1
"duration_to_entering_value_f20230_0_57",1,1
"ecg_trend_phase_name_f5987_1_103",1,1
"end_systolic_pressure_index_during_pwa_f12684_2_2",0.996666666666667,1
"glycated_haemoglobin_hba1c_correction_level_f30753_0_0",0.05,1
"greywhite_contrast_in_lateralorbitofrontal_left_hemisphere_f27000_3_0",1,1
"impedance_of_leg_right_f23107_3_0",0.996666666666667,1
"ingredients_in_homemade_soup_f20109_4_1",1,1
"job_code_historical_f22617_0_5",0.953333333333333,0
"logmar_in_round_right_f5079_1_11",1,1
"mean_carotid_imt_intimamedial_thickness_at_210_degrees__f22677_3_0",0.996666666666667,1
"method_of_recording_time_when_operation_occurred_f20014_2_26",1,1
"noncancer_illness_code_selfreported_f20002_3_8",1,1
"noncancer_illness_code_selfreported_f20002_3_9",1,1
"nucleated_red_blood_cell_percentage_acquisition_route_f30234_0_0",0.0433333333333333,0
"pulse_rate_automated_reading_f102_2_1",0.92,0
"sample_collection_signoff_timestamp_f21842_0_0",0.00333333333333333,0
"target_number_to_be_memorised_f4251_2_0",0.933333333333333,0
"time_to_press_next_right_f4247_1_2",0.956666666666667,0
"treatmentmedication_code_f20003_2_5",0.986666666666667,0
"triplet_entered_right_f4242_3_10",0.996666666666667,1
"types_of_spread_used_on_breadcrackers_f20087_1_1",0.86,0
"types_of_spreadssauces_consumed_f20088_0_15",1,1
"volume_of_grey_matter_in_brainstem_f25892_3_0",0.996666666666667,1
"volume_of_lateraloccipital_left_hemisphere_f27213_3_0",1,1
"volume_of_lingual_left_hemisphere_f26800_2_0",0.913333333333333,0
"white_pasta_intake_f102710_2_0",0.986666666666667,0
