"features","percent","is_constant"
"abdominal_mri_measurement_completed_f12224_3_0",0.983333333333333,1
"arm_total_mass_right_f23256_2_0",1,1
"blood_clot_dvt_bronchitis_emphysema_asthma_rhinitis_eczema_allergy_diagnosed_by_doctor_f6152_2_4",1,1
"coleslaw_intake_f104080_2_0",0.983333333333333,0
"diagnoses_secondary_icd9_f41205_0_10",1,1
"ecg_automated_diagnoses_f12653_3_12",1,1
"ecg_heart_rate_f5983_1_107",1,1
"fat_removed_from_meat_f103120_2_0",0.956666666666667,0
"illnesses_of_adopted_mother_f20113_3_1",1,1
"income_score_england_f26411_0_0",0.126666666666667,0
"ingredients_in_homemade_soup_f20109_0_5",1,1
"leek_intake_f104230_3_0",0.996666666666667,1
"main_speciality_of_consultant_recoded_f41245_0_18",1,1
"mean_icvf_in_tapetum_on_fa_skeleton_right_f25390_2_0",0.913333333333333,0
"mean_l2_in_sagittal_stratum_on_fa_skeleton_left_f25279_3_0",0.99,0
"mean_md_in_superior_frontooccipital_fasciculus_on_fa_skeleton_left_f25147_2_0",0.913333333333333,0
"mean_thickness_of_insula_left_hemisphere_f27204_2_0",0.913333333333333,0
"noncancer_illness_yearage_first_occurred_f87_1_21",1,1
"number_entered_by_participant_f4258_2_4",0.923333333333333,0
"number_of_night_shifts_worked_monthly_during_mixed_shift_periods_f22643_0_17",1,1
"number_of_rows_displayed_in_round_f397_3_1",0.983333333333333,1
"platelet_distribution_width_acquisition_time_f30112_2_0",0.996666666666667,1
"triplet_played_left_f4229_3_3",0.983333333333333,0
"triplet_played_right_f4240_2_8",0.903333333333333,0
"values_wanted_f20200_0_112",1,1
"volume_of_ba1_left_hemisphere_f27087_2_0",0.913333333333333,0
"volume_of_pui_left_hemisphere_f26666_2_0",0.913333333333333,0
"words_answer_array_pilot_f10609_0_31",1,1
"work_hours_per_week_exact_value_f22605_0_17",1,1
"worked_with_paints_thinners_or_glues_f22613_0_18",1,1
