"features","percent","is_constant"
"area_of_parsorbitalis_right_hemisphere_f26840_2_0",0.893333333333333,0
"bicycle_speed_f5985_0_97",1,1
"carbohydrate_f100005_2_0",0.833333333333333,0
"cholesterol_assay_date_f30691_0_0",0.0633333333333333,0
"creatinine_f30700_1_0",0.95,0
"cystatin_c_f30720_1_0",0.95,0
"date_of_first_inpatient_diagnosis_icd9_f41281_0_40",1,1
"ecg_trend_phase_name_f5987_1_48",0.946666666666667,0
"fi6_conditional_arithmetic_f4990_0_0",0.72,0
"gamma_glutamyltransferase_reportability_f30736_0_0",0.07,1
"job_code_historical_f22617_0_39",1,1
"legal_stat_f41216_0_1",1,1
"mean_l3_in_cerebral_peduncle_on_fa_skeleton_right_f25310_2_0",0.893333333333333,0
"mean_thickness_of_perirhinal_right_hemisphere_f27127_2_0",0.893333333333333,0
"median_t2star_in_amygdala_right_f25037_3_0",0.99,0
"operation_code_f20004_3_8",1,1
"operation_yearage_first_occurred_f92_1_13",1,1
"pork_intake_f103030_3_0",0.97,0
"rest_days_during_night_shift_periods_f22655_0_6",1,1
"speed_of_sound_through_heel_manual_entry_left_f4142_1_0",1,1
"target_number_to_be_memorised_f4251_1_3",1,1
"thickness_of_buttermargarine_spread_on_large_baps_f20100_1_0",0.996666666666667,1
"time_last_key_touched_f4255_2_14",1,1
"time_to_press_first_digit_left_f4234_2_13",0.873333333333333,0
"time_to_press_next_left_f4237_3_3",0.99,0
"visual_acuity_result_in_round_left_f5082_1_8",1,1
"vitamin_andor_mineral_supplement_use_f20084_1_11",0.996666666666667,1
"volume_of_ba45_right_hemisphere_f27137_2_0",0.893333333333333,0
"worked_with_materials_containing_asbestos_f22612_0_23",1,1
"workplace_very_noisy_f22606_0_18",1,1
