"features","percent","is_constant"
"area_of_gfrontsup_right_hemisphere_f27566_3_0",1,1
"area_of_paracentral_left_hemisphere_f26737_3_0",1,1
"belittlement_by_partner_or_expartner_as_an_adult_f20521_0_0",0.696666666666667,0
"cancer_yearage_first_occurred_f84_1_2",1,1
"cauliflower_intake_f104180_0_0",0.996666666666667,1
"diagnoses_secondary_icd9_f41205_0_3",1,1
"ecg_load_f5984_1_7",0.966666666666667,0
"ecg_stage_name_f5988_0_67",0.93,0
"interpolated_age_of_participant_when_noncancer_illness_first_diagnosed_f20009_0_33",1,1
"interpolated_year_when_noncancer_illness_first_diagnosed_f20008_0_28",1,1
"interval_between_previous_point_and_current_one_in_alphanumeric_path_trail_2_f6773_3_19",1,1
"mean_corpuscular_volume_acquisition_route_f30044_1_0",0.963333333333333,0
"mean_thickness_of_gscingulant_right_hemisphere_f27630_3_0",1,1
"mean_thickness_of_parahippocampal_right_hemisphere_f27280_3_0",1,1
"method_of_recording_time_when_operation_occurred_f20014_1_30",1,1
"peak_expiratory_flow_pef_pilot_f10696_0_1",0.993333333333333,0
"phosphate_f30810_1_0",0.966666666666667,0
"seen_doctor_gp_for_nerves_anxiety_tension_or_depression_f2090_3_0",1,1
"tense_highly_strung_f1990_0_0",0,0
"time_to_press_first_digit_right_f4245_2_13",0.926666666666667,0
"triplet_entered_right_f4242_2_12",0.926666666666667,0
"types_of_spreadssauces_consumed_f20088_1_1",0.94,0
"values_entered_f20229_0_20",0.753333333333333,0
"values_entered_f23322_2_85",1,1
"values_wanted_f23321_2_48",1,1
"values_wanted_f23321_2_9",0.95,0
"volume_of_mt_left_hemisphere_f27098_2_0",0.933333333333333,0
"volume_of_pua_right_hemisphere_f26696_2_0",0.933333333333333,0
"volume_of_sorbitalmedolfact_left_hemisphere_f27539_3_0",1,1
"watercress_intake_f104370_3_0",0.993333333333333,0
