"features","percent","is_constant"
"area_of_goccipitalmiddle_right_hemisphere_f27569_3_0",1,1
"astigmatism_angle_left_f5089_0_3",1,1
"autorefraction_method_right_f5189_1_0",0.976666666666667,1
"bicycle_speed_f5985_0_65",0.923333333333333,0
"bilateral_oophorectomy_both_ovaries_removed_f2834_3_0",0.996666666666667,1
"diagnoses_secondary_icd10_f41204_0_139",1,1
"diagnoses_secondary_icd10_f41204_0_17",0.926666666666667,0
"fraction_acceleration_1100_milligravities_f90149_0_0",0.773333333333333,0
"fruit_smoothie_intake_f100220_1_0",0.996666666666667,1
"heart_rate_during_pwa_f12673_2_0",0.936666666666667,0
"income_score_wales_f26418_0_0",0.93,0
"ingredients_in_homemade_soup_f20109_3_3",1,1
"interval_between_previous_point_and_current_one_in_alphanumeric_path_trail_2_f20155_0_23",0.766666666666667,0
"job_involves_night_shift_work_f3426_1_0",1,1
"mean_l2_in_fornix_cresstria_terminalis_on_fa_skeleton_right_f25286_3_0",1,1
"mean_od_in_superior_frontooccipital_fasciculus_on_fa_skeleton_left_f25435_3_0",1,1
"mean_thickness_of_gcuneus_left_hemisphere_f27413_2_0",0.933333333333333,0
"median_bold_effect_in_groupdefined_mask_for_shapes_activation_f25040_2_0",0.946666666666667,0
"mother_still_alive_f1835_2_0",0.93,0
"number_entered_by_participant_f4258_3_9",0.996666666666667,1
"satsuma_intake_f104540_2_0",0.986666666666667,0
"shortness_of_breath_walking_on_level_ground_f4717_0_0",0.603333333333333,0
"target_number_to_be_memorised_f4251_1_13",1,1
"test_array_presented_f20198_0_39",1,1
"time_to_press_last_digit_right_f4246_0_14",0.613333333333333,0
"time_to_press_next_right_f4247_1_13",0.97,0
"vitamin_d_correction_reason_f30894_1_0",0.98,1
"weightedmean_l2_in_tract_uncinate_fasciculus_right_f25622_3_0",1,1
"whole_egg_intake_f102940_2_0",0.98,0
"workplace_had_a_lot_of_diesel_exhaust_f22615_0_31",1,1
