"features","percent","is_constant"
"bilateral_oophorectomy_both_ovaries_removed_f2834_1_0",0.983333333333333,1
"consent_authorisation_f21721_2_0",0.933333333333333,0
"description_of_cause_of_death_f40010_0_0",0.953333333333333,0
"ever_had_breast_cancer_screening_mammogram_f2674_3_0",0.996666666666667,1
"frequency_of_harder_stools_when_abdominal_discomfortpain_started_f21032_0_0",0.853333333333333,0
"had_menopause_f2724_2_0",0.966666666666667,0
"histology_of_cancer_tumour_f40011_2_0",0.996666666666667,1
"ie1a_antigen_for_human_herpesvirus6_f23010_1_0",1,1
"interval_between_previous_point_and_current_one_in_alphanumeric_path_trail_2_f6773_3_20",0.993333333333333,0
"interval_between_previous_point_and_current_one_in_numeric_path_trail_1_f6772_3_8",0.993333333333333,0
"mean_l2_in_anterior_limb_of_internal_capsule_on_fa_skeleton_left_f25265_2_0",0.946666666666667,0
"mean_mo_in_inferior_cerebellar_peduncle_on_fa_skeleton_right_f25162_3_0",1,1
"noncancer_illness_yearage_first_occurred_f87_2_19",1,1
"nucleated_red_blood_cell_count_f30170_2_0",0.996666666666667,1
"number_of_letters_correct_in_round_left_f5077_1_3",0.99,0
"number_of_night_shifts_worked_monthly_during_mixed_shift_periods_f22643_0_8",1,1
"potassium_in_urine_result_flag_f30525_1_0",1,1
"source_of_subarachnoid_haemorrhage_report_f42013_0_0",0.993333333333333,0
"sweetened_cereal_intake_f100820_4_0",0.993333333333333,0
"test_array_presented_f20198_0_17",0.763333333333333,0
"time_blood_sample_collected_f3166_2_0",0.933333333333333,0
"time_number_displayed_for_f4253_0_11",0.996666666666667,1
"time_to_press_next_left_f4237_0_10",0.66,0
"time_to_press_next_right_f4247_0_4",0.653333333333333,0
"values_entered_f23322_3_24",0.996666666666667,1
"vegetable_pieces_intake_f104070_2_0",0.973333333333333,0
"weightedmean_icvf_in_tract_cingulate_gyrus_part_of_cingulum_right_f25655_2_0",0.946666666666667,0
"weightedmean_isovf_in_tract_uncinate_fasciculus_right_f25730_2_0",0.946666666666667,0
"weightedmean_l3_in_tract_parahippocampal_part_of_cingulum_right_f25630_3_0",1,1
"worked_with_materials_containing_asbestos_f22612_0_25",1,1
