"features","percent","is_constant"
"alkaline_phosphatase_correction_reason_f30614_0_0",0.0733333333333333,1
"area_of_gsoccipitalinf_right_hemisphere_f27552_3_0",0.996666666666667,1
"area_of_inferiortemporal_right_hemisphere_f27242_2_0",0.933333333333333,0
"baked_bean_intake_f104000_0_0",0.993333333333333,1
"believed_safe_to_perform_dxa_scan_f12141_2_0",0.906666666666667,1
"consecutive_night_shifts_during_mixed_shift_periods_f22644_0_12",1,1
"couscous_intake_f102770_2_0",1,1
"diagnoses_icd10_f41270_0_58",1,1
"diagnoses_icd10_f41270_0_75",1,1
"ecg_phase_time_f5986_0_91",0.996666666666667,1
"illnesses_of_siblings_f20111_3_11",1,1
"index_for_card_a_in_round_f401_3_5",0.99,1
"intraocular_pressure_iop_method_left_f5196_1_0",0.986666666666667,1
"job_code_historical_f22617_0_4",0.933333333333333,0
"mean_arterial_pressure_during_pwa_f12687_3_0",0.99,0
"mean_l1_in_cingulum_cingulate_gyrus_on_fa_skeleton_right_f25234_3_0",0.996666666666667,1
"operation_yearage_first_occurred_f92_1_17",1,1
"operative_procedures_secondary_opcs4_f41210_0_84",1,1
"spherical_power_left_f5085_1_3",1,1
"test_array_presented_f20198_0_111",1,1
"time_to_complete_round_f400_3_3",0.996666666666667,1
"transport_type_for_commuting_to_job_workplace_f6143_0_1",0.84,0
"treatmentmedication_code_f20003_0_4",0.793333333333333,0
"treatmentmedication_code_f20003_3_12",1,1
"type_of_fatoil_used_in_cooking_f20090_1_17",1,1
"volume_of_peripheral_cortical_grey_matter_normalised_for_head_size_f25001_3_0",0.996666666666667,1
"volume_of_sprecentralinfpart_left_hemisphere_f27544_3_0",0.996666666666667,1
"volume_of_superiorfrontal_left_hemisphere_f27230_2_0",0.933333333333333,0
"weightedmean_icvf_in_tract_inferior_longitudinal_fasciculus_left_f25664_3_0",0.996666666666667,1
"work_hours_per_week_exact_value_f22605_0_1",0.923333333333333,0
