"features","percent","is_constant"
"area_of_caudalanteriorcingulate_left_hemisphere_f27143_2_0",0.92,0
"area_of_gfrontinforbital_left_hemisphere_f27341_3_0",0.996666666666667,1
"current_employment_status_f6142_2_1",0.993333333333333,1
"date_of_first_inpatient_diagnosis_icd10_f41280_0_143",1,1
"date_of_first_operative_procedure_opcs4_f41282_0_71",1,1
"forced_expiratory_volume_in_1second_fev1_f3063_2_0",0.906666666666667,0
"greywhite_contrast_in_caudalmiddlefrontal_left_hemisphere_f26992_3_0",0.996666666666667,1
"illness_injury_bereavement_stress_in_last_2_years_f6145_1_1",0.99,0
"illnesses_of_father_f20107_0_0",0.0266666666666667,0
"index_for_card_b_in_round_f402_2_10",0.9,1
"interpolated_year_when_noncancer_illness_first_diagnosed_f20008_3_11",1,1
"interval_between_previous_point_and_current_one_in_numeric_path_trail_1_f6772_2_4",0.916666666666667,0
"logmar_in_round_left_f5078_0_4",0.986666666666667,0
"mean_isovf_in_uncinate_fasciculus_on_fa_skeleton_left_f25485_2_0",0.923333333333333,0
"mean_l3_in_anterior_limb_of_internal_capsule_on_fa_skeleton_left_f25313_2_0",0.923333333333333,0
"mean_thickness_of_rostralmiddlefrontal_left_hemisphere_f26781_2_0",0.92,0
"method_of_recording_time_when_operation_occurred_f20014_1_10",1,1
"number_of_blood_samples_taken_f68_3_0",0.993333333333333,1
"oily_fish_intake_f1329_1_0",0.956666666666667,0
"operation_yearage_first_occurred_f92_2_21",1,1
"previously_smoked_cigarettes_on_mostall_days_f5959_0_0",0.996666666666667,1
"rheumatoid_factor_assay_date_f30821_0_0",0.07,0
"seen_a_psychiatrist_for_nerves_anxiety_tension_or_depression_f2100_1_0",0.956666666666667,0
"size_of_rose_wine_glass_drunk_f20097_4_0",0.99,0
"type_of_bread_roll_eaten_f20094_4_1",0.996666666666667,1
"visual_acuity_result_in_round_left_f5082_0_10",1,1
"vitamin_andor_mineral_supplement_use_f20084_1_1",0.946666666666667,0
"weightedmean_l1_in_tract_forceps_major_f25579_3_0",0.996666666666667,1
"weightedmean_l3_in_tract_parahippocampal_part_of_cingulum_right_f25630_2_0",0.923333333333333,0
"workplace_very_dusty_f22609_0_4",0.943333333333333,0
