"features","percent","is_constant"
"6mm_regularity_index_right_f5161_0_5",0.996666666666667,1
"alcohol_intake_versus_10_years_previously_f1628_3_0",0.996666666666667,1
"area_of_posteriorcingulate_left_hemisphere_f26945_2_0",0.92,0
"average_acceleration_0000_0059_f90027_0_0",0.796666666666667,0
"broad_bean_intake_f104110_0_0",0.996666666666667,1
"cherry_intake_f104480_4_0",0.993333333333333,0
"country_of_birth_ukelsewhere_f1647_0_0",0.00333333333333333,0
"ecg_phase_time_f5986_1_21",0.97,0
"ecg_trend_phase_name_f5987_1_90",1,1
"fractured_bone_sites_f6151_2_3",1,1
"frequency_of_stair_climbing_in_last_4_weeks_f943_0_0",0.0233333333333333,0
"glycated_haemoglobin_hba1c_reportability_f30756_0_0",0.0766666666666667,1
"hip_pain_for_3_months_f3414_3_0",1,1
"home_location_east_coordinate_rounded_f22702_0_10",1,1
"interpolated_age_of_participant_when_noncancer_illness_first_diagnosed_f20009_1_8",1,1
"mean_l3_in_posterior_corona_radiata_on_fa_skeleton_left_f25323_3_0",0.996666666666667,1
"method_of_recording_time_when_noncancer_illness_first_diagnosed_f20013_0_12",1,1
"noncancer_illness_code_selfreported_f20002_3_23",1,1
"number_of_digits_to_be_memorisedrecalled_f4250_1_0",1,1
"number_of_digits_to_be_memorisedrecalled_f4250_3_11",1,1
"other_meat_intake_f103100_1_0",0.993333333333333,1
"other_vegetarian_alternative_intake_f103290_1_0",1,1
"standard_tea_intake_f100400_2_0",0.87,0
"test_array_presented_f20198_0_5",0.76,1
"time_to_press_last_digit_right_f4246_1_3",0.966666666666667,0
"treatmentmedication_code_f20003_0_38",1,1
"type_of_meals_eaten_f20089_0_0",0.866666666666667,0
"visual_acuity_result_in_round_left_f5082_1_6",1,1
"vitamin_b12_f100013_3_0",0.793333333333333,0
"workplace_full_of_chemical_or_other_fumes_f22610_0_21",1,1
