"features","percent","is_constant"
"6mm_asymmetry_index_right_f5158_1_3",1,1
"answered_sexual_history_questions_f2129_2_0",0.906666666666667,0
"area_of_ba4a_right_hemisphere_f27105_3_0",1,1
"area_of_cuneus_left_hemisphere_f26725_2_0",0.923333333333333,0
"area_of_sintraparietptrans_left_hemisphere_f27384_2_0",0.923333333333333,0
"danish_pastry_intake_f102060_0_0",1,1
"diagnoses_icd10_f41270_0_57",1,1
"diagnoses_secondary_icd10_f41204_0_102",1,1
"discrepancy_between_t1_brain_image_and_standardspace_brain_template_nonlinearlyaligned_f25732_3_0",1,1
"dried_fruit_intake_f104430_0_0",0.983333333333333,0
"ecg_trend_phase_name_f5987_1_106",1,1
"ethnic_background_f21000_1_0",0.966666666666667,0
"greywhite_contrast_in_postcentral_right_hemisphere_f27045_2_0",0.923333333333333,0
"mean_l2_in_uncinate_fasciculus_on_fa_skeleton_right_f25292_3_0",1,1
"mothers_age_at_death_f3526_3_0",1,1
"number_of_correct_matches_in_round_f20131_0_2",0.96,1
"operation_code_f20004_3_26",1,1
"test_array_presented_f20198_0_78",1,1
"time_elapsed_f4256_1_6",1,1
"time_number_displayed_for_f4253_1_3",1,1
"time_to_press_first_digit_right_f4245_0_8",0.663333333333333,0
"transport_type_for_commuting_to_job_workplace_f6143_3_1",1,1
"triplet_correct_right_f4243_1_14",0.966666666666667,0
"uk_biobank_assessment_centre_f54_2_0",0.903333333333333,0
"visual_acuity_result_in_round_right_f5083_0_10",1,1
"weightedmean_mo_in_tract_inferior_longitudinal_fasciculus_right_f25557_3_0",1,1
"why_reduced_smoking_f6158_2_1",1,1
"word_associated_with_huge_f6448_2_0",0.92,0
"workplace_very_hot_f22608_0_4",0.936666666666667,0
"year_job_started_f22602_0_17",1,1
