"features","percent","is_constant"
"6mm_strong_meridian_angle_right_f5106_1_3",1,1
"albumin_f30600_0_0",0.16,0
"answered_sexual_history_questions_f2129_3_0",0.986666666666667,0
"area_of_gfrontinfopercular_left_hemisphere_f27340_3_0",0.99,0
"average_monthly_champagne_plus_white_wine_intake_f4418_3_0",0.993333333333333,0
"conclusion_duration_f6_3_0",0.986666666666667,0
"diagnoses_secondary_icd10_f41204_0_163",1,1
"duration_to_entering_value_f20230_0_16",0.74,0
"errors_before_selecting_correct_item_in_numeric_path_trail_1_f20147_0_24",0.996666666666667,1
"leek_intake_f104230_4_0",0.993333333333333,0
"mean_l1_in_superior_cerebellar_peduncle_on_fa_skeleton_left_f25213_2_0",0.916666666666667,0
"mean_l3_in_external_capsule_on_fa_skeleton_right_f25328_2_0",0.916666666666667,0
"method_of_recording_time_when_noncancer_illness_first_diagnosed_f20013_1_0",0.97,0
"operative_procedures_main_opcs4_f41200_0_46",1,1
"red_blood_cell_erythrocyte_count_acquisition_route_f30014_2_0",0.986666666666667,1
"spread_type_pilot_f10767_0_0",0.996666666666667,1
"standard_tea_intake_f100400_4_0",0.853333333333333,0
"target_number_to_be_entered_f4252_0_2",0.92,0
"test_array_presented_f20198_0_70",1,1
"time_to_press_next_left_f4237_1_7",0.956666666666667,0
"types_of_spreadssauces_consumed_f20088_0_14",1,1
"value_entered_f6312_2_8",0.933333333333333,0
"values_entered_f20229_0_69",1,1
"values_wanted_f23321_3_70",1,1
"values_wanted_f23321_3_72",1,1
"volume_of_grey_matter_in_juxtapositional_lobule_cortex_formerly_supplementary_motor_cortex_left_f25832_2_0",0.903333333333333,0
"weight_f21002_3_0",0.986666666666667,0
"workplace_full_of_chemical_or_other_fumes_f22610_0_25",1,1
"workplace_very_hot_f22608_0_14",1,1
"year_job_ended_f22603_0_27",1,1
