"features","percent","is_constant"
"3mm_strong_meridian_right_f5132_0_5",1,1
"administrative_and_legal_stat_f41232_0_2",1,1
"age_at_cancer_diagnosis_f40008_4_0",1,1
"apple_intake_f104450_4_0",0.923333333333333,0
"area_of_soctemplat_left_hemisphere_f27388_2_0",0.93,0
"area_of_superiortemporal_right_hemisphere_f26851_3_0",1,1
"bap_intake_f101090_1_0",0.993333333333333,0
"cochlear_implant_f4792_1_0",0.953333333333333,1
"date_of_first_operative_procedure_main_opcs4_f41260_0_15",0.996666666666667,1
"date_of_first_operative_procedure_opcs4_f41282_0_69",1,1
"diagnoses_main_icd10_f41202_0_39",1,1
"ecg_automated_diagnoses_f12653_3_3",0.996666666666667,1
"ecg_heart_rate_f5983_1_8",0.96,0
"ecg_load_f5984_1_43",0.96,0
"gas_or_solidfuel_cookingheating_f6139_3_0",0.993333333333333,0
"how_are_people_in_household_related_to_participant_f6141_0_1",0.76,0
"mean_l2_in_cingulum_hippocampus_on_fa_skeleton_left_f25285_2_0",0.933333333333333,0
"mean_thickness_of_fusiform_right_hemisphere_f26862_3_0",1,1
"number_of_days_out_of_10_with_abdominal_pain_f21037_0_0",0.903333333333333,0
"number_of_holesbeforefixing_left_hemisphere_f26568_3_0",1,1
"number_of_times_snapbutton_pressed_f403_0_8",0.0133333333333333,0
"pressure_curve_left_f5267_0_0",0.813333333333333,0
"recent_inability_to_stop_or_control_worrying_f20509_0_0",0.69,0
"recent_medication_for_cystic_fibrosis_f22171_0_0",1,1
"speed_of_sound_through_heel_left_f4103_0_0",0.733333333333333,0
"values_entered_f20229_0_101",1,1
"values_wanted_f23321_3_11",0.993333333333333,0
"volume_of_latfispost_left_hemisphere_f27517_3_0",1,1
"volume_of_totalgray_whole_brain_f26518_3_0",1,1
"weightedmean_l2_in_tract_parahippocampal_part_of_cingulum_right_f25603_2_0",0.933333333333333,0
