"features","percent","is_constant"
"area_of_paracentral_left_hemisphere_f26737_3_0",1,1
"average_acceleration_1500_1559_f90042_0_0",0.846666666666667,0
"date_of_first_inpatient_diagnosis_icd10_f41280_0_57",0.98,0
"date_of_first_operative_procedure_main_opcs3_f41257_0_12",1,1
"ecg_phase_time_f5986_1_47",0.973333333333333,0
"fraction_acceleration_1400_milligravities_f90152_0_0",0.846666666666667,1
"interpolated_age_of_participant_when_operation_took_place_f20011_1_16",1,1
"interpolated_year_when_noncancer_illness_first_diagnosed_f20008_1_1",0.986666666666667,0
"interval_between_previous_point_and_current_one_in_alphanumeric_path_trail_2_f6773_2_22",0.956666666666667,0
"item_selected_for_each_puzzle_f6332_2_4",0.956666666666667,0
"job_coding_f22601_0_25",1,1
"manichyper_symptoms_f6156_3_0",1,1
"mean_icvf_in_retrolenticular_part_of_internal_capsule_on_fa_skeleton_left_f25365_3_0",1,1
"mean_icvf_in_superior_longitudinal_fasciculus_on_fa_skeleton_left_f25385_2_0",0.956666666666667,0
"mean_l2_in_posterior_limb_of_internal_capsule_on_fa_skeleton_right_f25266_3_0",1,1
"mean_thickness_of_scingulmarginalis_right_hemisphere_f27670_3_0",1,1
"method_of_recording_time_when_operation_occurred_f20014_0_1",0.52,0
"method_of_recording_time_when_operation_occurred_f20014_0_15",1,1
"methods_of_admission_to_hospital_polymorphic_f41212_0_7",0.993333333333333,0
"number_entered_by_participant_f4258_2_6",0.96,0
"reason_for_not_eating_or_drinking_normally_f20085_1_1",1,1
"rheumatoid_factor_aliquot_f30822_0_0",0.0733333333333333,0
"sexually_molested_as_a_child_f20490_0_0",0.7,0
"speed_of_sound_through_heel_right_f4122_2_0",0.96,0
"type_of_sliced_bread_eaten_f20091_4_1",0.956666666666667,0
"volume_of_poletemporal_right_hemisphere_f27741_3_0",1,1
"volume_of_vamc_left_hemisphere_f26675_2_0",0.95,0
"weightedmean_fa_in_tract_uncinate_fasciculus_left_f25513_3_0",1,1
"why_stopped_smoking_f6157_0_3",0.996666666666667,1
"worked_with_pesticides_f22614_0_39",1,1
