"features","percent","is_constant"
"cappuccino_intake_f100290_3_0",0.986666666666667,1
"date_of_first_inpatient_diagnosis_main_icd10_f41262_0_43",1,1
"death_record_origin_f40020_0_0",0.93,0
"diagnoses_secondary_icd10_f41204_0_101",1,1
"ecg_phase_time_f5986_0_78",0.973333333333333,0
"ecg_phase_time_f5986_0_89",0.996666666666667,1
"ecg_trend_phase_name_f5987_0_50",0.863333333333333,0
"end_systolic_pressure_index_during_pwa_f12684_3_3",1,1
"errors_before_selecting_correct_item_in_alphanumeric_path_trail_2_f6771_2_15",1,1
"filtered_coffee_intake_f100270_2_0",0.963333333333333,0
"genetic_principal_components_f22009_0_17",0.0233333333333333,0
"greywhite_contrast_in_isthmuscingulate_left_hemisphere_f26998_3_0",0.99,0
"illnesses_of_adopted_mother_f20113_3_1",1,1
"interpolated_age_of_participant_when_noncancer_illness_first_diagnosed_f20009_3_8",1,1
"interpolated_year_when_noncancer_illness_first_diagnosed_f20008_0_15",1,1
"mean_fa_in_fornix_cresstria_terminalis_on_fa_skeleton_left_f25095_2_0",0.9,0
"mean_isovf_in_medial_lemniscus_on_fa_skeleton_right_f25448_2_0",0.9,0
"mean_md_in_tapetum_on_fa_skeleton_right_f25150_3_0",0.99,0
"operation_yearage_first_occurred_f92_1_10",1,1
"operative_procedures_opcs4_f41272_0_77",1,1
"operative_procedures_secondary_opcs4_f41210_0_81",1,1
"satisfaction_with_bowel_habits_f21040_0_0",0.613333333333333,0
"spine_bmd_bone_mineral_density_f23234_2_0",0.98,0
"time_to_press_next_right_f4247_0_12",0.7,0
"tofu_intake_f103270_1_0",0.993333333333333,1
"values_wanted_f23321_2_51",1,1
"volume_of_gpostcentral_left_hemisphere_f27504_3_0",0.99,0
"volume_of_putamen_right_hemisphere_f26591_3_0",0.99,0
"volume_of_vamc_left_hemisphere_f26675_3_0",0.99,0
"wear_duration_during_1000_1059_f90070_0_0",0.756666666666667,0
