"method_of_recording_time_when_noncancer_illness_first_diagnosed_f20013_3_12","interpolated_year_when_operation_took_place_f20010_2_30","behaviour_of_cancer_tumour_f40012_2_0","interpolated_year_when_operation_took_place_f20010_2_12","treatmentmedication_code_f20003_0_2","ever_talked_to_a_health_professional_about_unusual_or_psychotic_experiences_f20477_0_0","volume_of_transversetemporal_left_hemisphere_f26820_2_0","mean_sphered_cell_volume_acquisition_time_f30272_2_0","fi10_arithmetic_sequence_recognition_f5699_0_0","milk_type_used_f1418_1_0","keystroke_history_left_f4238_3_12","values_entered_f23322_2_95","breathing_problems_during_period_of_job_f22616_0_9","index_for_card_b_in_round_pilot_f10140_0_0","gas_or_solidfuel_cookingheating_f6139_3_2","external_ca_f41201_0_8","area_of_caudalmiddlefrontal_left_hemisphere_f26926_2_0","3mm_regularity_index_unreliable_right_f5145_1_1","noncancer_illness_yearage_first_occurred_f87_0_11","coffee_intake_f1498_2_0","interpolated_year_when_noncancer_illness_first_diagnosed_f20008_0_16","central_systolic_blood_pressure_during_pwa_f12677_3_4","type_of_yogurt_eaten_f20106_0_0","logmar_in_round_right_f5079_0_6","reception_signoff_timestamp_f21811_0_0","mean_l1_in_superior_longitudinal_fasciculus_on_fa_skeleton_left_f25241_2_0","3mm_asymmetry_index_unreliable_right_f5144_1_5","thickness_of_buttermargarine_spread_on_sliced_bread_f20098_1_2","word_associated_with_tattered_f6470_3_0","volume_of_grey_matter_in_planum_temporale_left_f25872_2_0"
NA,NA,NA,NA,NA,NA,NA,NA,NA,NA,NA,NA,NA,NA,NA,NA,NA,NA,NA,NA,NA,NA,NA,NA,"2009-08-29 08:40:08",NA,NA,NA,NA,NA
NA,NA,NA,NA,NA,NA,NA,NA,NA,"2",NA,NA,NA,NA,NA,NA,NA,NA,NA,NA,NA,NA,NA,NA,"2008-10-02 08:47:06",NA,NA,NA,NA,NA
NA,NA,NA,NA,NA,NA,NA,NA,NA,NA,NA,NA,NA,NA,NA,NA,NA,NA,NA,NA,NA,NA,NA,NA,"2008-10-07 11:46:49",NA,NA,NA,NA,NA
NA,NA,NA,NA,NA,NA,NA,NA,NA,NA,NA,NA,NA,NA,NA,NA,NA,NA,NA,NA,NA,NA,NA,NA,"2009-02-20 08:43:26",NA,NA,NA,NA,NA
NA,NA,NA,NA,NA,NA,NA,NA,NA,NA,NA,NA,NA,NA,NA,NA,NA,NA,NA,NA,NA,NA,NA,NA,"2007-10-30 11:39:23",NA,NA,NA,NA,NA
NA,NA,NA,NA,NA,NA,NA,NA,NA,NA,NA,NA,NA,NA,NA,NA,NA,NA,NA,NA,NA,NA,NA,NA,"2010-07-03 08:28:46",NA,NA,NA,NA,NA
NA,NA,NA,NA,NA,NA,NA,NA,NA,NA,NA,NA,NA,NA,NA,NA,NA,NA,NA,NA,NA,NA,NA,NA,"2009-05-23 08:23:16",NA,NA,NA,NA,NA
NA,NA,NA,NA,NA,NA,NA,NA,NA,NA,NA,NA,NA,NA,NA,NA,NA,NA,NA,NA,NA,NA,NA,NA,"2008-09-05 13:17:20",NA,NA,NA,NA,NA
NA,NA,NA,NA,"1140865634",NA,NA,NA,NA,NA,NA,NA,NA,NA,NA,NA,NA,NA,NA,NA,NA,NA,NA,NA,"2010-02-18 09:45:55",NA,NA,NA,NA,NA
NA,NA,NA,NA,"1140909708",NA,NA,NA,NA,NA,NA,NA,NA,NA,NA,NA,NA,NA,NA,NA,NA,NA,"210",NA,"2010-06-23 10:22:08",NA,NA,NA,NA,NA
NA,NA,NA,NA,NA,NA,NA,NA,NA,NA,NA,NA,NA,NA,NA,NA,NA,NA,NA,NA,NA,NA,"210",NA,"2010-05-27 14:01:22",NA,NA,NA,NA,NA
NA,NA,NA,NA,NA,NA,NA,NA,NA,NA,NA,NA,NA,NA,NA,NA,NA,NA,NA,NA,NA,NA,NA,NA,"2007-11-09 08:57:44",NA,NA,NA,NA,NA
NA,NA,NA,NA,NA,NA,"1302",NA,NA,NA,NA,NA,NA,NA,NA,NA,"2247",NA,NA,"2",NA,NA,NA,NA,"2008-11-26 16:32:32","0.001208",NA,NA,NA,"1511.98"
NA,NA,NA,NA,NA,"0",NA,NA,NA,NA,NA,NA,NA,NA,NA,NA,NA,NA,NA,NA,NA,NA,NA,NA,"2010-05-24 10:31:52",NA,NA,NA,NA,NA
NA,NA,NA,NA,NA,NA,NA,NA,NA,NA,NA,NA,NA,NA,NA,NA,NA,NA,NA,NA,NA,NA,NA,NA,"2009-11-06 08:02:21",NA,NA,NA,NA,NA
NA,NA,NA,NA,"1140882498",NA,NA,NA,NA,NA,NA,NA,NA,NA,NA,NA,NA,NA,NA,NA,NA,NA,NA,NA,"2009-05-22 09:49:53",NA,NA,NA,NA,NA
NA,NA,NA,NA,"1140867490","1",NA,NA,NA,NA,NA,NA,NA,NA,NA,NA,NA,NA,NA,NA,NA,NA,NA,NA,"2007-12-21 15:27:42",NA,NA,NA,NA,NA
NA,NA,NA,NA,"1140879760",NA,NA,NA,NA,NA,NA,NA,NA,NA,NA,NA,NA,NA,NA,NA,NA,NA,NA,NA,"2010-06-14 15:43:30",NA,NA,NA,NA,NA
NA,NA,NA,NA,NA,NA,NA,NA,NA,NA,NA,NA,NA,NA,NA,NA,NA,NA,NA,NA,NA,NA,NA,NA,"2010-06-05 14:33:16",NA,NA,NA,NA,NA
NA,NA,NA,NA,NA,NA,NA,NA,NA,NA,NA,NA,NA,NA,NA,NA,NA,NA,NA,NA,NA,NA,NA,NA,"2008-08-06 15:29:02",NA,NA,NA,NA,NA
NA,NA,NA,NA,NA,NA,NA,NA,"-1",NA,NA,NA,NA,NA,NA,NA,NA,NA,NA,NA,NA,NA,NA,NA,"2010-05-29 13:32:06",NA,NA,NA,NA,NA
NA,NA,NA,NA,NA,NA,NA,NA,NA,NA,NA,NA,NA,NA,NA,NA,NA,NA,NA,NA,NA,NA,NA,NA,"2009-10-26 11:00:12",NA,NA,NA,NA,NA
NA,NA,NA,NA,NA,NA,NA,NA,NA,NA,NA,NA,NA,NA,NA,NA,NA,NA,NA,NA,NA,NA,NA,NA,"2009-05-26 13:34:39",NA,NA,NA,NA,NA
NA,NA,NA,NA,"1140916682",NA,"1228",NA,NA,NA,NA,NA,NA,NA,NA,NA,"1941",NA,NA,"1",NA,NA,NA,NA,"2008-12-12 13:41:20","0.001174",NA,NA,NA,"1788.69"
NA,NA,NA,NA,NA,NA,NA,NA,NA,NA,NA,NA,NA,NA,NA,NA,NA,NA,NA,NA,NA,NA,NA,NA,"2009-08-06 15:34:46",NA,NA,NA,NA,NA
NA,NA,NA,NA,NA,NA,NA,NA,NA,NA,NA,NA,NA,NA,NA,NA,NA,NA,NA,NA,NA,NA,NA,NA,"2008-11-26 15:30:51",NA,NA,NA,NA,NA
NA,NA,NA,NA,NA,NA,NA,NA,NA,NA,NA,NA,NA,NA,NA,NA,NA,NA,NA,NA,NA,NA,NA,NA,"2010-05-17 11:47:25",NA,NA,NA,NA,NA
NA,NA,NA,NA,"1140882708",NA,NA,NA,NA,NA,NA,NA,NA,NA,NA,NA,NA,NA,NA,NA,NA,NA,NA,NA,"2008-08-29 12:00:09",NA,NA,NA,NA,NA
NA,NA,NA,NA,NA,NA,NA,NA,NA,NA,NA,NA,NA,NA,NA,NA,NA,NA,NA,NA,NA,NA,NA,NA,"2009-02-03 16:14:37",NA,NA,NA,NA,NA
NA,NA,NA,NA,NA,NA,NA,NA,NA,NA,NA,NA,NA,NA,NA,NA,NA,NA,NA,NA,NA,NA,NA,NA,"2007-11-17 10:03:18",NA,NA,NA,NA,NA
NA,NA,NA,NA,NA,NA,NA,NA,NA,NA,NA,NA,NA,NA,NA,NA,NA,NA,NA,NA,NA,NA,NA,NA,"2009-03-07 14:48:09",NA,NA,NA,NA,NA
NA,NA,NA,NA,NA,NA,NA,NA,NA,NA,NA,NA,NA,NA,NA,NA,NA,NA,NA,NA,NA,NA,"210",NA,"2009-12-17 08:59:04",NA,NA,NA,NA,NA
NA,NA,NA,NA,NA,NA,NA,NA,NA,NA,NA,NA,NA,NA,NA,NA,NA,NA,NA,NA,NA,NA,NA,NA,"2008-01-22 18:02:33",NA,NA,NA,NA,NA
NA,NA,NA,NA,NA,NA,NA,NA,NA,NA,NA,NA,NA,NA,NA,NA,NA,NA,NA,NA,NA,NA,NA,NA,"2008-11-24 15:27:44",NA,NA,NA,NA,NA
NA,NA,NA,NA,NA,NA,NA,NA,NA,"2",NA,NA,NA,NA,NA,NA,NA,NA,NA,NA,NA,NA,NA,NA,"2008-07-12 11:31:54",NA,NA,NA,NA,NA
NA,NA,NA,NA,"1140878512",NA,NA,NA,NA,NA,NA,NA,NA,NA,NA,NA,NA,NA,NA,NA,NA,NA,NA,NA,"2009-03-11 11:08:52",NA,NA,NA,NA,NA
NA,NA,NA,NA,NA,NA,NA,NA,NA,NA,NA,NA,NA,NA,NA,NA,NA,NA,NA,NA,NA,NA,NA,NA,"2009-02-25 08:45:07",NA,NA,NA,NA,NA
NA,NA,NA,NA,NA,NA,NA,NA,NA,NA,NA,NA,NA,NA,NA,NA,NA,NA,NA,NA,NA,NA,NA,NA,"2008-04-04 14:12:19",NA,NA,NA,NA,NA
NA,NA,NA,NA,NA,NA,NA,NA,"95","2",NA,NA,NA,NA,NA,NA,NA,NA,NA,NA,NA,NA,NA,NA,"2009-11-21 14:26:57",NA,NA,NA,NA,NA
NA,NA,NA,NA,NA,NA,"1468",NA,NA,NA,NA,NA,NA,NA,NA,NA,"2335",NA,NA,"1",NA,NA,NA,NA,"2009-06-20 12:32:13","0.001183",NA,NA,NA,"2067.33"
NA,NA,NA,NA,NA,NA,NA,NA,NA,NA,NA,NA,NA,NA,NA,NA,NA,NA,NA,NA,NA,NA,NA,NA,"2010-06-15 11:57:34",NA,NA,NA,NA,NA
NA,NA,NA,NA,"1140911734",NA,NA,NA,NA,NA,NA,NA,NA,NA,NA,NA,NA,NA,NA,NA,NA,NA,NA,NA,"2008-11-17 08:21:02",NA,NA,NA,NA,NA
NA,NA,NA,NA,NA,NA,NA,NA,NA,NA,NA,NA,NA,NA,NA,NA,NA,NA,NA,NA,NA,NA,NA,NA,"2009-06-02 15:16:34",NA,NA,NA,NA,NA
NA,NA,NA,NA,"1140861958",NA,NA,NA,NA,NA,NA,NA,NA,NA,NA,NA,NA,NA,NA,NA,NA,NA,NA,NA,"2009-02-20 15:48:05",NA,NA,NA,NA,NA
NA,NA,NA,NA,NA,NA,NA,NA,NA,NA,NA,NA,NA,NA,NA,NA,NA,NA,NA,NA,NA,NA,NA,NA,"2009-01-16 12:40:19",NA,NA,NA,NA,NA
NA,NA,NA,NA,NA,NA,NA,NA,NA,NA,NA,NA,NA,NA,NA,NA,NA,NA,NA,NA,NA,NA,NA,NA,"2007-11-20 11:26:09",NA,NA,NA,NA,NA
NA,NA,NA,NA,"1140888098",NA,NA,NA,NA,NA,NA,NA,NA,NA,NA,NA,NA,NA,NA,NA,NA,NA,NA,NA,"2008-10-06 11:47:50",NA,NA,NA,NA,NA
NA,NA,NA,NA,NA,NA,"1177",NA,NA,NA,"i645n",NA,NA,NA,NA,NA,"2722",NA,NA,"3",NA,NA,NA,NA,"2008-02-04 09:22:00","0.001225",NA,NA,"1","2052.25"
NA,NA,NA,NA,NA,NA,NA,NA,NA,NA,NA,NA,NA,NA,NA,NA,NA,NA,NA,NA,NA,NA,NA,NA,"2010-07-09 09:02:55",NA,NA,NA,NA,NA
NA,NA,NA,NA,"1140871462",NA,NA,NA,NA,NA,NA,NA,NA,NA,NA,NA,NA,NA,NA,NA,NA,NA,NA,NA,"2008-07-25 13:58:51",NA,NA,NA,NA,NA
NA,NA,NA,NA,NA,NA,NA,NA,NA,NA,NA,NA,NA,NA,NA,NA,NA,NA,NA,NA,NA,NA,NA,NA,"2009-04-21 10:27:04",NA,NA,NA,NA,NA
NA,NA,NA,NA,"1140874790",NA,"1194",NA,NA,NA,NA,NA,NA,NA,NA,NA,"2006",NA,NA,"2",NA,NA,NA,NA,"2010-03-09 14:15:02","0.001169",NA,NA,NA,"1642.46"
NA,NA,NA,NA,NA,NA,NA,NA,NA,NA,NA,NA,NA,NA,NA,NA,NA,NA,NA,NA,NA,NA,NA,NA,"2008-04-01 15:56:26",NA,NA,NA,NA,NA
NA,NA,NA,NA,NA,NA,NA,NA,NA,NA,NA,NA,NA,NA,NA,NA,NA,NA,NA,NA,NA,NA,NA,NA,"2009-09-03 16:05:30",NA,NA,NA,NA,NA
NA,NA,NA,NA,NA,NA,NA,NA,NA,NA,NA,NA,NA,NA,NA,NA,NA,NA,NA,NA,NA,NA,NA,NA,"2009-06-16 16:25:03",NA,NA,NA,NA,NA
NA,NA,NA,NA,NA,NA,NA,NA,NA,NA,NA,NA,NA,NA,NA,NA,NA,NA,NA,NA,NA,NA,NA,NA,"2007-07-11 17:31:53",NA,NA,NA,NA,NA
NA,NA,NA,NA,"2038460150",NA,NA,NA,NA,NA,NA,NA,NA,NA,NA,NA,NA,NA,NA,NA,NA,NA,NA,NA,"2007-10-18 10:19:38",NA,NA,NA,NA,NA
NA,NA,NA,NA,"1140888552",NA,NA,NA,NA,NA,NA,NA,NA,NA,NA,NA,NA,NA,NA,NA,NA,NA,NA,NA,"2009-03-10 17:26:31",NA,NA,NA,NA,NA
NA,NA,NA,NA,NA,NA,NA,NA,NA,NA,NA,NA,NA,NA,NA,NA,NA,NA,NA,NA,NA,NA,NA,NA,"2009-04-03 07:57:58",NA,NA,NA,NA,NA
NA,NA,NA,NA,NA,NA,NA,NA,"-1",NA,NA,NA,NA,NA,NA,NA,NA,NA,NA,NA,NA,NA,NA,NA,"2010-06-22 14:58:56",NA,NA,NA,NA,NA
NA,NA,NA,NA,"1140884600",NA,NA,NA,NA,"3",NA,NA,NA,NA,NA,NA,NA,NA,NA,NA,NA,NA,NA,NA,"2007-11-21 10:00:27",NA,NA,NA,NA,NA
NA,NA,NA,NA,"1140865634",NA,NA,NA,"93",NA,NA,NA,NA,NA,NA,NA,NA,NA,NA,NA,NA,NA,NA,NA,"2010-04-06 11:20:53",NA,NA,NA,NA,NA
NA,NA,NA,NA,NA,NA,NA,NA,NA,NA,NA,NA,NA,NA,NA,NA,NA,NA,NA,NA,NA,NA,NA,NA,"2008-01-25 15:52:28",NA,NA,NA,NA,NA
NA,NA,NA,NA,NA,NA,NA,NA,NA,NA,NA,NA,NA,NA,NA,NA,NA,NA,NA,NA,NA,NA,NA,NA,"2010-04-15 08:30:18",NA,NA,NA,NA,NA
NA,NA,NA,NA,NA,NA,NA,NA,NA,NA,NA,NA,NA,NA,NA,NA,NA,NA,NA,NA,NA,NA,NA,NA,"2007-12-17 12:08:51",NA,NA,NA,NA,NA
NA,NA,NA,NA,"2038460150",NA,NA,NA,NA,NA,NA,NA,NA,NA,NA,NA,NA,NA,NA,NA,NA,NA,NA,NA,"2008-03-15 15:00:07",NA,NA,NA,NA,NA
NA,NA,NA,NA,NA,NA,NA,NA,NA,NA,NA,NA,NA,NA,NA,NA,NA,NA,NA,NA,NA,NA,NA,NA,"2010-04-24 10:06:09",NA,NA,NA,NA,NA
NA,NA,NA,NA,"1140883548",NA,NA,NA,NA,NA,NA,NA,NA,NA,NA,NA,NA,NA,NA,NA,NA,NA,NA,NA,"2009-08-12 08:49:46",NA,NA,NA,NA,NA
NA,NA,NA,NA,"1140884600",NA,NA,NA,NA,NA,NA,NA,NA,NA,NA,NA,NA,NA,NA,NA,NA,NA,NA,NA,"2008-11-26 12:51:43",NA,NA,NA,NA,NA
NA,NA,NA,NA,NA,NA,NA,NA,NA,"2",NA,NA,NA,NA,NA,NA,NA,NA,NA,NA,NA,NA,NA,NA,"2009-04-23 10:45:07",NA,NA,NA,NA,NA
NA,NA,NA,NA,NA,NA,NA,NA,NA,NA,NA,NA,NA,NA,NA,NA,NA,NA,NA,NA,NA,NA,NA,NA,"2008-10-23 08:40:41",NA,NA,NA,NA,NA
NA,NA,NA,NA,NA,NA,NA,NA,NA,NA,NA,NA,NA,NA,NA,NA,NA,NA,NA,NA,NA,NA,NA,NA,"2010-01-23 09:42:00",NA,NA,NA,NA,NA
NA,NA,NA,NA,NA,NA,NA,NA,NA,NA,NA,NA,NA,NA,NA,NA,NA,NA,NA,NA,NA,NA,NA,NA,"2009-03-04 17:17:00",NA,NA,NA,NA,NA
NA,NA,NA,NA,"1140911754",NA,NA,NA,NA,NA,NA,NA,NA,NA,NA,NA,NA,NA,NA,NA,NA,NA,NA,NA,"2008-03-27 13:43:44",NA,NA,NA,NA,NA
NA,NA,NA,NA,"1140923346",NA,NA,NA,NA,NA,NA,NA,NA,NA,NA,NA,NA,NA,NA,NA,NA,NA,NA,NA,"2010-03-26 14:42:02",NA,NA,NA,NA,NA
NA,NA,NA,NA,NA,NA,NA,NA,NA,NA,NA,NA,NA,NA,NA,NA,NA,NA,NA,NA,NA,NA,NA,NA,"2008-04-15 13:53:44",NA,NA,NA,NA,NA
NA,NA,NA,NA,NA,NA,NA,NA,NA,NA,NA,NA,NA,NA,NA,NA,NA,NA,NA,NA,NA,NA,NA,NA,"2009-03-13 10:10:04",NA,NA,NA,NA,NA
NA,NA,NA,NA,"2038460150",NA,NA,NA,NA,NA,NA,NA,NA,NA,NA,NA,NA,NA,NA,NA,NA,NA,NA,NA,"2009-01-10 08:23:33",NA,NA,NA,NA,NA
NA,NA,NA,NA,"1140923688",NA,NA,NA,NA,NA,NA,NA,NA,NA,NA,NA,NA,NA,NA,NA,NA,NA,NA,NA,"2008-12-13 16:23:47",NA,NA,NA,NA,NA
NA,NA,NA,NA,"1140861998",NA,NA,NA,NA,NA,NA,NA,NA,NA,NA,NA,NA,NA,NA,NA,NA,NA,NA,NA,"2009-06-22 17:32:00",NA,NA,NA,NA,NA
NA,NA,NA,NA,NA,NA,NA,NA,"95",NA,NA,NA,NA,NA,NA,NA,NA,NA,NA,NA,NA,NA,NA,NA,"2010-06-11 09:41:02",NA,NA,NA,NA,NA
NA,NA,NA,NA,NA,NA,NA,NA,"94",NA,NA,NA,NA,NA,NA,NA,NA,NA,NA,NA,NA,NA,NA,NA,"2010-03-30 15:58:21",NA,NA,NA,NA,NA
NA,NA,NA,NA,NA,NA,NA,NA,NA,NA,NA,NA,NA,NA,NA,NA,NA,NA,NA,NA,NA,NA,NA,NA,"2010-03-18 10:00:36",NA,NA,NA,NA,NA
NA,NA,NA,NA,"1193",NA,NA,NA,NA,NA,NA,NA,NA,NA,NA,NA,NA,NA,NA,"7",NA,NA,NA,NA,"2008-10-21 10:56:11",NA,NA,NA,NA,NA
NA,NA,NA,NA,"1141188442",NA,NA,NA,NA,NA,NA,NA,NA,NA,NA,NA,NA,NA,NA,NA,NA,NA,NA,NA,"2008-08-27 12:56:19",NA,NA,NA,NA,NA
NA,NA,NA,NA,"1140861958",NA,NA,NA,NA,NA,NA,NA,NA,NA,NA,NA,NA,NA,NA,NA,NA,NA,NA,NA,"2008-04-02 10:19:56",NA,NA,NA,NA,NA
NA,NA,NA,NA,"2038460150",NA,NA,NA,"-1",NA,NA,NA,NA,NA,NA,NA,NA,NA,NA,NA,NA,NA,NA,NA,"2010-01-12 15:48:35",NA,NA,NA,NA,NA
NA,NA,NA,NA,NA,NA,NA,NA,NA,NA,NA,NA,NA,NA,NA,NA,NA,NA,NA,NA,NA,NA,NA,NA,"2009-03-27 16:52:23",NA,NA,NA,NA,NA
NA,NA,NA,NA,NA,NA,NA,NA,NA,NA,NA,NA,NA,NA,NA,NA,NA,NA,NA,NA,NA,NA,NA,NA,"2008-09-27 08:33:57",NA,NA,NA,NA,NA
NA,NA,NA,NA,"2038460150",NA,NA,NA,NA,NA,NA,NA,NA,NA,NA,NA,NA,NA,NA,NA,NA,NA,NA,NA,"2008-06-16 11:03:09",NA,NA,NA,NA,NA
NA,NA,NA,NA,"1140921600",NA,NA,NA,NA,NA,NA,NA,NA,NA,NA,NA,NA,NA,NA,NA,NA,NA,NA,NA,"2008-12-05 13:59:28",NA,NA,NA,NA,NA
NA,NA,NA,NA,NA,NA,"1157",NA,NA,NA,NA,NA,NA,NA,NA,NA,"2278",NA,NA,"0",NA,NA,NA,NA,"2007-12-14 08:53:43","0.001204",NA,NA,NA,"2188.87"
NA,NA,NA,NA,"1140860806",NA,NA,NA,NA,NA,NA,NA,NA,NA,NA,NA,NA,NA,NA,NA,NA,NA,NA,NA,"2008-06-03 08:43:30",NA,NA,NA,NA,NA
NA,NA,NA,NA,NA,NA,NA,NA,NA,NA,NA,NA,NA,NA,NA,NA,NA,NA,NA,NA,NA,NA,NA,NA,"2010-07-05 09:41:05",NA,NA,NA,NA,NA
NA,NA,NA,NA,NA,NA,NA,NA,NA,NA,NA,NA,NA,NA,NA,NA,NA,NA,NA,NA,NA,NA,NA,NA,"2009-11-05 15:01:34",NA,NA,NA,NA,NA
NA,NA,NA,NA,"1141181868",NA,NA,NA,NA,NA,NA,NA,NA,NA,NA,NA,NA,NA,NA,NA,NA,NA,NA,NA,"2010-04-14 13:04:40",NA,NA,NA,NA,NA
NA,NA,NA,NA,NA,NA,NA,NA,NA,NA,NA,NA,NA,NA,NA,NA,NA,NA,NA,NA,NA,NA,NA,NA,"2009-04-27 16:35:34",NA,NA,NA,NA,NA
NA,NA,NA,NA,"1140909786",NA,NA,NA,NA,NA,NA,NA,NA,NA,NA,NA,NA,NA,NA,NA,NA,NA,NA,NA,"2008-07-05 11:18:36",NA,NA,NA,NA,NA
NA,NA,NA,NA,"2038460150",NA,NA,NA,NA,NA,NA,NA,NA,NA,NA,NA,NA,NA,NA,NA,NA,NA,NA,NA,"2008-03-12 10:32:08",NA,NA,NA,NA,NA
NA,NA,NA,NA,NA,NA,NA,NA,NA,NA,NA,NA,NA,NA,NA,NA,NA,NA,NA,NA,NA,NA,"210",NA,"2009-09-26 09:58:06",NA,NA,NA,NA,NA
NA,NA,NA,NA,NA,NA,NA,NA,NA,NA,NA,NA,NA,NA,NA,NA,NA,NA,NA,NA,NA,NA,NA,NA,"2009-03-04 11:01:49",NA,NA,NA,NA,NA
NA,NA,"2",NA,"1140870284",NA,NA,NA,NA,NA,NA,NA,NA,NA,NA,NA,NA,NA,NA,NA,NA,NA,"210",NA,"2010-01-11 09:21:58",NA,NA,NA,NA,NA
NA,NA,NA,NA,"1140861958",NA,NA,NA,NA,NA,NA,NA,NA,NA,NA,NA,NA,NA,NA,NA,NA,NA,NA,NA,"2008-06-05 12:32:45",NA,NA,NA,NA,NA
NA,NA,NA,NA,NA,NA,NA,NA,NA,NA,NA,NA,NA,NA,NA,NA,NA,NA,NA,NA,NA,NA,NA,NA,"2008-08-28 13:49:28",NA,NA,NA,NA,NA
NA,NA,NA,NA,NA,NA,NA,NA,NA,NA,NA,NA,NA,NA,NA,NA,NA,NA,NA,NA,NA,NA,NA,NA,"2009-04-01 10:27:09",NA,NA,NA,NA,NA
NA,NA,NA,NA,"1141188146",NA,NA,NA,NA,NA,NA,NA,NA,NA,NA,NA,NA,NA,NA,NA,NA,NA,NA,NA,"2009-01-26 12:07:00",NA,NA,NA,NA,NA
NA,NA,NA,NA,NA,NA,NA,NA,"95",NA,NA,NA,NA,NA,NA,NA,NA,NA,NA,NA,NA,NA,NA,NA,"2009-09-17 11:20:19",NA,NA,NA,NA,NA
NA,NA,NA,NA,NA,NA,NA,NA,NA,NA,NA,NA,NA,NA,NA,NA,NA,NA,NA,NA,NA,NA,NA,NA,"2008-02-22 09:24:09",NA,NA,NA,NA,NA
NA,NA,NA,NA,"2038460150",NA,NA,NA,NA,NA,NA,NA,NA,NA,NA,NA,NA,NA,NA,NA,NA,NA,NA,NA,"2009-05-21 16:17:06",NA,NA,NA,NA,NA
NA,NA,NA,NA,NA,NA,"1331",NA,NA,NA,NA,NA,NA,NA,NA,NA,"2588",NA,NA,"1",NA,NA,NA,NA,"2008-10-14 09:36:01","0.001144",NA,NA,NA,"1565.79"
NA,NA,NA,NA,"1140861998",NA,NA,NA,"95",NA,NA,NA,NA,NA,NA,NA,NA,NA,NA,NA,NA,NA,NA,NA,"2010-02-24 16:37:06",NA,NA,NA,NA,NA
NA,NA,NA,NA,NA,NA,NA,NA,NA,NA,NA,NA,NA,NA,NA,NA,NA,NA,NA,NA,NA,NA,NA,NA,"2007-11-22 17:39:55",NA,NA,NA,NA,NA
NA,NA,NA,NA,"1140864752",NA,NA,NA,NA,NA,NA,NA,NA,NA,NA,NA,NA,NA,NA,NA,NA,NA,NA,NA,"2009-06-04 12:37:08",NA,NA,NA,NA,NA
NA,NA,NA,NA,NA,NA,NA,NA,NA,NA,NA,NA,NA,NA,NA,NA,NA,NA,NA,NA,NA,NA,NA,NA,"2009-11-14 12:27:57",NA,NA,NA,NA,NA
NA,NA,NA,NA,"1140879778",NA,NA,NA,NA,NA,NA,NA,NA,NA,NA,NA,NA,NA,NA,NA,NA,NA,NA,NA,"2008-10-23 14:14:57",NA,NA,NA,NA,NA
NA,NA,NA,NA,NA,NA,NA,NA,NA,NA,NA,NA,NA,NA,NA,NA,NA,NA,NA,NA,NA,NA,NA,NA,"2010-03-19 18:10:16",NA,NA,NA,NA,NA
NA,NA,NA,NA,"1140867888",NA,NA,NA,NA,NA,NA,NA,NA,NA,NA,NA,NA,NA,NA,NA,NA,NA,NA,NA,"2007-10-05 17:18:30",NA,NA,NA,NA,NA
NA,NA,NA,NA,NA,NA,NA,NA,NA,NA,NA,NA,NA,NA,NA,NA,NA,NA,NA,NA,NA,NA,NA,NA,"2010-01-21 16:03:43",NA,NA,NA,NA,NA
NA,NA,NA,NA,NA,NA,"1072",NA,NA,NA,NA,NA,NA,NA,NA,NA,"2135",NA,NA,"1",NA,NA,NA,NA,"2009-01-20 14:03:19","0.001236",NA,NA,NA,"1389.84"
NA,NA,NA,NA,"1140879634",NA,NA,NA,NA,NA,NA,NA,NA,NA,NA,NA,NA,NA,NA,NA,NA,NA,NA,NA,"2008-08-13 10:34:44",NA,NA,NA,NA,NA
NA,NA,NA,NA,NA,NA,NA,NA,NA,NA,NA,NA,NA,NA,NA,NA,NA,NA,NA,NA,NA,NA,NA,NA,"2008-09-08 17:24:03",NA,NA,NA,NA,NA
NA,NA,NA,NA,"1140916356",NA,NA,NA,NA,NA,NA,NA,NA,NA,NA,NA,NA,NA,NA,NA,NA,NA,NA,NA,"2008-07-07 14:19:54",NA,NA,NA,NA,NA
NA,NA,NA,NA,NA,NA,NA,NA,NA,NA,NA,NA,NA,NA,NA,NA,NA,NA,NA,NA,NA,NA,NA,NA,"2007-12-19 13:53:28",NA,NA,NA,NA,NA
NA,NA,NA,NA,NA,NA,NA,NA,NA,NA,NA,NA,NA,NA,NA,NA,NA,NA,NA,NA,NA,NA,NA,NA,"2008-06-20 10:37:59",NA,NA,NA,NA,NA
NA,NA,NA,NA,NA,NA,NA,NA,NA,NA,NA,NA,NA,NA,NA,NA,NA,NA,NA,NA,NA,NA,NA,NA,"2008-02-04 16:31:50",NA,NA,NA,NA,NA
NA,NA,NA,NA,"1140909674",NA,NA,NA,NA,NA,NA,NA,NA,NA,NA,NA,NA,NA,NA,NA,NA,NA,NA,NA,"2009-06-23 14:38:09",NA,NA,NA,NA,NA
NA,NA,NA,NA,"1140883504",NA,NA,NA,NA,NA,NA,NA,NA,NA,NA,NA,NA,NA,NA,NA,NA,NA,NA,NA,"2008-03-10 11:50:37",NA,NA,NA,NA,NA
NA,NA,NA,NA,NA,NA,NA,NA,NA,NA,NA,NA,NA,NA,NA,NA,NA,NA,NA,NA,NA,NA,NA,NA,"2008-09-13 15:54:11",NA,NA,NA,NA,NA
NA,NA,NA,NA,"1141188442",NA,NA,NA,NA,NA,NA,NA,NA,NA,NA,NA,NA,NA,NA,NA,NA,NA,NA,"0.4","2009-12-15 13:27:51",NA,NA,NA,NA,NA
NA,NA,NA,NA,"1140910706",NA,NA,NA,NA,NA,NA,NA,NA,NA,NA,NA,NA,NA,NA,NA,NA,NA,NA,NA,"2008-06-24 10:50:19",NA,NA,NA,NA,NA
NA,NA,NA,NA,"2038460150",NA,NA,NA,NA,NA,NA,NA,NA,NA,NA,NA,NA,NA,NA,NA,NA,NA,NA,NA,"2009-06-05 10:01:05",NA,NA,NA,NA,NA
NA,NA,NA,NA,NA,NA,NA,NA,NA,NA,NA,NA,NA,NA,NA,NA,NA,NA,NA,NA,NA,NA,NA,NA,"2008-12-15 09:42:36",NA,NA,NA,NA,NA
NA,NA,NA,NA,NA,NA,NA,NA,NA,NA,NA,NA,NA,NA,NA,NA,NA,NA,NA,NA,NA,NA,NA,NA,"2010-06-09 09:26:25",NA,NA,NA,NA,NA
NA,NA,NA,NA,"1140926606",NA,NA,NA,NA,NA,NA,NA,NA,NA,NA,NA,NA,NA,NA,NA,NA,NA,NA,NA,"2008-11-19 16:04:58",NA,NA,NA,NA,NA
NA,NA,NA,NA,"1141168680",NA,NA,NA,"-1",NA,NA,NA,NA,NA,NA,NA,NA,NA,NA,NA,NA,NA,"211",NA,"2010-06-22 09:17:26",NA,NA,NA,NA,NA
NA,NA,NA,NA,NA,NA,NA,NA,NA,NA,NA,NA,NA,NA,NA,NA,NA,NA,NA,NA,NA,NA,NA,NA,"2010-05-01 14:35:49",NA,NA,NA,NA,NA
NA,NA,NA,NA,NA,NA,NA,NA,NA,NA,NA,NA,NA,NA,NA,NA,NA,NA,NA,NA,NA,NA,NA,NA,"2008-08-30 10:25:16",NA,NA,NA,NA,NA
NA,NA,NA,NA,"1140909674",NA,NA,NA,NA,NA,NA,NA,NA,NA,NA,NA,NA,NA,NA,NA,NA,NA,NA,NA,"2008-04-18 12:00:19",NA,NA,NA,NA,NA
NA,NA,NA,NA,"2038460150",NA,"968","2015-04-14 07:32:58",NA,NA,NA,NA,NA,NA,NA,NA,"2179",NA,NA,"2",NA,NA,NA,NA,"2008-07-07 11:34:42",NA,NA,NA,NA,"2125.27"
NA,NA,NA,NA,"2038460150",NA,NA,NA,NA,NA,NA,NA,NA,NA,NA,NA,NA,NA,NA,NA,NA,NA,NA,NA,"2010-02-09 15:38:44",NA,NA,NA,NA,NA
NA,NA,NA,NA,NA,NA,NA,NA,NA,NA,NA,NA,NA,NA,NA,NA,NA,NA,NA,NA,NA,NA,NA,NA,"2008-04-09 11:10:54",NA,NA,NA,NA,NA
NA,NA,NA,NA,NA,NA,NA,NA,NA,NA,NA,NA,NA,NA,NA,NA,NA,NA,NA,NA,NA,NA,NA,NA,"2007-12-21 13:59:17",NA,NA,NA,NA,NA
NA,NA,NA,NA,"1193",NA,NA,NA,NA,NA,NA,NA,NA,NA,NA,NA,NA,NA,NA,NA,NA,NA,NA,NA,"2007-12-20 11:44:02",NA,NA,NA,NA,NA
NA,NA,NA,NA,"1140911732",NA,NA,NA,NA,NA,NA,NA,NA,NA,NA,NA,NA,NA,NA,NA,NA,NA,NA,NA,"2009-06-15 13:35:06",NA,NA,NA,NA,NA
NA,NA,NA,NA,"1140875632",NA,NA,NA,NA,NA,NA,NA,NA,NA,NA,NA,NA,NA,NA,NA,NA,NA,NA,NA,"2009-11-30 10:24:01",NA,NA,NA,NA,NA
NA,NA,NA,NA,"2038460150",NA,NA,NA,"-1",NA,NA,NA,NA,NA,NA,NA,NA,NA,NA,NA,NA,NA,NA,NA,"2009-09-18 09:39:41",NA,NA,NA,NA,NA
NA,NA,NA,NA,"1140861958",NA,NA,NA,NA,NA,NA,NA,NA,NA,NA,NA,NA,NA,NA,NA,NA,NA,NA,NA,"2007-12-08 09:27:29",NA,NA,NA,NA,NA
NA,NA,NA,NA,NA,NA,NA,NA,NA,NA,NA,NA,NA,NA,NA,NA,NA,NA,NA,NA,NA,NA,NA,NA,"2008-11-20 08:46:42",NA,NA,NA,NA,NA
NA,NA,NA,NA,NA,NA,NA,NA,NA,NA,NA,NA,NA,NA,NA,NA,NA,NA,NA,NA,NA,NA,NA,NA,"2009-08-20 15:40:01",NA,NA,NA,NA,NA
NA,NA,NA,NA,NA,NA,NA,NA,"-3",NA,NA,NA,NA,NA,NA,NA,NA,NA,NA,NA,NA,NA,NA,NA,"2010-03-25 10:42:05",NA,NA,NA,NA,NA
NA,NA,NA,NA,NA,NA,NA,NA,NA,NA,NA,NA,NA,NA,NA,NA,NA,NA,NA,NA,NA,NA,NA,NA,"2008-10-16 13:53:41",NA,NA,NA,NA,NA
NA,NA,NA,NA,NA,NA,NA,NA,NA,NA,NA,NA,NA,NA,NA,NA,NA,NA,NA,NA,NA,NA,NA,NA,"2008-05-16 15:39:59",NA,NA,NA,NA,NA
NA,NA,NA,NA,"1140909708",NA,NA,NA,NA,NA,NA,NA,NA,NA,NA,NA,NA,NA,NA,NA,NA,NA,NA,NA,"2008-02-29 13:19:38",NA,NA,NA,NA,NA
NA,NA,NA,NA,"1140878030",NA,NA,NA,NA,NA,NA,NA,NA,NA,NA,NA,NA,NA,NA,NA,NA,NA,NA,NA,"2008-04-08 10:23:59",NA,NA,NA,NA,NA
NA,NA,NA,NA,NA,NA,NA,NA,"95",NA,NA,NA,NA,NA,NA,NA,NA,NA,NA,NA,NA,NA,NA,NA,"2009-11-21 16:27:16",NA,NA,NA,NA,NA
NA,NA,NA,NA,NA,NA,NA,NA,NA,NA,NA,NA,NA,NA,NA,NA,NA,NA,NA,NA,NA,NA,NA,NA,"2010-05-04 18:23:17",NA,NA,NA,NA,NA
NA,NA,NA,NA,NA,NA,NA,NA,NA,NA,NA,NA,NA,NA,NA,NA,NA,NA,NA,NA,NA,NA,NA,NA,"2008-02-13 14:19:02",NA,NA,NA,NA,NA
NA,NA,NA,NA,"1140871050",NA,NA,NA,NA,NA,NA,NA,NA,NA,NA,NA,NA,NA,NA,NA,NA,NA,NA,NA,"2009-09-01 14:01:43",NA,NA,NA,NA,NA
NA,NA,NA,NA,"1140888552",NA,"1333",NA,NA,NA,NA,NA,NA,NA,NA,NA,"2159",NA,NA,"1",NA,NA,NA,NA,"2007-11-15 12:18:31",NA,NA,NA,NA,"1442.91"
NA,NA,NA,NA,NA,NA,NA,NA,"95",NA,NA,NA,NA,NA,NA,NA,NA,NA,NA,NA,NA,NA,NA,NA,"2009-09-28 11:00:54",NA,NA,NA,NA,NA
NA,NA,NA,NA,NA,NA,NA,NA,NA,NA,NA,NA,NA,NA,NA,NA,NA,NA,NA,NA,NA,NA,NA,NA,"2009-07-28 17:12:33",NA,NA,NA,NA,NA
NA,NA,NA,NA,NA,NA,NA,NA,NA,NA,NA,NA,NA,NA,NA,NA,NA,NA,NA,NA,NA,NA,NA,NA,"2008-12-17 16:45:01",NA,NA,NA,NA,NA
NA,NA,NA,NA,"1140909786",NA,NA,NA,NA,NA,NA,NA,NA,NA,NA,NA,NA,NA,NA,NA,NA,NA,NA,NA,"2008-01-15 08:33:47",NA,NA,NA,NA,NA
NA,NA,NA,NA,NA,NA,NA,NA,NA,NA,NA,NA,NA,NA,NA,NA,NA,NA,NA,NA,NA,NA,NA,NA,"2008-05-03 10:56:05",NA,NA,NA,NA,NA
NA,NA,NA,NA,"1195","1",NA,NA,NA,NA,NA,NA,NA,NA,NA,NA,NA,NA,NA,NA,NA,NA,NA,NA,"2008-02-11 11:45:08",NA,NA,NA,NA,NA
NA,NA,NA,NA,NA,NA,NA,NA,NA,NA,NA,NA,NA,NA,NA,NA,NA,NA,NA,NA,NA,NA,NA,NA,"2008-03-27 15:19:48",NA,NA,NA,NA,NA
NA,NA,NA,NA,NA,NA,NA,NA,NA,NA,NA,NA,NA,NA,NA,NA,NA,NA,NA,NA,NA,NA,NA,NA,"2008-08-09 10:44:26",NA,NA,NA,NA,NA
NA,NA,NA,NA,NA,NA,NA,NA,NA,NA,NA,NA,NA,NA,NA,NA,NA,NA,NA,NA,NA,NA,NA,NA,"2008-02-05 08:05:06",NA,NA,NA,NA,NA
NA,NA,NA,NA,"1140867876",NA,NA,NA,NA,NA,NA,NA,NA,NA,NA,NA,NA,NA,NA,NA,NA,NA,NA,NA,"2008-03-01 17:44:18",NA,NA,NA,NA,NA
NA,NA,NA,NA,"1141177526",NA,NA,NA,NA,NA,NA,NA,NA,NA,NA,NA,NA,NA,NA,NA,NA,NA,NA,NA,"2008-12-03 11:51:33",NA,NA,NA,NA,NA
NA,NA,NA,NA,NA,NA,NA,NA,NA,NA,NA,NA,NA,NA,NA,NA,NA,NA,NA,NA,NA,NA,NA,NA,"2007-11-08 17:52:32",NA,NA,NA,NA,NA
NA,NA,NA,NA,NA,NA,NA,NA,"95",NA,NA,NA,NA,NA,NA,NA,NA,NA,NA,NA,NA,NA,NA,NA,"2009-10-27 09:18:05",NA,NA,NA,NA,NA
NA,NA,NA,NA,"1141146234",NA,NA,NA,NA,NA,NA,NA,NA,NA,NA,NA,NA,NA,NA,NA,NA,NA,NA,NA,"2008-11-29 11:35:28",NA,NA,NA,NA,NA
NA,NA,NA,NA,NA,NA,NA,NA,NA,NA,NA,NA,NA,NA,NA,NA,NA,NA,NA,NA,NA,NA,NA,NA,"2008-09-05 14:13:52",NA,NA,NA,NA,NA
NA,NA,NA,NA,"1199",NA,"1082","2015-09-07 07:52:37",NA,NA,NA,NA,NA,NA,NA,NA,"2496",NA,NA,"2",NA,NA,NA,NA,"2008-06-02 12:55:44","0.001152",NA,NA,NA,"1554.67"
NA,NA,NA,NA,NA,NA,"1180",NA,NA,"2",NA,NA,NA,NA,NA,NA,"2222",NA,NA,"2",NA,NA,NA,NA,"2008-12-11 17:35:21","0.001151",NA,NA,NA,"2035.05"
NA,NA,NA,NA,"1141194794",NA,NA,NA,NA,NA,NA,NA,NA,NA,NA,NA,NA,NA,NA,NA,NA,NA,NA,NA,"2010-04-15 17:51:53",NA,NA,NA,NA,NA
NA,NA,NA,NA,"1140861998",NA,NA,NA,NA,NA,NA,NA,NA,NA,NA,NA,NA,NA,NA,NA,NA,NA,NA,NA,"2008-03-01 11:49:46",NA,NA,NA,NA,NA
NA,NA,NA,NA,NA,NA,NA,NA,NA,NA,NA,NA,NA,NA,NA,NA,NA,NA,NA,NA,NA,NA,NA,NA,"2010-05-24 09:42:52",NA,NA,NA,NA,NA
NA,NA,NA,NA,"1140864184",NA,NA,NA,"95",NA,NA,NA,NA,NA,NA,NA,NA,NA,NA,NA,NA,NA,NA,NA,"2009-11-30 10:56:51",NA,NA,NA,NA,NA
NA,NA,NA,NA,NA,NA,NA,NA,NA,NA,NA,NA,NA,NA,NA,NA,NA,NA,NA,NA,NA,NA,NA,NA,"2008-08-26 08:12:23",NA,NA,NA,NA,NA
NA,NA,NA,NA,"1140884488",NA,NA,NA,NA,NA,NA,NA,NA,NA,NA,NA,NA,NA,NA,NA,NA,NA,NA,NA,"2007-10-19 11:55:17",NA,NA,NA,NA,NA
NA,NA,NA,NA,NA,NA,NA,NA,NA,NA,NA,NA,NA,NA,NA,NA,NA,NA,NA,NA,NA,NA,NA,NA,"2010-04-22 09:56:28",NA,NA,NA,NA,NA
NA,NA,NA,NA,"1140868816",NA,NA,NA,NA,NA,NA,NA,NA,NA,NA,NA,NA,NA,NA,NA,NA,NA,NA,NA,"2009-02-12 13:51:56",NA,NA,NA,NA,NA
NA,NA,NA,NA,NA,NA,NA,NA,NA,NA,NA,NA,NA,NA,NA,NA,NA,NA,NA,NA,NA,NA,NA,NA,"2010-06-12 08:44:03",NA,NA,NA,NA,NA
NA,NA,NA,NA,"1141191748",NA,NA,NA,NA,NA,NA,NA,NA,NA,NA,NA,NA,NA,NA,NA,NA,NA,NA,NA,"2010-03-23 10:16:41",NA,NA,NA,NA,NA
NA,NA,NA,NA,NA,NA,NA,NA,NA,NA,NA,NA,NA,NA,NA,NA,NA,NA,NA,NA,NA,NA,NA,NA,"2008-05-12 15:19:21",NA,NA,NA,NA,NA
NA,NA,NA,NA,"1140928274",NA,"988",NA,NA,NA,NA,NA,NA,NA,NA,NA,"2081",NA,NA,"-10",NA,NA,NA,NA,"2008-12-05 09:45:38","0.001125",NA,NA,NA,"1418.59"
NA,NA,NA,NA,NA,NA,NA,NA,NA,NA,NA,NA,NA,NA,NA,NA,NA,NA,NA,NA,NA,NA,NA,NA,"2007-11-17 17:13:29",NA,NA,NA,NA,NA
NA,NA,NA,NA,NA,NA,NA,NA,NA,NA,NA,NA,NA,NA,NA,NA,NA,NA,NA,NA,NA,NA,NA,NA,"2010-03-09 09:44:30",NA,NA,NA,NA,NA
NA,NA,NA,NA,NA,NA,NA,NA,NA,NA,NA,NA,NA,NA,NA,NA,NA,NA,NA,NA,NA,NA,NA,NA,"2009-09-19 09:22:59",NA,NA,NA,NA,NA
NA,NA,NA,NA,NA,NA,NA,NA,NA,"2",NA,NA,NA,NA,NA,NA,NA,NA,NA,NA,NA,NA,NA,NA,"2009-08-15 10:40:42",NA,NA,NA,NA,NA
NA,NA,NA,NA,"1140879406",NA,NA,NA,NA,NA,NA,NA,NA,NA,NA,NA,NA,NA,NA,NA,NA,NA,NA,NA,"2008-09-18 13:59:12",NA,NA,NA,NA,NA
NA,NA,NA,NA,NA,NA,NA,NA,NA,NA,NA,NA,NA,NA,NA,NA,NA,NA,NA,NA,NA,NA,NA,NA,"2007-12-05 17:56:24",NA,NA,NA,NA,NA
NA,NA,NA,NA,NA,NA,NA,NA,NA,NA,NA,NA,NA,NA,NA,NA,NA,NA,NA,NA,NA,NA,"210",NA,"2009-10-07 08:37:27",NA,NA,NA,NA,NA
NA,NA,NA,NA,NA,NA,NA,NA,NA,NA,NA,NA,NA,NA,NA,NA,NA,NA,NA,NA,NA,NA,NA,NA,"2009-04-29 17:30:39",NA,NA,NA,NA,NA
NA,NA,NA,NA,NA,NA,NA,NA,NA,NA,NA,NA,NA,NA,NA,NA,NA,NA,NA,NA,NA,NA,NA,NA,"2008-12-08 09:04:58",NA,NA,NA,NA,NA
NA,NA,NA,NA,NA,NA,NA,NA,NA,NA,NA,NA,NA,NA,NA,NA,NA,NA,NA,NA,NA,NA,NA,NA,"2009-12-16 11:20:54",NA,NA,NA,NA,NA
NA,NA,NA,NA,NA,NA,NA,NA,NA,NA,NA,NA,NA,NA,NA,NA,NA,NA,NA,NA,NA,NA,NA,NA,"2009-05-05 10:33:39",NA,NA,NA,NA,NA
NA,NA,NA,NA,"1140879778",NA,NA,NA,"95",NA,NA,NA,NA,NA,NA,NA,NA,NA,NA,NA,NA,NA,"210",NA,"2010-03-22 15:43:11",NA,NA,NA,NA,NA
NA,NA,NA,NA,NA,NA,NA,NA,NA,NA,NA,NA,NA,NA,NA,NA,NA,NA,NA,NA,NA,NA,NA,NA,"2008-04-21 16:25:11",NA,NA,NA,NA,NA
NA,NA,NA,NA,NA,NA,NA,NA,NA,NA,NA,NA,NA,NA,NA,NA,NA,NA,NA,NA,NA,NA,NA,NA,"2008-10-03 16:54:56",NA,NA,NA,NA,NA
NA,NA,NA,NA,NA,NA,NA,NA,"95",NA,NA,NA,NA,NA,NA,NA,NA,NA,NA,NA,NA,NA,NA,NA,"2010-02-05 14:07:46",NA,NA,NA,NA,NA
NA,NA,NA,NA,NA,NA,NA,NA,"95",NA,NA,NA,NA,NA,NA,NA,NA,NA,NA,NA,NA,NA,"211",NA,"2010-05-17 14:31:15",NA,NA,NA,NA,NA
NA,NA,NA,NA,NA,NA,NA,NA,NA,NA,NA,NA,NA,NA,NA,NA,NA,NA,NA,NA,NA,NA,NA,NA,"2009-03-26 13:14:42",NA,NA,NA,NA,NA
NA,NA,NA,NA,NA,NA,NA,NA,NA,NA,NA,NA,NA,NA,NA,NA,NA,NA,NA,NA,NA,NA,NA,NA,"2008-12-05 11:55:47",NA,NA,NA,NA,NA
NA,NA,NA,NA,NA,NA,NA,NA,NA,NA,NA,NA,NA,NA,NA,NA,NA,NA,NA,NA,NA,NA,NA,NA,"2010-02-24 12:37:59",NA,NA,NA,NA,NA
NA,NA,NA,NA,NA,NA,NA,NA,NA,NA,NA,NA,NA,NA,NA,NA,NA,NA,NA,NA,NA,NA,NA,NA,"2009-05-07 15:16:00",NA,NA,NA,NA,NA
NA,NA,NA,NA,NA,NA,NA,NA,NA,NA,NA,NA,NA,NA,NA,NA,NA,NA,NA,NA,NA,NA,NA,NA,"2009-09-07 15:26:27",NA,NA,NA,NA,NA
NA,NA,NA,NA,NA,NA,NA,NA,NA,"2",NA,NA,NA,NA,NA,NA,NA,NA,NA,NA,NA,NA,NA,NA,"2009-03-27 13:33:03",NA,NA,NA,NA,NA
NA,NA,NA,NA,NA,NA,NA,NA,NA,NA,NA,NA,NA,NA,NA,NA,NA,NA,NA,NA,NA,NA,NA,NA,"2010-02-15 14:34:04",NA,NA,NA,NA,NA
NA,NA,NA,NA,NA,NA,NA,NA,NA,NA,NA,NA,NA,NA,NA,NA,NA,NA,NA,NA,NA,NA,"210",NA,"2009-07-08 12:22:47",NA,NA,NA,NA,NA
NA,NA,NA,NA,"2038460150",NA,NA,NA,NA,NA,NA,NA,NA,NA,NA,NA,NA,NA,NA,NA,NA,NA,NA,NA,"2008-05-16 15:56:28",NA,NA,NA,NA,NA
NA,NA,NA,NA,"2038460150",NA,NA,NA,NA,NA,NA,NA,NA,NA,NA,NA,NA,NA,NA,NA,NA,NA,NA,NA,"2008-12-05 13:47:15",NA,NA,NA,NA,NA
NA,NA,NA,NA,"1140881856",NA,NA,NA,NA,NA,NA,NA,NA,NA,NA,NA,NA,NA,NA,NA,NA,NA,NA,NA,"2009-11-06 11:14:21",NA,NA,NA,NA,NA
NA,NA,NA,NA,"2038460150",NA,NA,NA,NA,NA,NA,NA,NA,NA,NA,NA,NA,NA,NA,NA,NA,NA,NA,NA,"2009-03-03 08:23:13",NA,NA,NA,NA,NA
NA,NA,NA,NA,"1140879778",NA,NA,NA,NA,NA,NA,NA,NA,NA,NA,NA,NA,NA,NA,NA,NA,NA,NA,NA,"2008-08-23 13:27:00",NA,NA,NA,NA,NA
NA,NA,NA,NA,"1140879842",NA,NA,NA,NA,NA,NA,NA,NA,NA,NA,NA,NA,NA,NA,NA,NA,NA,NA,NA,"2008-07-17 10:13:47",NA,NA,NA,NA,NA
NA,NA,NA,NA,"1140861958",NA,NA,NA,NA,NA,NA,NA,NA,NA,NA,NA,NA,NA,NA,NA,NA,NA,NA,NA,"2009-05-09 11:18:44",NA,NA,NA,NA,NA
NA,NA,NA,NA,NA,NA,NA,NA,NA,NA,NA,NA,NA,NA,NA,NA,NA,NA,NA,NA,NA,NA,NA,NA,"2008-07-12 10:16:01",NA,NA,NA,NA,NA
NA,NA,NA,NA,NA,NA,NA,NA,NA,NA,NA,NA,NA,NA,NA,NA,NA,NA,NA,NA,NA,NA,NA,NA,"2009-11-24 14:21:35",NA,NA,NA,NA,NA
NA,NA,NA,NA,"1140861958",NA,NA,NA,NA,NA,NA,NA,NA,NA,NA,NA,NA,NA,NA,NA,NA,NA,NA,NA,"2008-08-08 15:47:41",NA,NA,NA,NA,NA
NA,NA,NA,NA,NA,NA,NA,NA,NA,NA,NA,NA,NA,NA,NA,NA,NA,NA,NA,NA,NA,NA,NA,NA,"2008-08-28 14:19:31",NA,NA,NA,NA,NA
NA,NA,NA,NA,NA,NA,NA,NA,NA,NA,NA,NA,NA,NA,NA,NA,NA,NA,NA,NA,NA,NA,NA,NA,"2010-06-29 15:06:55",NA,NA,NA,NA,NA
NA,NA,NA,NA,NA,NA,NA,NA,NA,NA,NA,NA,NA,NA,NA,NA,NA,NA,NA,NA,NA,NA,NA,NA,"2007-11-16 14:15:17",NA,NA,NA,NA,NA
NA,NA,NA,NA,NA,NA,NA,NA,"94",NA,NA,NA,NA,NA,NA,NA,NA,NA,NA,NA,NA,NA,NA,NA,"2009-08-07 16:20:57",NA,NA,NA,NA,NA
NA,NA,NA,NA,NA,NA,NA,NA,NA,NA,NA,NA,NA,NA,NA,NA,NA,NA,NA,NA,NA,NA,NA,NA,"2008-05-23 15:40:05",NA,NA,NA,NA,NA
NA,NA,NA,NA,NA,NA,NA,NA,"95",NA,NA,NA,NA,NA,NA,NA,NA,NA,NA,NA,NA,NA,NA,NA,"2009-10-14 08:16:06",NA,NA,NA,NA,NA
NA,NA,NA,NA,"2038460150",NA,NA,NA,NA,NA,NA,NA,NA,NA,NA,NA,NA,NA,NA,NA,NA,NA,NA,NA,"2009-07-27 13:32:59",NA,NA,NA,NA,NA
NA,NA,NA,NA,"1140879806",NA,NA,NA,NA,NA,NA,NA,NA,NA,NA,NA,NA,NA,NA,NA,NA,NA,NA,NA,"2009-08-29 16:38:18",NA,NA,NA,NA,NA
NA,NA,NA,NA,NA,NA,NA,NA,NA,NA,NA,NA,NA,NA,NA,NA,NA,NA,NA,NA,NA,NA,NA,NA,"2008-07-28 08:17:39",NA,NA,NA,NA,NA
NA,NA,NA,NA,NA,NA,NA,NA,"95",NA,NA,NA,NA,NA,NA,NA,NA,NA,NA,NA,NA,NA,NA,NA,"2010-03-27 14:02:22",NA,NA,NA,NA,NA
NA,NA,NA,NA,"1141188442",NA,NA,NA,NA,NA,NA,NA,NA,NA,NA,NA,NA,NA,NA,NA,NA,NA,NA,NA,"2008-04-01 13:47:01",NA,NA,NA,NA,NA
NA,NA,NA,NA,NA,NA,NA,NA,NA,NA,NA,NA,NA,NA,NA,NA,NA,NA,NA,NA,NA,NA,NA,NA,"2008-10-03 16:41:17",NA,NA,NA,NA,NA
NA,NA,NA,NA,"1140888386",NA,"1033",NA,NA,"2",NA,NA,"0",NA,NA,NA,"2421",NA,NA,"6",NA,NA,NA,NA,"2008-10-29 15:52:55","0.001191",NA,NA,NA,"1921.35"
NA,NA,NA,NA,"1140876592",NA,NA,NA,NA,NA,NA,NA,NA,NA,NA,NA,NA,NA,NA,NA,NA,NA,NA,NA,"2007-08-30 08:11:04",NA,NA,NA,NA,NA
NA,NA,NA,NA,NA,NA,NA,NA,NA,NA,NA,NA,NA,NA,NA,NA,NA,NA,NA,NA,NA,NA,NA,NA,"2009-03-07 12:12:54",NA,NA,NA,NA,NA
NA,NA,NA,NA,NA,NA,NA,NA,NA,NA,NA,NA,NA,NA,NA,NA,NA,NA,NA,NA,NA,NA,NA,NA,"2009-02-04 13:52:51",NA,NA,NA,NA,NA
NA,NA,NA,NA,"1140871196",NA,"1495",NA,NA,NA,NA,NA,NA,NA,NA,NA,"2899",NA,NA,"4",NA,NA,NA,NA,"2009-06-20 09:56:38","0.001186",NA,NA,NA,"2137.59"
NA,NA,NA,NA,NA,NA,NA,NA,NA,NA,NA,NA,NA,"0",NA,NA,NA,NA,NA,NA,NA,NA,NA,NA,"2006-06-02 15:05:44",NA,NA,NA,NA,NA
NA,NA,NA,NA,NA,NA,NA,NA,NA,NA,NA,NA,NA,NA,NA,NA,NA,NA,NA,NA,NA,NA,NA,NA,"2008-03-06 11:19:40",NA,NA,NA,NA,NA
NA,NA,NA,NA,"1141192414",NA,NA,NA,NA,NA,NA,NA,NA,NA,NA,NA,NA,NA,NA,NA,NA,NA,NA,NA,"2009-08-19 14:19:09",NA,NA,NA,NA,NA
NA,NA,NA,NA,NA,NA,NA,NA,NA,NA,NA,NA,NA,NA,NA,NA,NA,NA,NA,NA,NA,NA,NA,NA,"2009-07-06 10:30:43",NA,NA,NA,NA,NA
NA,NA,NA,NA,NA,NA,NA,NA,NA,NA,NA,NA,NA,NA,NA,NA,NA,NA,NA,NA,NA,NA,NA,NA,"2007-09-21 14:31:11",NA,NA,NA,NA,NA
NA,NA,NA,NA,NA,NA,NA,NA,NA,NA,NA,NA,NA,NA,NA,NA,NA,NA,NA,NA,NA,NA,NA,NA,"2009-06-02 09:20:34",NA,NA,NA,NA,NA
NA,NA,NA,NA,NA,NA,"1372",NA,NA,NA,NA,NA,NA,NA,NA,NA,"2751",NA,NA,"1",NA,NA,NA,NA,"2008-07-02 17:22:29","0.001175",NA,NA,NA,"2043.66"
NA,NA,NA,NA,"1140909708",NA,NA,NA,NA,NA,NA,NA,NA,NA,NA,NA,NA,NA,"2003",NA,"1996.5",NA,NA,NA,"2009-02-26 16:42:26",NA,NA,NA,NA,NA
NA,NA,NA,NA,NA,NA,NA,NA,NA,NA,NA,NA,NA,NA,NA,NA,NA,NA,NA,NA,NA,NA,NA,NA,"2008-12-03 13:22:59",NA,NA,NA,NA,NA
NA,NA,NA,NA,NA,NA,NA,NA,NA,NA,NA,NA,"0",NA,NA,NA,NA,NA,NA,NA,NA,NA,NA,NA,"2009-04-16 17:32:30",NA,NA,NA,NA,NA
NA,NA,NA,NA,"1140861958",NA,"1695",NA,NA,NA,NA,NA,NA,NA,NA,NA,"2644",NA,NA,"-10",NA,NA,NA,NA,"2008-10-15 10:38:27","0.00125",NA,NA,NA,"3279.42"
NA,NA,NA,NA,"1140879778",NA,NA,NA,NA,NA,NA,NA,NA,NA,NA,NA,NA,NA,NA,NA,NA,NA,NA,NA,"2008-06-11 13:11:42",NA,NA,NA,NA,NA
NA,NA,NA,NA,NA,NA,NA,NA,NA,NA,NA,NA,NA,NA,NA,NA,NA,NA,NA,NA,NA,NA,NA,NA,"2008-01-12 09:14:33",NA,NA,NA,NA,NA
NA,NA,NA,NA,"1193",NA,NA,NA,NA,NA,NA,NA,NA,NA,NA,NA,NA,NA,NA,NA,NA,NA,NA,NA,"2007-07-25 16:08:26",NA,NA,NA,NA,NA
NA,NA,NA,NA,"1140871310",NA,NA,NA,NA,"1",NA,NA,NA,NA,NA,NA,NA,NA,NA,NA,NA,NA,NA,NA,"2008-01-21 15:44:20",NA,NA,NA,NA,NA
NA,NA,NA,NA,NA,NA,NA,NA,NA,NA,NA,NA,NA,NA,NA,NA,NA,NA,NA,NA,NA,NA,NA,NA,"2008-10-15 17:16:02",NA,NA,NA,NA,NA
NA,NA,NA,NA,"1140884600",NA,NA,NA,NA,NA,NA,NA,NA,NA,NA,NA,NA,NA,NA,NA,NA,NA,NA,NA,"2009-08-13 13:58:37",NA,NA,NA,NA,NA
NA,NA,NA,NA,NA,NA,NA,NA,NA,NA,NA,NA,NA,NA,NA,NA,NA,NA,NA,NA,NA,NA,NA,NA,"2010-05-17 10:22:59",NA,NA,NA,NA,NA
NA,NA,NA,NA,NA,NA,NA,NA,NA,NA,NA,NA,NA,NA,NA,NA,NA,NA,NA,NA,NA,NA,NA,NA,"2010-03-05 09:59:22",NA,NA,NA,NA,NA
NA,NA,NA,NA,NA,NA,NA,NA,NA,NA,NA,NA,NA,NA,NA,NA,NA,NA,NA,NA,NA,NA,NA,NA,"2009-05-22 15:32:45",NA,NA,NA,NA,NA
NA,NA,NA,NA,"2038460150",NA,NA,NA,NA,NA,NA,NA,NA,NA,NA,NA,NA,NA,NA,NA,NA,NA,NA,NA,"2008-05-17 08:19:39",NA,NA,NA,NA,NA
NA,NA,NA,NA,"1140860696",NA,"940","2015-09-16 08:27:39","95",NA,NA,NA,NA,NA,NA,NA,"1797",NA,NA,"3",NA,NA,NA,NA,"2009-08-08 10:51:35",NA,NA,NA,NA,"1676.21"
NA,NA,NA,NA,"1140888646",NA,NA,NA,NA,NA,NA,NA,NA,NA,NA,NA,NA,NA,NA,NA,NA,NA,NA,NA,"2010-01-13 10:30:59",NA,NA,NA,NA,NA
NA,NA,NA,NA,NA,NA,NA,NA,NA,NA,NA,NA,NA,NA,NA,NA,NA,NA,NA,NA,NA,NA,NA,NA,"2008-10-10 08:54:45",NA,NA,NA,NA,NA
NA,NA,NA,NA,"1140864752",NA,NA,NA,NA,NA,NA,NA,NA,NA,NA,NA,NA,NA,NA,NA,NA,NA,NA,NA,"2008-03-29 13:32:50",NA,NA,NA,NA,NA
NA,NA,NA,NA,NA,NA,NA,NA,NA,NA,NA,NA,NA,NA,NA,NA,NA,NA,NA,"4",NA,NA,"211",NA,"2010-05-29 09:06:32",NA,NA,NA,NA,NA
NA,NA,NA,NA,NA,NA,NA,NA,NA,NA,NA,NA,NA,NA,NA,NA,NA,NA,NA,NA,NA,NA,NA,NA,"2009-07-30 11:43:15",NA,NA,NA,NA,NA
NA,NA,NA,NA,NA,NA,NA,NA,NA,NA,NA,NA,NA,NA,NA,NA,NA,NA,NA,NA,NA,NA,NA,NA,"2009-05-19 11:19:09",NA,NA,NA,NA,NA
NA,NA,NA,NA,"1140888560",NA,NA,NA,NA,NA,NA,NA,NA,NA,NA,NA,NA,NA,NA,NA,NA,NA,NA,NA,"2009-08-08 09:11:53",NA,NA,NA,NA,NA
NA,NA,NA,NA,NA,NA,NA,NA,NA,NA,NA,NA,NA,NA,NA,NA,NA,NA,NA,NA,NA,NA,"210",NA,"2009-05-11 11:00:55",NA,NA,NA,NA,NA
NA,NA,NA,NA,NA,NA,NA,NA,NA,NA,NA,NA,NA,NA,NA,NA,NA,NA,NA,NA,NA,NA,NA,NA,"2008-09-27 13:00:20",NA,NA,NA,NA,NA
NA,NA,NA,NA,NA,NA,NA,NA,NA,NA,NA,NA,NA,NA,NA,NA,NA,NA,NA,NA,NA,NA,NA,NA,"2009-01-21 07:55:37",NA,NA,NA,NA,NA
NA,NA,NA,NA,NA,NA,NA,NA,"-1",NA,NA,NA,NA,NA,NA,NA,NA,NA,NA,NA,NA,NA,NA,NA,"2009-07-27 15:57:36",NA,NA,NA,NA,NA
NA,NA,NA,NA,NA,NA,NA,NA,NA,NA,NA,NA,NA,NA,NA,NA,NA,NA,NA,NA,NA,NA,NA,NA,"2008-05-06 15:23:50",NA,NA,NA,NA,NA
NA,NA,NA,NA,NA,NA,NA,NA,NA,NA,NA,NA,NA,NA,NA,NA,NA,NA,NA,NA,NA,NA,NA,NA,"2010-07-05 17:24:59",NA,NA,NA,NA,NA
NA,NA,NA,NA,NA,NA,NA,NA,NA,"3",NA,NA,NA,NA,NA,NA,NA,NA,NA,NA,NA,NA,NA,NA,"2008-11-06 16:48:26",NA,NA,NA,NA,NA
NA,NA,NA,NA,"1140860696",NA,NA,NA,NA,NA,NA,NA,NA,NA,NA,NA,NA,NA,NA,NA,NA,NA,NA,NA,"2008-10-13 11:04:02",NA,NA,NA,NA,NA
NA,NA,NA,NA,NA,NA,NA,NA,NA,NA,NA,NA,NA,NA,NA,NA,NA,NA,NA,NA,NA,NA,NA,NA,"2009-03-30 08:00:07",NA,NA,NA,NA,NA
NA,NA,NA,NA,NA,NA,NA,NA,NA,NA,NA,NA,NA,NA,NA,NA,NA,NA,NA,NA,NA,NA,NA,NA,"2008-10-01 14:40:00",NA,NA,NA,NA,NA
NA,NA,NA,NA,NA,NA,NA,NA,NA,NA,NA,NA,NA,NA,NA,NA,NA,NA,NA,NA,NA,NA,NA,NA,"2008-06-05 16:03:03",NA,NA,NA,NA,NA
NA,NA,NA,NA,"2038460150",NA,NA,NA,NA,NA,NA,NA,NA,NA,NA,NA,NA,NA,NA,NA,NA,NA,NA,NA,"2008-07-08 08:26:48",NA,NA,NA,NA,NA
NA,NA,NA,NA,NA,NA,NA,NA,NA,NA,NA,NA,NA,NA,NA,NA,NA,NA,NA,NA,NA,NA,NA,NA,"2008-10-20 13:07:55",NA,NA,NA,NA,NA
NA,NA,"3",NA,"1141188442",NA,NA,NA,NA,NA,NA,NA,NA,NA,NA,NA,NA,NA,NA,NA,NA,NA,NA,NA,"2009-03-12 14:39:50",NA,NA,NA,NA,NA
NA,NA,NA,NA,NA,NA,NA,NA,NA,NA,NA,NA,NA,NA,NA,NA,NA,NA,NA,NA,NA,NA,NA,NA,"2007-09-06 15:39:44",NA,NA,NA,NA,NA
NA,NA,NA,NA,"1141194794",NA,NA,NA,NA,NA,NA,NA,NA,NA,NA,NA,NA,NA,NA,NA,NA,NA,NA,NA,"2009-11-24 15:46:30",NA,NA,NA,NA,NA
NA,NA,NA,NA,NA,NA,NA,NA,NA,NA,NA,NA,NA,NA,NA,NA,NA,NA,NA,NA,NA,NA,NA,NA,"2010-02-03 10:10:06",NA,NA,NA,NA,NA
NA,NA,NA,NA,"1140852976",NA,NA,NA,NA,NA,NA,NA,NA,NA,NA,NA,NA,NA,NA,NA,NA,NA,NA,NA,"2010-03-01 15:30:11",NA,NA,NA,NA,NA
NA,NA,NA,NA,"1140868472",NA,NA,NA,NA,NA,NA,NA,NA,NA,NA,NA,NA,NA,NA,NA,NA,NA,NA,NA,"2007-10-25 11:23:40",NA,NA,NA,NA,NA
NA,NA,NA,NA,NA,NA,"1080",NA,"95",NA,NA,NA,NA,NA,NA,NA,"2616",NA,NA,"2",NA,NA,NA,NA,"2010-06-25 13:10:17","0.001228",NA,NA,NA,"1951.07"
NA,NA,NA,NA,NA,NA,NA,NA,NA,NA,NA,NA,NA,NA,NA,NA,NA,NA,NA,NA,NA,NA,NA,NA,"2008-07-18 10:25:54",NA,NA,NA,NA,NA
NA,NA,NA,NA,NA,NA,NA,NA,NA,NA,NA,NA,NA,NA,NA,NA,NA,NA,NA,NA,NA,NA,NA,NA,"2007-08-14 08:08:31",NA,NA,NA,NA,NA
NA,NA,NA,NA,NA,NA,NA,NA,NA,NA,NA,NA,NA,NA,NA,NA,NA,NA,NA,NA,NA,NA,"210",NA,"2010-05-15 08:07:59",NA,NA,NA,NA,NA
NA,NA,NA,NA,NA,NA,NA,NA,NA,NA,NA,NA,NA,NA,NA,NA,NA,NA,NA,NA,NA,NA,NA,NA,"2008-06-11 16:06:41",NA,NA,NA,NA,NA
NA,NA,NA,NA,NA,NA,NA,NA,NA,NA,NA,NA,NA,NA,NA,NA,NA,NA,NA,NA,NA,NA,NA,NA,"2008-11-22 17:11:21",NA,NA,NA,NA,NA
NA,NA,NA,NA,NA,NA,"1311",NA,NA,NA,NA,NA,NA,NA,NA,NA,"2304",NA,NA,"3",NA,NA,NA,NA,"2009-09-08 09:35:05","0.001138",NA,NA,NA,"2323.42"
NA,NA,NA,NA,NA,NA,NA,NA,NA,NA,NA,NA,NA,NA,NA,NA,NA,NA,NA,NA,NA,NA,NA,NA,"2009-07-07 15:05:05",NA,NA,NA,NA,NA
NA,NA,NA,NA,NA,NA,NA,NA,NA,NA,NA,NA,NA,NA,NA,NA,NA,NA,NA,NA,NA,NA,NA,NA,"2008-10-11 10:25:05",NA,NA,NA,NA,NA
NA,NA,NA,NA,NA,NA,NA,NA,NA,NA,NA,NA,NA,NA,NA,NA,NA,NA,NA,NA,NA,NA,NA,NA,"2008-08-15 11:21:36",NA,NA,NA,NA,NA
NA,NA,NA,NA,"1140866738",NA,NA,NA,NA,NA,NA,NA,NA,NA,NA,NA,NA,NA,NA,NA,NA,NA,NA,NA,"2008-06-25 09:16:50",NA,NA,NA,NA,NA
NA,NA,NA,NA,NA,NA,NA,NA,NA,NA,NA,NA,NA,NA,NA,NA,NA,NA,NA,NA,NA,NA,NA,NA,"2009-10-13 13:41:52",NA,NA,NA,NA,NA
NA,NA,NA,NA,NA,NA,NA,NA,NA,NA,NA,NA,NA,NA,NA,NA,NA,NA,NA,NA,NA,NA,NA,NA,"2007-12-15 09:45:02",NA,NA,NA,NA,NA
