"arterial_pulsewave_stiffness_device_id_f4136_2_0","type_of_bread_roll_eaten_f20094_2_4","illnesses_of_father_f20107_1_5","heel_broadband_ultrasound_attenuation_bua_manual_entry_left_f4141_1_0","area_of_middletemporal_right_hemisphere_f26836_2_0","ordering_of_blows_f3065_3_2","consecutive_night_shifts_during_mixed_shift_periods_f22644_0_9","alcohol_usually_taken_with_meals_f1618_2_0","astigmatism_angle_right_f5088_0_1","mean_isovf_in_splenium_of_corpus_callosum_on_fa_skeleton_f25444_3_0","volume_of_superiortemporal_right_hemisphere_f26918_3_0","time_spend_outdoors_in_summer_f1050_2_0","size_of_white_wine_glass_drunk_f20095_0_0","mean_icvf_in_external_capsule_on_fa_skeleton_right_f25376_3_0","area_of_lingual_right_hemisphere_f26834_3_0","time_last_key_touched_f4255_3_8","mouthteeth_dental_problems_f6149_2_0","triplet_entered_left_f4236_3_4","test_array_presented_f20198_0_27","ecg_heart_rate_f5983_0_62","weightedmean_od_in_tract_anterior_thalamic_radiation_right_f25680_2_0","worked_with_paints_thinners_or_glues_f22613_0_4","vitamin_e_f100025_2_0","lifetime_number_of_samesex_sexual_partners_f3669_1_0","noncancer_illness_code_selfreported_f20002_2_31","reason_for_glassescontact_lenses_f6147_0_0","mean_md_in_posterior_thalamic_radiation_on_fa_skeleton_right_f25132_2_0","latte_intake_f100300_1_0","data_points_for_blow_f3066_1_2","workplace_very_noisy_f22606_0_29"
NA,NA,NA,NA,NA,NA,NA,NA,NA,NA,NA,NA,NA,NA,NA,NA,NA,NA,NA,NA,NA,NA,NA,NA,NA,NA,NA,NA,NA,NA
NA,NA,NA,NA,NA,NA,NA,NA,"84",NA,NA,NA,NA,NA,NA,NA,NA,NA,NA,NA,NA,NA,"6.48",NA,NA,"2",NA,NA,NA,NA
NA,NA,NA,NA,NA,NA,NA,NA,NA,NA,NA,NA,NA,NA,NA,NA,NA,NA,NA,NA,NA,NA,NA,NA,NA,NA,NA,NA,NA,NA
"006836",NA,NA,NA,"3050",NA,NA,"1",NA,NA,NA,"4",NA,NA,NA,NA,"3",NA,NA,NA,NA,NA,NA,"-3",NA,NA,NA,NA,NA,NA
NA,NA,NA,NA,NA,NA,NA,NA,"125",NA,NA,NA,NA,NA,NA,NA,NA,NA,NA,NA,NA,NA,NA,NA,NA,"3",NA,NA,NA,NA
NA,NA,NA,NA,NA,NA,NA,NA,"32",NA,NA,NA,NA,NA,NA,NA,NA,NA,NA,"112",NA,NA,NA,NA,NA,"3",NA,NA,NA,NA
NA,NA,NA,NA,NA,NA,NA,NA,NA,NA,NA,NA,NA,NA,NA,NA,NA,NA,NA,NA,NA,NA,NA,NA,NA,NA,NA,NA,NA,NA
"007076",NA,NA,NA,"3720",NA,NA,"1",NA,NA,NA,"4",NA,NA,NA,NA,"-7",NA,"30",NA,"0.244569",NA,NA,NA,NA,NA,"0.000781",NA,NA,NA
NA,NA,NA,NA,NA,NA,NA,NA,NA,NA,NA,NA,NA,NA,NA,NA,NA,NA,"1",NA,NA,NA,NA,NA,NA,NA,NA,NA,NA,NA
NA,NA,NA,NA,"3278",NA,NA,"1",NA,NA,NA,"4",NA,NA,NA,NA,"3",NA,NA,NA,"0.246885",NA,NA,NA,NA,NA,"0.00101",NA,NA,NA
NA,NA,NA,NA,NA,NA,NA,NA,NA,NA,NA,NA,NA,NA,NA,NA,NA,NA,NA,NA,NA,NA,NA,NA,NA,NA,NA,NA,NA,NA
NA,NA,NA,NA,NA,NA,NA,NA,NA,NA,NA,NA,NA,NA,NA,NA,NA,NA,NA,NA,NA,NA,NA,NA,NA,NA,NA,NA,NA,NA
NA,NA,NA,NA,NA,NA,NA,NA,NA,NA,NA,NA,NA,NA,NA,NA,NA,NA,NA,NA,NA,NA,NA,NA,NA,NA,NA,NA,NA,NA
NA,NA,NA,NA,NA,NA,NA,NA,NA,NA,NA,NA,NA,NA,NA,NA,NA,NA,NA,NA,NA,NA,NA,NA,NA,NA,NA,NA,NA,NA
NA,NA,NA,NA,NA,NA,NA,NA,"1",NA,NA,NA,NA,NA,NA,NA,NA,NA,NA,"114",NA,NA,"8.51",NA,NA,"1",NA,NA,NA,NA
NA,NA,NA,NA,NA,NA,NA,NA,NA,NA,NA,NA,NA,NA,NA,NA,NA,NA,"26",NA,NA,NA,NA,NA,NA,NA,NA,NA,NA,NA
NA,NA,NA,NA,NA,NA,NA,NA,NA,NA,NA,NA,NA,NA,NA,NA,NA,NA,"2",NA,NA,NA,NA,NA,NA,NA,NA,NA,NA,NA
NA,NA,NA,NA,NA,NA,NA,NA,NA,NA,NA,NA,NA,NA,NA,NA,NA,NA,NA,NA,NA,NA,NA,NA,NA,NA,NA,NA,NA,NA
NA,NA,NA,NA,NA,NA,NA,NA,NA,NA,NA,NA,NA,NA,NA,NA,NA,NA,NA,NA,NA,NA,NA,NA,NA,NA,NA,NA,NA,NA
NA,NA,NA,NA,NA,NA,NA,NA,"93",NA,NA,NA,NA,NA,NA,NA,NA,NA,"24","94",NA,NA,"3.76",NA,NA,NA,NA,NA,NA,NA
NA,NA,NA,NA,NA,NA,NA,NA,NA,NA,NA,NA,NA,NA,NA,NA,NA,NA,NA,NA,NA,NA,NA,NA,NA,NA,NA,NA,NA,NA
NA,NA,NA,NA,NA,NA,NA,NA,NA,NA,NA,NA,NA,NA,NA,NA,NA,NA,"15",NA,NA,NA,NA,NA,NA,NA,NA,"1",NA,NA
NA,NA,NA,NA,NA,NA,NA,NA,NA,NA,NA,NA,NA,NA,NA,NA,NA,NA,NA,NA,NA,NA,NA,NA,NA,NA,NA,NA,NA,NA
NA,NA,NA,NA,NA,NA,NA,NA,NA,NA,NA,NA,NA,NA,NA,NA,NA,NA,NA,NA,NA,NA,"12.56",NA,NA,NA,NA,NA,NA,NA
NA,NA,NA,NA,NA,NA,NA,NA,NA,NA,NA,NA,NA,NA,NA,NA,NA,NA,NA,NA,NA,NA,"5.9",NA,NA,NA,NA,NA,NA,NA
NA,NA,NA,NA,NA,NA,NA,NA,NA,NA,NA,NA,NA,NA,NA,NA,NA,NA,NA,NA,NA,NA,NA,NA,NA,NA,NA,NA,NA,NA
NA,NA,NA,NA,NA,NA,NA,NA,"135",NA,NA,NA,NA,NA,NA,NA,NA,NA,NA,"131",NA,NA,NA,NA,NA,"2",NA,NA,NA,NA
NA,NA,NA,NA,NA,NA,NA,NA,NA,NA,NA,NA,NA,NA,NA,NA,NA,NA,"14",NA,NA,NA,"18.31",NA,NA,NA,NA,NA,NA,NA
NA,NA,NA,NA,"2549",NA,NA,"1",NA,NA,NA,"3",NA,NA,NA,NA,"-7",NA,NA,NA,"0.242073",NA,NA,NA,NA,NA,"0.000758",NA,NA,NA
NA,NA,NA,NA,NA,NA,NA,NA,NA,NA,NA,NA,NA,NA,NA,NA,NA,NA,NA,NA,NA,NA,NA,NA,NA,NA,NA,NA,NA,NA
NA,NA,NA,NA,NA,NA,NA,NA,NA,NA,NA,NA,NA,NA,NA,NA,NA,NA,NA,NA,NA,NA,NA,NA,NA,NA,NA,NA,NA,NA
"004761",NA,NA,NA,"3834",NA,NA,"0",NA,NA,NA,"4",NA,NA,NA,NA,"-7",NA,"2",NA,NA,"0",NA,NA,NA,NA,NA,NA,NA,NA
NA,NA,NA,NA,NA,NA,NA,NA,NA,NA,NA,NA,NA,NA,NA,NA,NA,NA,"20",NA,NA,"0",NA,NA,NA,NA,NA,NA,NA,NA
NA,NA,NA,NA,NA,NA,NA,NA,NA,NA,NA,NA,NA,NA,NA,NA,NA,NA,NA,NA,NA,NA,NA,NA,NA,NA,NA,NA,NA,NA
"007309",NA,NA,NA,"3621",NA,NA,"1","87",NA,NA,"4","3",NA,NA,NA,"-7",NA,NA,"121","0.249498",NA,NA,NA,NA,NA,"0.00084",NA,NA,NA
NA,NA,NA,NA,NA,NA,NA,NA,NA,NA,NA,NA,NA,NA,NA,NA,NA,NA,NA,NA,NA,NA,NA,NA,NA,NA,NA,NA,NA,NA
NA,NA,NA,NA,NA,NA,NA,NA,NA,NA,NA,NA,NA,NA,NA,NA,NA,NA,NA,NA,NA,NA,NA,NA,NA,NA,NA,NA,NA,NA
NA,NA,NA,NA,NA,NA,NA,NA,NA,NA,NA,NA,NA,NA,NA,NA,NA,NA,"24",NA,NA,NA,NA,NA,NA,NA,NA,NA,NA,NA
NA,NA,NA,NA,NA,NA,NA,NA,"177",NA,NA,NA,NA,NA,NA,NA,NA,NA,NA,NA,NA,NA,NA,NA,NA,"2",NA,NA,NA,NA
NA,NA,NA,NA,NA,NA,NA,NA,NA,NA,NA,NA,NA,NA,NA,NA,NA,NA,NA,NA,NA,NA,NA,NA,NA,NA,NA,NA,NA,NA
NA,NA,NA,NA,NA,NA,NA,NA,NA,NA,NA,NA,NA,NA,NA,NA,NA,NA,NA,NA,NA,NA,NA,NA,NA,NA,NA,NA,NA,NA
NA,NA,NA,NA,NA,NA,NA,NA,NA,NA,NA,NA,NA,NA,NA,NA,NA,NA,"16",NA,NA,NA,"5.37",NA,NA,NA,NA,NA,NA,NA
NA,NA,NA,NA,NA,NA,NA,NA,NA,NA,NA,NA,NA,NA,NA,NA,NA,NA,NA,NA,NA,NA,"3.61",NA,NA,NA,NA,NA,NA,NA
NA,NA,NA,NA,NA,NA,NA,NA,NA,NA,NA,NA,"2",NA,NA,NA,NA,NA,NA,NA,NA,NA,NA,NA,NA,NA,NA,NA,NA,NA
NA,NA,NA,NA,NA,NA,NA,NA,NA,NA,NA,NA,NA,NA,NA,NA,NA,NA,NA,NA,NA,NA,NA,NA,NA,NA,NA,NA,NA,NA
NA,NA,NA,NA,NA,NA,NA,NA,NA,NA,NA,NA,NA,NA,NA,NA,NA,NA,"0",NA,NA,NA,"9.79",NA,NA,NA,NA,"1",NA,NA
NA,NA,NA,NA,NA,NA,NA,NA,NA,NA,NA,NA,NA,NA,NA,NA,NA,NA,NA,NA,NA,"0",NA,NA,NA,NA,NA,NA,NA,NA
"006826",NA,NA,NA,"3131",NA,NA,"-6",NA,NA,NA,"4",NA,NA,NA,NA,"-7",NA,"13",NA,"0.235915",NA,NA,NA,NA,NA,"0.000796",NA,NA,NA
NA,NA,NA,NA,NA,NA,NA,NA,NA,NA,NA,NA,NA,NA,NA,NA,NA,NA,NA,NA,NA,NA,NA,NA,NA,NA,NA,NA,NA,NA
"006838",NA,NA,NA,"3503",NA,NA,NA,NA,NA,NA,"5",NA,NA,NA,NA,"-7",NA,NA,NA,"0.236599",NA,NA,NA,NA,NA,"0.000937",NA,NA,NA
NA,NA,NA,NA,"3898",NA,NA,"-6",NA,NA,NA,"5",NA,NA,NA,NA,"-7",NA,NA,NA,"0.24021",NA,NA,NA,NA,NA,"0.000928",NA,NA,NA
NA,NA,NA,NA,NA,NA,NA,NA,NA,NA,NA,NA,NA,NA,NA,NA,NA,NA,NA,NA,NA,NA,"7.98",NA,NA,NA,NA,NA,NA,NA
NA,NA,NA,NA,NA,NA,NA,NA,NA,NA,NA,NA,NA,NA,NA,NA,NA,NA,NA,NA,NA,NA,NA,NA,NA,NA,NA,NA,NA,NA
NA,NA,NA,NA,NA,NA,NA,NA,NA,NA,NA,NA,NA,NA,NA,NA,NA,NA,NA,NA,NA,NA,NA,NA,NA,NA,NA,NA,NA,NA
NA,NA,NA,NA,NA,NA,NA,NA,NA,NA,NA,NA,NA,NA,NA,NA,NA,NA,"21",NA,NA,NA,NA,NA,NA,NA,NA,NA,NA,NA
"007076",NA,NA,NA,"3662",NA,NA,"1",NA,NA,NA,"5",NA,NA,NA,NA,"4",NA,NA,NA,"0.240388",NA,NA,NA,NA,NA,"0.00082",NA,NA,NA
NA,NA,NA,NA,NA,NA,NA,NA,NA,NA,NA,NA,NA,NA,NA,NA,NA,NA,NA,NA,NA,NA,NA,NA,NA,NA,NA,NA,NA,NA
NA,NA,NA,NA,NA,NA,NA,NA,"107",NA,NA,NA,NA,NA,NA,NA,NA,NA,NA,"117",NA,NA,NA,NA,NA,"4",NA,NA,NA,NA
NA,NA,NA,NA,NA,NA,NA,NA,NA,NA,NA,NA,NA,NA,NA,NA,NA,NA,NA,NA,NA,NA,NA,NA,NA,NA,NA,NA,NA,NA
NA,NA,NA,NA,NA,NA,NA,NA,NA,NA,NA,NA,NA,NA,NA,NA,NA,NA,"25",NA,NA,"0","8.02",NA,NA,NA,NA,NA,NA,NA
NA,NA,NA,NA,NA,NA,NA,NA,"105",NA,NA,NA,NA,NA,NA,NA,NA,NA,NA,NA,NA,NA,NA,NA,NA,"3",NA,NA,NA,NA
NA,NA,NA,NA,NA,NA,NA,NA,NA,NA,NA,NA,NA,NA,NA,NA,NA,NA,"3",NA,NA,NA,NA,NA,NA,NA,NA,NA,NA,NA
"006828",NA,NA,NA,"3543",NA,NA,"0","39",NA,NA,"1",NA,NA,NA,NA,"-7",NA,"28","127","0.253695",NA,NA,NA,NA,"3","0.000803",NA,NA,NA
NA,NA,NA,NA,NA,NA,NA,NA,NA,NA,NA,NA,NA,NA,NA,NA,NA,NA,NA,NA,NA,NA,NA,NA,NA,NA,NA,NA,NA,NA
NA,NA,NA,NA,NA,NA,NA,NA,NA,NA,NA,NA,NA,NA,NA,NA,NA,NA,"1",NA,NA,NA,"7.58",NA,NA,NA,NA,NA,NA,NA
NA,NA,NA,NA,NA,NA,NA,NA,NA,NA,NA,NA,NA,NA,NA,NA,NA,NA,NA,NA,NA,NA,NA,NA,NA,NA,NA,NA,NA,NA
NA,NA,NA,NA,NA,NA,NA,NA,NA,NA,NA,NA,NA,NA,NA,NA,NA,NA,NA,NA,NA,NA,"12.12",NA,NA,NA,NA,NA,NA,NA
NA,NA,NA,NA,NA,NA,NA,NA,NA,NA,NA,NA,NA,NA,NA,NA,NA,NA,NA,NA,NA,NA,NA,NA,NA,NA,NA,NA,NA,NA
NA,NA,NA,NA,NA,NA,NA,NA,"113",NA,NA,NA,NA,NA,NA,NA,NA,NA,NA,"112",NA,NA,NA,NA,NA,"1",NA,NA,NA,NA
NA,NA,NA,NA,NA,NA,NA,NA,NA,NA,NA,NA,NA,NA,NA,NA,NA,NA,NA,NA,NA,NA,NA,NA,NA,NA,NA,NA,NA,NA
NA,NA,NA,NA,NA,NA,NA,NA,NA,NA,NA,NA,NA,NA,NA,NA,NA,NA,NA,NA,NA,NA,NA,NA,NA,NA,NA,NA,NA,NA
NA,NA,NA,NA,NA,NA,NA,NA,NA,NA,NA,NA,NA,NA,NA,NA,NA,NA,"26",NA,NA,NA,NA,NA,NA,NA,NA,NA,NA,NA
NA,NA,NA,NA,NA,NA,NA,NA,NA,NA,NA,NA,NA,NA,NA,NA,NA,NA,NA,NA,NA,NA,NA,NA,NA,NA,NA,NA,NA,NA
NA,NA,NA,NA,NA,NA,NA,NA,"84",NA,NA,NA,NA,NA,NA,NA,NA,NA,"32",NA,NA,NA,NA,NA,NA,"3",NA,NA,NA,NA
NA,NA,NA,NA,NA,NA,NA,NA,NA,NA,NA,NA,NA,NA,NA,NA,NA,NA,NA,NA,NA,NA,NA,NA,NA,NA,NA,NA,NA,NA
NA,NA,NA,NA,NA,NA,NA,NA,"126",NA,NA,NA,NA,NA,NA,NA,NA,NA,NA,"126",NA,NA,NA,NA,NA,NA,NA,NA,NA,NA
NA,NA,NA,NA,NA,NA,NA,NA,NA,NA,NA,NA,NA,NA,NA,NA,NA,NA,NA,NA,NA,NA,NA,NA,NA,NA,NA,NA,NA,NA
NA,NA,NA,NA,NA,NA,NA,NA,NA,NA,NA,NA,NA,NA,NA,NA,NA,NA,NA,NA,NA,NA,NA,NA,NA,NA,NA,NA,NA,NA
NA,NA,NA,NA,NA,NA,NA,NA,"109",NA,NA,NA,NA,NA,NA,NA,NA,NA,NA,NA,NA,NA,NA,NA,NA,"3",NA,NA,NA,NA
NA,NA,NA,NA,NA,NA,NA,NA,NA,NA,NA,NA,NA,NA,NA,NA,NA,NA,NA,NA,NA,NA,NA,NA,NA,NA,NA,NA,NA,NA
NA,NA,NA,NA,NA,NA,NA,NA,NA,NA,NA,NA,NA,NA,NA,NA,NA,NA,NA,NA,NA,NA,NA,NA,NA,NA,NA,NA,NA,NA
NA,NA,NA,NA,NA,NA,NA,NA,NA,NA,NA,NA,NA,NA,NA,NA,NA,NA,NA,NA,NA,NA,NA,NA,NA,NA,NA,NA,NA,NA
NA,NA,NA,NA,NA,NA,NA,NA,NA,NA,NA,NA,NA,NA,NA,NA,NA,NA,NA,NA,NA,NA,NA,NA,NA,NA,NA,NA,NA,NA
NA,NA,NA,NA,"3007",NA,NA,"1",NA,NA,NA,"1",NA,NA,NA,NA,"-7",NA,NA,NA,"0.254174","0",NA,NA,NA,NA,"0.00082",NA,NA,NA
NA,NA,NA,NA,NA,NA,NA,NA,NA,NA,NA,NA,NA,NA,NA,NA,NA,NA,"31",NA,NA,"0","9.07",NA,NA,NA,NA,NA,NA,NA
NA,NA,NA,NA,NA,NA,NA,NA,NA,NA,NA,NA,NA,NA,NA,NA,NA,NA,NA,NA,NA,NA,NA,NA,NA,NA,NA,NA,NA,NA
NA,NA,NA,NA,NA,NA,NA,NA,"143",NA,NA,NA,NA,NA,NA,NA,NA,NA,NA,"100",NA,NA,NA,NA,NA,"3",NA,NA,"10302061,00001,2,796,0,0,0,0,1,3,8,15,23,35,49,67,89,113,141,171,202,235,269,305,342,381,421,464,507,550,595,640,685,731,778,826,873,921,970,1019,1067,1116,1165,1213,1262,1309,1356,1401,1446,1489,1531,1571,1610,1647,1683,1717,1750,1782,1812,1841,1869,1895,1920,1944,1965,1985,2004,2022,2037,2052,2065,2078,2091,2103,2116,2129,2142,2156,2170,2185,2201,2218,2234,2249,2266,2282,2296,2311,2326,2340,2355,2368,2382,2394,2406,2417,2427,2437,2447,2456,2465,2474,2483,2491,2500,2508,2515,2523,2531,2538,2545,2552,2559,2566,2572,2579,2585,2591,2597,2603,2608,2614,2618,2623,2628,2632,2636,2640,2644,2648,2652,2655,2659,2663,2666,2670,2673,2676,2679,2682,2684,2687,2689,2691,2692,2694,2696,2698,2700,2702,2704,2705,2707,2709,2711,2713,2715,2717,2720,2722,2724,2726,2728,2731,2733,2735,2738,2740,2743,2745,2747,2749,2751,2753,2754,2756,2758,2759,2761,2762,2764,2766,2768,2770,2772,2774,2776,2778,2780,2782,2784,2785,2787,2789,2790,2792,2794,2795,2797,2798,2800,2802,2804,2805,2806,2808,2809,2810,2812,2813,2814,2815,2816,2817,2819,2820,2821,2822,2823,2824,2826,2827,2828,2829,2830,2831,2833,2834,2835,2836,2837,2838,2839,2840,2841,2842,2843,2845,2845,2846,2847,2848,2849,2850,2851,2852,2853,2854,2855,2856,2857,2858,2859,2861,2862,2863,2864,2865,2867,2868,2869,2870,2871,2872,2873,2874,2875,2877,2878,2879,2880,2881,2882,2883,2884,2886,2887,2888,2889,2890,2891,2892,2892,2893,2894,2894,2894,2895,2896,2897,2898,2900,2901,2903,2904,2906,2907,2909,2910,2911,2912,2913,2914,2915,2916,2917,2918,2919,2919,2920,2921,2921,2922,2923,2923,2924,2924,2925,2925,2926,2927,2927,2928,2929,2929,2930,2931,2931,2932,2933,2933,2934,2935,2936,2937,2937,2938,2939,2940,2941,2941,2942,2943,2944,2945,2946,2946,2947,2948,2949,2949,2950,2951,2952,2952,2953,2954,2955,2956,2957,2958,2959,2960,2960,2961,2962,2963,2964,2965,2965,2966,2967,2968,2969,2969,2970,2971,2972,2972,2973,2974,2975,2975,2976,2976,2977,2977,2978,2979,2979,2980,2981,2981,2982,2983,2983,2984,2985,2985,2986,2986,2987,2988,2988,2989,2990,2990,2991,2991,2992,2992,2992,2993,2993,2994,2994,2995,2996,2996,2997,2998,2998,2999,3000,3000,3001,3001,3002,3003,3003,3004,3004,3005,3006,3006,3007,3007,3008,3008,3009,3009,3010,3010,3011,3011,3012,3013,3013,3014,3014,3015,3016,3016,3017,3017,3018,3018,3019,3019,3020,3020,3020,3021,3021,3021,3022,3022,3023,3023,3023,3024,3025,3025,3025,3026,3026,3026,3027,3027,3027,3028,3028,3029,3029,3030,3030,3030,3031,3031,3032,3032,3032,3033,3033,3034,3034,3035,3035,3036,3036,3036,3037,3037,3038,3038,3038,3039,3039,3040,3040,3040,3041,3041,3042,3042,3042,3043,3043,3043,3044,3044,3045,3045,3045,3046,3046,3047,3047,3048,3048,3049,3049,3049,3050,3050,3051,3051,3051,3052,3052,3052,3052,3053,3053,3053,3054,3054,3055,3055,3055,3056,3056,3057,3057,3057,3058,3058,3059,3059,3059,3060,3060,3060,3061,3061,3061,3062,3062,3062,3063,3063,3063,3064,3064,3065,3065,3065,3066,3066,3067,3067,3067,3068,3068,3069,3069,3069,3070,3070,3071,3071,3071,3072,3072,3072,3073,3073,3074,3074,3074,3075,3075,3075,3076,3076,3077,3077,3078,3078,3078,3079,3079,3080,3080,3080,3081,3081,3081,3082,3082,3082,3083,3083,3083,3084,3084,3085,3085,3085,3086,3086,3086,3087,3087,3087,3088,3088,3088,3089,3089,3089,3090,3090,3090,3091,3091,3091,3092,3092,3093,3093,3093,3094,3094,3095,3095,3096,3096,3097,3097,3098,3099,3100,3101,3102,3103,3104,3105,3106,3107,3108,3108,3108,3108,3108,3108,3107,3107,3107,3106,3105,3105,3105,3105,3105,3104,3104,3104,3104,3104,3104,3104,3104,3105,3104,3104,3104,3104,3104,3104,3104,3104,3104,3104,3104,3104,3104,3104,3104,3104,3104,3104,3104,3104,3104,3104,3104,3104,3104,3104,3104,3104,3104,3104,3104,3104,3103,3103,3103,3103,3103,3103,3103,3103,3103,3103,3103,3103,3103,3103,3102,3102,3102,3103,3103,3103,3103,3103,3102,3102,3102,3102,3102,3102,3102,3102,3102,3102,3102,3102,3102,3102,3102,3102,3102,3102,3102,3102,3102,3102,3102,3102,3102,3102,3102,3102,3102,3102,3102,3102,3102,3102,3102,3102,3102,3102,3102,3102,3102,3102,3102,3102,3102,3102,3102,3102,3102,3102,3102,3101,3101,3101,3101,3101",NA
NA,NA,NA,NA,NA,NA,NA,NA,NA,NA,NA,NA,NA,NA,NA,NA,NA,NA,NA,NA,NA,NA,NA,NA,NA,NA,NA,NA,NA,NA
NA,NA,NA,NA,NA,NA,NA,NA,NA,NA,NA,NA,NA,NA,NA,NA,NA,NA,"30",NA,NA,NA,NA,NA,NA,NA,NA,NA,NA,NA
NA,NA,NA,NA,NA,NA,NA,NA,NA,NA,NA,NA,NA,NA,NA,NA,NA,NA,NA,NA,NA,NA,NA,NA,NA,NA,NA,NA,NA,NA
NA,NA,NA,NA,NA,NA,NA,NA,NA,NA,NA,NA,NA,NA,NA,NA,NA,NA,"26",NA,NA,"0",NA,NA,NA,NA,NA,NA,NA,NA
NA,NA,NA,NA,NA,NA,NA,NA,NA,NA,NA,NA,NA,NA,NA,NA,NA,NA,NA,NA,NA,NA,NA,NA,NA,NA,NA,NA,NA,NA
NA,NA,NA,NA,NA,NA,NA,NA,NA,NA,NA,NA,NA,NA,NA,NA,NA,NA,NA,NA,NA,NA,NA,NA,NA,NA,NA,NA,NA,NA
NA,NA,NA,NA,NA,NA,NA,NA,NA,NA,NA,NA,NA,NA,NA,NA,NA,NA,NA,NA,NA,NA,NA,NA,NA,NA,NA,NA,NA,NA
NA,NA,NA,NA,NA,NA,NA,NA,NA,NA,NA,NA,NA,NA,NA,NA,NA,NA,NA,NA,NA,NA,NA,NA,NA,NA,NA,NA,NA,NA
NA,NA,NA,NA,NA,NA,NA,NA,NA,NA,NA,NA,NA,NA,NA,NA,NA,NA,NA,NA,NA,"0",NA,NA,NA,NA,NA,NA,NA,NA
NA,NA,NA,NA,NA,NA,NA,NA,NA,NA,NA,NA,NA,NA,NA,NA,NA,NA,NA,NA,NA,NA,NA,NA,NA,NA,NA,NA,NA,NA
NA,NA,NA,NA,NA,NA,NA,NA,NA,NA,NA,NA,NA,NA,NA,NA,NA,NA,NA,NA,NA,NA,NA,NA,NA,NA,NA,NA,NA,NA
NA,NA,NA,NA,NA,NA,NA,NA,NA,NA,NA,NA,NA,NA,NA,NA,NA,NA,NA,NA,NA,NA,NA,NA,NA,NA,NA,NA,NA,NA
NA,NA,NA,NA,NA,NA,NA,NA,NA,NA,NA,NA,NA,NA,NA,NA,NA,NA,NA,NA,NA,NA,NA,NA,NA,NA,NA,NA,NA,NA
NA,NA,NA,NA,NA,NA,NA,NA,"109",NA,NA,NA,NA,NA,NA,NA,NA,NA,NA,"120",NA,NA,NA,NA,NA,"4",NA,NA,NA,NA
NA,NA,NA,NA,NA,NA,NA,NA,NA,NA,NA,NA,NA,NA,NA,NA,NA,NA,NA,NA,NA,NA,NA,NA,NA,NA,NA,NA,NA,NA
NA,NA,NA,NA,NA,NA,NA,NA,NA,NA,NA,NA,NA,NA,NA,NA,NA,NA,NA,NA,NA,NA,"39.04",NA,NA,NA,NA,NA,NA,NA
NA,NA,NA,NA,NA,NA,NA,NA,NA,NA,NA,NA,NA,NA,NA,NA,NA,NA,NA,NA,NA,NA,NA,NA,NA,NA,NA,NA,NA,NA
NA,NA,NA,NA,NA,NA,NA,NA,"35",NA,NA,NA,NA,NA,NA,NA,NA,NA,NA,"113",NA,NA,NA,NA,NA,NA,NA,NA,NA,NA
NA,NA,NA,NA,NA,NA,NA,NA,NA,NA,NA,NA,NA,NA,NA,NA,NA,NA,NA,NA,NA,"0","5.57",NA,NA,NA,NA,NA,NA,NA
NA,NA,NA,NA,NA,NA,NA,NA,NA,NA,NA,NA,NA,NA,NA,NA,NA,NA,NA,NA,NA,NA,NA,NA,NA,NA,NA,NA,NA,NA
NA,NA,NA,NA,NA,NA,NA,NA,NA,NA,NA,NA,NA,NA,NA,NA,NA,NA,NA,NA,NA,NA,NA,NA,NA,NA,NA,NA,NA,NA
NA,NA,NA,NA,NA,NA,NA,NA,NA,NA,NA,NA,NA,NA,NA,NA,NA,NA,NA,NA,NA,NA,NA,NA,NA,NA,NA,NA,NA,NA
NA,NA,NA,NA,NA,NA,NA,NA,NA,NA,NA,NA,NA,NA,NA,NA,NA,NA,NA,NA,NA,NA,NA,NA,NA,NA,NA,NA,NA,NA
NA,NA,NA,NA,NA,NA,NA,NA,NA,NA,NA,NA,NA,NA,NA,NA,NA,NA,NA,NA,NA,NA,NA,NA,NA,NA,NA,NA,NA,NA
NA,NA,NA,NA,NA,NA,NA,NA,NA,NA,NA,NA,NA,NA,NA,NA,NA,NA,NA,NA,NA,NA,NA,NA,NA,NA,NA,NA,NA,NA
NA,NA,NA,NA,NA,NA,NA,NA,NA,NA,NA,NA,NA,NA,NA,NA,NA,NA,NA,NA,NA,NA,"5.85",NA,NA,NA,NA,NA,NA,NA
NA,NA,NA,NA,NA,NA,NA,NA,NA,NA,NA,NA,NA,NA,NA,NA,NA,NA,NA,NA,NA,NA,NA,NA,NA,NA,NA,NA,NA,NA
NA,NA,NA,NA,NA,NA,NA,NA,NA,NA,NA,NA,NA,NA,NA,NA,NA,NA,NA,NA,NA,NA,NA,NA,NA,NA,NA,NA,NA,NA
NA,NA,NA,NA,NA,NA,NA,NA,NA,NA,NA,NA,NA,NA,NA,NA,NA,NA,NA,NA,NA,NA,NA,NA,NA,"2",NA,NA,NA,NA
NA,NA,NA,NA,NA,NA,NA,NA,"148",NA,NA,NA,NA,NA,NA,NA,NA,NA,NA,NA,NA,NA,NA,NA,NA,"1",NA,NA,NA,NA
NA,NA,NA,NA,NA,NA,NA,NA,NA,NA,NA,NA,NA,NA,NA,NA,NA,NA,"27",NA,NA,"0",NA,NA,NA,NA,NA,NA,NA,NA
NA,NA,NA,NA,NA,NA,NA,NA,NA,NA,NA,NA,NA,NA,NA,NA,NA,NA,NA,NA,NA,NA,NA,NA,NA,NA,NA,NA,NA,NA
NA,NA,NA,NA,NA,NA,NA,NA,NA,NA,NA,NA,NA,NA,NA,NA,NA,NA,NA,NA,NA,NA,NA,NA,NA,NA,NA,NA,NA,NA
NA,NA,NA,NA,NA,NA,NA,NA,NA,NA,NA,NA,NA,NA,NA,NA,NA,NA,NA,NA,NA,NA,NA,NA,NA,NA,NA,NA,NA,NA
"007309",NA,NA,NA,NA,NA,NA,NA,NA,NA,NA,"3",NA,NA,NA,NA,"-7",NA,NA,NA,NA,NA,NA,NA,NA,NA,NA,NA,NA,NA
NA,NA,NA,NA,NA,NA,NA,NA,NA,NA,NA,NA,NA,NA,NA,NA,NA,NA,NA,NA,NA,NA,NA,NA,NA,NA,NA,NA,NA,NA
NA,NA,NA,NA,NA,NA,NA,NA,NA,NA,NA,NA,NA,NA,NA,NA,NA,NA,NA,NA,NA,NA,NA,NA,NA,NA,NA,NA,NA,NA
NA,NA,NA,NA,NA,NA,NA,NA,"125",NA,NA,NA,NA,NA,NA,NA,NA,NA,NA,NA,NA,NA,NA,NA,NA,"3",NA,NA,NA,NA
NA,NA,NA,NA,NA,NA,NA,NA,NA,NA,NA,NA,NA,NA,NA,NA,NA,NA,NA,NA,NA,NA,NA,NA,NA,NA,NA,NA,NA,NA
NA,NA,NA,NA,NA,NA,NA,NA,NA,NA,NA,NA,NA,NA,NA,NA,NA,NA,NA,NA,NA,NA,"4.44",NA,NA,NA,NA,"555",NA,NA
NA,NA,NA,NA,NA,NA,NA,NA,NA,NA,NA,NA,NA,NA,NA,NA,NA,NA,NA,NA,NA,NA,NA,NA,NA,NA,NA,NA,NA,NA
NA,NA,NA,NA,NA,NA,NA,NA,NA,NA,NA,NA,NA,NA,NA,NA,NA,NA,NA,NA,NA,NA,NA,NA,NA,NA,NA,NA,NA,NA
NA,NA,NA,NA,NA,NA,NA,NA,NA,NA,NA,NA,NA,NA,NA,NA,NA,NA,NA,NA,NA,NA,NA,NA,NA,NA,NA,NA,NA,NA
NA,NA,NA,NA,NA,NA,NA,NA,NA,NA,NA,NA,NA,NA,NA,NA,NA,NA,NA,NA,NA,NA,NA,NA,NA,NA,NA,NA,NA,NA
NA,NA,NA,NA,NA,NA,NA,NA,NA,NA,NA,NA,NA,NA,NA,NA,NA,NA,"17",NA,NA,NA,"10.37",NA,NA,NA,NA,NA,NA,NA
NA,NA,NA,NA,NA,NA,NA,NA,NA,NA,NA,NA,NA,NA,NA,NA,NA,NA,NA,NA,NA,NA,NA,NA,NA,NA,NA,NA,NA,NA
NA,NA,NA,NA,NA,NA,NA,NA,"90",NA,NA,NA,NA,NA,NA,NA,NA,NA,NA,"82",NA,NA,NA,NA,NA,"1",NA,NA,NA,NA
NA,NA,NA,NA,NA,NA,NA,NA,NA,NA,NA,NA,NA,NA,NA,NA,NA,NA,"19",NA,NA,NA,NA,NA,NA,NA,NA,NA,NA,NA
NA,NA,NA,NA,NA,NA,NA,NA,NA,NA,NA,NA,NA,NA,NA,NA,NA,NA,NA,NA,NA,NA,"11.64",NA,NA,NA,NA,NA,NA,NA
NA,NA,NA,NA,NA,NA,NA,NA,NA,NA,NA,NA,NA,NA,NA,NA,NA,NA,NA,NA,NA,"-131",NA,NA,NA,NA,NA,NA,"06375134,00001,1,839,0,0,0,0,1,4,7,13,21,33,51,78,114,158,206,256,306,354,401,447,494,540,586,631,677,720,764,808,852,896,942,986,1028,1070,1112,1154,1197,1239,1280,1324,1367,1411,1455,1501,1548,1595,1641,1687,1730,1772,1814,1858,1900,1942,1987,2029,2067,2105,2142,2180,2211,2242,2272,2302,2331,2360,2389,2417,2444,2471,2497,2523,2547,2572,2595,2618,2641,2664,2686,2708,2729,2750,2770,2789,2809,2828,2847,2865,2883,2900,2918,2935,2951,2968,2985,3001,3015,3031,3046,3061,3077,3091,3105,3119,3133,3147,3160,3173,3186,3199,3212,3224,3236,3248,3259,3270,3281,3291,3302,3312,3322,3332,3342,3351,3361,3370,3379,3388,3397,3405,3413,3421,3429,3437,3446,3454,3462,3470,3478,3486,3493,3501,3509,3516,3523,3531,3538,3545,3552,3559,3567,3573,3580,3587,3593,3600,3607,3613,3619,3626,3632,3638,3644,3650,3655,3661,3666,3672,3678,3683,3688,3694,3699,3704,3708,3713,3718,3722,3726,3731,3735,3739,3743,3748,3752,3756,3759,3764,3769,3773,3778,3781,3786,3790,3795,3799,3804,3807,3811,3814,3819,3821,3825,3827,3832,3834,3838,3841,3845,3849,3852,3856,3860,3864,3869,3873,3876,3880,3884,3887,3891,3894,3898,3901,3905,3909,3913,3917,3920,3924,3927,3930,3933,3936,3938,3940,3942,3944,3947,3949,3952,3954,3957,3960,3962,3965,3967,3970,3972,3974,3977,3980,3982,3985,3988,3991,3993,3996,3998,4001,4003,4005,4008,4011,4013,4015,4018,4020,4022,4025,4027,4029,4031,4034,4036,4038,4040,4042,4045,4047,4049,4051,4053,4056,4058,4060,4062,4064,4066,4068,4070,4072,4074,4075,4077,4079,4080,4082,4084,4086,4089,4091,4093,4095,4097,4099,4102,4104,4106,4108,4110,4112,4115,4117,4119,4121,4123,4126,4128,4130,4132,4134,4136,4138,4140,4142,4144,4146,4148,4151,4153,4154,4157,4159,4160,4162,4164,4166,4168,4170,4172,4173,4175,4176,4178,4179,4181,4182,4184,4185,4187,4189,4190,4192,4193,4195,4196,4198,4199,4201,4202,4204,4205,4207,4208,4210,4211,4213,4214,4216,4217,4218,4219,4220,4222,4223,4224,4225,4227,4228,4229,4230,4231,4233,4234,4235,4236,4237,4239,4240,4241,4242,4243,4244,4245,4246,4247,4248,4249,4250,4251,4253,4254,4255,4257,4258,4259,4260,4261,4262,4263,4264,4265,4267,4268,4270,4271,4273,4274,4276,4277,4279,4280,4282,4283,4285,4286,4287,4289,4290,4291,4292,4293,4295,4296,4297,4298,4299,4300,4302,4303,4304,4305,4306,4307,4308,4309,4310,4311,4312,4313,4314,4315,4316,4317,4318,4319,4320,4321,4322,4323,4324,4325,4326,4327,4328,4329,4330,4331,4332,4333,4334,4335,4336,4336,4337,4338,4339,4340,4341,4342,4343,4344,4345,4345,4346,4347,4348,4349,4349,4350,4351,4352,4353,4354,4355,4355,4357,4358,4359,4360,4361,4362,4363,4364,4365,4366,4367,4368,4369,4371,4372,4373,4374,4375,4376,4377,4378,4379,4380,4381,4383,4384,4385,4386,4386,4387,4388,4389,4390,4391,4392,4393,4394,4395,4395,4396,4397,4398,4399,4399,4400,4401,4401,4402,4403,4404,4404,4405,4406,4407,4407,4408,4409,4410,4410,4411,4411,4412,4413,4413,4414,4415,4415,4416,4417,4417,4418,4419,4419,4420,4421,4421,4422,4423,4423,4424,4425,4425,4426,4427,4427,4428,4428,4429,4429,4430,4431,4432,4432,4433,4434,4435,4435,4436,4437,4437,4438,4439,4439,4440,4441,4442,4443,4443,4444,4445,4446,4447,4447,4448,4449,4449,4450,4451,4452,4452,4453,4454,4454,4455,4456,4456,4457,4457,4458,4459,4459,4460,4461,4461,4462,4463,4463,4464,4465,4466,4466,4467,4467,4468,4469,4469,4470,4471,4471,4472,4473,4473,4474,4474,4475,4475,4476,4477,4477,4478,4478,4479,4480,4480,4480,4481,4481,4482,4482,4483,4483,4484,4484,4485,4485,4486,4486,4487,4488,4488,4489,4490,4491,4491,4492,4492,4493,4493,4494,4494,4495,4495,4496,4497,4497,4498,4499,4500,4500,4501,4502,4502,4503,4503,4503,4503,4502,4502,4502,4502,4501,4501,4501,4501,4500,4500,4500,4500,4500,4500,4500,4499,4499,4499,4499,4499,4499,4499,4499,4499,4499,4499,4499,4499,4499,4499,4499,4499,4499,4499,4499,4499,4499,4499,4499,4499,4499,4499,4499,4499,4498,4498,4498,4498,4498,4498,4498,4498,4498,4498,4498,4498,4498,4498,4498,4498,4498,4498,4498,4498,4498,4498,4498,4498,4498,4498,4498,4498,4498,4498,4498,4498,4498,4498,4497,4497,4497,4497,4497,4497,4497,4497,4497,4497,4497,4497,4497,4497,4497,4497,4497,4497,4497,4497,4497,4497,4497,4497,4497,4496,4496,4496,4496,4496,4496,4496,4496,4496,4496,4496,4496,4496,4496,4496,4496,4496,4496,4496,4496,4496,4496,4496,4496,4496,4496,4496,4496,4496,4496,4496,4496,4496,4495,4495,4495,4495",NA
NA,NA,NA,NA,NA,NA,NA,NA,NA,NA,NA,NA,NA,NA,NA,NA,NA,NA,"28",NA,NA,NA,NA,NA,NA,NA,NA,NA,NA,NA
"006836",NA,NA,NA,"4041",NA,NA,"1",NA,NA,NA,"1",NA,NA,NA,NA,"-7",NA,NA,NA,"0.258862",NA,NA,NA,NA,"2","0.000853",NA,NA,NA
NA,NA,NA,NA,NA,NA,NA,NA,NA,NA,NA,NA,NA,NA,NA,NA,NA,NA,"16",NA,NA,NA,NA,NA,NA,NA,NA,NA,NA,NA
NA,NA,NA,NA,NA,NA,NA,NA,NA,NA,NA,NA,NA,NA,NA,NA,NA,NA,NA,NA,NA,NA,NA,NA,NA,NA,NA,NA,NA,NA
NA,NA,NA,NA,NA,NA,NA,NA,"172",NA,NA,NA,NA,NA,NA,NA,NA,NA,NA,NA,NA,NA,NA,NA,NA,"1",NA,NA,NA,NA
NA,NA,NA,NA,NA,NA,NA,NA,NA,NA,NA,NA,NA,NA,NA,NA,NA,NA,NA,NA,NA,NA,NA,NA,NA,NA,NA,NA,NA,NA
NA,NA,NA,NA,NA,NA,NA,NA,NA,NA,NA,NA,NA,NA,NA,NA,NA,NA,NA,NA,NA,NA,NA,NA,NA,NA,NA,NA,NA,NA
NA,NA,NA,NA,NA,NA,NA,NA,"177",NA,NA,NA,NA,NA,NA,NA,NA,NA,NA,NA,NA,NA,"18.81",NA,NA,"3",NA,NA,NA,NA
NA,NA,NA,NA,NA,NA,NA,NA,"51",NA,NA,NA,NA,NA,NA,NA,NA,NA,"4",NA,NA,NA,"11.95",NA,NA,"1",NA,NA,NA,NA
NA,NA,NA,NA,NA,NA,NA,NA,NA,NA,NA,NA,NA,NA,NA,NA,NA,NA,NA,NA,NA,NA,NA,NA,NA,NA,NA,NA,NA,NA
NA,NA,NA,NA,NA,NA,NA,NA,NA,NA,NA,NA,NA,NA,NA,NA,NA,NA,NA,NA,NA,NA,NA,NA,NA,NA,NA,NA,NA,NA
NA,NA,NA,NA,NA,NA,NA,NA,NA,NA,NA,NA,NA,NA,NA,NA,NA,NA,NA,NA,NA,NA,NA,NA,NA,NA,NA,NA,NA,NA
NA,NA,NA,NA,NA,NA,NA,NA,NA,NA,NA,NA,NA,NA,NA,NA,NA,NA,NA,NA,NA,NA,"9.68",NA,NA,NA,NA,NA,NA,NA
NA,NA,NA,NA,NA,NA,NA,NA,NA,NA,NA,NA,NA,NA,NA,NA,NA,NA,NA,NA,NA,NA,NA,NA,NA,NA,NA,NA,NA,NA
NA,NA,NA,NA,NA,NA,NA,NA,NA,NA,NA,NA,NA,NA,NA,NA,NA,NA,NA,NA,NA,NA,NA,NA,NA,NA,NA,NA,NA,NA
NA,NA,NA,NA,NA,NA,NA,NA,NA,NA,NA,NA,NA,NA,NA,NA,NA,NA,NA,NA,NA,NA,"2.24",NA,NA,NA,NA,NA,NA,NA
NA,NA,NA,NA,NA,NA,NA,NA,"81",NA,NA,NA,NA,NA,NA,NA,NA,NA,NA,NA,NA,NA,NA,NA,NA,"1",NA,NA,NA,NA
"006836",NA,NA,NA,NA,NA,NA,"0",NA,NA,NA,"6",NA,NA,NA,NA,"-7",NA,NA,NA,NA,NA,"14.44",NA,NA,NA,NA,NA,NA,NA
"006836",NA,NA,NA,"3031",NA,NA,"1",NA,NA,NA,"3",NA,NA,NA,NA,"3",NA,NA,NA,"0.246534",NA,NA,NA,NA,NA,"0.00084",NA,"37509926,00001,1,476,0,0,0,0,2,7,16,30,50,76,107,144,184,229,275,324,373,424,475,525,575,625,674,721,764,805,845,882,918,953,986,1018,1049,1079,1108,1136,1164,1191,1218,1244,1270,1295,1320,1345,1369,1392,1415,1438,1460,1481,1503,1523,1543,1563,1583,1602,1621,1639,1657,1674,1692,1709,1726,1743,1759,1776,1792,1808,1824,1839,1854,1869,1883,1897,1911,1925,1938,1951,1963,1975,1986,1997,2008,2018,2028,2038,2048,2058,2068,2077,2087,2096,2105,2114,2123,2131,2140,2149,2157,2165,2173,2181,2189,2197,2205,2213,2221,2229,2236,2243,2250,2257,2264,2270,2277,2283,2290,2296,2302,2309,2316,2323,2329,2336,2343,2349,2355,2362,2368,2374,2379,2385,2390,2396,2401,2406,2411,2416,2421,2426,2431,2436,2441,2445,2450,2454,2458,2462,2466,2471,2475,2479,2483,2488,2492,2496,2500,2504,2508,2512,2515,2519,2523,2527,2531,2534,2538,2542,2545,2548,2552,2555,2558,2561,2564,2567,2571,2574,2577,2580,2583,2587,2590,2593,2596,2599,2602,2604,2607,2610,2613,2616,2619,2622,2625,2627,2630,2633,2635,2638,2640,2643,2645,2648,2651,2653,2656,2658,2661,2663,2665,2667,2670,2672,2674,2676,2678,2680,2683,2685,2687,2690,2692,2694,2696,2698,2700,2702,2704,2705,2707,2709,2711,2713,2715,2717,2719,2721,2723,2724,2726,2728,2729,2731,2733,2734,2736,2738,2740,2741,2743,2745,2747,2749,2751,2753,2755,2756,2758,2759,2761,2763,2764,2766,2768,2769,2771,2773,2774,2776,2777,2779,2781,2782,2784,2785,2786,2787,2789,2790,2792,2793,2795,2796,2797,2797,2798,2799,2800,2801,2802,2803,2803,2807,2811,2813,2813,2813,2813,2813,2813,2813,2813,2813,2813,2813,2813,2813,2813,2813,2813,2813,2813,2813,2813,2813,2813,2813,2813,2813,2814,2814,2814,2814,2814,2814,2814,2814,2814,2814,2814,2814,2814,2814,2814,2814,2814,2814,2814,2814,2814,2814,2814,2814,2814,2814,2814,2814,2814,2814,2814,2814,2814,2814,2814,2814,2814,2814,2814,2814,2814,2814,2814,2814,2814,2814,2814,2814,2814,2814,2814,2814,2814,2814,2815,2815,2815,2815,2815,2815,2815,2815,2815,2815,2815,2815,2815,2815,2815,2815,2815,2815,2815,2815,2815,2815,2815,2815,2815,2815,2815,2815,2815,2815,2815,2815,2815,2815,2816,2816,2816,2816,2816,2816,2816,2816,2816,2816,2816,2816,2816,2816,2816,2816,2816,2816,2816,2816,2816,2816,2816,2816,2816,2816,2816,2816,2816,2816,2816,2816,2816,2816,2816,2816,2816,2817,2817,2817,2817,2817,2817,2817,2817,2817,2817,2817,2817,2817,2817,2817,2817,2817,2817,2817,2817,2817,2817,2817,2817,2817,2817,2817,2817,2817,2817,2817,2817,2817,2817,2817",NA
NA,NA,NA,NA,NA,NA,NA,NA,NA,NA,NA,NA,NA,NA,NA,NA,NA,NA,NA,NA,NA,NA,NA,NA,NA,NA,NA,NA,NA,NA
"006836",NA,NA,NA,"3531",NA,NA,"-6",NA,NA,NA,"4",NA,NA,NA,NA,"-7",NA,"11",NA,"0.248744",NA,NA,NA,NA,NA,"0.000823",NA,NA,NA
NA,NA,NA,NA,NA,NA,NA,NA,NA,NA,NA,NA,NA,NA,NA,NA,NA,NA,NA,NA,NA,NA,NA,NA,NA,NA,NA,NA,NA,NA
NA,NA,NA,NA,NA,NA,NA,NA,"174",NA,NA,NA,NA,NA,NA,NA,NA,NA,NA,NA,NA,NA,NA,NA,NA,"3",NA,NA,NA,NA
NA,NA,NA,NA,NA,NA,NA,NA,NA,NA,NA,NA,NA,NA,NA,NA,NA,NA,NA,NA,NA,NA,"7.12",NA,NA,NA,NA,NA,NA,NA
NA,NA,NA,NA,NA,NA,NA,NA,NA,NA,NA,NA,NA,NA,NA,NA,NA,NA,NA,NA,NA,NA,NA,NA,NA,NA,NA,NA,NA,NA
"006826",NA,NA,NA,"3261",NA,NA,"1","102",NA,NA,"5",NA,NA,NA,NA,"-7",NA,NA,NA,NA,"0","8.77",NA,NA,"2",NA,NA,NA,NA
NA,NA,NA,NA,NA,NA,NA,NA,NA,NA,NA,NA,NA,NA,NA,NA,NA,NA,NA,NA,NA,NA,NA,NA,NA,NA,NA,NA,NA,NA
NA,NA,NA,NA,NA,NA,NA,NA,NA,NA,NA,NA,NA,NA,NA,NA,NA,NA,"26",NA,NA,NA,NA,NA,NA,NA,NA,NA,NA,NA
NA,NA,NA,NA,NA,NA,NA,NA,NA,NA,NA,NA,NA,NA,NA,NA,NA,NA,NA,NA,NA,NA,NA,NA,NA,NA,NA,NA,NA,NA
NA,NA,NA,NA,NA,NA,NA,NA,"13",NA,NA,NA,NA,NA,NA,NA,NA,NA,NA,"114",NA,NA,NA,NA,NA,"1",NA,NA,NA,NA
NA,NA,NA,NA,NA,NA,NA,NA,NA,NA,NA,NA,NA,NA,NA,NA,NA,NA,NA,NA,NA,NA,NA,NA,NA,NA,NA,NA,NA,NA
NA,NA,NA,NA,NA,NA,NA,NA,"11",NA,NA,NA,NA,NA,NA,NA,NA,NA,NA,NA,NA,NA,NA,NA,NA,"6",NA,NA,NA,NA
NA,NA,NA,NA,NA,NA,NA,NA,NA,NA,NA,NA,NA,NA,NA,NA,NA,NA,NA,NA,NA,NA,NA,NA,NA,NA,NA,NA,NA,NA
NA,NA,NA,NA,"3784",NA,NA,"1","148",NA,NA,"1",NA,NA,NA,NA,"-7",NA,"10","92","0.244865","0","5.55",NA,NA,"1","0.00087",NA,NA,NA
"007309",NA,NA,NA,"3154",NA,NA,"1",NA,NA,NA,"4",NA,NA,NA,NA,"5",NA,"6",NA,"0.242787",NA,NA,NA,NA,NA,"0.00087",NA,NA,NA
NA,NA,NA,NA,NA,NA,NA,NA,"19",NA,NA,NA,NA,NA,NA,NA,NA,NA,NA,"107",NA,NA,NA,NA,NA,"1",NA,NA,NA,NA
NA,NA,NA,NA,NA,NA,NA,NA,"174",NA,NA,NA,NA,NA,NA,NA,NA,NA,NA,"95",NA,NA,NA,NA,NA,"3",NA,NA,NA,NA
NA,NA,NA,NA,NA,NA,NA,NA,"12",NA,NA,NA,NA,NA,NA,NA,NA,NA,NA,NA,NA,"0","7.83",NA,NA,"3",NA,NA,NA,NA
NA,NA,NA,NA,NA,NA,NA,NA,NA,NA,NA,NA,NA,NA,NA,NA,NA,NA,NA,NA,NA,NA,NA,NA,NA,NA,NA,NA,NA,NA
NA,NA,NA,NA,NA,NA,NA,NA,NA,NA,NA,NA,NA,NA,NA,NA,NA,NA,NA,NA,NA,NA,"5.74",NA,NA,NA,NA,NA,NA,NA
NA,NA,NA,NA,NA,NA,NA,NA,NA,NA,NA,NA,NA,NA,NA,NA,NA,NA,NA,NA,NA,NA,NA,NA,NA,NA,NA,NA,NA,NA
NA,NA,NA,NA,NA,NA,NA,NA,"179",NA,NA,NA,NA,NA,NA,NA,NA,NA,NA,NA,NA,NA,NA,NA,NA,NA,NA,NA,NA,NA
NA,NA,NA,NA,NA,NA,NA,NA,NA,NA,NA,NA,NA,NA,NA,NA,NA,NA,"30",NA,NA,NA,NA,NA,NA,NA,NA,NA,NA,NA
NA,NA,NA,NA,NA,NA,NA,NA,NA,NA,NA,NA,NA,NA,NA,NA,NA,NA,NA,NA,NA,NA,NA,NA,NA,NA,NA,NA,NA,NA
NA,NA,NA,NA,NA,NA,NA,NA,NA,NA,NA,NA,NA,NA,NA,NA,NA,NA,NA,NA,NA,NA,NA,NA,NA,NA,NA,NA,NA,NA
NA,NA,NA,NA,NA,NA,NA,NA,NA,NA,NA,NA,NA,NA,NA,NA,NA,NA,NA,NA,NA,NA,NA,NA,NA,NA,NA,NA,NA,NA
NA,NA,NA,NA,NA,NA,NA,NA,"100",NA,NA,NA,NA,NA,NA,NA,NA,NA,"7","101",NA,NA,"4.89",NA,NA,"3",NA,NA,NA,NA
NA,NA,NA,NA,NA,NA,NA,NA,"137",NA,NA,NA,NA,NA,NA,NA,NA,NA,NA,NA,NA,NA,NA,NA,NA,"1",NA,NA,NA,NA
NA,NA,NA,NA,NA,NA,NA,NA,NA,NA,NA,NA,NA,NA,NA,NA,NA,NA,"30",NA,NA,NA,NA,NA,NA,NA,NA,NA,NA,NA
NA,NA,NA,NA,NA,NA,NA,NA,NA,NA,NA,NA,NA,NA,NA,NA,NA,NA,"11",NA,NA,NA,NA,NA,NA,NA,NA,NA,NA,NA
NA,NA,NA,NA,NA,NA,NA,NA,NA,NA,NA,NA,NA,NA,NA,NA,NA,NA,NA,NA,NA,NA,NA,NA,NA,NA,NA,NA,NA,NA
NA,NA,NA,NA,NA,NA,NA,NA,"23",NA,NA,NA,NA,NA,NA,NA,NA,NA,"17","84",NA,"-131","3.58",NA,NA,"1",NA,NA,NA,NA
NA,NA,NA,NA,NA,NA,NA,NA,"81",NA,NA,NA,NA,NA,NA,NA,NA,NA,NA,"127",NA,NA,NA,NA,NA,"1",NA,NA,NA,NA
NA,NA,NA,NA,NA,NA,NA,NA,NA,NA,NA,NA,NA,NA,NA,NA,NA,NA,NA,NA,NA,NA,NA,NA,NA,NA,NA,NA,NA,NA
NA,NA,NA,NA,NA,NA,NA,NA,NA,NA,NA,NA,NA,NA,NA,NA,NA,NA,NA,NA,NA,NA,NA,NA,NA,NA,NA,NA,NA,NA
NA,NA,NA,NA,NA,NA,NA,NA,"102",NA,NA,NA,NA,NA,NA,NA,NA,NA,"9",NA,NA,"0",NA,NA,NA,"1",NA,NA,NA,NA
NA,NA,NA,NA,NA,NA,NA,NA,NA,NA,NA,NA,NA,NA,NA,NA,NA,NA,NA,NA,NA,NA,NA,NA,NA,NA,NA,NA,NA,NA
NA,NA,NA,NA,NA,NA,NA,NA,NA,NA,NA,NA,NA,NA,NA,NA,NA,NA,NA,NA,NA,NA,NA,NA,NA,NA,NA,NA,NA,NA
NA,NA,NA,NA,NA,NA,NA,NA,NA,NA,NA,NA,NA,NA,NA,NA,NA,NA,NA,NA,NA,NA,NA,NA,NA,NA,NA,NA,NA,NA
NA,NA,NA,NA,NA,NA,NA,NA,"106",NA,NA,NA,NA,NA,NA,NA,NA,NA,NA,"98",NA,NA,"26.28",NA,NA,NA,NA,NA,NA,NA
NA,NA,NA,NA,NA,NA,NA,NA,NA,NA,NA,NA,NA,NA,NA,NA,NA,NA,NA,NA,NA,NA,NA,NA,NA,"3",NA,NA,NA,NA
NA,NA,NA,NA,NA,NA,NA,NA,NA,NA,NA,NA,NA,NA,NA,NA,NA,NA,NA,NA,NA,NA,NA,NA,NA,NA,NA,NA,NA,NA
NA,NA,NA,NA,NA,NA,NA,NA,"176",NA,NA,NA,NA,NA,NA,NA,NA,NA,NA,NA,NA,NA,NA,NA,NA,"1",NA,NA,NA,NA
NA,NA,NA,NA,NA,NA,NA,NA,"123",NA,NA,NA,NA,NA,NA,NA,NA,NA,NA,NA,NA,NA,NA,NA,NA,"2",NA,NA,NA,NA
NA,NA,NA,NA,NA,NA,NA,NA,"130",NA,NA,NA,NA,NA,NA,NA,NA,NA,NA,"78",NA,NA,NA,NA,NA,"1",NA,NA,NA,NA
NA,NA,NA,NA,NA,NA,NA,NA,NA,NA,NA,NA,NA,NA,NA,NA,NA,NA,NA,NA,NA,NA,NA,NA,NA,NA,NA,NA,NA,NA
NA,NA,NA,NA,NA,NA,NA,NA,NA,NA,NA,NA,NA,NA,NA,NA,NA,NA,"14",NA,NA,NA,NA,NA,NA,NA,NA,NA,NA,NA
NA,NA,NA,NA,NA,NA,NA,NA,"115",NA,NA,NA,NA,NA,NA,NA,NA,NA,NA,"133",NA,NA,NA,NA,NA,NA,NA,NA,NA,NA
NA,NA,NA,NA,NA,NA,NA,NA,"81",NA,NA,NA,NA,NA,NA,NA,NA,NA,NA,NA,NA,NA,NA,NA,NA,"2",NA,NA,NA,NA
NA,NA,NA,NA,NA,NA,NA,NA,NA,NA,NA,NA,NA,NA,NA,NA,NA,NA,NA,NA,NA,NA,NA,NA,NA,NA,NA,NA,NA,NA
NA,NA,NA,NA,NA,NA,NA,NA,NA,NA,NA,NA,NA,NA,NA,NA,NA,NA,NA,NA,NA,NA,NA,NA,NA,NA,NA,NA,NA,NA
NA,NA,NA,NA,NA,NA,NA,NA,NA,NA,NA,NA,NA,NA,NA,NA,NA,NA,NA,NA,NA,NA,NA,NA,NA,NA,NA,NA,NA,NA
NA,NA,NA,NA,NA,NA,NA,NA,NA,NA,NA,NA,NA,NA,NA,NA,NA,NA,NA,NA,NA,NA,NA,NA,NA,NA,NA,NA,NA,NA
NA,NA,NA,NA,NA,NA,NA,NA,NA,NA,NA,NA,NA,NA,NA,NA,NA,NA,NA,NA,NA,NA,NA,NA,NA,NA,NA,NA,NA,NA
NA,NA,NA,NA,NA,NA,NA,NA,NA,NA,NA,NA,NA,NA,NA,NA,NA,NA,NA,NA,NA,NA,NA,NA,NA,NA,NA,NA,NA,NA
NA,NA,NA,NA,NA,NA,NA,NA,NA,NA,NA,NA,NA,NA,NA,NA,NA,NA,NA,NA,NA,NA,NA,NA,NA,NA,NA,NA,NA,NA
NA,NA,NA,NA,NA,NA,NA,NA,NA,NA,NA,NA,NA,NA,NA,NA,NA,NA,NA,NA,NA,NA,NA,NA,NA,NA,NA,NA,NA,NA
NA,NA,NA,NA,NA,NA,NA,NA,NA,NA,NA,NA,NA,NA,NA,NA,NA,NA,NA,NA,NA,NA,"5.45",NA,NA,NA,NA,"1",NA,NA
NA,NA,NA,NA,NA,NA,NA,NA,NA,NA,NA,NA,NA,NA,NA,NA,NA,NA,NA,NA,NA,NA,NA,NA,NA,NA,NA,NA,NA,NA
NA,NA,NA,NA,NA,NA,NA,NA,NA,NA,NA,NA,NA,NA,NA,NA,NA,NA,NA,NA,NA,NA,NA,NA,NA,NA,NA,NA,NA,NA
NA,NA,NA,NA,NA,NA,NA,NA,"137",NA,NA,NA,NA,NA,NA,NA,NA,NA,NA,NA,NA,NA,NA,NA,NA,"1",NA,NA,NA,NA
NA,NA,NA,NA,NA,NA,NA,NA,"103",NA,NA,NA,"1",NA,NA,NA,NA,NA,NA,"93",NA,NA,NA,NA,NA,"1",NA,"1",NA,NA
NA,NA,NA,NA,NA,NA,NA,NA,NA,NA,NA,NA,NA,NA,NA,NA,NA,NA,NA,NA,NA,NA,NA,NA,NA,NA,NA,NA,NA,NA
NA,NA,NA,NA,NA,NA,NA,NA,NA,NA,NA,NA,NA,NA,NA,NA,NA,NA,NA,NA,NA,NA,NA,NA,NA,NA,NA,NA,NA,NA
NA,NA,NA,NA,NA,NA,NA,NA,NA,NA,NA,NA,NA,NA,NA,NA,NA,NA,NA,NA,NA,NA,NA,NA,NA,NA,NA,NA,NA,NA
NA,NA,NA,NA,NA,NA,NA,NA,NA,NA,NA,NA,NA,NA,NA,NA,NA,NA,NA,NA,NA,NA,NA,NA,NA,NA,NA,NA,NA,NA
NA,NA,NA,NA,NA,NA,NA,NA,NA,NA,NA,NA,NA,NA,NA,NA,NA,NA,NA,NA,NA,NA,"13.31",NA,NA,NA,NA,NA,NA,NA
NA,NA,NA,NA,NA,NA,NA,NA,"38",NA,NA,NA,NA,NA,NA,NA,NA,NA,NA,NA,NA,NA,NA,NA,NA,"1",NA,NA,NA,NA
"008003",NA,NA,NA,"3352",NA,NA,"1",NA,NA,NA,"3",NA,NA,NA,NA,"1",NA,NA,NA,"0.249242",NA,"5.91",NA,NA,NA,"0.000849",NA,NA,NA
NA,NA,NA,NA,"3614",NA,NA,"1",NA,NA,NA,"-1",NA,NA,NA,NA,"1",NA,"22",NA,"0.246725",NA,NA,NA,NA,NA,"0.000838",NA,NA,NA
NA,NA,NA,NA,NA,NA,NA,NA,NA,NA,NA,NA,NA,NA,NA,NA,NA,NA,NA,NA,NA,NA,NA,NA,NA,NA,NA,NA,NA,NA
NA,NA,NA,NA,NA,NA,NA,NA,NA,NA,NA,NA,NA,NA,NA,NA,NA,NA,NA,NA,NA,NA,NA,NA,NA,NA,NA,NA,NA,NA
NA,NA,NA,NA,NA,NA,NA,NA,NA,NA,NA,NA,NA,NA,NA,NA,NA,NA,NA,NA,NA,NA,NA,NA,NA,NA,NA,NA,NA,NA
NA,NA,NA,NA,NA,NA,NA,NA,NA,NA,NA,NA,NA,NA,NA,NA,NA,NA,NA,NA,NA,NA,NA,NA,NA,NA,NA,NA,NA,NA
NA,NA,NA,NA,NA,NA,NA,NA,NA,NA,NA,NA,NA,NA,NA,NA,NA,NA,NA,NA,NA,NA,NA,NA,NA,NA,NA,NA,NA,NA
NA,NA,NA,NA,NA,NA,NA,NA,"166",NA,NA,NA,NA,NA,NA,NA,NA,NA,NA,"117",NA,NA,NA,NA,NA,NA,NA,NA,NA,NA
NA,NA,NA,NA,NA,NA,NA,NA,NA,NA,NA,NA,NA,NA,NA,NA,NA,NA,NA,NA,NA,NA,NA,NA,NA,NA,NA,NA,NA,NA
NA,NA,NA,NA,NA,NA,NA,NA,NA,NA,NA,NA,NA,NA,NA,NA,NA,NA,NA,NA,NA,NA,"5.49",NA,NA,NA,NA,NA,NA,NA
NA,NA,NA,NA,NA,NA,NA,NA,"27",NA,NA,NA,NA,NA,NA,NA,NA,NA,NA,NA,NA,NA,"3.06",NA,NA,"1",NA,NA,NA,NA
NA,NA,NA,NA,NA,NA,NA,NA,NA,NA,NA,NA,NA,NA,NA,NA,NA,NA,NA,NA,NA,NA,NA,NA,NA,NA,NA,NA,NA,NA
NA,NA,NA,NA,NA,NA,NA,NA,"145",NA,NA,NA,NA,NA,NA,NA,NA,NA,NA,NA,NA,NA,NA,NA,NA,"3",NA,NA,NA,NA
NA,NA,NA,NA,NA,NA,NA,NA,NA,NA,NA,NA,NA,NA,NA,NA,NA,NA,NA,NA,NA,NA,NA,NA,NA,NA,NA,NA,NA,NA
NA,NA,NA,NA,NA,NA,NA,NA,NA,NA,NA,NA,NA,NA,NA,NA,NA,NA,NA,NA,NA,NA,"12.44",NA,NA,NA,NA,NA,NA,NA
NA,NA,NA,NA,NA,NA,NA,NA,"0",NA,NA,NA,NA,NA,NA,NA,NA,NA,NA,"105",NA,NA,NA,NA,NA,"1",NA,NA,NA,NA
NA,NA,NA,NA,NA,NA,NA,NA,"156",NA,NA,NA,NA,NA,NA,NA,NA,NA,NA,NA,NA,NA,NA,NA,NA,"3",NA,NA,NA,NA
NA,NA,NA,NA,NA,NA,NA,NA,NA,NA,NA,NA,NA,NA,NA,NA,NA,NA,NA,NA,NA,NA,NA,NA,NA,NA,NA,NA,NA,NA
NA,NA,NA,NA,NA,NA,NA,NA,NA,NA,NA,NA,NA,NA,NA,NA,NA,NA,NA,NA,NA,NA,NA,NA,NA,NA,NA,NA,NA,NA
NA,NA,NA,NA,NA,NA,NA,NA,"65",NA,NA,NA,NA,NA,NA,NA,NA,NA,NA,NA,NA,NA,NA,NA,NA,"1",NA,NA,NA,NA
NA,NA,NA,NA,NA,NA,NA,NA,NA,NA,NA,NA,NA,NA,NA,NA,NA,NA,NA,NA,NA,NA,NA,NA,NA,NA,NA,NA,NA,NA
NA,NA,NA,NA,NA,NA,NA,NA,NA,NA,NA,NA,NA,NA,NA,NA,NA,NA,NA,NA,NA,NA,NA,NA,NA,NA,NA,NA,NA,NA
NA,NA,NA,NA,NA,NA,NA,NA,"47",NA,NA,NA,NA,NA,NA,NA,NA,NA,NA,NA,NA,NA,NA,NA,NA,"3",NA,NA,NA,NA
NA,NA,NA,NA,NA,NA,NA,NA,NA,NA,NA,NA,NA,NA,NA,NA,NA,NA,NA,NA,NA,NA,NA,NA,NA,NA,NA,NA,NA,NA
NA,NA,NA,NA,NA,NA,NA,NA,NA,NA,NA,NA,NA,NA,NA,NA,NA,NA,NA,NA,NA,NA,NA,NA,NA,NA,NA,NA,NA,NA
NA,NA,NA,NA,NA,NA,NA,NA,NA,NA,NA,NA,NA,NA,NA,NA,NA,NA,NA,NA,NA,NA,NA,NA,NA,NA,NA,NA,NA,NA
"006836",NA,NA,NA,"3878",NA,NA,NA,NA,NA,NA,"4",NA,NA,NA,NA,"6",NA,NA,NA,"0.221772",NA,NA,NA,NA,NA,"9e-04",NA,"18924321,00001,1,823,0,0,0,0,1,2,4,6,8,11,14,17,20,23,27,31,35,39,44,49,54,59,66,73,82,92,103,116,132,150,167,184,202,221,240,258,274,291,309,327,345,363,382,403,425,447,468,491,516,541,565,589,612,635,658,681,703,727,750,774,797,820,843,866,889,912,936,960,984,1007,1030,1052,1075,1097,1119,1141,1163,1186,1208,1231,1254,1277,1300,1324,1347,1371,1394,1417,1440,1463,1485,1507,1529,1551,1573,1594,1616,1638,1659,1681,1702,1724,1745,1766,1787,1807,1827,1847,1867,1887,1906,1925,1944,1963,1981,1999,2016,2034,2051,2067,2083,2099,2114,2128,2142,2156,2168,2181,2193,2204,2215,2226,2236,2246,2255,2264,2273,2282,2290,2298,2306,2313,2320,2327,2334,2340,2347,2353,2359,2365,2371,2377,2382,2388,2393,2399,2404,2409,2415,2420,2425,2430,2435,2440,2445,2450,2455,2460,2464,2469,2474,2478,2482,2487,2491,2496,2500,2504,2509,2513,2517,2522,2526,2531,2535,2540,2544,2549,2553,2557,2562,2566,2571,2575,2579,2583,2588,2592,2596,2600,2604,2608,2611,2615,2618,2622,2625,2628,2631,2634,2637,2640,2643,2646,2648,2651,2654,2656,2659,2662,2664,2667,2669,2672,2674,2676,2679,2681,2684,2687,2689,2692,2695,2697,2700,2702,2705,2707,2710,2712,2714,2717,2719,2721,2723,2726,2728,2730,2732,2734,2736,2738,2740,2743,2745,2747,2750,2752,2755,2757,2759,2762,2764,2767,2769,2772,2774,2777,2779,2781,2783,2786,2788,2790,2792,2794,2796,2798,2799,2801,2803,2805,2807,2808,2810,2812,2813,2815,2817,2818,2820,2822,2823,2825,2826,2828,2829,2831,2832,2834,2835,2837,2839,2840,2842,2843,2845,2847,2848,2850,2852,2854,2855,2857,2859,2860,2862,2864,2865,2867,2869,2871,2873,2874,2876,2878,2880,2882,2884,2886,2887,2889,2891,2893,2895,2897,2898,2900,2902,2904,2905,2907,2908,2910,2911,2912,2913,2914,2915,2916,2917,2918,2919,2920,2921,2922,2923,2923,2924,2925,2926,2927,2928,2929,2929,2930,2931,2932,2933,2934,2935,2936,2937,2939,2940,2941,2942,2943,2944,2946,2947,2948,2950,2951,2953,2954,2956,2957,2959,2961,2962,2964,2965,2967,2968,2970,2971,2973,2975,2976,2978,2980,2981,2983,2985,2986,2988,2989,2991,2992,2994,2995,2996,2998,2999,3000,3001,3002,3002,3003,3004,3005,3006,3006,3007,3008,3009,3010,3010,3011,3012,3013,3014,3015,3016,3017,3017,3018,3019,3020,3021,3022,3023,3024,3025,3026,3027,3027,3028,3029,3029,3030,3031,3031,3032,3033,3033,3034,3035,3036,3037,3037,3038,3039,3040,3041,3043,3044,3045,3046,3047,3048,3049,3050,3051,3052,3052,3053,3054,3055,3055,3056,3057,3058,3058,3059,3060,3060,3061,3062,3062,3063,3064,3065,3065,3066,3067,3067,3068,3068,3069,3070,3070,3071,3072,3072,3073,3074,3075,3075,3076,3077,3078,3078,3079,3080,3081,3082,3082,3083,3084,3085,3086,3086,3087,3088,3089,3090,3091,3092,3093,3094,3096,3097,3098,3099,3100,3101,3102,3103,3104,3105,3106,3106,3107,3108,3109,3110,3110,3111,3112,3112,3113,3113,3114,3115,3115,3116,3116,3117,3117,3118,3118,3118,3119,3119,3119,3119,3120,3120,3120,3120,3121,3121,3121,3122,3122,3122,3123,3124,3124,3125,3125,3126,3127,3128,3129,3130,3131,3131,3132,3133,3134,3134,3135,3136,3136,3137,3138,3138,3139,3140,3140,3141,3141,3142,3143,3143,3144,3144,3144,3145,3145,3146,3146,3147,3147,3148,3148,3148,3149,3149,3150,3150,3151,3151,3152,3153,3153,3154,3154,3155,3156,3156,3157,3157,3158,3158,3159,3160,3160,3161,3162,3162,3163,3163,3164,3165,3166,3166,3167,3168,3169,3169,3170,3171,3172,3172,3173,3174,3174,3175,3176,3176,3177,3178,3178,3179,3180,3180,3181,3181,3181,3181,3180,3181,3180,3180,3180,3180,3180,3180,3179,3179,3179,3179,3179,3179,3179,3179,3179,3179,3179,3179,3179,3179,3179,3179,3178,3178,3178,3178,3179,3179,3179,3179,3179,3179,3178,3178,3178,3178,3178,3178,3178,3178,3178,3178,3178,3178,3178,3178,3178,3177,3177,3177,3177,3177,3177,3177,3177,3177,3177,3177,3177,3177,3177,3177,3177,3177,3176,3176,3176,3176,3176,3176,3176,3176,3176,3176,3176,3176,3176,3176,3176,3176,3176,3176,3176,3176,3176,3176,3177,3177,3178,3176,3177,3176,3177,3177,3177,3177,3178,3178,3178,3178,3178,3178,3178,3178,3178,3179,3178,3178,3178,3178,3178,3178,3178,3177,3177,3178,3178,3178,3178,3178,3178,3178,3178,3178,3178,3178,3178,3178,3178,3178,3178,3178,3178,3178,3178,3178,3178,3178,3178,3178,3178,3178,3178,3178,3178,3178,3178,3178,3178,3178,3177",NA
NA,NA,NA,NA,NA,NA,NA,NA,NA,NA,NA,NA,NA,NA,NA,NA,NA,NA,NA,NA,NA,NA,"6.23",NA,NA,NA,NA,NA,NA,NA
NA,NA,NA,NA,NA,NA,NA,NA,"150",NA,NA,NA,NA,NA,NA,NA,NA,NA,NA,NA,NA,NA,NA,NA,NA,"1",NA,NA,NA,NA
NA,NA,NA,NA,NA,NA,NA,NA,NA,NA,NA,NA,NA,NA,NA,NA,NA,NA,NA,NA,NA,NA,NA,NA,NA,NA,NA,NA,NA,NA
NA,NA,NA,NA,NA,NA,NA,NA,NA,NA,NA,NA,NA,NA,NA,NA,NA,NA,NA,NA,NA,NA,NA,NA,NA,NA,NA,NA,NA,NA
NA,NA,NA,NA,NA,NA,NA,NA,NA,NA,NA,NA,NA,NA,NA,NA,NA,NA,NA,NA,NA,NA,NA,NA,NA,NA,NA,NA,NA,NA
NA,NA,NA,NA,NA,NA,NA,NA,NA,NA,NA,NA,NA,NA,NA,NA,NA,NA,NA,NA,NA,NA,NA,NA,NA,NA,NA,NA,NA,NA
NA,NA,NA,NA,NA,NA,NA,NA,NA,NA,NA,NA,NA,NA,NA,NA,NA,NA,"30",NA,NA,"0","8.82",NA,NA,NA,NA,NA,NA,NA
NA,NA,NA,NA,NA,NA,NA,NA,NA,NA,NA,NA,NA,NA,NA,NA,NA,NA,"32",NA,NA,NA,NA,NA,NA,NA,NA,NA,NA,NA
NA,NA,NA,NA,NA,NA,NA,NA,NA,NA,NA,NA,NA,NA,NA,NA,NA,NA,NA,NA,NA,NA,NA,NA,NA,NA,NA,NA,NA,NA
NA,NA,NA,NA,NA,NA,NA,NA,"123",NA,NA,NA,NA,NA,NA,NA,NA,NA,NA,NA,NA,NA,NA,NA,NA,NA,NA,NA,NA,NA
NA,NA,NA,NA,NA,NA,NA,NA,NA,NA,NA,NA,NA,NA,NA,NA,NA,NA,NA,NA,NA,NA,"5.64",NA,NA,NA,NA,NA,NA,NA
NA,NA,NA,NA,NA,NA,NA,NA,NA,NA,NA,NA,NA,NA,NA,NA,NA,NA,"5",NA,NA,NA,NA,NA,NA,NA,NA,NA,NA,NA
NA,NA,NA,NA,NA,NA,NA,NA,"115",NA,NA,NA,NA,NA,NA,NA,NA,NA,NA,NA,NA,"0",NA,NA,NA,"1",NA,NA,NA,NA
NA,NA,NA,NA,NA,NA,NA,NA,NA,NA,NA,NA,NA,NA,NA,NA,NA,NA,NA,NA,NA,NA,NA,NA,NA,NA,NA,NA,NA,NA
NA,NA,NA,NA,NA,NA,NA,NA,"165",NA,NA,NA,NA,NA,NA,NA,NA,NA,NA,NA,NA,NA,NA,NA,NA,"3",NA,NA,NA,NA
NA,NA,NA,NA,NA,NA,NA,NA,"143",NA,NA,NA,NA,NA,NA,NA,NA,NA,NA,NA,NA,NA,NA,NA,NA,"1",NA,NA,NA,NA
NA,NA,NA,NA,NA,NA,NA,NA,NA,NA,NA,NA,NA,NA,NA,NA,NA,NA,"27",NA,NA,NA,NA,NA,NA,NA,NA,NA,NA,NA
NA,NA,NA,NA,NA,NA,NA,NA,NA,NA,NA,NA,NA,NA,NA,NA,NA,NA,NA,NA,NA,NA,NA,NA,NA,NA,NA,NA,NA,NA
NA,NA,NA,NA,NA,NA,NA,NA,NA,NA,NA,NA,NA,NA,NA,NA,NA,NA,NA,NA,NA,NA,NA,NA,NA,NA,NA,NA,NA,NA
NA,NA,NA,NA,NA,NA,NA,NA,NA,NA,NA,NA,NA,NA,NA,NA,NA,NA,NA,NA,NA,NA,NA,NA,NA,NA,NA,NA,NA,NA
NA,NA,NA,NA,NA,NA,NA,NA,NA,NA,NA,NA,NA,NA,NA,NA,NA,NA,"9",NA,NA,NA,NA,NA,NA,NA,NA,NA,NA,NA
NA,NA,NA,NA,NA,NA,NA,NA,"58",NA,NA,NA,"2",NA,NA,NA,NA,NA,NA,NA,NA,"0",NA,NA,NA,"1",NA,NA,"50278630,00001,2,791,0,0,0,0,1,2,6,11,19,30,54,84,122,165,212,262,312,364,416,466,517,569,620,673,727,782,838,893,948,1002,1055,1108,1160,1211,1262,1312,1361,1408,1455,1499,1546,1588,1633,1676,1716,1761,1799,1840,1881,1918,1959,1998,2035,2076,2115,2152,2192,2226,2255,2283,2309,2333,2356,2379,2402,2423,2444,2464,2484,2503,2521,2538,2554,2571,2586,2601,2616,2629,2642,2656,2669,2682,2695,2707,2719,2731,2742,2753,2764,2774,2785,2796,2807,2817,2828,2838,2849,2859,2870,2880,2891,2901,2912,2922,2932,2942,2952,2962,2972,2981,2991,3000,3009,3017,3026,3034,3043,3051,3059,3067,3075,3082,3089,3096,3104,3111,3118,3124,3131,3138,3144,3150,3156,3162,3167,3172,3178,3183,3188,3192,3197,3202,3207,3212,3216,3221,3225,3230,3234,3239,3243,3247,3252,3256,3260,3264,3269,3273,3277,3281,3285,3289,3293,3297,3301,3305,3309,3313,3317,3321,3324,3328,3332,3336,3340,3344,3348,3352,3356,3360,3364,3367,3371,3375,3378,3382,3385,3389,3392,3396,3399,3403,3406,3409,3413,3416,3419,3422,3425,3428,3431,3434,3437,3439,3442,3444,3447,3450,3452,3455,3458,3460,3463,3465,3467,3470,3472,3474,3477,3479,3481,3483,3485,3487,3489,3491,3493,3495,3497,3499,3502,3504,3506,3508,3510,3512,3514,3516,3518,3520,3522,3524,3526,3527,3529,3531,3532,3534,3535,3537,3538,3539,3541,3542,3543,3544,3546,3547,3548,3550,3551,3552,3554,3555,3556,3557,3559,3560,3561,3562,3564,3565,3566,3567,3568,3569,3570,3572,3573,3574,3575,3576,3577,3578,3579,3580,3581,3582,3583,3584,3585,3586,3587,3588,3589,3590,3592,3593,3594,3595,3596,3597,3598,3599,3600,3601,3602,3602,3603,3603,3604,3604,3605,3605,3605,3605,3606,3606,3606,3607,3607,3607,3608,3608,3608,3608,3608,3609,3609,3609,3610,3610,3610,3610,3610,3610,3611,3611,3611,3611,3612,3612,3612,3612,3612,3612,3612,3613,3613,3614,3614,3615,3616,3616,3617,3618,3619,3621,3622,3623,3624,3626,3627,3628,3630,3631,3632,3634,3635,3637,3638,3639,3640,3641,3642,3643,3644,3644,3645,3646,3647,3648,3649,3650,3650,3651,3651,3652,3652,3652,3652,3652,3653,3653,3653,3654,3654,3655,3656,3657,3657,3658,3658,3659,3660,3660,3661,3662,3663,3664,3665,3666,3667,3668,3670,3671,3673,3674,3675,3677,3678,3680,3681,3682,3683,3684,3685,3686,3687,3688,3689,3690,3691,3691,3692,3692,3692,3693,3693,3694,3693,3693,3693,3692,3692,3692,3693,3693,3693,3694,3694,3694,3695,3695,3695,3696,3697,3698,3698,3699,3700,3701,3702,3702,3703,3704,3705,3705,3706,3707,3708,3709,3710,3711,3712,3713,3714,3714,3715,3716,3718,3719,3720,3721,3722,3723,3723,3724,3725,3726,3726,3727,3728,3729,3730,3731,3732,3733,3734,3735,3736,3737,3738,3739,3740,3741,3742,3743,3744,3745,3746,3747,3749,3750,3751,3752,3754,3755,3756,3757,3759,3760,3761,3763,3764,3765,3767,3768,3769,3769,3770,3771,3772,3773,3775,3776,3777,3778,3780,3781,3783,3784,3786,3787,3789,3790,3792,3793,3795,3796,3798,3799,3800,3802,3803,3804,3805,3806,3806,3807,3808,3809,3809,3810,3811,3812,3812,3812,3813,3813,3814,3814,3814,3815,3815,3816,3816,3817,3817,3818,3818,3818,3819,3819,3820,3820,3820,3821,3821,3822,3822,3823,3824,3824,3825,3825,3826,3826,3827,3828,3828,3829,3829,3830,3831,3831,3832,3833,3834,3834,3835,3836,3837,3837,3838,3839,3839,3840,3840,3841,3842,3843,3843,3844,3845,3845,3846,3847,3847,3848,3848,3849,3850,3850,3851,3852,3852,3853,3854,3854,3855,3855,3856,3857,3857,3858,3858,3859,3859,3860,3860,3860,3860,3860,3860,3860,3859,3859,3858,3858,3857,3857,3857,3857,3857,3857,3856,3856,3856,3856,3856,3856,3855,3855,3855,3855,3855,3855,3855,3855,3855,3855,3855,3855,3855,3854,3854,3854,3854,3854,3854,3854,3854,3854,3854,3854,3854,3854,3853,3853,3853,3853,3853,3853,3853,3853,3853,3853,3853,3853,3853,3853,3853,3853,3853,3854,3853,3853,3853,3853,3853,3853,3853,3853,3853,3853,3853,3853,3853,3853,3853,3853,3853,3853,3853,3853,3853,3853,3853,3853,3853,3853,3853,3852,3852,3852,3852,3852,3852,3852,3852,3852,3852,3852,3852,3852,3852,3852,3852,3852,3852,3852,3851,3851,3851,3851,3851,3851,3851,3851,3851,3851,3851,3851,3851,3851,3851,3851,3851,3851,3851,3851,3851,3851,3851,3851,3851,3851,3851,3851,3851,3851,3850,3850,3850",NA
NA,NA,NA,NA,NA,NA,NA,NA,NA,NA,NA,NA,NA,NA,NA,NA,NA,NA,NA,NA,NA,NA,NA,NA,NA,NA,NA,NA,NA,NA
NA,NA,NA,NA,NA,NA,NA,NA,NA,NA,NA,NA,NA,NA,NA,NA,NA,NA,NA,NA,NA,NA,NA,NA,NA,NA,NA,NA,NA,NA
"006839",NA,NA,NA,"3490",NA,NA,"-6","67",NA,NA,"3",NA,NA,NA,NA,"-7",NA,"13","112","0.229126",NA,NA,NA,NA,"1","0.000872",NA,NA,NA
NA,NA,NA,NA,"3463",NA,NA,"0","178",NA,NA,"2",NA,NA,NA,NA,"-7",NA,"3","83","0.248656",NA,NA,NA,NA,"1","0.000834",NA,NA,NA
NA,NA,NA,NA,NA,NA,NA,NA,NA,NA,NA,NA,NA,NA,NA,NA,NA,NA,"22",NA,NA,NA,"11.22",NA,NA,NA,NA,NA,NA,NA
NA,NA,NA,NA,NA,NA,NA,NA,NA,NA,NA,NA,NA,NA,NA,NA,NA,NA,NA,NA,NA,NA,NA,NA,NA,NA,NA,NA,NA,NA
NA,NA,NA,NA,NA,NA,NA,NA,NA,NA,NA,NA,NA,NA,NA,NA,NA,NA,"13",NA,NA,NA,"8.83",NA,NA,NA,NA,NA,NA,NA
NA,NA,NA,NA,NA,NA,NA,NA,NA,NA,NA,NA,NA,NA,NA,NA,NA,NA,NA,NA,NA,NA,NA,NA,NA,NA,NA,NA,NA,NA
NA,NA,NA,NA,NA,NA,NA,NA,NA,NA,NA,NA,NA,NA,NA,NA,NA,NA,NA,NA,NA,NA,NA,NA,NA,NA,NA,NA,"25353081,00001,1,689,0,0,0,0,1,6,16,30,52,83,125,180,244,319,404,498,601,709,817,923,1029,1127,1213,1290,1362,1429,1494,1555,1614,1670,1723,1776,1826,1874,1922,1968,2012,2056,2099,2140,2180,2219,2256,2292,2328,2362,2395,2427,2457,2487,2516,2544,2571,2597,2623,2649,2674,2698,2721,2744,2767,2788,2810,2831,2852,2872,2891,2910,2929,2947,2964,2982,2999,3017,3034,3050,3066,3082,3095,3110,3123,3137,3150,3162,3175,3187,3198,3210,3221,3232,3244,3255,3266,3277,3288,3298,3309,3320,3330,3340,3350,3360,3370,3380,3390,3399,3408,3417,3426,3434,3442,3450,3458,3465,3473,3480,3487,3494,3501,3507,3514,3520,3526,3532,3539,3545,3551,3557,3563,3569,3575,3581,3587,3592,3598,3603,3609,3614,3619,3624,3629,3634,3638,3643,3647,3652,3656,3660,3664,3668,3672,3676,3680,3684,3688,3692,3696,3700,3704,3708,3712,3716,3720,3723,3727,3731,3734,3738,3742,3745,3749,3752,3756,3759,3762,3765,3769,3772,3775,3778,3781,3784,3787,3790,3793,3796,3799,3802,3804,3807,3810,3813,3816,3819,3822,3824,3827,3830,3833,3836,3838,3841,3844,3846,3849,3852,3854,3857,3860,3862,3865,3867,3869,3872,3874,3876,3878,3880,3882,3884,3886,3888,3890,3892,3893,3895,3897,3899,3901,3903,3905,3907,3909,3911,3913,3915,3917,3919,3921,3923,3924,3926,3928,3930,3932,3934,3936,3938,3940,3942,3943,3945,3947,3949,3951,3953,3955,3957,3959,3961,3963,3965,3966,3968,3970,3971,3973,3975,3976,3978,3980,3982,3984,3986,3987,3989,3991,3992,3994,3995,3997,3998,4000,4001,4002,4004,4005,4007,4008,4010,4011,4013,4014,4016,4017,4019,4021,4022,4024,4026,4028,4030,4032,4034,4036,4038,4040,4042,4043,4045,4047,4049,4050,4052,4054,4055,4057,4058,4060,4061,4062,4064,4065,4067,4068,4069,4071,4072,4074,4075,4077,4078,4080,4081,4083,4084,4086,4087,4088,4090,4091,4092,4093,4094,4095,4096,4097,4098,4099,4100,4102,4103,4105,4106,4108,4109,4111,4113,4114,4115,4116,4118,4119,4120,4121,4123,4124,4125,4126,4127,4128,4129,4130,4131,4132,4133,4134,4135,4136,4137,4138,4138,4139,4140,4141,4142,4143,4144,4145,4146,4147,4149,4150,4151,4152,4153,4153,4155,4156,4157,4158,4160,4162,4163,4164,4165,4166,4167,4168,4168,4169,4169,4170,4171,4171,4172,4173,4174,4174,4175,4176,4177,4178,4179,4180,4180,4181,4181,4181,4182,4182,4183,4183,4184,4184,4184,4185,4185,4186,4186,4186,4187,4187,4188,4188,4189,4189,4190,4190,4191,4191,4192,4192,4193,4193,4194,4194,4195,4195,4196,4196,4197,4198,4199,4200,4202,4204,4206,4208,4210,4212,4213,4215,4216,4218,4220,4222,4225,4227,4230,4232,4235,4238,4240,4243,4245,4247,4249,4250,4251,4252,4253,4255,4256,4257,4258,4259,4260,4261,4262,4263,4264,4265,4266,4267,4269,4270,4271,4272,4272,4273,4274,4275,4276,4276,4277,4277,4277,4278,4278,4278,4279,4279,4279,4280,4280,4280,4280,4281,4281,4281,4281,4282,4282,4282,4282,4282,4282,4282,4282,4282,4282,4282,4282,4282,4282,4282,4282,4282,4282,4282,4282,4283,4283,4283,4283,4283,4283,4283,4283,4283,4283,4283,4283,4283,4283,4283,4283,4283,4283,4284,4284,4284,4284,4284,4284,4284,4284,4284,4284,4284,4284,4284,4284,4284,4284,4284,4284,4284,4284,4284,4284,4284,4284,4284,4284,4284,4284,4284,4284,4284,4284,4285,4285,4285,4285,4286,4286,4286,4286,4286,4285,4284,4284,4284,4284,4284,4284,4284,4284,4284,4284,4283,4283,4283,4283,4283,4283,4282,4282,4282,4282,4282,4282,4282,4283,4283,4283,4283,4283,4283,4284,4284,4284,4284,4284,4284,4284,4284,4284,4284,4284,4284,4284,4284,4284,4284,4284,4284,4284,4284,4284,4284,4284,4283,4283,4283,4283,4283,4283,4283,4283,4282,4282,4282,4281,4282,4282,4282,4282,4282,4281,4281,4281,4280,4280,4280,4280,4280,4281,4281,4281,4281",NA
NA,NA,NA,NA,NA,NA,NA,NA,NA,NA,NA,NA,NA,NA,NA,NA,NA,NA,NA,NA,NA,NA,NA,NA,NA,NA,NA,NA,NA,NA
NA,NA,NA,NA,NA,NA,NA,NA,"164",NA,NA,NA,NA,NA,NA,NA,NA,NA,NA,"121",NA,NA,NA,NA,NA,NA,NA,NA,NA,NA
NA,NA,NA,NA,NA,NA,NA,NA,NA,NA,NA,NA,NA,NA,NA,NA,NA,NA,NA,NA,NA,NA,NA,NA,NA,NA,NA,NA,NA,NA
NA,NA,NA,NA,NA,NA,NA,NA,"163",NA,NA,NA,NA,NA,NA,NA,NA,NA,"7",NA,NA,NA,"8.24",NA,NA,NA,NA,NA,NA,NA
NA,NA,NA,NA,NA,NA,NA,NA,NA,NA,NA,NA,NA,NA,NA,NA,NA,NA,NA,NA,NA,NA,"5.42",NA,NA,NA,NA,NA,NA,NA
NA,NA,NA,NA,NA,NA,NA,NA,NA,NA,NA,NA,NA,NA,NA,NA,NA,NA,NA,NA,NA,NA,NA,NA,NA,NA,NA,NA,NA,NA
NA,NA,NA,NA,NA,NA,NA,NA,NA,NA,NA,NA,NA,NA,NA,NA,NA,NA,NA,NA,NA,NA,NA,NA,NA,NA,NA,NA,NA,NA
NA,NA,NA,NA,NA,NA,NA,NA,NA,NA,NA,NA,NA,NA,NA,NA,NA,NA,NA,NA,NA,NA,NA,NA,NA,NA,NA,NA,NA,NA
NA,NA,NA,NA,"3453",NA,NA,"-6","45",NA,NA,"1","1",NA,NA,NA,"-7",NA,NA,"102","0.253535",NA,NA,NA,NA,NA,"0.000794",NA,NA,NA
NA,NA,NA,NA,NA,NA,NA,NA,"108",NA,NA,NA,"2",NA,NA,NA,NA,NA,NA,NA,NA,NA,NA,NA,NA,NA,NA,NA,NA,NA
NA,NA,NA,NA,NA,NA,NA,NA,"173",NA,NA,NA,NA,NA,NA,NA,NA,NA,NA,NA,NA,NA,NA,NA,NA,"2",NA,NA,NA,NA
NA,NA,NA,NA,NA,NA,NA,NA,NA,NA,NA,NA,NA,NA,NA,NA,NA,NA,NA,NA,NA,NA,NA,NA,NA,NA,NA,NA,NA,NA
NA,NA,NA,NA,NA,NA,NA,NA,NA,NA,NA,NA,NA,NA,NA,NA,NA,NA,NA,NA,NA,NA,NA,NA,NA,NA,NA,NA,NA,NA
"006836",NA,NA,NA,"3311",NA,NA,"1",NA,NA,NA,"5",NA,NA,NA,NA,"-7",NA,NA,NA,"0.228077",NA,NA,NA,NA,NA,"0.000808",NA,NA,NA
NA,NA,NA,NA,NA,NA,NA,NA,NA,NA,NA,NA,NA,NA,NA,NA,NA,NA,NA,NA,NA,NA,"8.82",NA,NA,NA,NA,NA,NA,NA
NA,NA,NA,NA,NA,NA,NA,NA,NA,NA,NA,NA,NA,NA,NA,NA,NA,NA,NA,NA,NA,NA,NA,NA,NA,NA,NA,NA,NA,NA
NA,NA,NA,NA,NA,NA,NA,NA,NA,NA,NA,NA,NA,NA,NA,NA,NA,NA,NA,NA,NA,NA,NA,NA,NA,NA,NA,NA,NA,NA
