"area_of_scircularinsulainf_right_hemisphere_f27598_3_0","ecg_heart_rate_f5983_1_8","number_entered_by_participant_f4258_0_1","time_to_press_first_digit_right_f4245_1_10","body_mass_index_bmi_f21001_1_0","values_entered_f20229_0_78","treatmentmedication_code_f20003_0_37","operative_procedures_main_opcs4_f41200_0_45","number_of_times_clear_was_pressed_left_f4239_3_6","fraction_acceleration_1000_milligravities_f90148_0_0","impact_on_normal_roles_during_worst_period_of_anxiety_f20418_0_0","mean_l1_in_posterior_corona_radiata_on_fa_skeleton_right_f25226_2_0","end_systolic_pressure_index_during_pwa_f12684_2_0","currently_in_last_3_months_suffer_from_abdominal_pain_f21035_0_0","microalbumin_in_urine_device_id_f30503_0_0","operation_yearage_first_occurred_f92_1_28","number_of_holesbeforefixing_right_hemisphere_f26599_3_0","frequency_of_other_exercises_in_last_4_weeks_f3637_2_0","ecg_heart_rate_f5983_1_6","salad_raw_vegetable_intake_f1299_1_0","ldl_direct_reportability_f30786_1_0","duration_to_entering_value_f20230_0_21","volume_of_gsoccipitalinf_right_hemisphere_f27700_2_0","keystroke_history_f4257_0_6","weightedmean_fa_in_tract_parahippocampal_part_of_cingulum_left_f25494_2_0","volume_of_gfrontmiddle_right_hemisphere_f27713_3_0","triplet_entered_left_f4236_0_7","average_acceleration_1900_1959_f90046_0_0","alkaline_phosphatase_aliquot_f30612_0_0","noncancer_illness_yearage_first_occurred_f87_0_2"
NA,NA,NA,NA,NA,NA,NA,NA,NA,"1","3",NA,NA,"0","1269519",NA,NA,NA,NA,NA,NA,NA,NA,NA,NA,NA,NA,"47.57","3",NA
NA,NA,NA,NA,NA,NA,NA,NA,NA,NA,NA,NA,NA,NA,"1269519",NA,NA,NA,NA,NA,NA,NA,NA,NA,NA,NA,NA,NA,"1",NA
NA,NA,NA,NA,NA,NA,NA,NA,NA,NA,NA,NA,NA,"0","1269519",NA,NA,NA,NA,NA,NA,NA,NA,NA,NA,NA,NA,NA,"1",NA
NA,NA,NA,NA,NA,NA,NA,NA,NA,NA,NA,NA,NA,NA,"1269519",NA,NA,NA,NA,NA,NA,NA,NA,NA,NA,NA,NA,NA,"1",NA
NA,NA,NA,NA,NA,NA,NA,NA,NA,NA,"2",NA,NA,"1","1269519",NA,NA,NA,NA,NA,NA,NA,NA,NA,NA,NA,NA,NA,"1","1980"
NA,NA,NA,NA,NA,NA,NA,NA,NA,NA,NA,NA,NA,NA,"1269519",NA,NA,NA,NA,NA,NA,NA,NA,NA,NA,NA,"480",NA,"1",NA
NA,NA,"754",NA,NA,NA,NA,NA,NA,"0.999","2",NA,NA,NA,"1269519",NA,NA,NA,NA,NA,NA,"2320",NA,"i4391528n",NA,NA,"011","24.15","1","15"
NA,NA,NA,NA,NA,NA,NA,NA,NA,NA,NA,NA,NA,NA,"1269519",NA,NA,NA,NA,NA,NA,NA,NA,NA,NA,NA,NA,NA,"1",NA
NA,NA,NA,NA,NA,NA,NA,NA,NA,"0.997",NA,NA,NA,"0","1269519",NA,NA,NA,NA,NA,NA,"3242",NA,NA,NA,NA,NA,"50.87","1",NA
NA,NA,NA,NA,NA,NA,NA,NA,NA,NA,NA,NA,NA,NA,"1269519",NA,NA,NA,NA,NA,NA,NA,NA,NA,NA,NA,"305",NA,"1","2007"
NA,NA,NA,NA,NA,NA,NA,NA,NA,NA,NA,NA,NA,NA,"1269519",NA,NA,NA,NA,NA,NA,NA,NA,NA,NA,NA,NA,NA,"1","2002"
NA,NA,NA,NA,NA,NA,NA,NA,NA,NA,"3",NA,NA,"1","1269519",NA,NA,NA,NA,NA,NA,NA,NA,NA,NA,NA,"943",NA,"1",NA
NA,NA,NA,NA,NA,NA,NA,NA,NA,NA,NA,NA,NA,NA,"1269519",NA,NA,NA,NA,NA,NA,NA,NA,NA,NA,NA,NA,NA,"1",NA
NA,NA,NA,NA,NA,NA,NA,NA,NA,NA,NA,NA,NA,"1","1269519",NA,NA,NA,NA,NA,NA,"3108",NA,NA,NA,NA,NA,NA,"1",NA
NA,NA,NA,NA,NA,NA,NA,NA,NA,NA,NA,NA,NA,NA,"1269519",NA,NA,NA,NA,NA,NA,NA,NA,NA,NA,NA,"126",NA,"1",NA
NA,NA,NA,NA,NA,NA,NA,NA,NA,NA,NA,NA,NA,NA,"1269519",NA,NA,NA,NA,NA,NA,"1702",NA,NA,NA,NA,NA,NA,"1",NA
NA,NA,NA,NA,NA,NA,NA,NA,NA,NA,NA,NA,NA,NA,"1269519",NA,NA,NA,NA,NA,NA,NA,NA,NA,NA,NA,NA,NA,"1",NA
NA,NA,NA,NA,NA,NA,NA,NA,NA,NA,NA,NA,NA,NA,"1269519",NA,NA,NA,NA,NA,NA,NA,NA,NA,NA,NA,NA,NA,"1",NA
NA,NA,NA,NA,NA,NA,NA,NA,NA,NA,NA,NA,NA,"0","1269519",NA,NA,NA,NA,NA,NA,NA,NA,NA,NA,NA,NA,NA,"1",NA
NA,NA,NA,NA,NA,NA,NA,NA,NA,"1",NA,NA,NA,"0","1269519",NA,NA,NA,NA,NA,NA,"3662",NA,NA,NA,NA,NA,"29.48","1",NA
NA,NA,"294",NA,NA,NA,NA,NA,NA,NA,NA,NA,NA,NA,"1269519",NA,NA,NA,NA,NA,NA,NA,NA,"i1086752n",NA,NA,"425",NA,"2",NA
NA,NA,NA,NA,NA,NA,NA,NA,NA,NA,NA,NA,NA,NA,"1269519",NA,NA,NA,NA,NA,NA,NA,NA,NA,NA,NA,NA,NA,"1",NA
NA,NA,NA,NA,NA,NA,NA,NA,NA,NA,NA,NA,NA,NA,"1269519",NA,NA,NA,NA,NA,NA,NA,NA,NA,NA,NA,NA,NA,"1",NA
NA,NA,"987",NA,NA,NA,NA,NA,NA,NA,NA,NA,NA,"1","1269519",NA,NA,NA,NA,NA,NA,NA,NA,"i9483017n",NA,NA,"498",NA,"1",NA
NA,NA,NA,NA,NA,NA,NA,NA,NA,NA,NA,NA,NA,NA,"1269519",NA,NA,NA,NA,NA,NA,NA,NA,NA,NA,NA,NA,NA,"1","1971"
NA,NA,"807",NA,NA,NA,NA,NA,NA,NA,NA,NA,NA,NA,"1269519",NA,NA,NA,NA,NA,NA,NA,NA,"i3154792n",NA,NA,"115",NA,"1",NA
NA,NA,NA,NA,NA,NA,NA,NA,NA,NA,NA,NA,NA,NA,"1269519",NA,NA,NA,NA,NA,NA,NA,NA,NA,NA,NA,NA,NA,"1",NA
NA,NA,"621",NA,NA,NA,NA,NA,NA,"1",NA,NA,NA,NA,"1269519",NA,NA,NA,NA,NA,NA,NA,NA,"i3875329n",NA,NA,"059","43.9","1","2004"
NA,NA,NA,NA,NA,NA,NA,NA,NA,"1","2",NA,NA,"0","1269519",NA,NA,NA,NA,NA,NA,NA,NA,NA,NA,NA,NA,"29.55","1",NA
NA,NA,NA,NA,NA,NA,NA,NA,NA,"1","2",NA,NA,NA,"1269519",NA,NA,NA,NA,NA,NA,NA,NA,NA,NA,NA,"913","36.4","1","2006"
NA,NA,NA,NA,NA,NA,NA,NA,NA,NA,NA,NA,NA,NA,"1269519",NA,NA,NA,NA,NA,NA,NA,NA,NA,NA,NA,"480",NA,"2",NA
NA,NA,"092",NA,NA,NA,NA,NA,NA,NA,NA,NA,NA,NA,"1269519",NA,NA,NA,NA,NA,NA,NA,NA,"i73801n",NA,NA,"508",NA,"1",NA
NA,NA,NA,NA,NA,NA,NA,NA,NA,NA,NA,NA,NA,NA,"1269519",NA,NA,NA,NA,NA,NA,NA,NA,NA,NA,NA,"234",NA,"1",NA
NA,NA,NA,NA,NA,NA,NA,NA,NA,NA,NA,NA,NA,"0","1269519",NA,NA,NA,NA,NA,NA,"1854",NA,NA,NA,NA,NA,NA,"1","17"
NA,NA,NA,NA,NA,NA,NA,NA,NA,NA,NA,NA,NA,NA,"1269519",NA,NA,NA,NA,NA,NA,NA,NA,NA,NA,NA,NA,NA,"1",NA
NA,NA,NA,NA,NA,NA,NA,NA,NA,NA,NA,NA,NA,NA,"1269519",NA,NA,NA,NA,NA,NA,NA,NA,NA,NA,NA,NA,NA,"1",NA
NA,NA,NA,NA,NA,NA,NA,NA,NA,NA,NA,NA,NA,NA,"1269519",NA,NA,NA,NA,NA,NA,NA,NA,NA,NA,NA,NA,NA,"1",NA
NA,NA,"4824211052525",NA,NA,NA,NA,NA,NA,NA,NA,NA,NA,NA,"1269519",NA,NA,NA,NA,NA,NA,NA,NA,NA,NA,NA,"118",NA,"2",NA
NA,NA,NA,NA,NA,NA,NA,NA,NA,NA,NA,NA,NA,NA,"1269519",NA,NA,NA,NA,NA,NA,NA,NA,NA,NA,NA,NA,NA,"1","22"
NA,NA,NA,NA,NA,NA,NA,NA,NA,NA,NA,NA,NA,NA,"1269519",NA,NA,NA,NA,NA,NA,NA,NA,NA,NA,NA,NA,NA,"1",NA
NA,NA,NA,"17","26.3502",NA,NA,NA,NA,NA,NA,NA,NA,NA,NA,NA,NA,NA,NA,"0","1",NA,NA,NA,NA,NA,NA,NA,"1",NA
NA,NA,"093",NA,NA,NA,NA,NA,NA,NA,NA,NA,NA,"0","1269519",NA,NA,NA,NA,NA,NA,NA,NA,"i65941795n",NA,NA,"425",NA,"1","1992"
NA,NA,NA,NA,NA,NA,NA,NA,NA,NA,NA,NA,NA,NA,NA,NA,NA,NA,NA,NA,NA,NA,NA,NA,NA,NA,NA,NA,"2",NA
NA,NA,NA,NA,NA,NA,NA,NA,NA,NA,NA,NA,NA,NA,"1269519",NA,NA,NA,NA,NA,NA,NA,NA,NA,NA,NA,NA,NA,"1",NA
NA,NA,NA,NA,NA,NA,NA,NA,NA,NA,NA,NA,NA,NA,"1269519",NA,NA,NA,NA,NA,NA,NA,NA,NA,NA,NA,NA,NA,"1",NA
NA,"71",NA,"16","30.679",NA,NA,NA,NA,NA,NA,NA,NA,"0","1269519",NA,NA,NA,"65","1","1","2458",NA,NA,NA,NA,NA,NA,"1",NA
NA,NA,NA,NA,NA,NA,NA,NA,NA,NA,NA,NA,NA,NA,NA,NA,NA,NA,NA,NA,NA,NA,NA,NA,NA,NA,NA,NA,NA,NA
NA,NA,NA,NA,NA,NA,NA,NA,NA,"1",NA,"0.001317","0.64","0","1269519",NA,NA,NA,NA,NA,NA,"3641","2124",NA,"0.297844",NA,"245","18","1",NA
NA,NA,NA,NA,NA,NA,NA,NA,"0",NA,NA,"0.001636",NA,NA,"1269519",NA,NA,"4",NA,NA,NA,NA,"2156",NA,"0.330057",NA,NA,NA,NA,NA
NA,"103",NA,"12","26.8198",NA,NA,NA,NA,NA,NA,NA,NA,"1","1269519",NA,NA,NA,"107","1","1","2186",NA,NA,NA,NA,NA,NA,"1",NA
NA,NA,NA,NA,NA,NA,NA,NA,NA,NA,NA,NA,NA,NA,"1269519",NA,NA,NA,NA,NA,NA,NA,NA,NA,NA,NA,NA,NA,"1","28"
NA,NA,NA,NA,NA,NA,NA,NA,NA,NA,NA,NA,NA,NA,"1269519",NA,NA,NA,NA,NA,NA,NA,NA,NA,NA,NA,NA,NA,"1","1972"
NA,NA,NA,NA,NA,NA,NA,NA,NA,NA,NA,"0.001389","0.66","1","1269519",NA,NA,NA,NA,NA,NA,NA,"3006",NA,"0.269545",NA,NA,NA,"2",NA
NA,NA,NA,NA,NA,NA,NA,NA,NA,NA,NA,NA,NA,NA,"1269519",NA,NA,NA,NA,NA,NA,NA,NA,NA,NA,NA,NA,NA,"1","55"
NA,NA,NA,NA,NA,NA,NA,NA,NA,NA,NA,NA,NA,NA,"1269519",NA,NA,NA,NA,NA,NA,NA,NA,NA,NA,NA,"126",NA,"1",NA
NA,NA,"521",NA,NA,NA,NA,NA,NA,NA,NA,NA,NA,NA,"1269519",NA,NA,NA,NA,NA,NA,NA,NA,"i9876215n",NA,NA,NA,NA,"1",NA
NA,NA,NA,NA,NA,NA,NA,NA,NA,NA,NA,NA,NA,NA,"1269519",NA,NA,NA,NA,NA,NA,NA,NA,NA,NA,NA,NA,NA,"1",NA
NA,NA,NA,NA,NA,NA,NA,NA,NA,"1",NA,NA,NA,NA,"1269519",NA,NA,NA,NA,NA,NA,"2220",NA,NA,NA,NA,NA,"17.96","1","45"
NA,NA,NA,NA,NA,NA,NA,NA,NA,NA,NA,NA,NA,NA,"1269519",NA,NA,NA,NA,NA,NA,NA,NA,NA,NA,NA,NA,NA,"1","7"
NA,NA,NA,NA,NA,NA,NA,NA,NA,"0.999",NA,NA,NA,"0","1269519",NA,NA,NA,NA,NA,NA,NA,NA,NA,NA,NA,NA,"36.6","1",NA
NA,NA,NA,NA,NA,NA,NA,NA,NA,NA,NA,NA,NA,NA,"1269519",NA,NA,NA,NA,NA,NA,NA,NA,NA,NA,NA,NA,NA,"1",NA
NA,NA,NA,NA,NA,NA,NA,NA,NA,NA,NA,NA,NA,NA,"1269519",NA,NA,NA,NA,NA,NA,NA,NA,NA,NA,NA,NA,NA,"1","50"
NA,NA,NA,NA,NA,NA,NA,NA,NA,NA,NA,NA,NA,NA,"1269519",NA,NA,NA,NA,NA,NA,NA,NA,NA,NA,NA,NA,NA,"1",NA
NA,"82",NA,"16","27.0337",NA,NA,NA,NA,"1","3",NA,"0.76","0","1269519",NA,NA,NA,"83","2","1","2696",NA,NA,NA,NA,NA,"30.4","1",NA
NA,"89",NA,"15","23.8248",NA,NA,NA,NA,NA,"3",NA,NA,"1","1269519",NA,NA,NA,"86","4","1",NA,NA,NA,NA,NA,NA,NA,"1","18"
NA,NA,NA,NA,NA,NA,NA,NA,NA,NA,NA,NA,NA,NA,"1269519",NA,NA,NA,NA,NA,NA,NA,NA,NA,NA,NA,NA,NA,"1",NA
NA,NA,NA,NA,NA,NA,NA,NA,NA,NA,NA,NA,NA,NA,"1269519",NA,NA,NA,NA,NA,NA,NA,NA,NA,NA,NA,NA,NA,"3",NA
NA,NA,NA,NA,NA,NA,NA,NA,NA,NA,NA,NA,NA,NA,"1269519",NA,NA,NA,NA,NA,NA,NA,NA,NA,NA,NA,NA,NA,"2",NA
"911","100",NA,"15","28.6134",NA,NA,NA,"0",NA,NA,"0.001313","0.76","0","1269519",NA,"16","3","101","1","1",NA,"3119",NA,"0.2738","10916",NA,NA,"1",NA
NA,NA,NA,NA,NA,NA,NA,NA,NA,NA,NA,NA,NA,NA,"1269519",NA,NA,NA,NA,NA,NA,NA,NA,NA,NA,NA,NA,NA,"1",NA
NA,NA,NA,NA,NA,NA,NA,NA,NA,NA,NA,NA,NA,NA,"1269519",NA,NA,NA,NA,NA,NA,"3016",NA,NA,NA,NA,NA,NA,"1",NA
NA,NA,"285",NA,NA,NA,NA,NA,NA,NA,NA,NA,NA,"1","1269519",NA,NA,NA,NA,NA,NA,NA,NA,NA,NA,NA,"103",NA,"1",NA
NA,NA,NA,NA,NA,NA,NA,NA,NA,NA,NA,NA,NA,NA,"1269519",NA,NA,NA,NA,NA,NA,NA,NA,NA,NA,NA,NA,NA,"1",NA
NA,NA,"516",NA,NA,NA,NA,NA,NA,NA,"3",NA,NA,"1","1269519",NA,NA,NA,NA,NA,NA,NA,NA,"i0194578n",NA,NA,"558",NA,"1","1999"
NA,NA,NA,NA,NA,NA,NA,NA,NA,NA,NA,NA,NA,NA,"1269519",NA,NA,NA,NA,NA,NA,NA,NA,NA,NA,NA,NA,NA,"1","2"
NA,NA,NA,NA,NA,NA,NA,NA,NA,NA,NA,NA,NA,"0","1269519",NA,NA,NA,NA,NA,NA,NA,NA,NA,NA,NA,"311",NA,"1","1998"
NA,NA,NA,NA,NA,NA,NA,NA,NA,NA,NA,NA,NA,NA,NA,NA,NA,NA,NA,NA,NA,NA,NA,NA,NA,NA,NA,NA,NA,NA
NA,NA,NA,NA,NA,NA,NA,NA,NA,NA,NA,NA,NA,NA,"1269519",NA,NA,NA,NA,NA,NA,NA,NA,NA,NA,NA,"210",NA,"1",NA
NA,NA,NA,NA,NA,NA,NA,NA,NA,"1",NA,NA,NA,"0","1269519",NA,NA,NA,NA,NA,NA,"2320",NA,NA,NA,NA,NA,"58.04","1",NA
NA,NA,NA,NA,NA,NA,NA,NA,NA,NA,NA,NA,NA,NA,"1269519",NA,NA,NA,NA,NA,NA,NA,NA,NA,NA,NA,NA,NA,"1",NA
NA,NA,NA,NA,NA,NA,NA,NA,NA,NA,NA,NA,NA,NA,"1269519",NA,NA,NA,NA,NA,NA,NA,NA,NA,NA,NA,NA,NA,"1",NA
NA,NA,NA,NA,NA,NA,NA,NA,NA,NA,NA,NA,NA,NA,"1269519",NA,NA,NA,NA,NA,NA,NA,NA,NA,NA,NA,NA,NA,NA,NA
NA,NA,NA,NA,NA,NA,NA,NA,NA,"1",NA,"0.001244","0.74","0","1269519",NA,NA,"2",NA,NA,NA,NA,"2373",NA,"0.298204",NA,NA,"37.22","1",NA
NA,NA,NA,NA,NA,NA,NA,NA,NA,NA,NA,NA,NA,NA,"1269519",NA,NA,NA,NA,NA,NA,NA,NA,NA,NA,NA,NA,NA,"1","2004"
NA,NA,NA,NA,NA,NA,NA,NA,NA,NA,NA,NA,NA,NA,"1269519",NA,NA,NA,NA,NA,NA,NA,NA,NA,NA,NA,NA,NA,"1",NA
NA,NA,"867",NA,NA,NA,NA,NA,NA,"1",NA,NA,NA,"1","1269519",NA,NA,NA,NA,NA,NA,NA,NA,"i8591648n",NA,NA,"289","9.48","1",NA
NA,NA,NA,NA,NA,NA,NA,NA,NA,"1",NA,NA,NA,"0","1269519",NA,NA,NA,NA,NA,NA,NA,NA,NA,NA,NA,"631","41.71","1","2008"
NA,NA,NA,NA,NA,NA,NA,NA,NA,"1",NA,NA,NA,"0","1269519",NA,NA,NA,NA,NA,NA,NA,NA,NA,NA,NA,NA,"16.89","1",NA
NA,NA,NA,NA,NA,NA,NA,NA,NA,"0.999",NA,NA,NA,"0",NA,NA,NA,NA,NA,NA,NA,"2053",NA,NA,NA,NA,NA,"58.76","1",NA
NA,NA,"109",NA,NA,NA,NA,NA,NA,"1",NA,NA,NA,"1","1269519",NA,NA,NA,NA,NA,NA,NA,NA,"i4354279n",NA,NA,"819","2.13",NA,"2005"
NA,NA,"278",NA,NA,NA,NA,NA,NA,NA,NA,NA,NA,NA,"1269519",NA,NA,NA,NA,NA,NA,NA,NA,"i1237154n",NA,NA,"103",NA,"1","58"
NA,NA,NA,NA,NA,NA,NA,NA,NA,"0.999",NA,NA,NA,"0","1269519",NA,NA,NA,NA,NA,NA,"1800",NA,NA,NA,NA,NA,"79.03","1",NA
NA,NA,NA,NA,NA,NA,NA,NA,NA,NA,"2",NA,NA,"0","1269519",NA,NA,NA,NA,NA,NA,"2784",NA,NA,NA,NA,NA,NA,"1","2002"
NA,NA,NA,NA,NA,NA,NA,NA,NA,NA,"2",NA,NA,"0","1269519",NA,NA,NA,NA,NA,NA,"1918",NA,NA,NA,NA,"695",NA,NA,NA
NA,NA,NA,NA,NA,NA,NA,NA,NA,NA,NA,NA,NA,NA,"1269519",NA,NA,NA,NA,NA,NA,NA,NA,NA,NA,NA,NA,NA,"1","8"
NA,NA,NA,NA,NA,NA,NA,NA,NA,NA,NA,NA,NA,"0","1269519",NA,NA,NA,NA,NA,NA,NA,NA,NA,NA,NA,NA,NA,"1",NA
NA,NA,NA,NA,NA,NA,NA,NA,NA,NA,NA,NA,NA,"0","1269519",NA,NA,NA,NA,NA,NA,NA,NA,NA,NA,NA,NA,NA,"2",NA
NA,NA,NA,NA,NA,NA,NA,NA,NA,"1","1",NA,NA,"0","1269519",NA,NA,NA,NA,NA,NA,"1512",NA,NA,NA,NA,"260","9.66","1",NA
NA,NA,NA,NA,NA,NA,NA,NA,NA,NA,NA,NA,NA,NA,"1269519",NA,NA,NA,NA,NA,NA,NA,NA,NA,NA,NA,"429",NA,"1","25"
NA,NA,"165",NA,NA,NA,NA,NA,NA,NA,NA,NA,NA,NA,"1269519",NA,NA,NA,NA,NA,NA,NA,NA,"i769257n",NA,NA,"534",NA,"1","1987"
NA,NA,NA,NA,NA,NA,NA,NA,NA,NA,NA,NA,NA,NA,"1269519",NA,NA,NA,NA,NA,NA,NA,NA,NA,NA,NA,NA,NA,"2",NA
NA,NA,NA,NA,NA,NA,NA,NA,NA,NA,NA,NA,"0.66",NA,NA,NA,NA,NA,NA,NA,NA,NA,NA,NA,NA,NA,NA,NA,"1","66"
NA,NA,NA,NA,NA,NA,NA,NA,NA,NA,NA,NA,NA,NA,"1269519",NA,NA,NA,NA,NA,NA,NA,NA,NA,NA,NA,NA,NA,"1",NA
NA,NA,NA,NA,NA,NA,NA,NA,NA,"1",NA,NA,NA,NA,"1269519",NA,NA,NA,NA,NA,NA,NA,NA,NA,NA,NA,"880","14.06","1","1999"
NA,NA,NA,NA,NA,NA,NA,NA,NA,"1",NA,NA,NA,NA,"1269519",NA,NA,NA,NA,NA,NA,"2419",NA,NA,NA,NA,NA,"37.32","2",NA
NA,NA,NA,NA,NA,NA,NA,NA,NA,NA,NA,NA,NA,NA,"1269519",NA,NA,NA,NA,NA,NA,NA,NA,NA,NA,NA,"631",NA,NA,NA
NA,NA,NA,NA,NA,NA,NA,NA,NA,NA,NA,NA,NA,NA,"1269519",NA,NA,NA,NA,NA,NA,NA,NA,NA,NA,NA,"942",NA,"1",NA
NA,NA,NA,NA,NA,NA,NA,NA,NA,"1","1",NA,NA,"1","1269519",NA,NA,NA,NA,NA,NA,"1633",NA,NA,NA,NA,"245","30.49",NA,"2009"
NA,NA,NA,NA,NA,NA,NA,NA,NA,NA,NA,NA,NA,NA,"1269519",NA,NA,NA,NA,NA,NA,NA,NA,NA,NA,NA,NA,NA,"1",NA
NA,NA,NA,NA,NA,NA,NA,NA,NA,NA,NA,NA,NA,"1","1269519",NA,NA,NA,NA,NA,NA,NA,NA,NA,NA,NA,NA,NA,"1",NA
NA,NA,NA,NA,NA,NA,NA,NA,NA,"1",NA,NA,NA,NA,"1269519",NA,NA,NA,NA,NA,NA,NA,NA,NA,NA,NA,"193","18.16","1",NA
NA,NA,NA,NA,NA,NA,NA,NA,NA,NA,NA,NA,NA,NA,"1269519",NA,NA,NA,NA,NA,NA,NA,NA,NA,NA,NA,"210",NA,"1","2008"
NA,NA,NA,NA,NA,NA,NA,NA,NA,NA,NA,NA,NA,NA,"1269519",NA,NA,NA,NA,NA,NA,NA,NA,NA,NA,NA,NA,NA,"1",NA
NA,NA,NA,NA,NA,NA,NA,NA,NA,NA,NA,NA,NA,NA,"1269519",NA,NA,NA,NA,NA,NA,NA,NA,NA,NA,NA,NA,NA,"1",NA
NA,NA,NA,NA,NA,NA,NA,NA,NA,NA,NA,NA,NA,NA,"1269519",NA,NA,NA,NA,NA,NA,NA,NA,NA,NA,NA,NA,NA,"1",NA
NA,NA,NA,NA,NA,NA,NA,NA,NA,NA,NA,NA,NA,NA,"1269519",NA,NA,NA,NA,NA,NA,NA,NA,NA,NA,NA,NA,NA,"1",NA
NA,NA,NA,NA,NA,NA,NA,NA,NA,NA,NA,NA,NA,NA,"1269519",NA,NA,NA,NA,NA,NA,NA,NA,NA,NA,NA,NA,NA,"1",NA
NA,NA,NA,NA,NA,NA,NA,NA,NA,NA,NA,NA,NA,NA,"1269519",NA,NA,NA,NA,NA,NA,NA,NA,NA,NA,NA,NA,NA,"1",NA
NA,NA,NA,NA,NA,NA,NA,NA,NA,NA,NA,NA,NA,"0","1269519",NA,NA,NA,NA,NA,NA,"2056",NA,NA,NA,NA,NA,NA,"1",NA
NA,NA,NA,NA,NA,NA,NA,NA,NA,NA,NA,NA,NA,"1","1269519",NA,NA,NA,NA,NA,NA,NA,NA,NA,NA,NA,NA,NA,"1",NA
NA,NA,NA,NA,NA,NA,NA,NA,NA,NA,NA,NA,NA,NA,"1269519",NA,NA,NA,NA,NA,NA,NA,NA,NA,NA,NA,NA,NA,"1","-1"
NA,NA,NA,NA,NA,NA,NA,NA,NA,"0.999","0",NA,NA,NA,"1269519",NA,NA,NA,NA,NA,NA,"3657",NA,NA,NA,NA,NA,"24.31","1",NA
NA,NA,NA,NA,NA,NA,NA,NA,NA,NA,NA,NA,NA,NA,"1269519",NA,NA,NA,NA,NA,NA,NA,NA,NA,NA,NA,NA,NA,"1","56"
NA,NA,NA,NA,NA,NA,NA,NA,NA,"1",NA,NA,NA,"0","1269519",NA,NA,NA,NA,NA,NA,"2259",NA,NA,NA,NA,NA,"26.81","2",NA
NA,NA,NA,NA,NA,NA,NA,NA,NA,NA,NA,NA,NA,NA,"1269519",NA,NA,NA,NA,NA,NA,NA,NA,NA,NA,NA,NA,NA,"1",NA
NA,NA,NA,NA,NA,NA,NA,NA,NA,NA,NA,NA,NA,"0","1269519",NA,NA,NA,NA,NA,NA,NA,NA,NA,NA,NA,NA,NA,NA,NA
NA,NA,NA,NA,NA,NA,NA,NA,NA,NA,"2",NA,NA,"0","1269519",NA,NA,NA,NA,NA,NA,NA,NA,NA,NA,NA,NA,NA,"1","2007"
NA,NA,NA,NA,NA,NA,NA,NA,NA,NA,NA,NA,NA,NA,"1269519",NA,NA,NA,NA,NA,NA,NA,NA,NA,NA,NA,"118",NA,"1","54"
NA,NA,NA,NA,NA,NA,NA,NA,NA,NA,NA,NA,NA,NA,"1269519",NA,NA,NA,NA,NA,NA,NA,NA,NA,NA,NA,NA,NA,"1",NA
NA,NA,NA,NA,NA,NA,NA,NA,NA,NA,NA,NA,NA,NA,"1269519",NA,NA,NA,NA,NA,NA,NA,NA,NA,NA,NA,NA,NA,"1",NA
NA,NA,NA,NA,NA,NA,NA,NA,NA,NA,NA,NA,NA,NA,"1269519",NA,NA,NA,NA,NA,NA,NA,NA,NA,NA,NA,NA,NA,"1",NA
NA,NA,NA,NA,NA,NA,NA,NA,NA,NA,NA,NA,NA,NA,"1269519",NA,NA,NA,NA,NA,NA,NA,NA,NA,NA,NA,"641",NA,"2",NA
NA,NA,NA,NA,NA,NA,NA,NA,NA,NA,NA,NA,NA,NA,"1269519",NA,NA,NA,NA,NA,NA,NA,NA,NA,NA,NA,NA,NA,"0","2002"
NA,NA,"017",NA,NA,NA,NA,NA,NA,NA,NA,NA,NA,NA,"1269519",NA,NA,NA,NA,NA,NA,NA,NA,NA,NA,NA,"613",NA,"1",NA
NA,NA,NA,NA,NA,NA,NA,NA,NA,NA,NA,NA,NA,NA,"1269519",NA,NA,NA,NA,NA,NA,NA,NA,NA,NA,NA,NA,NA,"1",NA
NA,"92",NA,"17","24.7531",NA,NA,NA,"0",NA,"1","0.001297","0.8","1","1269519",NA,NA,"2","89","3","1","2104","2792",NA,"0.357418",NA,NA,NA,"1",NA
NA,NA,NA,NA,NA,NA,NA,NA,NA,NA,NA,NA,NA,NA,"1269519",NA,NA,NA,NA,NA,NA,NA,NA,NA,NA,NA,NA,NA,"1",NA
NA,NA,NA,NA,NA,NA,NA,NA,NA,NA,NA,NA,NA,"1","1269519",NA,NA,NA,NA,NA,NA,"1638",NA,NA,NA,NA,NA,NA,"1",NA
NA,NA,NA,NA,NA,NA,NA,NA,NA,NA,NA,NA,NA,NA,"1269519",NA,NA,NA,NA,NA,NA,NA,NA,NA,NA,NA,NA,NA,"1",NA
NA,NA,NA,NA,NA,NA,NA,NA,NA,"1",NA,NA,NA,NA,"1269519",NA,NA,NA,NA,NA,NA,NA,NA,NA,NA,NA,NA,"18.74","1","47"
NA,NA,NA,NA,NA,NA,NA,NA,NA,NA,NA,NA,NA,NA,"1269519",NA,NA,NA,NA,NA,NA,NA,NA,NA,NA,NA,NA,NA,"1",NA
NA,NA,NA,NA,NA,NA,NA,NA,NA,NA,NA,NA,NA,NA,"1269519",NA,NA,NA,NA,NA,NA,NA,NA,NA,NA,NA,NA,NA,"1",NA
NA,NA,NA,NA,NA,NA,NA,NA,NA,NA,NA,NA,NA,NA,"1269519",NA,NA,NA,NA,NA,NA,NA,NA,NA,NA,NA,NA,NA,"1",NA
NA,NA,"203",NA,NA,NA,NA,NA,NA,"1","2",NA,NA,"0","1269519",NA,NA,NA,NA,NA,NA,NA,NA,"i9464cn4c9467n",NA,NA,"621","29.81","1",NA
NA,NA,NA,NA,NA,NA,NA,NA,NA,NA,NA,NA,NA,NA,"1269519",NA,NA,NA,NA,NA,NA,NA,NA,NA,NA,NA,"816",NA,"1",NA
NA,NA,NA,NA,NA,NA,NA,NA,NA,NA,NA,NA,NA,NA,"1269519",NA,NA,NA,NA,NA,NA,NA,NA,NA,NA,NA,NA,NA,"1",NA
NA,NA,NA,NA,NA,NA,NA,NA,NA,"1",NA,NA,NA,"1","1269519",NA,NA,NA,NA,NA,NA,NA,NA,NA,NA,NA,NA,"46.04","1",NA
NA,NA,NA,NA,NA,NA,NA,NA,NA,NA,NA,"0.001466","0.67","0","1269519",NA,NA,"3",NA,NA,NA,NA,"2290",NA,"0.300133",NA,NA,NA,"1",NA
NA,NA,NA,NA,NA,NA,NA,NA,NA,NA,NA,NA,NA,NA,"1269519",NA,NA,NA,NA,NA,NA,NA,NA,NA,NA,NA,"618",NA,NA,NA
NA,NA,NA,NA,NA,NA,NA,NA,NA,"1",NA,NA,NA,NA,"1269519",NA,NA,NA,NA,NA,NA,"2209",NA,NA,NA,NA,"123","75.77",NA,"2003"
NA,"88",NA,"13","27.3526",NA,NA,NA,NA,NA,NA,NA,NA,"0","1269519",NA,NA,NA,"88","1",NA,NA,NA,NA,NA,NA,NA,NA,"1",NA
NA,NA,NA,NA,NA,NA,NA,NA,NA,"1",NA,NA,NA,NA,"1269519",NA,NA,NA,NA,NA,NA,NA,NA,NA,NA,NA,"236","6.91","1","20"
NA,NA,NA,NA,NA,NA,NA,NA,NA,"0.998",NA,NA,NA,"1","1269519",NA,NA,NA,NA,NA,NA,"1597",NA,NA,NA,NA,NA,"47.83","1",NA
NA,NA,"483",NA,NA,NA,NA,NA,NA,"1",NA,NA,NA,NA,"1269519",NA,NA,NA,NA,NA,NA,NA,NA,"i4654208n",NA,NA,"058","9.12","1",NA
NA,NA,NA,NA,NA,NA,NA,NA,NA,NA,NA,NA,NA,NA,"1269519",NA,NA,NA,NA,NA,NA,NA,NA,NA,NA,NA,"921",NA,"1","1976"
NA,NA,NA,NA,NA,NA,NA,NA,NA,NA,NA,NA,NA,NA,"1269519",NA,NA,NA,NA,NA,NA,NA,NA,NA,NA,NA,"655",NA,NA,NA
NA,NA,NA,NA,NA,NA,NA,NA,NA,NA,NA,NA,NA,NA,"1269519",NA,NA,NA,NA,NA,NA,NA,NA,NA,NA,NA,NA,NA,"1","-1"
NA,NA,NA,NA,NA,NA,NA,NA,NA,"1",NA,NA,NA,"0","1269519",NA,NA,NA,NA,NA,NA,NA,NA,NA,NA,NA,NA,"24.11","1","2004"
NA,NA,NA,NA,NA,NA,NA,NA,NA,NA,NA,NA,NA,NA,"1269519",NA,NA,NA,NA,NA,NA,NA,NA,NA,NA,NA,NA,NA,"1",NA
NA,NA,NA,NA,NA,NA,NA,NA,NA,NA,NA,NA,NA,NA,"1269519",NA,NA,NA,NA,NA,NA,NA,NA,NA,NA,NA,NA,NA,"0","2006"
NA,NA,NA,NA,NA,NA,NA,NA,NA,NA,NA,NA,NA,NA,"1269519",NA,NA,NA,NA,NA,NA,NA,NA,NA,NA,NA,NA,NA,"1",NA
NA,NA,"036",NA,NA,NA,NA,NA,NA,NA,NA,NA,NA,NA,"1269519",NA,NA,NA,NA,NA,NA,NA,NA,"i7045612n",NA,NA,"613",NA,"1",NA
NA,NA,NA,NA,NA,NA,NA,NA,NA,NA,NA,NA,NA,NA,"1269519",NA,NA,NA,NA,NA,NA,NA,NA,NA,NA,NA,NA,NA,"1","49"
NA,NA,NA,NA,NA,NA,NA,NA,NA,NA,NA,"0.001245","0.7",NA,"1269519",NA,NA,"4",NA,NA,NA,NA,"3058",NA,"0.344568",NA,NA,NA,"1",NA
NA,NA,NA,NA,NA,NA,NA,NA,NA,NA,NA,NA,NA,NA,"1269519",NA,NA,NA,NA,NA,NA,NA,NA,NA,NA,NA,"596",NA,"1",NA
NA,NA,NA,NA,NA,NA,NA,NA,NA,NA,NA,NA,NA,NA,"1269519",NA,NA,NA,NA,NA,NA,NA,NA,NA,NA,NA,NA,NA,"1",NA
NA,NA,NA,NA,NA,NA,NA,NA,NA,NA,NA,NA,NA,NA,"1269519",NA,NA,NA,NA,NA,NA,NA,NA,NA,NA,NA,"158",NA,"1",NA
NA,NA,NA,NA,NA,NA,NA,NA,NA,NA,NA,NA,NA,NA,"1269519",NA,NA,NA,NA,NA,NA,NA,NA,NA,NA,NA,"044",NA,"1",NA
NA,NA,NA,NA,NA,NA,NA,NA,NA,"1","2",NA,NA,"1","1269519",NA,NA,NA,NA,NA,NA,"2416",NA,NA,NA,NA,NA,"26.97","1",NA
NA,NA,NA,NA,NA,NA,NA,NA,NA,"1","2",NA,NA,"0","1269519",NA,NA,NA,NA,NA,NA,"2585",NA,NA,NA,NA,"023","0","2","2009"
NA,NA,"974",NA,NA,NA,NA,NA,"0","1",NA,"0.001284","0.77","0","1269519",NA,NA,"3",NA,NA,NA,"2344","2969","i46275128n","0.304119",NA,"238","9.64","2",NA
NA,NA,"258",NA,NA,NA,NA,NA,NA,"1","2",NA,NA,"1","1269519",NA,NA,NA,NA,NA,NA,"2793",NA,"i89584327n",NA,NA,"902","5.14","1",NA
NA,NA,NA,NA,NA,NA,NA,NA,NA,NA,NA,NA,NA,NA,"1269519",NA,NA,NA,NA,NA,NA,NA,NA,NA,NA,NA,NA,NA,"1",NA
NA,NA,NA,NA,NA,NA,NA,NA,NA,NA,NA,NA,NA,"0","1269519",NA,NA,NA,NA,NA,NA,"2608",NA,NA,NA,NA,NA,NA,"1",NA
NA,NA,NA,NA,NA,NA,NA,NA,NA,NA,NA,NA,NA,"0","1269519",NA,NA,NA,NA,NA,NA,NA,NA,NA,NA,NA,NA,NA,"3","1989"
NA,NA,NA,NA,NA,NA,NA,NA,NA,"1",NA,NA,NA,"0","1269519",NA,NA,NA,NA,NA,NA,"2763",NA,NA,NA,NA,NA,"37.93","1",NA
NA,NA,NA,NA,NA,NA,NA,NA,NA,"1",NA,NA,"0.67","1","1269519",NA,NA,NA,NA,NA,NA,"4624","3531",NA,NA,NA,NA,"22.04","1",NA
NA,NA,NA,NA,NA,NA,NA,NA,NA,NA,NA,NA,NA,"0","1269519",NA,NA,NA,NA,NA,NA,NA,NA,NA,NA,NA,"211",NA,"1",NA
NA,NA,NA,NA,NA,NA,NA,NA,NA,NA,NA,NA,NA,NA,"1269519",NA,NA,NA,NA,NA,NA,NA,NA,NA,NA,NA,NA,NA,"1","1991"
NA,NA,NA,NA,NA,NA,NA,NA,NA,NA,NA,NA,NA,"1","1269519",NA,NA,NA,NA,NA,NA,NA,NA,NA,NA,NA,NA,NA,"1","2006"
NA,NA,"03",NA,NA,NA,NA,NA,NA,"1","2","0.00139","0.73","0","1269519",NA,NA,NA,NA,NA,NA,"2737","2540","in3421985n","0.319873",NA,"518","25.12","1",NA
NA,NA,NA,NA,NA,NA,NA,NA,NA,"1","1","0.001277","0.88","0","1269519",NA,NA,"4",NA,NA,NA,"1723","2384",NA,"0.315236",NA,NA,"56.55","1",NA
NA,NA,NA,NA,NA,NA,NA,NA,NA,"1",NA,NA,NA,NA,"1269519",NA,NA,NA,NA,NA,NA,NA,NA,NA,NA,NA,"496","17.01","1",NA
NA,NA,NA,NA,NA,NA,NA,NA,NA,"1","1",NA,NA,NA,"1269519",NA,NA,NA,NA,NA,NA,"2434",NA,NA,NA,NA,NA,"0.63","1","1993"
NA,NA,"247",NA,NA,NA,NA,NA,NA,NA,NA,NA,NA,"0","1269519",NA,NA,NA,NA,NA,NA,NA,NA,"i98064782n",NA,NA,"000",NA,"2",NA
NA,NA,NA,NA,NA,NA,NA,NA,NA,NA,NA,NA,NA,NA,"1269519",NA,NA,NA,NA,NA,NA,NA,NA,NA,NA,NA,NA,NA,"1",NA
NA,NA,NA,NA,NA,NA,NA,NA,NA,NA,NA,NA,NA,NA,"1269519",NA,NA,NA,NA,NA,NA,NA,NA,NA,NA,NA,NA,NA,"1",NA
NA,NA,NA,NA,NA,NA,NA,NA,NA,"1",NA,NA,NA,NA,"1269519",NA,NA,NA,NA,NA,NA,NA,NA,NA,NA,NA,"130","20.05","1","2008"
NA,NA,NA,NA,NA,NA,NA,NA,NA,NA,NA,NA,NA,NA,"1269519",NA,NA,NA,NA,NA,NA,NA,NA,NA,NA,NA,NA,NA,"1",NA
NA,NA,NA,NA,NA,NA,NA,NA,NA,NA,NA,NA,NA,NA,"1269519",NA,NA,NA,NA,NA,NA,NA,NA,NA,NA,NA,NA,NA,"1",NA
NA,NA,NA,NA,NA,NA,NA,NA,NA,NA,NA,NA,NA,NA,"1269519",NA,NA,NA,NA,NA,NA,NA,NA,NA,NA,NA,NA,NA,"0",NA
NA,NA,NA,NA,NA,NA,NA,NA,NA,NA,NA,NA,NA,"0","1269519",NA,NA,NA,NA,NA,NA,NA,NA,NA,NA,NA,NA,NA,"1",NA
NA,NA,NA,NA,NA,NA,NA,NA,NA,NA,NA,NA,NA,"0","1269519",NA,NA,NA,NA,NA,NA,"2696",NA,NA,NA,NA,"508",NA,"1","1990"
NA,"84",NA,"20","22.8542",NA,NA,NA,NA,"1",NA,"0.001377","0.76","1","1269519",NA,NA,"2","85","1","1","2240","3014",NA,"0.311656",NA,NA,"10.41","1",NA
NA,NA,NA,NA,NA,NA,NA,NA,NA,NA,NA,NA,NA,NA,"1269519",NA,NA,NA,NA,NA,NA,NA,NA,NA,NA,NA,NA,NA,"1",NA
NA,NA,NA,NA,NA,NA,NA,NA,NA,"1",NA,NA,NA,"1","1269519",NA,NA,NA,NA,NA,NA,"4353",NA,NA,NA,NA,NA,"22.08","1",NA
NA,NA,NA,NA,NA,NA,NA,NA,NA,"1","3",NA,NA,NA,"1269519",NA,NA,NA,NA,NA,NA,NA,NA,NA,NA,NA,NA,"7.84","1","46"
NA,NA,NA,NA,NA,NA,NA,NA,NA,NA,NA,NA,NA,NA,"1269519",NA,NA,NA,NA,NA,NA,NA,NA,NA,NA,NA,NA,NA,"1",NA
NA,NA,"867",NA,NA,NA,NA,NA,NA,"1",NA,NA,NA,"0","1269519",NA,NA,NA,NA,NA,NA,"2813",NA,"i42193042n",NA,NA,"992","60.63","1","-1"
NA,NA,NA,NA,NA,NA,NA,NA,NA,NA,NA,NA,NA,NA,"1269519",NA,NA,NA,NA,NA,NA,NA,NA,NA,NA,NA,NA,NA,"1",NA
NA,NA,NA,NA,NA,NA,NA,NA,NA,"0.999",NA,NA,NA,NA,"1269519",NA,NA,NA,NA,NA,NA,"2871",NA,NA,NA,NA,NA,"61.35","1",NA
NA,NA,NA,NA,NA,NA,NA,NA,NA,NA,NA,NA,NA,NA,"1269519",NA,NA,NA,NA,NA,NA,NA,NA,NA,NA,NA,"245",NA,"1","13"
NA,NA,NA,NA,NA,NA,NA,NA,NA,"1",NA,NA,NA,"0","1269519",NA,NA,NA,NA,NA,NA,"3632",NA,NA,NA,NA,NA,"34.9","1",NA
NA,NA,NA,NA,NA,NA,NA,NA,NA,NA,NA,NA,NA,NA,"1269519",NA,NA,NA,NA,NA,NA,NA,NA,NA,NA,NA,NA,NA,"1","48"
NA,NA,"123",NA,NA,NA,NA,NA,NA,NA,NA,NA,NA,"0","1269519",NA,NA,NA,NA,NA,NA,NA,NA,"i93641534n",NA,NA,"992",NA,"2",NA
NA,NA,NA,NA,NA,NA,NA,NA,NA,NA,NA,NA,NA,NA,"1269519",NA,NA,NA,NA,NA,NA,NA,NA,NA,NA,NA,NA,NA,"1",NA
NA,NA,NA,NA,NA,NA,NA,NA,NA,NA,NA,NA,NA,NA,"1269519",NA,NA,NA,NA,NA,NA,NA,NA,NA,NA,NA,NA,NA,"1",NA
NA,NA,NA,NA,NA,NA,NA,NA,NA,NA,"3",NA,NA,NA,"1269519",NA,NA,NA,NA,NA,NA,NA,NA,NA,NA,NA,NA,NA,"1","1965"
NA,NA,NA,NA,NA,NA,NA,NA,NA,NA,NA,NA,NA,"0","1269519",NA,NA,NA,NA,NA,NA,NA,NA,NA,NA,NA,NA,NA,"1",NA
NA,NA,NA,NA,NA,NA,NA,NA,NA,NA,NA,NA,NA,NA,"1269519",NA,NA,NA,NA,NA,NA,NA,NA,NA,NA,NA,NA,NA,"1",NA
NA,NA,NA,NA,NA,NA,NA,NA,NA,NA,NA,NA,NA,NA,"1269519",NA,NA,NA,NA,NA,NA,"2612",NA,NA,NA,NA,NA,NA,"1",NA
NA,NA,NA,NA,NA,NA,NA,NA,NA,NA,NA,NA,NA,"1","1269519",NA,NA,NA,NA,NA,NA,NA,NA,NA,NA,NA,NA,NA,"1",NA
NA,NA,NA,NA,NA,NA,NA,NA,NA,"1",NA,NA,NA,NA,"1269519",NA,NA,NA,NA,NA,NA,NA,NA,NA,NA,NA,NA,"9.73","1",NA
NA,NA,"097",NA,NA,NA,NA,NA,NA,NA,NA,NA,NA,NA,"1269519",NA,NA,NA,NA,NA,NA,NA,NA,"i3708732n",NA,NA,"103",NA,"1",NA
NA,NA,NA,NA,NA,NA,NA,NA,NA,NA,NA,NA,NA,NA,"1269519",NA,NA,NA,NA,NA,NA,NA,NA,NA,NA,NA,"315",NA,"1",NA
NA,NA,NA,NA,NA,NA,NA,NA,NA,NA,NA,NA,NA,NA,"1269519",NA,NA,NA,NA,NA,NA,NA,NA,NA,NA,NA,NA,NA,"1",NA
NA,"101",NA,"14","35.1706",NA,NA,NA,NA,"1",NA,NA,NA,"1","1269519",NA,NA,NA,"96","1","1","2475",NA,NA,NA,NA,NA,"16.65","1","49"
NA,NA,NA,NA,NA,NA,NA,NA,NA,"1",NA,NA,NA,NA,"1269519",NA,NA,NA,NA,NA,NA,NA,NA,NA,NA,NA,NA,"18.05","1",NA
NA,NA,NA,NA,NA,NA,NA,NA,NA,NA,NA,NA,NA,NA,"1269519",NA,NA,NA,NA,NA,NA,NA,NA,NA,NA,NA,NA,NA,NA,NA
NA,NA,NA,NA,NA,NA,NA,NA,NA,NA,NA,NA,NA,NA,"1269519",NA,NA,NA,NA,NA,NA,NA,NA,NA,NA,NA,NA,NA,"1",NA
NA,NA,NA,NA,NA,NA,NA,NA,NA,NA,NA,NA,NA,NA,"1269519",NA,NA,NA,NA,NA,NA,NA,NA,NA,NA,NA,NA,NA,"1",NA
NA,NA,NA,NA,NA,NA,NA,NA,NA,"0.999","0",NA,NA,"0","1269519",NA,NA,NA,NA,NA,NA,NA,NA,NA,NA,NA,NA,"44.35","1",NA
NA,NA,NA,NA,NA,NA,NA,NA,"1",NA,NA,"0.001182","0.65","0","1269519",NA,NA,"2",NA,NA,NA,"2716","2769",NA,"0.261017",NA,NA,NA,"1",NA
NA,NA,NA,NA,NA,NA,NA,NA,NA,"1",NA,NA,NA,"0","1269519",NA,NA,NA,NA,NA,NA,"1904",NA,NA,NA,NA,NA,"44.22","1",NA
NA,NA,NA,NA,NA,NA,NA,NA,NA,NA,NA,NA,NA,"0","1269519",NA,NA,NA,NA,NA,NA,NA,NA,NA,NA,NA,"034",NA,"1",NA
NA,NA,NA,NA,NA,NA,NA,NA,NA,NA,NA,NA,NA,NA,"1269519",NA,NA,NA,NA,NA,NA,NA,NA,NA,NA,NA,NA,NA,"2",NA
NA,NA,NA,NA,NA,NA,NA,NA,NA,NA,NA,NA,NA,NA,"1269519",NA,NA,NA,NA,NA,NA,NA,NA,NA,NA,NA,NA,NA,"1",NA
NA,NA,NA,NA,NA,NA,NA,NA,NA,NA,NA,NA,NA,NA,"1269519",NA,NA,NA,NA,NA,NA,NA,NA,NA,NA,NA,NA,NA,"1",NA
NA,NA,NA,NA,NA,NA,NA,NA,NA,NA,NA,NA,NA,"0","1269519",NA,NA,NA,NA,NA,NA,NA,NA,NA,NA,NA,"569",NA,"1",NA
NA,"81",NA,"22","33.315",NA,NA,NA,NA,NA,NA,NA,NA,NA,"1269519",NA,NA,NA,"77","1","1",NA,NA,NA,NA,NA,NA,NA,"1","2008"
NA,NA,NA,NA,NA,NA,NA,NA,NA,NA,NA,NA,NA,"1","1269519",NA,NA,NA,NA,NA,NA,"3226",NA,NA,NA,NA,NA,NA,"1",NA
NA,NA,NA,NA,NA,NA,NA,NA,NA,NA,NA,NA,NA,NA,"1269519",NA,NA,NA,NA,NA,NA,NA,NA,NA,NA,NA,"911",NA,"2","2008"
NA,NA,NA,NA,NA,NA,NA,NA,NA,"0.999",NA,NA,NA,"0","1269519",NA,NA,NA,NA,NA,NA,"2976",NA,NA,NA,NA,NA,"47.76","0",NA
NA,NA,NA,NA,NA,NA,NA,NA,NA,NA,NA,NA,NA,NA,"1269519",NA,NA,NA,NA,NA,NA,"2242",NA,NA,NA,NA,NA,NA,"1","-1"
NA,NA,NA,NA,NA,NA,NA,NA,NA,"1",NA,NA,NA,"1","1269519",NA,NA,NA,NA,NA,NA,"3376",NA,NA,NA,NA,NA,"36.5","1","20"
NA,NA,NA,NA,NA,NA,NA,NA,NA,NA,"0","0.001265",NA,"0","1269519",NA,NA,NA,NA,NA,NA,"2366","3359",NA,"0.310353",NA,NA,NA,"1",NA
NA,NA,NA,NA,NA,NA,NA,NA,NA,NA,NA,NA,NA,NA,"1269519",NA,NA,NA,NA,NA,NA,"3197",NA,NA,NA,NA,NA,NA,"1",NA
NA,NA,NA,NA,NA,NA,NA,NA,NA,"1",NA,NA,NA,NA,"1269519",NA,NA,NA,NA,NA,NA,"2851",NA,NA,NA,NA,NA,"38.15","1","2008"
NA,NA,NA,NA,NA,NA,NA,NA,NA,"1",NA,NA,NA,"0","1269519",NA,NA,NA,NA,NA,NA,"2641",NA,NA,NA,NA,NA,"5.33","1","1995"
NA,NA,NA,NA,NA,NA,NA,NA,NA,NA,NA,NA,NA,NA,"1269519",NA,NA,NA,NA,NA,NA,NA,NA,NA,NA,NA,NA,NA,"1",NA
NA,NA,NA,NA,NA,NA,NA,NA,NA,NA,NA,NA,NA,NA,"1269519",NA,NA,NA,NA,NA,NA,NA,NA,NA,NA,NA,"007",NA,"1",NA
NA,NA,NA,NA,NA,NA,NA,NA,NA,"1",NA,"0.001323","0.64",NA,"1269519",NA,NA,NA,NA,NA,NA,NA,"3597",NA,"0.298925",NA,NA,"0","1",NA
NA,NA,NA,NA,NA,NA,NA,NA,NA,NA,NA,"0.001284","0.63","1","1269519",NA,NA,"2",NA,NA,NA,"3222","2505",NA,"0.326106",NA,"641",NA,"1",NA
NA,NA,NA,NA,NA,NA,NA,NA,NA,NA,NA,NA,NA,NA,"1269519",NA,NA,NA,NA,NA,NA,NA,NA,NA,NA,NA,NA,NA,"1",NA
NA,NA,NA,NA,NA,NA,NA,NA,NA,NA,NA,NA,NA,NA,"1269519",NA,NA,NA,NA,NA,NA,"4686",NA,NA,NA,NA,NA,NA,"1","47"
NA,NA,NA,NA,NA,NA,NA,NA,NA,NA,NA,NA,NA,NA,"1269519",NA,NA,NA,NA,NA,NA,NA,NA,NA,NA,NA,NA,NA,NA,NA
NA,NA,NA,NA,NA,NA,NA,NA,NA,NA,NA,NA,NA,NA,"1269519",NA,NA,NA,NA,NA,NA,NA,NA,NA,NA,NA,NA,NA,"1","2001"
NA,NA,"975",NA,NA,NA,NA,NA,NA,NA,NA,NA,NA,NA,"1269519",NA,NA,NA,NA,NA,NA,NA,NA,NA,NA,NA,"012",NA,"1",NA
NA,NA,"615",NA,NA,NA,NA,NA,NA,NA,NA,NA,NA,NA,"1269519",NA,NA,NA,NA,NA,NA,NA,NA,"i95272915n",NA,NA,"123",NA,"1",NA
NA,NA,NA,NA,NA,NA,NA,NA,NA,NA,NA,NA,NA,NA,"1269519",NA,NA,NA,NA,NA,NA,NA,NA,NA,NA,NA,NA,NA,"1","11"
NA,NA,"815",NA,NA,NA,NA,NA,NA,NA,NA,NA,NA,NA,"1269519",NA,NA,NA,NA,NA,NA,NA,NA,"i0327625n",NA,NA,"933",NA,"1",NA
NA,NA,NA,NA,NA,NA,NA,NA,NA,NA,"1",NA,NA,NA,"1269519",NA,NA,NA,NA,NA,NA,"2111",NA,NA,NA,NA,NA,NA,"1",NA
NA,NA,NA,NA,NA,NA,NA,NA,NA,NA,NA,NA,NA,"1","1269519",NA,NA,NA,NA,NA,NA,NA,NA,NA,NA,NA,NA,NA,"1",NA
NA,NA,NA,NA,NA,NA,NA,NA,NA,"1",NA,NA,NA,"0","1269519",NA,NA,NA,NA,NA,NA,"3615",NA,NA,NA,NA,"583","29.51","1",NA
NA,NA,NA,NA,NA,NA,NA,NA,NA,"1",NA,NA,NA,"0","1269519",NA,NA,NA,NA,NA,NA,NA,NA,NA,NA,NA,NA,"50.85","1",NA
NA,"101",NA,"15","26.3251",NA,NA,NA,NA,NA,NA,NA,NA,"0","1269519",NA,NA,NA,"98","2","1","2316",NA,NA,NA,NA,NA,NA,"1",NA
NA,NA,NA,NA,NA,NA,NA,NA,NA,NA,NA,NA,NA,NA,"1269519",NA,NA,NA,NA,NA,NA,NA,NA,NA,NA,NA,"451",NA,"1","15"
NA,NA,NA,NA,NA,NA,NA,NA,NA,NA,NA,NA,NA,NA,"1269519",NA,NA,NA,NA,NA,NA,NA,NA,NA,NA,NA,NA,NA,"1",NA
NA,NA,NA,NA,NA,NA,NA,NA,NA,NA,NA,NA,NA,NA,"1269519",NA,NA,NA,NA,NA,NA,NA,NA,NA,NA,NA,NA,NA,"1",NA
NA,NA,NA,NA,NA,NA,NA,NA,NA,"1",NA,NA,NA,"0","1269519",NA,NA,NA,NA,NA,NA,NA,NA,NA,NA,NA,NA,"44.14",NA,NA
NA,NA,NA,NA,NA,NA,NA,NA,NA,NA,NA,NA,NA,NA,"1269519",NA,NA,NA,NA,NA,NA,NA,NA,NA,NA,NA,NA,NA,"1",NA
NA,NA,NA,NA,NA,NA,NA,NA,NA,NA,NA,NA,NA,NA,"1269519",NA,NA,NA,NA,NA,NA,NA,NA,NA,NA,NA,"651",NA,"1",NA
NA,NA,NA,NA,NA,NA,NA,NA,NA,"1","3","0.001381","0.71","1","1269519",NA,NA,NA,NA,NA,NA,NA,"3243",NA,"0.2978",NA,NA,"59.1","1",NA
"826",NA,NA,NA,NA,NA,NA,NA,"0",NA,"3","0.001377","0.63","1","1269519",NA,"20",NA,NA,NA,NA,"1657","2688",NA,"0.290578","10601","163",NA,"1","1989"
NA,NA,"294",NA,NA,NA,NA,NA,NA,NA,NA,"0.001306",NA,"0","1269519",NA,NA,"4",NA,NA,NA,NA,"3182","i10457069n","0.334087",NA,"596",NA,"1",NA
NA,NA,NA,NA,NA,NA,NA,NA,NA,NA,NA,NA,NA,NA,"1269519",NA,NA,NA,NA,NA,NA,NA,NA,NA,NA,NA,NA,NA,"1","1998"
NA,NA,NA,NA,NA,NA,NA,NA,NA,NA,NA,NA,NA,NA,"1269519",NA,NA,NA,NA,NA,NA,"2104",NA,NA,NA,NA,"412",NA,"2","-1"
NA,NA,"398",NA,NA,NA,NA,NA,NA,NA,NA,NA,NA,NA,"1269519",NA,NA,NA,NA,NA,NA,NA,NA,"i4c57491304n",NA,NA,"616",NA,"1",NA
NA,NA,NA,NA,NA,NA,NA,NA,NA,NA,NA,NA,NA,NA,"1269519",NA,NA,NA,NA,NA,NA,NA,NA,NA,NA,NA,"631",NA,"1",NA
NA,NA,NA,NA,NA,NA,NA,NA,NA,NA,NA,"0.001308","0.67","0","1269519",NA,NA,NA,NA,NA,NA,"2991","2049",NA,"0.333253",NA,NA,NA,"1","1975"
NA,NA,NA,NA,NA,NA,NA,NA,NA,NA,NA,NA,NA,NA,"1269519",NA,NA,NA,NA,NA,NA,NA,NA,NA,NA,NA,NA,NA,"1","1982"
NA,NA,NA,NA,NA,NA,NA,NA,NA,NA,NA,NA,NA,NA,"1269519",NA,NA,NA,NA,NA,NA,NA,NA,NA,NA,NA,NA,NA,"3",NA
NA,NA,NA,NA,NA,NA,NA,NA,NA,"1",NA,NA,NA,"0","1269519",NA,NA,NA,NA,NA,NA,NA,NA,NA,NA,NA,NA,"3.51","1",NA
NA,NA,NA,NA,NA,NA,NA,NA,NA,NA,NA,NA,NA,NA,"1269519",NA,NA,NA,NA,NA,NA,NA,NA,NA,NA,NA,NA,NA,"1","58"
NA,NA,NA,NA,NA,NA,NA,NA,NA,"1",NA,"0.001269","0.87",NA,"1269519",NA,NA,"4",NA,NA,NA,NA,"3507",NA,"0.31201",NA,"508","37.44",NA,NA
NA,NA,NA,NA,NA,NA,NA,NA,NA,"1","2",NA,NA,"1","1269519",NA,NA,NA,NA,NA,NA,"1600",NA,NA,NA,NA,"000","48","1",NA
NA,NA,NA,NA,NA,NA,NA,NA,NA,NA,NA,NA,NA,NA,"1269519",NA,NA,NA,NA,NA,NA,NA,NA,NA,NA,NA,NA,NA,"1",NA
NA,NA,NA,"15","22.2656",NA,NA,NA,NA,"1","2",NA,NA,"1","1269519",NA,NA,NA,NA,"-10","1",NA,NA,NA,NA,NA,NA,"37.39","1",NA
NA,NA,NA,NA,NA,NA,NA,NA,NA,NA,NA,NA,NA,NA,"1269519",NA,NA,NA,NA,NA,NA,NA,NA,NA,NA,NA,NA,NA,NA,"2004"
NA,NA,NA,NA,NA,NA,NA,NA,NA,NA,NA,NA,NA,NA,"1269519",NA,NA,NA,NA,NA,NA,NA,NA,NA,NA,NA,NA,NA,NA,"6"
NA,NA,NA,NA,NA,NA,NA,NA,NA,NA,NA,NA,NA,NA,"1269519",NA,NA,NA,NA,NA,NA,NA,NA,NA,NA,NA,"098",NA,"1","1978"
NA,NA,NA,NA,NA,NA,NA,NA,NA,NA,"3","0.001445","0.6","1","1269519",NA,NA,"3",NA,NA,NA,NA,"2452",NA,"0.274149",NA,NA,NA,"1","12"
NA,NA,NA,NA,NA,NA,NA,NA,NA,NA,NA,NA,NA,"1","1269519",NA,NA,NA,NA,NA,NA,"2600",NA,NA,NA,NA,"059",NA,"1",NA
NA,NA,"701",NA,NA,NA,NA,NA,NA,NA,NA,"0.001292",NA,"0","1269519",NA,NA,"3",NA,NA,NA,"1978","3532","i40396152n","0.396683",NA,"809",NA,"2",NA
NA,NA,NA,NA,NA,NA,NA,NA,NA,NA,NA,NA,NA,NA,"1269519",NA,NA,NA,NA,NA,NA,NA,NA,NA,NA,NA,NA,NA,"1",NA
NA,NA,NA,NA,NA,NA,NA,NA,NA,NA,NA,NA,NA,NA,"1269519",NA,NA,NA,NA,NA,NA,NA,NA,NA,NA,NA,NA,NA,"2",NA
NA,NA,NA,NA,NA,NA,NA,NA,NA,"1",NA,NA,NA,"1","1269519",NA,NA,NA,NA,NA,NA,NA,NA,NA,NA,NA,NA,"37.66","2","2003"
NA,NA,NA,NA,NA,NA,NA,NA,NA,NA,NA,NA,NA,NA,"1269519",NA,NA,NA,NA,NA,NA,NA,NA,NA,NA,NA,"286",NA,"1",NA
NA,NA,NA,NA,NA,NA,NA,NA,NA,NA,NA,NA,NA,"0","1269519",NA,NA,NA,NA,NA,NA,NA,NA,NA,NA,NA,NA,NA,"1",NA
NA,NA,NA,NA,NA,NA,NA,NA,NA,NA,NA,NA,NA,NA,"1269519",NA,NA,NA,NA,NA,NA,NA,NA,NA,NA,NA,NA,NA,"1","1994"
NA,NA,NA,NA,NA,NA,NA,NA,NA,NA,NA,NA,NA,NA,"1269519",NA,NA,NA,NA,NA,NA,NA,NA,NA,NA,NA,NA,NA,"1",NA
NA,NA,NA,NA,NA,NA,NA,NA,NA,NA,NA,NA,NA,"0","1269519",NA,NA,NA,NA,NA,NA,NA,NA,NA,NA,NA,"809",NA,"2",NA
NA,NA,NA,"10","28.1969",NA,NA,NA,NA,"1",NA,"0.00127","0.66","0","1269519",NA,NA,"1",NA,"1","1","2296","2095",NA,"0.327701",NA,NA,"30.77","1","51"
NA,NA,NA,NA,NA,NA,NA,NA,NA,NA,NA,NA,NA,NA,"1269519",NA,NA,NA,NA,NA,NA,NA,NA,NA,NA,NA,NA,NA,"1",NA
NA,NA,NA,NA,NA,NA,NA,NA,NA,NA,NA,NA,NA,NA,"1269519",NA,NA,NA,NA,NA,NA,NA,NA,NA,NA,NA,NA,NA,NA,NA
NA,NA,NA,NA,NA,NA,NA,NA,NA,"1","2","0.001393","0.67","0","1269519",NA,NA,"2",NA,NA,NA,"2350","3484",NA,"0.296349",NA,"863","21.71","1","48"
NA,NA,NA,NA,NA,NA,NA,NA,NA,"1","1",NA,NA,"0","1269519",NA,NA,NA,NA,NA,NA,"3339",NA,NA,NA,NA,NA,"22.31","1",NA
NA,NA,NA,NA,NA,NA,NA,NA,NA,NA,NA,NA,NA,NA,"1269519",NA,NA,NA,NA,NA,NA,NA,NA,NA,NA,NA,"130",NA,"2",NA
NA,NA,NA,NA,NA,NA,NA,NA,NA,"1",NA,NA,NA,"1","1269519",NA,NA,NA,NA,NA,NA,"3304",NA,NA,NA,NA,"103","42.31","1","2007"
NA,NA,NA,NA,NA,NA,NA,NA,NA,NA,NA,NA,NA,"0","1269519",NA,NA,NA,NA,NA,NA,"2670",NA,NA,NA,NA,"480",NA,"2","2000"
