"mean_l1_in_inferior_cerebellar_peduncle_on_fa_skeleton_left_f25211_3_0","number_of_children_fathered_f2405_1_0","medication_for_pain_relief_constipation_heartburn_pilot_f10004_0_3","chest_mri_signoff_timestamp_f21863_2_0","cylindrical_power_right_f5087_0_0","ldl_direct_f30780_0_0","3mm_index_of_best_keratometry_results_left_f5292_1_0","pain_types_experienced_in_last_month_f6159_0_6","mean_icvf_in_cingulum_cingulate_gyrus_on_fa_skeleton_right_f25378_3_0","mean_thickness_of_caudalanteriorcingulate_left_hemisphere_f26757_3_0","p_axis_f22335_2_0","mean_thickness_of_gprecentral_left_hemisphere_f27431_2_0","workplace_very_noisy_f22606_0_7","recent_feelings_of_tiredness_or_low_energy_f20519_0_0","area_of_parsorbitalis_right_hemisphere_f27252_3_0","haemoglobin_concentration_acquisition_time_f30022_1_0","signaltonoiseratio_snr_of_triplet_left_f4230_3_1","value_entered_f6312_2_4","signaltonoiseratio_snr_of_triplet_left_f4230_2_1","heel_bone_mineral_density_bmd_manual_entry_left_f4140_1_0","igf1_reportability_f30776_0_0","mean_l1_in_anterior_limb_of_internal_capsule_on_fa_skeleton_left_f25217_3_0","scanner_longitudinal_z_brain_position_f25758_3_0","number_of_times_clear_was_pressed_left_f4239_1_3","number_of_cigarettes_currently_smoked_daily_current_cigarette_smokers_f3456_1_0","gas_or_solidfuel_cookingheating_pilot_f10860_0_0","ecg_stage_name_f5988_0_65","type_of_large_bap_eaten_f20093_2_3","eye_problemsdisorders_f6148_3_3","arterial_stiffness_device_id_f4206_0_0"
NA,NA,NA,NA,NA,"4.08",NA,NA,NA,NA,NA,NA,NA,NA,NA,NA,NA,NA,NA,NA,"1",NA,NA,NA,NA,NA,NA,NA,NA,NA
NA,NA,NA,NA,NA,"2.744",NA,NA,NA,NA,NA,NA,NA,NA,NA,NA,NA,NA,NA,NA,"1",NA,NA,NA,NA,NA,NA,NA,NA,NA
NA,NA,NA,NA,NA,NA,NA,NA,NA,NA,NA,NA,NA,"1",NA,NA,NA,NA,NA,NA,NA,NA,NA,NA,NA,NA,NA,NA,NA,NA
NA,NA,NA,NA,"0.5","3.329",NA,NA,NA,NA,NA,NA,NA,NA,NA,NA,NA,NA,NA,NA,"1",NA,NA,NA,NA,NA,NA,NA,NA,"006835"
NA,NA,NA,NA,"0.51","2.581",NA,NA,NA,NA,NA,NA,NA,NA,NA,NA,NA,NA,NA,NA,"1",NA,NA,NA,NA,NA,NA,NA,NA,"007306"
NA,NA,NA,NA,NA,"2.899",NA,NA,NA,NA,NA,NA,NA,"1",NA,NA,NA,NA,NA,NA,"1",NA,NA,NA,NA,NA,NA,NA,NA,NA
NA,NA,NA,NA,NA,"4.158",NA,NA,NA,NA,NA,NA,NA,NA,NA,NA,NA,NA,NA,NA,"1",NA,NA,NA,NA,NA,NA,NA,NA,NA
NA,NA,NA,NA,"0.73","3.99",NA,NA,NA,NA,NA,NA,NA,"2",NA,NA,NA,NA,NA,NA,"1",NA,NA,NA,NA,NA,"Ramp21",NA,NA,"006833"
NA,NA,NA,NA,NA,"4.934",NA,NA,NA,NA,NA,NA,NA,"2",NA,NA,NA,NA,NA,NA,"1",NA,NA,NA,NA,NA,NA,NA,NA,NA
NA,NA,NA,NA,NA,"4.862",NA,NA,NA,NA,NA,NA,NA,NA,NA,NA,NA,NA,NA,NA,"1",NA,NA,NA,NA,NA,NA,NA,NA,NA
NA,NA,NA,NA,"0.32","2.96",NA,NA,NA,NA,NA,NA,NA,NA,NA,NA,NA,NA,NA,NA,"1",NA,NA,NA,NA,NA,NA,NA,NA,"007306"
NA,NA,NA,NA,"0.41","3.586",NA,NA,NA,NA,NA,NA,NA,NA,NA,NA,NA,NA,NA,NA,"1",NA,NA,NA,NA,NA,NA,NA,NA,"007307"
NA,NA,NA,NA,NA,"4.634",NA,NA,NA,NA,NA,NA,NA,NA,NA,NA,NA,NA,NA,NA,"1",NA,NA,NA,NA,NA,NA,NA,NA,NA
NA,NA,NA,NA,NA,"3.735",NA,NA,NA,NA,NA,NA,NA,NA,NA,NA,NA,NA,NA,NA,"1",NA,NA,NA,NA,NA,NA,NA,NA,"004763"
NA,NA,NA,NA,"1.4","2.799",NA,NA,NA,NA,NA,NA,NA,"1",NA,NA,NA,NA,NA,NA,"1",NA,NA,NA,NA,NA,NA,NA,NA,"007309"
NA,NA,NA,NA,NA,"2.422",NA,NA,NA,NA,NA,NA,NA,NA,NA,NA,NA,NA,NA,NA,"1",NA,NA,NA,NA,NA,NA,NA,NA,NA
NA,NA,NA,NA,NA,"3.645",NA,NA,NA,NA,NA,NA,NA,"1",NA,NA,NA,NA,NA,NA,"1",NA,NA,NA,NA,NA,NA,NA,NA,NA
NA,NA,NA,NA,NA,"2.879",NA,NA,NA,NA,NA,NA,NA,NA,NA,NA,NA,NA,NA,NA,"1",NA,NA,NA,NA,NA,NA,NA,NA,NA
NA,NA,NA,NA,NA,"3.934","0",NA,NA,NA,NA,NA,NA,NA,NA,"2013-04-23 10:49:05",NA,NA,NA,NA,"1",NA,NA,"1",NA,NA,NA,NA,NA,NA
NA,NA,NA,NA,NA,"4.025",NA,NA,NA,NA,NA,NA,"0","2",NA,NA,NA,NA,NA,NA,NA,NA,NA,NA,NA,NA,NA,NA,NA,NA
NA,NA,NA,NA,NA,"4.933",NA,NA,NA,NA,NA,NA,NA,NA,NA,NA,NA,NA,NA,NA,"1",NA,NA,NA,NA,NA,NA,NA,NA,NA
NA,NA,NA,NA,NA,"3.83",NA,NA,NA,NA,NA,NA,NA,NA,NA,NA,NA,NA,NA,NA,"1",NA,NA,NA,NA,NA,NA,NA,NA,NA
NA,NA,NA,NA,"0.3","2.268",NA,NA,NA,NA,NA,NA,NA,NA,NA,NA,NA,NA,NA,NA,"1",NA,NA,NA,NA,NA,"Ramp17",NA,NA,"004763"
NA,NA,NA,NA,NA,"3.757",NA,NA,NA,NA,NA,NA,NA,"2",NA,NA,NA,NA,NA,NA,"1",NA,NA,NA,NA,NA,NA,NA,NA,NA
NA,NA,NA,NA,NA,"4.735",NA,NA,NA,NA,NA,NA,NA,"2",NA,NA,NA,NA,NA,NA,"1",NA,NA,NA,NA,NA,NA,NA,NA,NA
NA,NA,NA,NA,NA,"2.717",NA,NA,NA,NA,NA,NA,NA,NA,NA,NA,NA,NA,NA,NA,"1",NA,NA,NA,NA,NA,NA,NA,NA,NA
NA,NA,NA,NA,NA,"3.91",NA,NA,NA,NA,NA,NA,NA,NA,NA,NA,NA,NA,NA,NA,"1",NA,NA,NA,NA,NA,NA,NA,NA,"006824"
NA,NA,NA,NA,NA,"4.85",NA,NA,NA,NA,NA,NA,NA,NA,NA,NA,NA,NA,NA,NA,"1",NA,NA,NA,NA,NA,NA,NA,NA,NA
NA,NA,NA,NA,NA,"3.238",NA,NA,NA,NA,NA,NA,NA,NA,NA,NA,NA,NA,NA,NA,"1",NA,NA,NA,NA,NA,NA,NA,NA,"004762"
NA,NA,NA,NA,NA,"2.429","1",NA,NA,NA,NA,NA,NA,NA,NA,"2013-05-14 10:12:56",NA,NA,NA,NA,"1",NA,NA,"0",NA,NA,NA,NA,NA,NA
NA,NA,NA,NA,NA,"2.865",NA,NA,NA,NA,NA,NA,NA,NA,NA,NA,NA,NA,NA,NA,"1",NA,NA,NA,NA,NA,NA,NA,NA,"005152"
NA,NA,NA,NA,NA,"4.687",NA,NA,NA,NA,NA,NA,NA,"2",NA,NA,NA,NA,NA,NA,"1",NA,NA,NA,NA,NA,NA,NA,NA,NA
NA,NA,NA,NA,NA,"3.572",NA,NA,NA,NA,NA,NA,NA,"2",NA,NA,NA,NA,NA,NA,"1",NA,NA,NA,NA,NA,NA,NA,NA,NA
NA,NA,NA,NA,NA,"4.246",NA,NA,NA,NA,NA,NA,NA,NA,NA,NA,NA,NA,NA,NA,"1",NA,NA,NA,NA,NA,NA,NA,NA,NA
NA,NA,NA,NA,NA,"2.267",NA,NA,NA,NA,NA,NA,NA,"1",NA,NA,NA,NA,NA,NA,"1",NA,NA,NA,NA,NA,NA,NA,NA,"005152"
NA,"4",NA,"2016-11-28 17:33:28","0.99","2.525","2",NA,NA,NA,"69","3.049",NA,"1",NA,"2013-02-16 10:58:49",NA,NA,"2",NA,"1",NA,NA,"0",NA,NA,NA,NA,NA,"006826"
NA,NA,NA,NA,NA,"3.453",NA,NA,NA,NA,NA,NA,NA,NA,NA,NA,NA,NA,NA,NA,"1",NA,NA,NA,NA,NA,NA,NA,NA,NA
NA,NA,NA,NA,NA,"2.779",NA,NA,NA,NA,NA,NA,NA,NA,NA,NA,NA,NA,NA,NA,"1",NA,NA,NA,NA,NA,NA,NA,NA,"007074"
NA,NA,NA,NA,"0.52","4.284",NA,NA,NA,NA,NA,NA,NA,"3",NA,NA,NA,NA,NA,NA,"1",NA,NA,NA,NA,NA,"Ramp21",NA,NA,"006832"
NA,NA,NA,NA,NA,"3.219",NA,NA,NA,NA,NA,NA,NA,NA,NA,NA,NA,NA,NA,NA,"1",NA,NA,NA,NA,NA,NA,NA,NA,NA
NA,NA,NA,NA,NA,"2.918",NA,NA,NA,NA,NA,NA,NA,"1",NA,NA,NA,NA,NA,NA,"1",NA,NA,NA,NA,NA,NA,NA,NA,NA
NA,NA,NA,NA,"1.01","3.961",NA,NA,NA,NA,NA,NA,NA,"1",NA,NA,NA,NA,NA,NA,"1",NA,NA,NA,NA,NA,NA,NA,NA,"006838"
NA,NA,NA,NA,NA,"2.097",NA,NA,NA,NA,NA,NA,NA,NA,NA,NA,NA,NA,NA,NA,"1",NA,NA,NA,NA,NA,NA,NA,NA,NA
NA,NA,NA,"2015-01-06 12:05:14",NA,"2.694","2",NA,NA,NA,"65","2.789",NA,"1",NA,"2013-04-27 11:19:36",NA,NA,"2",NA,"1",NA,NA,"0",NA,NA,NA,NA,NA,NA
NA,NA,NA,NA,NA,"4.309",NA,NA,NA,NA,NA,NA,NA,"1",NA,NA,NA,NA,NA,NA,"1",NA,NA,NA,NA,NA,NA,NA,NA,NA
NA,NA,NA,NA,NA,"2.967",NA,NA,NA,NA,NA,NA,NA,NA,NA,NA,NA,NA,NA,NA,"1",NA,NA,NA,NA,NA,NA,NA,NA,NA
NA,NA,NA,NA,NA,"3.904",NA,NA,NA,NA,NA,NA,NA,NA,NA,NA,NA,NA,NA,NA,"1",NA,NA,NA,NA,NA,NA,NA,NA,NA
NA,NA,NA,NA,NA,"4.266",NA,NA,NA,NA,NA,NA,NA,NA,NA,NA,NA,NA,NA,NA,"1",NA,NA,NA,NA,NA,NA,NA,NA,"007080"
NA,NA,NA,NA,"0.86","3.059",NA,NA,NA,NA,NA,NA,NA,"2",NA,NA,NA,NA,NA,NA,"1",NA,NA,NA,NA,NA,NA,NA,NA,"007083"
NA,NA,NA,NA,"1.3","4.164",NA,NA,NA,NA,NA,NA,NA,NA,NA,NA,NA,NA,NA,NA,"1",NA,NA,NA,NA,NA,NA,NA,NA,"007084"
NA,NA,NA,NA,NA,"2.436",NA,NA,NA,NA,NA,NA,NA,NA,NA,NA,NA,NA,NA,NA,"1",NA,NA,NA,NA,NA,NA,NA,NA,NA
NA,NA,NA,NA,NA,"3.016",NA,NA,NA,NA,NA,NA,NA,NA,NA,NA,NA,NA,NA,NA,"1",NA,NA,NA,NA,NA,NA,NA,NA,NA
NA,NA,NA,NA,NA,"2.855",NA,NA,NA,NA,NA,NA,NA,NA,NA,NA,NA,NA,NA,NA,"1",NA,NA,NA,NA,NA,NA,NA,NA,NA
NA,NA,NA,NA,NA,"6.384",NA,NA,NA,NA,NA,NA,NA,"1",NA,NA,NA,NA,NA,NA,"1",NA,NA,NA,NA,NA,NA,NA,NA,NA
NA,NA,NA,NA,NA,"1.793",NA,NA,NA,NA,NA,NA,NA,NA,NA,NA,NA,NA,NA,NA,"1",NA,NA,NA,NA,NA,NA,NA,NA,NA
NA,NA,NA,NA,NA,"2.924",NA,NA,NA,NA,NA,NA,NA,"1",NA,NA,NA,NA,NA,NA,"1",NA,NA,NA,NA,NA,NA,NA,NA,NA
NA,NA,NA,NA,NA,"4.308",NA,NA,NA,NA,NA,NA,NA,NA,NA,NA,NA,NA,NA,NA,"1",NA,NA,NA,NA,NA,NA,NA,NA,NA
NA,NA,NA,NA,NA,"2.716",NA,NA,NA,NA,NA,NA,NA,NA,NA,NA,NA,NA,NA,NA,"1",NA,NA,NA,NA,NA,NA,NA,NA,NA
NA,NA,NA,NA,"1.83","3.749",NA,NA,NA,NA,NA,NA,NA,"2",NA,NA,NA,NA,NA,NA,"1",NA,NA,NA,NA,NA,NA,NA,NA,"006832"
NA,NA,NA,NA,"0.38","2.605",NA,NA,NA,NA,NA,NA,NA,"1",NA,NA,NA,NA,NA,NA,"1",NA,NA,NA,NA,NA,NA,NA,NA,"006833"
NA,NA,NA,NA,"0.68",NA,NA,NA,NA,NA,NA,NA,NA,NA,NA,NA,NA,NA,NA,NA,NA,NA,NA,NA,NA,NA,NA,NA,NA,"006837"
NA,NA,NA,NA,NA,"4.304",NA,NA,NA,NA,NA,NA,NA,NA,NA,NA,NA,NA,NA,NA,"1",NA,NA,NA,NA,NA,NA,NA,NA,"007080"
NA,NA,NA,NA,NA,"3.42",NA,NA,NA,NA,NA,NA,NA,NA,NA,NA,NA,NA,NA,NA,"1",NA,NA,NA,NA,NA,NA,NA,NA,"006828"
NA,NA,NA,"2020-02-19 13:37:22",NA,"2.464",NA,NA,NA,NA,NA,NA,NA,"1",NA,NA,NA,"4","2",NA,"1",NA,NA,NA,NA,NA,NA,NA,NA,NA
NA,NA,NA,NA,NA,"3.63",NA,NA,NA,NA,NA,NA,NA,NA,NA,NA,NA,NA,NA,NA,"1",NA,NA,NA,NA,NA,NA,NA,NA,NA
NA,NA,NA,"2017-05-28 12:48:41","0.46","3.014",NA,NA,NA,NA,"2","2.932",NA,NA,NA,NA,NA,"4","2",NA,"1",NA,NA,NA,NA,NA,NA,NA,NA,"006828"
NA,NA,NA,NA,NA,"2.969",NA,NA,NA,NA,NA,NA,NA,NA,NA,NA,NA,NA,NA,NA,"1",NA,NA,NA,NA,NA,NA,NA,NA,NA
NA,NA,NA,NA,NA,"2.157",NA,NA,NA,NA,NA,NA,NA,NA,NA,NA,NA,NA,NA,NA,"1",NA,NA,NA,NA,NA,NA,NA,NA,NA
NA,NA,NA,NA,"0.68","3.116",NA,NA,NA,NA,NA,NA,NA,NA,NA,NA,NA,NA,NA,NA,"1",NA,NA,NA,NA,NA,NA,NA,NA,"007084"
NA,NA,NA,"2016-01-29 14:19:33",NA,"5.112",NA,NA,NA,NA,"57","3.304",NA,NA,NA,NA,NA,NA,"2",NA,"1",NA,NA,NA,NA,NA,NA,NA,NA,NA
NA,NA,NA,NA,"0.46","3.354",NA,NA,NA,NA,NA,NA,NA,NA,NA,NA,NA,NA,NA,NA,"1",NA,NA,NA,NA,NA,NA,NA,NA,"007078"
NA,NA,NA,NA,NA,"2.991",NA,NA,NA,NA,NA,NA,NA,"1",NA,NA,NA,NA,NA,NA,"1",NA,NA,NA,NA,NA,NA,NA,NA,NA
NA,NA,NA,NA,NA,"5.237",NA,NA,NA,NA,NA,NA,NA,NA,NA,NA,NA,NA,NA,NA,"1",NA,NA,NA,NA,NA,NA,NA,NA,NA
NA,NA,NA,NA,"0.17","3.297",NA,NA,NA,NA,NA,NA,NA,NA,NA,NA,NA,NA,NA,NA,"1",NA,NA,NA,NA,NA,"Ramp22",NA,NA,"006835"
NA,NA,NA,NA,NA,"1.294",NA,NA,NA,NA,NA,NA,NA,"3",NA,NA,NA,NA,NA,NA,"1",NA,NA,NA,NA,NA,NA,NA,NA,NA
NA,NA,NA,NA,NA,"3.635",NA,NA,NA,NA,NA,NA,NA,NA,NA,NA,NA,NA,NA,NA,"1",NA,NA,NA,NA,NA,NA,NA,NA,NA
NA,NA,NA,NA,"1.2","2.57",NA,NA,NA,NA,NA,NA,NA,NA,NA,NA,NA,NA,NA,NA,"1",NA,NA,NA,NA,NA,NA,NA,NA,"007307"
NA,NA,NA,NA,NA,"3.411",NA,NA,NA,NA,NA,NA,NA,NA,NA,NA,NA,NA,NA,NA,"1",NA,NA,NA,NA,NA,NA,NA,NA,NA
NA,NA,NA,NA,"0.4",NA,NA,NA,NA,NA,NA,NA,NA,NA,NA,NA,NA,NA,NA,NA,"1",NA,NA,NA,NA,NA,NA,NA,NA,"007306"
NA,NA,NA,NA,"0.74","2.171",NA,NA,NA,NA,NA,NA,NA,NA,NA,NA,NA,NA,NA,NA,"1",NA,NA,NA,NA,NA,NA,NA,NA,"006834"
NA,NA,NA,NA,NA,"3.662",NA,NA,NA,NA,NA,NA,NA,NA,NA,NA,NA,NA,NA,NA,"1",NA,NA,NA,NA,NA,NA,NA,NA,NA
NA,NA,NA,NA,"0.84","2.865",NA,NA,NA,NA,NA,NA,NA,NA,NA,NA,NA,NA,NA,NA,"1",NA,NA,NA,NA,NA,NA,NA,NA,"007307"
NA,NA,NA,NA,NA,"2.02",NA,NA,NA,NA,NA,NA,NA,NA,NA,NA,NA,NA,NA,NA,"1",NA,NA,NA,NA,NA,NA,NA,NA,"004761"
NA,NA,NA,NA,NA,"3.541",NA,NA,NA,NA,NA,NA,NA,NA,NA,NA,NA,NA,NA,NA,"1",NA,NA,NA,NA,NA,NA,NA,NA,NA
NA,NA,NA,NA,"0.22","3.155",NA,NA,NA,NA,NA,NA,NA,NA,NA,NA,NA,NA,NA,NA,"1",NA,NA,NA,NA,NA,NA,NA,NA,"006824"
NA,NA,NA,NA,NA,"4.277",NA,NA,NA,NA,NA,NA,NA,"2",NA,NA,NA,NA,NA,NA,"1",NA,NA,NA,NA,NA,NA,NA,NA,NA
NA,NA,NA,NA,NA,"3.962",NA,NA,NA,NA,NA,NA,NA,NA,NA,NA,NA,NA,NA,NA,"1",NA,NA,NA,NA,NA,NA,NA,NA,NA
NA,NA,NA,NA,"0.88","2.173",NA,NA,NA,NA,NA,NA,NA,NA,NA,NA,NA,NA,NA,NA,"1",NA,NA,NA,NA,NA,NA,NA,NA,"006829"
NA,NA,NA,NA,NA,"2.561",NA,NA,NA,NA,NA,NA,NA,NA,NA,NA,NA,NA,NA,NA,"1",NA,NA,NA,NA,NA,NA,NA,NA,NA
NA,NA,NA,NA,NA,"3.755",NA,NA,NA,NA,NA,NA,NA,NA,NA,NA,NA,NA,NA,NA,"1",NA,NA,NA,NA,NA,NA,NA,NA,"004760"
NA,NA,NA,NA,NA,"3.796",NA,NA,NA,NA,NA,NA,NA,NA,NA,NA,NA,NA,NA,NA,"1",NA,NA,NA,NA,NA,NA,NA,NA,NA
NA,NA,NA,NA,"0.71","4.489",NA,NA,NA,NA,NA,NA,NA,NA,NA,NA,NA,NA,NA,NA,"1",NA,NA,NA,NA,NA,NA,NA,NA,"006825"
NA,NA,NA,NA,NA,"3.221",NA,NA,NA,NA,NA,NA,NA,NA,NA,NA,NA,NA,NA,NA,"1",NA,NA,NA,NA,NA,NA,NA,NA,NA
NA,NA,NA,NA,NA,"3.199",NA,NA,NA,NA,NA,NA,NA,NA,NA,NA,NA,NA,NA,NA,"1",NA,NA,NA,NA,NA,NA,NA,NA,NA
NA,NA,NA,NA,NA,"2.597",NA,NA,NA,NA,NA,NA,NA,"2",NA,NA,NA,NA,NA,NA,"1",NA,NA,NA,NA,NA,NA,NA,NA,NA
NA,NA,NA,"2017-04-01 10:21:57",NA,"2.589","2",NA,NA,NA,"47","3.021",NA,"1",NA,NA,NA,"4","2",NA,"1",NA,NA,"0",NA,NA,NA,NA,NA,NA
NA,NA,NA,NA,NA,"2.829",NA,NA,NA,NA,NA,NA,NA,NA,NA,NA,NA,NA,NA,NA,"1",NA,NA,NA,NA,NA,NA,NA,NA,NA
NA,NA,NA,NA,NA,"2.534",NA,NA,NA,NA,NA,NA,NA,NA,NA,NA,NA,NA,NA,NA,"1",NA,NA,NA,NA,NA,NA,NA,NA,"006838"
NA,NA,NA,NA,NA,"4.451",NA,NA,NA,NA,NA,NA,NA,NA,NA,NA,NA,NA,NA,NA,"1",NA,NA,NA,NA,NA,NA,NA,NA,NA
NA,NA,NA,NA,NA,"3.898",NA,NA,NA,NA,NA,NA,NA,NA,NA,NA,NA,NA,NA,NA,"1",NA,NA,NA,NA,NA,NA,NA,NA,NA
NA,NA,NA,NA,NA,NA,NA,NA,NA,NA,NA,NA,NA,"2",NA,NA,NA,NA,NA,NA,NA,NA,NA,NA,NA,NA,NA,NA,NA,NA
NA,NA,NA,NA,NA,"4.488",NA,NA,NA,NA,NA,NA,NA,NA,NA,NA,NA,NA,NA,NA,"1",NA,NA,NA,NA,NA,NA,NA,NA,NA
NA,NA,NA,NA,NA,"2.892",NA,NA,NA,NA,NA,NA,NA,"1",NA,NA,NA,NA,NA,NA,"1",NA,NA,NA,NA,NA,NA,NA,NA,NA
NA,NA,NA,NA,NA,"4.271",NA,NA,NA,NA,NA,NA,NA,"1",NA,NA,NA,NA,NA,NA,"1",NA,NA,NA,NA,NA,NA,NA,NA,NA
NA,NA,NA,NA,NA,"3.782",NA,NA,NA,NA,NA,NA,NA,NA,NA,NA,NA,NA,NA,NA,"1",NA,NA,NA,NA,NA,NA,NA,NA,NA
NA,NA,NA,NA,NA,"5.643",NA,NA,NA,NA,NA,NA,NA,NA,NA,NA,NA,NA,NA,NA,"1",NA,NA,NA,NA,NA,NA,NA,NA,NA
NA,NA,NA,"2015-06-23 17:51:00",NA,"3.097",NA,NA,NA,NA,"50","3.322",NA,"4",NA,NA,NA,NA,"2",NA,"1",NA,NA,NA,NA,NA,NA,NA,NA,NA
NA,NA,NA,NA,NA,"3.521",NA,NA,NA,NA,NA,NA,NA,NA,NA,NA,NA,NA,NA,NA,"1",NA,NA,NA,NA,NA,NA,NA,NA,NA
NA,NA,NA,NA,NA,"3.438",NA,NA,NA,NA,NA,NA,NA,NA,NA,NA,NA,NA,NA,NA,"1",NA,NA,NA,NA,NA,NA,NA,NA,"006834"
NA,NA,NA,NA,NA,"2.973",NA,NA,NA,NA,NA,NA,NA,NA,NA,NA,NA,NA,NA,NA,"1",NA,NA,NA,NA,NA,NA,NA,NA,NA
NA,NA,NA,NA,NA,"3.118",NA,NA,NA,NA,NA,NA,NA,"1",NA,NA,NA,NA,NA,NA,"1",NA,NA,NA,NA,NA,NA,NA,NA,NA
NA,NA,NA,NA,NA,"4.3",NA,NA,NA,NA,NA,NA,NA,NA,NA,NA,NA,NA,NA,NA,"1",NA,NA,NA,NA,NA,NA,NA,NA,NA
NA,NA,NA,NA,NA,"4.161",NA,NA,NA,NA,NA,NA,NA,"2",NA,NA,NA,NA,NA,NA,"1",NA,NA,NA,NA,NA,NA,NA,NA,NA
NA,NA,NA,NA,NA,NA,NA,NA,NA,NA,NA,NA,NA,"2",NA,NA,NA,NA,NA,NA,NA,NA,NA,NA,NA,NA,NA,NA,NA,NA
NA,NA,NA,NA,NA,"4.917",NA,NA,NA,NA,NA,NA,NA,NA,NA,NA,NA,NA,NA,NA,"1",NA,NA,NA,NA,NA,NA,NA,NA,"004761"
NA,NA,NA,NA,NA,"3.086",NA,NA,NA,NA,NA,NA,NA,NA,NA,NA,NA,NA,NA,NA,"1",NA,NA,NA,NA,NA,NA,NA,NA,NA
NA,NA,NA,NA,NA,NA,NA,NA,NA,NA,NA,NA,NA,NA,NA,NA,NA,NA,NA,NA,NA,NA,NA,NA,NA,NA,NA,NA,NA,NA
NA,NA,NA,NA,NA,"4.49",NA,NA,NA,NA,NA,NA,NA,"1",NA,NA,NA,NA,NA,NA,"1",NA,NA,NA,NA,NA,NA,NA,NA,NA
NA,NA,NA,NA,"1.08","3.682",NA,NA,NA,NA,NA,NA,NA,NA,NA,NA,NA,NA,NA,NA,"1",NA,NA,NA,NA,NA,NA,NA,NA,"007085"
NA,NA,NA,NA,NA,"2.652",NA,NA,NA,NA,NA,NA,NA,NA,NA,NA,NA,NA,NA,NA,"1",NA,NA,NA,NA,NA,NA,NA,NA,NA
NA,NA,NA,"2018-09-25 17:10:05","0.84","3.01",NA,NA,NA,NA,NA,"2.933",NA,NA,NA,NA,NA,"4","2",NA,"1",NA,NA,NA,NA,NA,NA,NA,NA,"006835"
NA,NA,NA,NA,NA,"5.042",NA,NA,NA,NA,NA,NA,NA,"2",NA,NA,NA,NA,NA,NA,"1",NA,NA,NA,NA,NA,NA,NA,NA,NA
NA,NA,NA,NA,"1.05",NA,NA,NA,NA,NA,NA,NA,NA,NA,NA,NA,NA,NA,NA,NA,NA,NA,NA,NA,NA,NA,NA,NA,NA,"007082"
NA,NA,NA,NA,"1.29","4.65",NA,NA,NA,NA,NA,NA,NA,NA,NA,NA,NA,NA,NA,NA,"1",NA,NA,NA,NA,NA,"Ramp23",NA,NA,"006838"
NA,NA,NA,NA,NA,"3.186",NA,NA,NA,NA,NA,NA,NA,"2",NA,NA,NA,NA,NA,NA,"1",NA,NA,NA,NA,NA,NA,NA,NA,NA
NA,NA,NA,NA,NA,"3.511",NA,NA,NA,NA,NA,NA,NA,NA,NA,NA,NA,NA,NA,NA,"1",NA,NA,NA,NA,NA,NA,NA,NA,NA
NA,NA,NA,NA,NA,"2.932",NA,NA,NA,NA,NA,NA,NA,NA,NA,NA,NA,NA,NA,NA,"1",NA,NA,NA,NA,NA,NA,NA,NA,NA
NA,NA,NA,NA,NA,"3.073",NA,NA,NA,NA,NA,NA,NA,NA,NA,NA,NA,NA,NA,NA,"1",NA,NA,NA,NA,NA,NA,NA,NA,NA
NA,NA,NA,NA,NA,"3.574",NA,NA,NA,NA,NA,NA,NA,"1",NA,NA,NA,NA,NA,NA,"1",NA,NA,NA,NA,NA,NA,NA,NA,NA
NA,NA,NA,NA,NA,"2.118",NA,NA,NA,NA,NA,NA,NA,NA,NA,NA,NA,NA,NA,NA,"1",NA,NA,NA,NA,NA,NA,NA,NA,NA
NA,NA,NA,NA,NA,"2.591",NA,NA,NA,NA,NA,NA,NA,NA,NA,NA,NA,NA,NA,NA,"1",NA,NA,NA,NA,NA,NA,NA,NA,NA
NA,NA,NA,NA,NA,"3.301",NA,NA,NA,NA,NA,NA,NA,NA,NA,NA,NA,NA,NA,NA,"1",NA,NA,NA,NA,NA,NA,NA,NA,NA
NA,NA,NA,NA,"1.23","3.35",NA,NA,NA,NA,NA,NA,NA,NA,NA,NA,NA,NA,NA,NA,"1",NA,NA,NA,NA,NA,NA,NA,NA,"006834"
NA,NA,NA,NA,"1.03","3.79",NA,NA,NA,NA,NA,NA,NA,NA,NA,NA,NA,NA,NA,NA,"1",NA,NA,NA,NA,NA,NA,NA,NA,"006837"
NA,"2",NA,"2016-04-30 09:32:56","1.01","3.314","2",NA,NA,NA,"79",NA,NA,"1",NA,"2013-01-22 11:36:35",NA,NA,"2",NA,"1",NA,NA,"0",NA,NA,NA,NA,NA,"007084"
NA,NA,NA,NA,NA,"3.931",NA,NA,NA,NA,NA,NA,NA,NA,NA,NA,NA,NA,NA,NA,"1",NA,NA,NA,NA,NA,NA,NA,NA,NA
NA,NA,NA,NA,NA,"3.934",NA,NA,NA,NA,NA,NA,NA,NA,NA,NA,NA,NA,NA,NA,"1",NA,NA,NA,NA,NA,NA,NA,NA,NA
NA,NA,NA,NA,"0.42","2.391",NA,NA,NA,NA,NA,NA,NA,NA,NA,NA,NA,NA,NA,NA,"1",NA,NA,NA,NA,NA,"Ramp22",NA,NA,"007085"
NA,NA,NA,NA,NA,"4.541",NA,NA,NA,NA,NA,NA,NA,NA,NA,NA,NA,NA,NA,NA,"1",NA,NA,NA,NA,NA,NA,NA,NA,NA
NA,NA,NA,NA,NA,"3.77",NA,NA,NA,NA,NA,NA,NA,"1",NA,NA,NA,NA,NA,NA,"1",NA,NA,NA,NA,NA,NA,NA,NA,"004761"
NA,NA,NA,NA,NA,"4.481",NA,NA,NA,NA,NA,NA,NA,"1",NA,NA,NA,NA,NA,NA,"1",NA,NA,NA,NA,NA,NA,NA,NA,NA
NA,NA,NA,NA,"0.26","2.315",NA,NA,NA,NA,NA,NA,NA,NA,NA,NA,NA,NA,NA,NA,"1",NA,NA,NA,NA,NA,NA,NA,NA,"007078"
NA,NA,NA,NA,NA,"2.663",NA,NA,NA,NA,NA,NA,NA,NA,NA,NA,NA,NA,NA,NA,"1",NA,NA,NA,NA,NA,NA,NA,NA,NA
NA,NA,NA,NA,NA,"3.317",NA,NA,NA,NA,NA,NA,NA,NA,NA,NA,NA,NA,NA,NA,"1",NA,NA,NA,NA,NA,NA,NA,NA,"004763"
NA,NA,NA,NA,NA,"2.665",NA,NA,NA,NA,NA,NA,NA,"1",NA,NA,NA,NA,NA,NA,"1",NA,NA,NA,NA,NA,NA,NA,NA,NA
NA,NA,NA,NA,NA,"4.599",NA,NA,NA,NA,NA,NA,NA,"1",NA,NA,NA,NA,NA,NA,"1",NA,NA,NA,NA,NA,NA,NA,NA,NA
NA,NA,NA,NA,NA,NA,NA,NA,NA,NA,NA,NA,NA,NA,NA,NA,NA,NA,NA,NA,NA,NA,NA,NA,NA,"-7",NA,NA,NA,NA
NA,NA,NA,NA,"0.67","4.054",NA,NA,NA,NA,NA,NA,NA,NA,NA,NA,NA,NA,NA,NA,"1",NA,NA,NA,NA,NA,NA,NA,NA,"007306"
NA,NA,NA,NA,"0.42","3.633",NA,NA,NA,NA,NA,NA,NA,"2",NA,NA,NA,NA,NA,NA,"1",NA,NA,NA,NA,NA,"Ramp22",NA,NA,"006824"
NA,NA,NA,NA,NA,"5.795",NA,NA,NA,NA,NA,NA,NA,NA,NA,NA,NA,NA,NA,NA,"1",NA,NA,NA,NA,NA,NA,NA,NA,NA
NA,NA,NA,"2016-07-15 17:29:07",NA,"3.61",NA,NA,NA,NA,NA,"3.122",NA,"1",NA,NA,NA,NA,"2",NA,"1",NA,NA,NA,NA,NA,NA,NA,NA,NA
NA,NA,NA,NA,NA,"3.314",NA,NA,NA,NA,NA,NA,NA,"2",NA,NA,NA,NA,NA,NA,"1",NA,NA,NA,NA,NA,NA,NA,NA,NA
NA,NA,NA,NA,NA,"4.552",NA,NA,NA,NA,NA,NA,NA,NA,NA,NA,NA,NA,NA,NA,"1",NA,NA,NA,NA,NA,NA,NA,NA,NA
NA,NA,NA,NA,NA,"3.79",NA,NA,NA,NA,NA,NA,NA,NA,NA,NA,NA,NA,NA,NA,"1",NA,NA,NA,NA,NA,NA,NA,NA,"006823"
NA,NA,NA,NA,"0.26","3.122",NA,NA,NA,NA,NA,NA,NA,NA,NA,NA,NA,NA,NA,NA,"1",NA,NA,NA,NA,NA,"Ramp23",NA,NA,"006823"
NA,NA,NA,NA,NA,"3.19",NA,NA,NA,NA,NA,NA,NA,"1",NA,NA,NA,NA,NA,NA,"1",NA,NA,NA,NA,NA,NA,NA,NA,NA
NA,NA,NA,NA,"0.73","2.038",NA,NA,NA,NA,NA,NA,NA,"3",NA,NA,NA,NA,NA,NA,"1",NA,NA,NA,NA,NA,NA,NA,NA,"006838"
NA,NA,NA,NA,"1.38","4.177",NA,NA,NA,NA,NA,NA,NA,NA,NA,NA,NA,NA,NA,NA,"1",NA,NA,NA,NA,NA,NA,NA,NA,"006824"
NA,NA,NA,NA,"0.45","3.014",NA,NA,NA,NA,NA,NA,NA,"2",NA,NA,NA,NA,NA,NA,"1",NA,NA,NA,NA,NA,"Ramp23",NA,NA,"006835"
NA,NA,NA,NA,NA,"3.738","2",NA,NA,NA,NA,NA,NA,NA,NA,"2012-11-09 10:22:29",NA,NA,NA,NA,"1",NA,NA,"0",NA,NA,NA,NA,NA,NA
NA,NA,NA,NA,"0.92","1.488",NA,NA,NA,NA,NA,NA,NA,NA,NA,NA,NA,NA,NA,NA,"1",NA,NA,NA,NA,NA,NA,NA,NA,"006832"
NA,NA,NA,NA,NA,"2.159",NA,NA,NA,NA,NA,NA,NA,NA,NA,NA,NA,NA,NA,NA,"1",NA,NA,NA,NA,NA,NA,NA,NA,NA
NA,NA,NA,NA,NA,"2.813",NA,NA,NA,NA,NA,NA,NA,NA,NA,NA,NA,NA,NA,NA,"1",NA,NA,NA,NA,NA,NA,NA,NA,NA
NA,NA,NA,"2015-02-13 11:07:27",NA,"4.062",NA,NA,NA,NA,"56","2.982",NA,NA,NA,NA,NA,NA,"2",NA,"1",NA,NA,NA,NA,NA,NA,NA,NA,NA
NA,"0",NA,NA,NA,"4.673","2",NA,NA,NA,NA,NA,NA,NA,NA,"2013-05-20 14:27:36",NA,NA,NA,NA,"1",NA,NA,"0",NA,NA,NA,NA,NA,NA
NA,NA,NA,NA,NA,"4.46",NA,NA,NA,NA,NA,NA,NA,NA,NA,NA,NA,NA,NA,NA,"1",NA,NA,NA,NA,NA,NA,NA,NA,NA
NA,NA,NA,NA,NA,"4.415",NA,NA,NA,NA,NA,NA,NA,"1",NA,NA,NA,NA,NA,NA,"1",NA,NA,NA,NA,NA,NA,NA,NA,NA
NA,"1",NA,"2014-08-06 16:43:34",NA,"2.964","2",NA,NA,NA,"63","2.689",NA,"1",NA,"2013-05-17 12:49:39",NA,NA,"2",NA,"1",NA,NA,"0",NA,NA,NA,NA,NA,NA
NA,NA,NA,NA,NA,"2.362",NA,NA,NA,NA,NA,NA,NA,NA,NA,NA,NA,NA,NA,NA,"1",NA,NA,NA,NA,NA,NA,NA,NA,NA
NA,NA,NA,NA,"0.54","3.183",NA,NA,NA,NA,NA,NA,NA,NA,NA,NA,NA,NA,NA,NA,"1",NA,NA,NA,NA,NA,"Ramp19",NA,NA,"006824"
NA,NA,NA,NA,"0.06","2.913",NA,NA,NA,NA,NA,NA,NA,NA,NA,NA,NA,NA,NA,NA,"1",NA,NA,NA,NA,NA,NA,NA,NA,"006838"
NA,NA,NA,NA,"2.51","4.508",NA,NA,NA,NA,NA,NA,NA,NA,NA,NA,NA,NA,NA,NA,"1",NA,NA,NA,NA,NA,NA,NA,NA,"006832"
NA,NA,NA,NA,NA,"3.501",NA,NA,NA,NA,NA,NA,NA,"2",NA,NA,NA,NA,NA,NA,"1",NA,NA,NA,NA,NA,NA,NA,NA,NA
NA,NA,NA,NA,NA,"3.705",NA,NA,NA,NA,NA,NA,NA,NA,NA,NA,NA,NA,NA,NA,"1",NA,NA,NA,NA,NA,NA,NA,NA,NA
NA,NA,NA,NA,"0.13","3.362",NA,NA,NA,NA,NA,NA,NA,"4",NA,NA,NA,NA,NA,NA,"1",NA,NA,NA,NA,NA,"Ramp21",NA,NA,"006832"
NA,NA,NA,NA,"0.23","4.049",NA,NA,NA,NA,NA,NA,NA,"2",NA,NA,NA,NA,NA,NA,"1",NA,NA,NA,NA,NA,NA,NA,NA,"007076"
NA,NA,NA,NA,"0.59","1.852",NA,NA,NA,NA,NA,NA,NA,NA,NA,NA,NA,NA,NA,NA,"1",NA,NA,NA,NA,NA,NA,NA,NA,"007306"
NA,NA,NA,NA,NA,"5.369",NA,NA,NA,NA,NA,NA,NA,NA,NA,NA,NA,NA,NA,NA,"1",NA,NA,NA,NA,NA,NA,NA,NA,NA
NA,NA,NA,NA,NA,"2.561",NA,NA,NA,NA,NA,NA,NA,NA,NA,NA,NA,NA,NA,NA,"1",NA,NA,NA,NA,NA,NA,NA,NA,NA
NA,NA,NA,NA,NA,"2.832",NA,NA,NA,NA,NA,NA,NA,NA,NA,NA,NA,NA,NA,NA,"1",NA,NA,NA,NA,NA,NA,NA,NA,NA
NA,NA,NA,"2016-06-26 08:59:23","2.17","3.803",NA,NA,NA,NA,NA,"3.094",NA,NA,NA,NA,NA,NA,"2",NA,"1",NA,NA,NA,NA,NA,NA,NA,NA,"006824"
NA,NA,NA,"2018-04-04 18:32:25",NA,"3.411",NA,NA,NA,NA,"63","2.663",NA,"2",NA,NA,NA,"2","2",NA,"1",NA,NA,NA,NA,NA,NA,NA,NA,NA
NA,NA,NA,NA,NA,"3.79",NA,NA,NA,NA,NA,NA,NA,"1",NA,NA,NA,NA,NA,NA,"1",NA,NA,NA,NA,NA,NA,NA,NA,"007080"
NA,NA,NA,NA,NA,"2.807",NA,NA,NA,NA,NA,NA,NA,"-818",NA,NA,NA,NA,NA,NA,"1",NA,NA,NA,NA,NA,NA,NA,NA,NA
NA,NA,NA,NA,NA,"4.684",NA,NA,NA,NA,NA,NA,NA,NA,NA,NA,NA,NA,NA,NA,"1",NA,NA,NA,NA,NA,NA,NA,NA,NA
NA,NA,NA,NA,NA,"3.638",NA,NA,NA,NA,NA,NA,NA,NA,NA,NA,NA,NA,NA,NA,"1",NA,NA,NA,NA,NA,NA,NA,NA,NA
NA,NA,NA,"2019-07-24 10:05:28",NA,"5.322",NA,NA,NA,NA,NA,"3.533",NA,NA,NA,NA,NA,NA,"2",NA,"1",NA,NA,NA,NA,NA,NA,NA,NA,NA
NA,NA,NA,NA,NA,"3.431",NA,NA,NA,NA,NA,NA,NA,NA,NA,NA,NA,NA,NA,NA,"1",NA,NA,NA,NA,NA,NA,NA,NA,NA
NA,NA,NA,NA,NA,"2.748",NA,NA,NA,NA,NA,NA,NA,NA,NA,NA,NA,NA,NA,NA,"1",NA,NA,NA,NA,NA,NA,NA,NA,NA
NA,NA,NA,NA,NA,"3.535",NA,NA,NA,NA,NA,NA,NA,NA,NA,NA,NA,NA,NA,NA,"1",NA,NA,NA,NA,NA,NA,NA,NA,NA
NA,NA,NA,NA,NA,"4.078",NA,NA,NA,NA,NA,NA,NA,NA,NA,NA,NA,NA,NA,NA,"1",NA,NA,NA,NA,NA,NA,NA,NA,NA
NA,NA,NA,NA,"3.72","3.076",NA,NA,NA,NA,NA,NA,NA,NA,NA,NA,NA,NA,NA,NA,"1",NA,NA,NA,NA,NA,NA,NA,NA,"007309"
NA,NA,NA,NA,NA,"3.305",NA,NA,NA,NA,NA,NA,NA,NA,NA,NA,NA,NA,NA,NA,"1",NA,NA,NA,NA,NA,NA,NA,NA,NA
NA,NA,NA,NA,NA,"2.387",NA,NA,NA,NA,NA,NA,NA,"2",NA,NA,NA,NA,NA,NA,"1",NA,NA,NA,NA,NA,NA,NA,NA,NA
NA,NA,NA,NA,"0.82","4.246",NA,NA,NA,NA,NA,NA,NA,NA,NA,NA,NA,NA,NA,NA,"1",NA,NA,NA,NA,NA,"Ramp23",NA,NA,"006834"
NA,NA,NA,NA,NA,"4.933",NA,NA,NA,NA,NA,NA,NA,"2",NA,NA,NA,NA,NA,NA,"1",NA,NA,NA,NA,NA,NA,NA,NA,NA
NA,NA,NA,NA,"0.64","3.981",NA,NA,NA,NA,NA,NA,NA,"2",NA,NA,NA,NA,NA,NA,"1",NA,NA,NA,NA,NA,NA,NA,NA,"006837"
NA,NA,NA,"2018-08-21 16:25:40",NA,"3.066",NA,NA,NA,NA,NA,"3.281",NA,NA,NA,NA,NA,"3","2",NA,"1",NA,NA,NA,NA,NA,NA,NA,NA,NA
NA,NA,NA,NA,NA,"2.744",NA,NA,NA,NA,NA,NA,NA,NA,NA,NA,NA,NA,NA,NA,"1",NA,NA,NA,NA,NA,NA,NA,NA,NA
NA,NA,NA,"2019-01-08 18:11:43",NA,"2.758",NA,NA,NA,NA,NA,NA,NA,"2",NA,NA,NA,"4","2",NA,"1",NA,NA,NA,NA,NA,NA,NA,NA,NA
NA,NA,NA,NA,NA,"2.728",NA,NA,NA,NA,NA,NA,NA,NA,NA,NA,NA,NA,NA,NA,"1",NA,NA,NA,NA,NA,NA,NA,NA,NA
NA,NA,NA,NA,NA,"3.95",NA,NA,NA,NA,NA,NA,NA,NA,NA,NA,NA,NA,NA,NA,"1",NA,NA,NA,NA,NA,NA,NA,NA,NA
NA,NA,NA,NA,NA,"4.086","2",NA,NA,NA,NA,NA,NA,NA,NA,"2013-02-23 11:13:09",NA,NA,NA,NA,"1",NA,NA,"0",NA,NA,NA,NA,NA,NA
NA,NA,NA,NA,NA,"4.169",NA,NA,NA,NA,NA,NA,NA,NA,NA,NA,NA,NA,NA,NA,"1",NA,NA,NA,NA,NA,NA,NA,NA,NA
NA,NA,NA,NA,NA,"3.952",NA,NA,NA,NA,NA,NA,NA,NA,NA,NA,NA,NA,NA,NA,"1",NA,NA,NA,NA,NA,NA,NA,NA,"006837"
NA,NA,NA,NA,"0.49","4.368",NA,NA,NA,NA,NA,NA,NA,"2",NA,NA,NA,NA,NA,NA,"1",NA,NA,NA,NA,NA,NA,NA,NA,"007309"
NA,NA,NA,NA,NA,"4.029",NA,NA,NA,NA,NA,NA,NA,NA,NA,NA,NA,NA,NA,NA,"1",NA,NA,NA,NA,NA,NA,NA,NA,NA
NA,NA,NA,"2018-11-15 16:44:35",NA,"2.554",NA,NA,NA,NA,NA,"3.11",NA,"2",NA,NA,NA,"3","2",NA,"1",NA,NA,NA,NA,NA,NA,NA,NA,NA
NA,NA,NA,NA,"1","3.03",NA,NA,NA,NA,NA,NA,NA,NA,NA,NA,NA,NA,NA,NA,"1",NA,NA,NA,NA,NA,"Ramp25",NA,NA,"006838"
NA,NA,NA,NA,NA,"2.67",NA,NA,NA,NA,NA,NA,NA,NA,NA,NA,NA,NA,NA,NA,"1",NA,NA,NA,NA,NA,NA,NA,NA,NA
NA,NA,NA,NA,NA,"4.299",NA,NA,NA,NA,NA,NA,NA,NA,NA,NA,NA,NA,NA,NA,"1",NA,NA,NA,NA,NA,NA,NA,NA,"004762"
NA,NA,NA,NA,NA,"2.224",NA,NA,NA,NA,NA,NA,NA,NA,NA,NA,NA,NA,NA,NA,"1",NA,NA,NA,NA,NA,NA,NA,NA,NA
NA,NA,NA,NA,NA,"2.921",NA,NA,NA,NA,NA,NA,NA,"1",NA,NA,NA,NA,NA,NA,"1",NA,NA,NA,NA,NA,NA,NA,NA,NA
NA,NA,NA,NA,NA,"3.297",NA,NA,NA,NA,NA,NA,NA,NA,NA,NA,NA,NA,NA,NA,"1",NA,NA,NA,NA,NA,NA,NA,NA,NA
NA,NA,NA,NA,NA,"3.917",NA,NA,NA,NA,NA,NA,NA,"2",NA,NA,NA,NA,NA,NA,"1",NA,NA,NA,NA,NA,NA,NA,NA,"006838"
NA,NA,NA,NA,NA,"4.126",NA,NA,NA,NA,NA,NA,NA,NA,NA,NA,NA,NA,NA,NA,"1",NA,NA,NA,NA,NA,NA,NA,NA,"006828"
NA,NA,NA,"2016-09-23 17:16:04",NA,"3.613",NA,NA,NA,NA,"54","2.903",NA,"1",NA,NA,NA,NA,"2",NA,"1",NA,NA,NA,NA,NA,NA,NA,NA,"006828"
NA,NA,NA,NA,NA,"4.728",NA,NA,NA,NA,NA,NA,NA,NA,NA,NA,NA,NA,NA,NA,"1",NA,NA,NA,NA,NA,NA,NA,NA,NA
NA,NA,NA,NA,NA,"5.398",NA,NA,NA,NA,NA,NA,NA,NA,NA,NA,NA,NA,NA,NA,"1",NA,NA,NA,NA,NA,NA,NA,NA,NA
NA,NA,NA,NA,NA,"4.469",NA,NA,NA,NA,NA,NA,NA,NA,NA,NA,NA,NA,NA,NA,"1",NA,NA,NA,NA,NA,NA,NA,NA,NA
NA,NA,NA,NA,NA,"2.687",NA,NA,NA,NA,NA,NA,NA,NA,NA,NA,NA,NA,NA,NA,"1",NA,NA,NA,NA,NA,NA,NA,NA,NA
NA,NA,NA,NA,NA,"2.505",NA,NA,NA,NA,NA,NA,NA,"4",NA,NA,NA,NA,NA,NA,"1",NA,NA,NA,NA,NA,NA,NA,NA,"006838"
NA,NA,NA,NA,"0.8","4.276",NA,NA,NA,NA,NA,NA,NA,NA,NA,NA,NA,NA,NA,NA,"1",NA,NA,NA,NA,NA,"Ramp21",NA,NA,"006833"
NA,NA,NA,NA,NA,"4.669",NA,NA,NA,NA,NA,NA,NA,"1",NA,NA,NA,NA,NA,NA,"1",NA,NA,NA,NA,NA,NA,NA,NA,"004761"
NA,NA,NA,NA,NA,"1.889",NA,NA,NA,NA,NA,NA,NA,NA,NA,NA,NA,NA,NA,NA,"1",NA,NA,NA,NA,NA,NA,NA,NA,NA
NA,NA,NA,NA,NA,"2.36",NA,NA,NA,NA,NA,NA,NA,"2",NA,NA,NA,NA,NA,NA,"1",NA,NA,NA,NA,NA,NA,NA,NA,NA
NA,NA,NA,NA,"0.5","4.556",NA,NA,NA,NA,NA,NA,NA,NA,NA,NA,NA,NA,NA,NA,"1",NA,NA,NA,NA,NA,NA,NA,NA,"006826"
NA,NA,NA,NA,"0.14","3.17",NA,NA,NA,NA,NA,NA,NA,NA,NA,NA,NA,NA,NA,NA,"1",NA,NA,NA,NA,NA,NA,NA,NA,"007307"
NA,NA,NA,"2019-11-04 13:03:19",NA,"4.284","2",NA,NA,NA,NA,NA,NA,NA,NA,"2012-11-15 09:49:13",NA,"6","2",NA,"1",NA,NA,"0",NA,NA,NA,NA,NA,NA
NA,NA,NA,NA,NA,"2.577",NA,NA,NA,NA,NA,NA,NA,"2",NA,NA,NA,NA,NA,NA,"1",NA,NA,NA,NA,NA,NA,NA,NA,NA
NA,NA,NA,NA,NA,"3.978",NA,NA,NA,NA,NA,NA,NA,NA,NA,NA,NA,NA,NA,NA,"1",NA,NA,NA,NA,NA,NA,NA,NA,NA
NA,NA,NA,NA,NA,"3.243",NA,NA,NA,NA,NA,NA,NA,NA,NA,NA,NA,NA,NA,NA,"1",NA,NA,NA,NA,NA,NA,NA,NA,NA
NA,NA,NA,NA,NA,"4.745",NA,NA,NA,NA,NA,NA,NA,NA,NA,NA,NA,NA,NA,NA,"1",NA,NA,NA,NA,NA,NA,NA,NA,NA
NA,NA,NA,NA,NA,"3.919",NA,NA,NA,NA,NA,NA,NA,NA,NA,NA,NA,NA,NA,NA,"1",NA,NA,NA,NA,NA,NA,NA,NA,NA
NA,NA,NA,NA,NA,"4.304",NA,NA,NA,NA,NA,NA,NA,"3",NA,NA,NA,NA,NA,NA,"1",NA,NA,NA,NA,NA,NA,NA,NA,NA
NA,NA,NA,NA,NA,"4.843",NA,NA,NA,NA,NA,NA,NA,"2",NA,NA,NA,NA,NA,NA,"1",NA,NA,NA,NA,NA,NA,NA,NA,NA
NA,NA,NA,NA,NA,"4.09",NA,NA,NA,NA,NA,NA,NA,NA,NA,NA,NA,NA,NA,NA,"1",NA,NA,NA,NA,NA,NA,NA,NA,NA
NA,NA,NA,NA,NA,"3.41",NA,NA,NA,NA,NA,NA,NA,NA,NA,NA,NA,NA,NA,NA,"1",NA,NA,NA,NA,NA,NA,NA,NA,NA
NA,NA,NA,NA,NA,"2.768",NA,NA,NA,NA,NA,NA,NA,"1",NA,NA,NA,NA,NA,NA,"1",NA,NA,NA,NA,NA,NA,NA,NA,NA
NA,NA,NA,NA,NA,"4.217",NA,NA,NA,NA,NA,NA,NA,NA,NA,NA,NA,NA,NA,NA,"1",NA,NA,NA,NA,NA,NA,NA,NA,NA
NA,NA,NA,NA,"0.7","3.249",NA,NA,NA,NA,NA,NA,NA,NA,NA,NA,NA,NA,NA,NA,"1",NA,NA,NA,NA,NA,NA,NA,NA,"006833"
NA,NA,NA,NA,"0.33","3.606",NA,NA,NA,NA,NA,NA,NA,NA,NA,NA,NA,NA,NA,NA,"1",NA,NA,NA,NA,NA,NA,NA,NA,"006835"
NA,NA,NA,NA,NA,"3.555",NA,NA,NA,NA,NA,NA,NA,"1",NA,NA,NA,NA,NA,NA,"1",NA,NA,NA,NA,NA,NA,NA,NA,NA
NA,NA,NA,NA,NA,"2.893",NA,NA,NA,NA,NA,NA,NA,NA,NA,NA,NA,NA,NA,NA,"1",NA,NA,NA,NA,NA,NA,NA,NA,NA
NA,NA,NA,NA,NA,"3.329",NA,NA,NA,NA,NA,NA,NA,NA,NA,NA,NA,NA,NA,NA,"1",NA,NA,NA,NA,NA,NA,NA,NA,NA
NA,NA,NA,NA,NA,"4.948","2",NA,NA,NA,NA,NA,NA,NA,NA,"2013-04-24 11:26:23",NA,NA,NA,NA,"1",NA,NA,"0",NA,NA,NA,NA,NA,NA
NA,NA,NA,NA,NA,"2.982",NA,NA,NA,NA,NA,NA,NA,NA,NA,NA,NA,NA,NA,NA,"1",NA,NA,NA,NA,NA,NA,NA,NA,NA
NA,NA,NA,NA,"0.71","2.672",NA,NA,NA,NA,NA,NA,NA,NA,NA,NA,NA,NA,NA,NA,"1",NA,NA,NA,NA,NA,"Ramp23",NA,NA,"007085"
NA,NA,NA,NA,NA,"4.786",NA,NA,NA,NA,NA,NA,NA,NA,NA,NA,NA,NA,NA,NA,"1",NA,NA,NA,NA,NA,NA,NA,NA,NA
NA,NA,NA,NA,NA,"4.486",NA,NA,NA,NA,NA,NA,NA,NA,NA,NA,NA,NA,NA,NA,"1",NA,NA,NA,NA,NA,NA,NA,NA,NA
NA,NA,NA,NA,NA,"3.996",NA,NA,NA,NA,NA,NA,NA,"2",NA,NA,NA,NA,NA,NA,"1",NA,NA,NA,NA,NA,NA,NA,NA,NA
NA,NA,NA,NA,"0.94",NA,NA,NA,NA,NA,NA,NA,NA,NA,NA,NA,NA,NA,NA,NA,NA,NA,NA,NA,NA,NA,NA,NA,NA,"006826"
NA,NA,NA,NA,NA,"5.403",NA,NA,NA,NA,NA,NA,NA,"4",NA,NA,NA,NA,NA,NA,"1",NA,NA,NA,NA,NA,NA,NA,NA,NA
NA,NA,NA,NA,NA,"4.999",NA,NA,NA,NA,NA,NA,NA,NA,NA,NA,NA,NA,NA,NA,"1",NA,NA,NA,NA,NA,NA,NA,NA,NA
NA,NA,NA,NA,NA,"2.388",NA,NA,NA,NA,NA,NA,NA,NA,NA,NA,NA,NA,NA,NA,"1",NA,NA,NA,NA,NA,NA,NA,NA,NA
NA,NA,NA,NA,NA,"5.064",NA,NA,NA,NA,NA,NA,NA,"1",NA,NA,NA,NA,NA,NA,"1",NA,NA,NA,NA,NA,NA,NA,NA,NA
NA,NA,NA,NA,NA,"2.955","1",NA,NA,NA,NA,NA,NA,"-818",NA,"2013-05-02 09:35:55",NA,NA,NA,NA,"1",NA,NA,"0",NA,NA,NA,NA,NA,NA
NA,NA,NA,NA,"0.71","2.652",NA,NA,NA,NA,NA,NA,NA,NA,NA,NA,NA,NA,NA,NA,"1",NA,NA,NA,NA,NA,NA,NA,NA,"006835"
NA,NA,NA,NA,"0.85",NA,"2",NA,NA,NA,NA,NA,NA,"3",NA,"2013-02-10 10:52:21",NA,NA,NA,NA,NA,NA,NA,"0",NA,NA,NA,NA,NA,"007073"
NA,NA,NA,NA,NA,NA,NA,NA,NA,NA,NA,NA,NA,NA,NA,NA,NA,NA,NA,NA,NA,NA,NA,NA,NA,NA,NA,NA,NA,NA
NA,NA,NA,NA,"0.64","3.244",NA,NA,NA,NA,NA,NA,NA,"1",NA,NA,NA,NA,NA,NA,"1",NA,NA,NA,NA,NA,NA,NA,NA,"007082"
NA,NA,NA,NA,"0.61","3.516",NA,NA,NA,NA,NA,NA,NA,NA,NA,NA,NA,NA,NA,NA,"1",NA,NA,NA,NA,NA,NA,NA,NA,"006838"
NA,NA,NA,NA,NA,"2.642",NA,NA,NA,NA,NA,NA,NA,NA,NA,NA,NA,NA,NA,NA,"1",NA,NA,NA,NA,NA,NA,NA,NA,NA
NA,NA,NA,NA,"0.28","3.813",NA,NA,NA,NA,NA,NA,NA,NA,NA,NA,NA,NA,NA,NA,"1",NA,NA,NA,NA,NA,"Ramp18",NA,NA,"006827"
NA,NA,NA,NA,"0.46",NA,NA,NA,NA,NA,NA,NA,NA,NA,NA,NA,NA,NA,NA,NA,NA,NA,NA,NA,NA,NA,"Ramp23",NA,NA,"007076"
NA,NA,NA,"2018-10-23 16:51:55","1.02","2.93",NA,NA,NA,NA,NA,"2.576",NA,NA,NA,NA,NA,"4","2",NA,"1",NA,NA,NA,NA,NA,NA,NA,NA,"007309"
NA,NA,NA,NA,"1.05","5.407",NA,NA,NA,NA,NA,NA,NA,NA,NA,NA,NA,NA,NA,NA,"1",NA,NA,NA,NA,NA,NA,NA,NA,"006824"
NA,NA,NA,NA,NA,"2.716",NA,NA,NA,NA,NA,NA,NA,NA,NA,NA,NA,NA,NA,NA,"1",NA,NA,NA,NA,NA,NA,NA,NA,NA
NA,NA,NA,NA,NA,"4.527",NA,NA,NA,NA,NA,NA,NA,"2",NA,NA,NA,NA,NA,NA,"1",NA,NA,NA,NA,NA,NA,NA,NA,"006825"
NA,NA,NA,NA,NA,"3.598",NA,NA,NA,NA,NA,NA,NA,"1",NA,NA,NA,NA,NA,NA,"1",NA,NA,NA,NA,NA,NA,NA,NA,"007079"
NA,NA,NA,NA,"0.31","3.508",NA,NA,NA,NA,NA,NA,NA,"1",NA,NA,NA,NA,NA,NA,"1",NA,NA,NA,NA,NA,NA,NA,NA,"006838"
NA,NA,NA,NA,"0.87","3.356",NA,NA,NA,NA,NA,NA,NA,NA,NA,NA,NA,NA,NA,NA,"1",NA,NA,NA,NA,NA,NA,NA,NA,"006835"
NA,NA,NA,NA,NA,"3.419",NA,NA,NA,NA,NA,NA,NA,NA,NA,NA,NA,NA,NA,NA,NA,NA,NA,NA,NA,NA,NA,NA,NA,NA
NA,NA,NA,NA,NA,"4.056",NA,NA,NA,NA,NA,NA,NA,"1",NA,NA,NA,NA,NA,NA,"1",NA,NA,NA,NA,NA,NA,NA,NA,"004763"
NA,NA,NA,NA,"1.3","2.144",NA,NA,NA,NA,NA,NA,NA,NA,NA,NA,NA,NA,NA,NA,"1",NA,NA,NA,NA,NA,NA,NA,NA,"007085"
NA,NA,NA,NA,NA,"2.729",NA,NA,NA,NA,NA,NA,NA,NA,NA,NA,NA,NA,NA,NA,"1",NA,NA,NA,NA,NA,NA,NA,NA,NA
NA,NA,NA,NA,NA,"2.977",NA,NA,NA,NA,NA,NA,NA,"1",NA,NA,NA,NA,NA,NA,"1",NA,NA,NA,NA,NA,NA,NA,NA,NA
NA,NA,NA,NA,NA,"3.249",NA,NA,NA,NA,NA,NA,NA,NA,NA,NA,NA,NA,NA,NA,"1",NA,NA,NA,NA,NA,NA,NA,NA,NA
NA,NA,NA,"2018-04-20 14:32:07",NA,"3.923",NA,NA,NA,NA,"51","3.149",NA,"1",NA,NA,NA,"4","2",NA,"1",NA,NA,NA,NA,NA,NA,NA,NA,NA
NA,NA,NA,NA,"0.35","3.869",NA,NA,NA,NA,NA,NA,NA,NA,NA,"2013-01-08 12:31:09",NA,NA,NA,NA,"1",NA,NA,"0",NA,NA,NA,NA,NA,"007084"
NA,NA,NA,NA,"0.34","3.674",NA,NA,NA,NA,NA,NA,NA,NA,NA,NA,NA,NA,NA,NA,"1",NA,NA,NA,NA,NA,NA,NA,NA,"006823"
NA,NA,NA,NA,NA,"4.02",NA,NA,NA,NA,NA,NA,NA,NA,NA,NA,NA,NA,NA,NA,"1",NA,NA,NA,NA,NA,NA,NA,NA,NA
NA,NA,NA,NA,"1.06","3.318",NA,NA,NA,NA,NA,NA,NA,"1",NA,NA,NA,NA,NA,NA,"1",NA,NA,NA,NA,NA,"Ramp23",NA,NA,"007074"
NA,NA,NA,NA,NA,"3.016",NA,NA,NA,NA,NA,NA,NA,NA,NA,NA,NA,NA,NA,NA,"1",NA,NA,NA,NA,NA,NA,NA,NA,NA
NA,NA,NA,NA,NA,"3.92",NA,NA,NA,NA,NA,NA,NA,NA,NA,NA,NA,NA,NA,NA,"1",NA,NA,NA,NA,NA,NA,NA,NA,NA
NA,NA,NA,NA,NA,"2.802",NA,NA,NA,NA,NA,NA,NA,NA,NA,NA,NA,NA,NA,NA,"1",NA,NA,NA,NA,NA,NA,NA,NA,NA
NA,NA,NA,NA,NA,"3.072",NA,NA,NA,NA,NA,NA,NA,NA,NA,NA,NA,NA,NA,NA,"1",NA,NA,NA,NA,NA,NA,NA,NA,NA
NA,NA,NA,NA,"0.55","4.635",NA,NA,NA,NA,NA,NA,NA,NA,NA,NA,NA,NA,NA,NA,"1",NA,NA,NA,NA,NA,NA,NA,NA,"006835"
NA,NA,NA,NA,NA,NA,NA,NA,NA,NA,NA,NA,NA,"1",NA,NA,NA,NA,NA,NA,NA,NA,NA,NA,NA,NA,NA,NA,NA,"006827"
NA,NA,NA,NA,NA,"3.489",NA,NA,NA,NA,NA,NA,NA,NA,NA,NA,NA,NA,NA,NA,"1",NA,NA,NA,NA,NA,NA,NA,NA,NA
NA,NA,NA,NA,NA,"2.917",NA,NA,NA,NA,NA,NA,NA,NA,NA,NA,NA,NA,NA,NA,"1",NA,NA,NA,NA,NA,NA,NA,NA,"007085"
NA,"2",NA,"2015-03-05 16:10:42","1.06","3.058","1",NA,NA,NA,"28","2.665",NA,"3",NA,"2012-10-10 12:04:15",NA,NA,"2",NA,"1",NA,NA,"0",NA,NA,NA,NA,NA,"007084"
NA,NA,NA,"2015-03-06 17:47:02",NA,"3.467",NA,NA,NA,NA,"69","2.511",NA,"2",NA,NA,NA,NA,"2",NA,"1",NA,NA,NA,NA,NA,NA,NA,NA,NA
NA,NA,NA,"2019-07-14 12:43:42",NA,"3.548",NA,NA,NA,NA,NA,"3.144",NA,"2",NA,NA,NA,"2","2",NA,"1",NA,NA,NA,NA,NA,NA,NA,NA,NA
NA,NA,NA,NA,NA,"5.174",NA,NA,NA,NA,NA,NA,NA,NA,NA,NA,NA,NA,NA,NA,"1",NA,NA,NA,NA,NA,NA,NA,NA,NA
NA,NA,NA,NA,"0.26","3.275",NA,NA,NA,NA,NA,NA,NA,NA,NA,NA,NA,NA,NA,NA,"1",NA,NA,NA,NA,NA,NA,NA,NA,"007307"
NA,NA,NA,NA,"1.38","3.764",NA,NA,NA,NA,NA,NA,NA,NA,NA,NA,NA,NA,NA,NA,"1",NA,NA,NA,NA,NA,NA,NA,NA,"007082"
NA,NA,NA,NA,NA,"2.609",NA,NA,NA,NA,NA,NA,NA,NA,NA,NA,NA,NA,NA,NA,"1",NA,NA,NA,NA,NA,NA,NA,NA,NA
NA,NA,NA,NA,NA,"4.046",NA,NA,NA,NA,NA,NA,NA,NA,NA,NA,NA,NA,NA,NA,"1",NA,NA,NA,NA,NA,NA,NA,NA,NA
NA,NA,NA,NA,NA,"3.297",NA,NA,NA,NA,NA,NA,NA,NA,NA,NA,NA,NA,NA,NA,"1",NA,NA,NA,NA,NA,NA,NA,NA,NA
