"interpolated_age_of_participant_when_noncancer_illness_first_diagnosed_f20009_0_26","method_of_recording_time_when_noncancer_illness_first_diagnosed_f20013_0_28","type_of_accommodation_lived_in_f670_2_0","interval_between_previous_point_and_current_one_in_alphanumeric_path_trail_2_f20155_0_14","volume_of_grey_matter_in_central_opercular_cortex_left_f25864_2_0","mean_thickness_of_superiorfrontal_right_hemisphere_f27292_3_0","number_of_letters_correct_in_round_left_f5077_1_2","breathing_problems_during_period_of_job_f22616_0_33","volume_of_grey_matter_in_central_opercular_cortex_right_f25865_3_0","leek_intake_f104230_2_0","method_of_recording_time_when_noncancer_illness_first_diagnosed_f20013_2_16","job_coding_f22601_0_15","words_answer_array_pilot_f10609_0_45","triplet_correct_left_f4232_3_5","diagnoses_secondary_icd10_f41204_0_88","conclusion_authorisation_f21751_0_0","volume_of_wholehippocampus_right_hemisphere_f26663_2_0","mixture_of_day_and_night_shifts_worked_f22640_0_32","mean_corpuscular_haemoglobin_concentration_acquisition_route_f30064_1_0","time_to_press_first_digit_left_f4234_2_2","mean_od_in_inferior_cerebellar_peduncle_on_fa_skeleton_left_f25403_2_0","area_of_inferiorparietal_left_hemisphere_f26728_2_0","mean_fa_in_uncinate_fasciculus_on_fa_skeleton_left_f25101_2_0","values_entered_f20229_0_58","heel_bone_mineral_density_bmd_left_f4105_0_0","volume_of_lsg_left_hemisphere_f26668_2_0","logmar_in_round_left_f5078_0_14","type_of_baguette_eaten_f20092_1_4","time_employed_in_main_current_job_f757_0_0","number_of_rounds_of_numeric_memory_test_performed_f4283_3_0"
NA,NA,NA,NA,NA,NA,NA,NA,NA,NA,NA,NA,NA,NA,NA,"159545",NA,NA,"2",NA,NA,NA,NA,NA,NA,NA,NA,NA,"14",NA
NA,NA,NA,NA,NA,NA,NA,NA,NA,NA,NA,NA,NA,NA,NA,"159633",NA,NA,NA,NA,NA,NA,NA,NA,"0.564",NA,NA,NA,NA,NA
NA,NA,NA,NA,NA,NA,NA,NA,NA,NA,NA,NA,NA,NA,NA,"159619",NA,NA,NA,NA,NA,NA,NA,NA,NA,NA,NA,NA,NA,NA
NA,NA,NA,NA,NA,NA,NA,NA,NA,NA,NA,NA,NA,NA,NA,"159224",NA,NA,NA,NA,NA,NA,NA,NA,"0.437",NA,NA,NA,"29",NA
NA,NA,"2",NA,"3975.18",NA,NA,NA,NA,NA,NA,NA,NA,NA,NA,"159199","3557.23",NA,NA,"15","0.138954","3993","0.514723",NA,"0.482","21.6767",NA,NA,"9",NA
NA,NA,NA,"1080",NA,NA,NA,NA,NA,NA,NA,NA,NA,NA,NA,"159617",NA,NA,NA,NA,NA,NA,NA,NA,"0.693",NA,NA,NA,NA,NA
NA,NA,NA,NA,NA,NA,NA,NA,NA,NA,NA,NA,NA,NA,NA,"159705",NA,NA,NA,NA,NA,NA,NA,NA,NA,NA,NA,NA,"1",NA
NA,NA,NA,"1888",NA,NA,"5",NA,NA,NA,NA,NA,NA,NA,NA,"159084",NA,NA,"1",NA,NA,NA,NA,NA,"0.503",NA,NA,NA,NA,NA
NA,NA,NA,NA,NA,NA,NA,NA,NA,NA,NA,NA,NA,NA,NA,"159204",NA,NA,NA,NA,NA,NA,NA,NA,NA,NA,NA,NA,NA,NA
NA,NA,NA,NA,NA,NA,NA,NA,NA,NA,NA,NA,NA,NA,NA,"159415",NA,NA,NA,NA,NA,NA,NA,NA,NA,NA,NA,NA,"7",NA
NA,NA,NA,"1985",NA,NA,NA,NA,NA,NA,NA,NA,NA,NA,NA,"159470",NA,NA,NA,NA,NA,NA,NA,NA,"1.31",NA,NA,NA,NA,NA
NA,NA,NA,"2364",NA,NA,NA,NA,NA,NA,NA,NA,NA,NA,NA,"159250",NA,NA,NA,NA,NA,NA,NA,NA,"0.647",NA,NA,NA,"3",NA
NA,NA,NA,NA,NA,NA,NA,NA,NA,NA,NA,NA,NA,NA,NA,"159438",NA,NA,NA,NA,NA,NA,NA,NA,NA,NA,NA,NA,NA,NA
NA,NA,NA,NA,NA,NA,NA,NA,NA,NA,NA,NA,NA,NA,NA,"159076",NA,NA,NA,NA,NA,NA,NA,NA,NA,NA,NA,NA,"5",NA
NA,NA,NA,NA,NA,NA,NA,NA,NA,NA,NA,NA,NA,NA,NA,"159481",NA,NA,NA,NA,NA,NA,NA,NA,NA,NA,NA,NA,NA,NA
NA,NA,NA,NA,NA,NA,NA,NA,NA,NA,NA,NA,NA,NA,NA,"159174",NA,NA,NA,NA,NA,NA,NA,NA,"0.372",NA,NA,NA,NA,NA
NA,NA,NA,NA,NA,NA,NA,NA,NA,NA,NA,NA,NA,NA,NA,"159188",NA,NA,NA,NA,NA,NA,NA,NA,"0.701",NA,NA,NA,NA,NA
NA,NA,"1","3258","3954.03",NA,NA,NA,NA,NA,NA,NA,NA,NA,NA,"159185","3243.03",NA,NA,"20","0.164569","4296","0.463132",NA,NA,"25.7495",NA,NA,NA,NA
NA,NA,NA,NA,NA,NA,NA,NA,NA,NA,NA,NA,NA,NA,NA,"159056",NA,NA,NA,NA,NA,NA,NA,NA,"0.477",NA,NA,NA,"24",NA
NA,NA,NA,NA,NA,NA,NA,NA,NA,NA,NA,NA,NA,NA,NA,"159617",NA,NA,NA,NA,NA,NA,NA,NA,"0.42",NA,NA,NA,"30",NA
NA,NA,NA,NA,NA,NA,NA,NA,NA,NA,NA,NA,NA,NA,NA,"159772",NA,NA,NA,NA,NA,NA,NA,NA,NA,NA,NA,NA,NA,NA
NA,NA,NA,NA,NA,NA,NA,NA,NA,NA,NA,NA,NA,NA,NA,"159676",NA,NA,NA,NA,NA,NA,NA,NA,"0.552",NA,NA,NA,"13",NA
NA,NA,NA,NA,NA,NA,NA,NA,NA,NA,NA,NA,NA,NA,NA,"159354",NA,NA,NA,NA,NA,NA,NA,NA,NA,NA,NA,NA,NA,NA
NA,NA,NA,NA,NA,NA,NA,NA,NA,NA,NA,NA,NA,NA,NA,"159370",NA,NA,NA,NA,NA,NA,NA,NA,NA,NA,NA,NA,NA,NA
NA,NA,NA,"960",NA,NA,NA,NA,NA,NA,NA,NA,NA,NA,NA,"159851",NA,NA,NA,NA,NA,NA,NA,NA,"0.529",NA,NA,NA,"36",NA
NA,NA,NA,"760",NA,NA,NA,NA,NA,NA,NA,NA,NA,NA,NA,"159179",NA,NA,NA,NA,NA,NA,NA,NA,NA,NA,NA,NA,"20",NA
NA,NA,NA,"896",NA,NA,NA,NA,NA,NA,NA,NA,NA,NA,NA,"159832",NA,NA,NA,NA,NA,NA,NA,NA,NA,NA,NA,NA,"7",NA
NA,NA,NA,NA,NA,NA,NA,NA,NA,NA,NA,NA,NA,NA,NA,"159287",NA,NA,NA,NA,NA,NA,NA,NA,NA,NA,NA,NA,NA,NA
NA,NA,NA,NA,NA,NA,NA,NA,NA,NA,NA,NA,NA,NA,NA,"159749",NA,NA,NA,NA,NA,NA,NA,NA,"0.611",NA,NA,NA,NA,NA
NA,NA,NA,"1250",NA,NA,NA,NA,NA,NA,NA,NA,NA,NA,NA,"159188",NA,NA,NA,NA,NA,NA,NA,NA,"0.712",NA,NA,NA,"1",NA
NA,NA,NA,NA,NA,NA,NA,NA,NA,NA,NA,NA,NA,NA,NA,"159683",NA,NA,NA,NA,NA,NA,NA,NA,NA,NA,NA,NA,NA,NA
NA,NA,NA,NA,NA,NA,NA,NA,NA,NA,NA,NA,NA,NA,NA,"159257",NA,NA,NA,NA,NA,NA,NA,NA,"0.539",NA,NA,NA,"22",NA
NA,NA,NA,NA,NA,NA,NA,NA,NA,NA,NA,NA,NA,NA,NA,"159024",NA,NA,NA,NA,NA,NA,NA,NA,"0.55",NA,NA,NA,NA,NA
NA,NA,NA,NA,NA,NA,NA,NA,NA,NA,NA,NA,NA,NA,NA,"159248",NA,NA,NA,NA,NA,NA,NA,NA,NA,NA,NA,NA,"-10",NA
NA,NA,NA,"1295",NA,NA,NA,NA,NA,NA,NA,NA,NA,NA,NA,"159896",NA,NA,"1",NA,NA,NA,NA,NA,NA,NA,NA,NA,NA,NA
NA,NA,NA,NA,NA,NA,NA,NA,NA,NA,NA,NA,NA,NA,NA,"159056",NA,NA,NA,NA,NA,NA,NA,NA,"0.692",NA,NA,NA,"11",NA
NA,NA,NA,NA,NA,NA,NA,NA,NA,NA,NA,NA,NA,NA,NA,"159772",NA,NA,NA,NA,NA,NA,NA,NA,NA,NA,NA,NA,"31",NA
NA,NA,NA,NA,NA,NA,NA,NA,NA,NA,NA,NA,NA,NA,NA,"159470",NA,NA,NA,NA,NA,NA,NA,NA,"0.608",NA,NA,NA,NA,NA
NA,NA,NA,NA,NA,NA,NA,NA,NA,NA,NA,NA,NA,NA,NA,"159851",NA,NA,NA,NA,NA,NA,NA,NA,"0.507",NA,NA,NA,NA,NA
NA,NA,NA,NA,NA,NA,NA,NA,NA,NA,NA,NA,NA,NA,NA,"159831",NA,NA,NA,NA,NA,NA,NA,NA,NA,NA,NA,NA,"30",NA
NA,NA,NA,NA,NA,NA,NA,NA,NA,NA,NA,NA,NA,NA,NA,"159066",NA,NA,NA,NA,NA,NA,NA,NA,"0.573",NA,NA,NA,"5",NA
NA,NA,NA,"2311",NA,NA,NA,NA,NA,NA,NA,NA,NA,NA,NA,"159751",NA,NA,NA,NA,NA,NA,NA,NA,NA,NA,NA,NA,NA,NA
NA,NA,NA,NA,NA,NA,NA,NA,NA,NA,NA,NA,NA,NA,NA,"159699",NA,NA,NA,NA,NA,NA,NA,NA,NA,NA,NA,NA,NA,NA
NA,NA,NA,NA,NA,NA,NA,NA,NA,NA,NA,NA,NA,NA,NA,"159300",NA,NA,NA,NA,NA,NA,NA,NA,NA,NA,NA,NA,"2",NA
NA,NA,NA,NA,NA,NA,NA,NA,NA,NA,NA,NA,NA,NA,NA,"159649",NA,NA,NA,NA,NA,NA,NA,NA,NA,NA,NA,NA,NA,NA
NA,NA,NA,NA,NA,NA,NA,NA,NA,NA,NA,NA,NA,NA,NA,"159527",NA,NA,NA,NA,NA,NA,NA,NA,NA,NA,NA,NA,"25",NA
NA,NA,NA,NA,NA,NA,NA,NA,NA,NA,NA,NA,NA,NA,NA,"159415",NA,NA,NA,NA,NA,NA,NA,NA,NA,NA,NA,NA,NA,NA
NA,NA,NA,"4862",NA,NA,NA,NA,NA,NA,NA,NA,NA,NA,NA,"159870",NA,NA,NA,NA,NA,NA,NA,NA,"0.902",NA,NA,NA,NA,NA
NA,NA,NA,NA,NA,NA,NA,NA,NA,NA,NA,NA,NA,NA,NA,"159843",NA,NA,NA,NA,NA,NA,NA,NA,"0.609",NA,NA,NA,NA,NA
NA,NA,NA,NA,NA,NA,NA,NA,NA,NA,NA,NA,NA,NA,NA,"159529",NA,NA,NA,NA,NA,NA,NA,NA,NA,NA,NA,NA,NA,NA
NA,NA,NA,NA,NA,NA,NA,NA,NA,NA,NA,NA,NA,NA,NA,"159174",NA,NA,NA,NA,NA,NA,NA,NA,NA,NA,NA,NA,"28",NA
NA,NA,NA,NA,NA,NA,NA,NA,NA,NA,NA,NA,NA,NA,NA,"159620",NA,NA,NA,NA,NA,NA,NA,NA,"0.323",NA,NA,NA,NA,NA
NA,NA,NA,NA,NA,NA,NA,NA,NA,NA,NA,NA,NA,NA,NA,"159660",NA,NA,NA,NA,NA,NA,NA,NA,"0.822",NA,NA,NA,NA,NA
NA,NA,NA,"3590",NA,NA,NA,NA,NA,NA,NA,NA,NA,NA,NA,"159749",NA,NA,NA,NA,NA,NA,NA,NA,NA,NA,NA,NA,NA,NA
NA,NA,NA,NA,NA,NA,NA,NA,NA,NA,NA,NA,NA,NA,NA,"159370",NA,NA,NA,NA,NA,NA,NA,NA,NA,NA,NA,NA,NA,NA
NA,NA,NA,"2002",NA,NA,NA,NA,NA,NA,NA,NA,NA,NA,NA,"159721",NA,NA,NA,NA,NA,NA,NA,NA,"0.572",NA,NA,NA,"-10",NA
NA,NA,"1",NA,NA,NA,NA,NA,NA,NA,"-4",NA,NA,NA,NA,"159250",NA,NA,NA,"20",NA,NA,NA,NA,NA,NA,NA,NA,"20",NA
NA,NA,NA,"1625",NA,NA,NA,NA,NA,NA,NA,NA,NA,NA,NA,"159448",NA,NA,NA,NA,NA,NA,NA,NA,NA,NA,NA,NA,NA,NA
NA,NA,NA,NA,NA,NA,NA,NA,NA,NA,NA,NA,NA,NA,NA,"159099",NA,NA,NA,NA,NA,NA,NA,NA,NA,NA,NA,NA,"12",NA
NA,NA,"1","4285","3306.33",NA,NA,NA,NA,NA,NA,NA,NA,NA,NA,"159619","3724.78",NA,"1","6","0.150983","3936","0.536682",NA,NA,"12.0888",NA,NA,NA,NA
NA,NA,NA,NA,NA,NA,NA,NA,NA,NA,NA,NA,NA,NA,NA,"159705",NA,NA,NA,NA,NA,NA,NA,NA,"0.486",NA,NA,NA,"7",NA
NA,NA,NA,"1119",NA,NA,NA,NA,NA,NA,NA,NA,NA,NA,NA,"159868",NA,NA,NA,NA,NA,NA,NA,NA,NA,NA,NA,NA,"16",NA
NA,NA,NA,NA,NA,NA,NA,NA,NA,NA,NA,NA,NA,NA,NA,"159699",NA,NA,NA,NA,NA,NA,NA,NA,NA,NA,NA,NA,NA,NA
NA,NA,NA,NA,NA,NA,NA,NA,NA,NA,NA,NA,NA,NA,NA,"159868",NA,NA,NA,NA,NA,NA,NA,NA,"0.76",NA,NA,NA,NA,NA
NA,NA,NA,NA,NA,NA,NA,NA,NA,NA,NA,NA,NA,NA,NA,"159076",NA,NA,NA,NA,NA,NA,NA,NA,NA,NA,NA,NA,"9",NA
NA,NA,"1","977","3408.37",NA,"0",NA,NA,NA,NA,NA,NA,NA,NA,"159024",NA,NA,"2","11","0.137807",NA,"0.509501",NA,"0.462",NA,NA,NA,"5",NA
NA,NA,"1","1553","3569.64",NA,NA,NA,NA,NA,NA,NA,NA,NA,NA,"159253","3903.31",NA,"1","12","0.172189","4143","0.487904",NA,NA,"24.5079",NA,NA,NA,NA
NA,NA,NA,NA,NA,NA,NA,NA,NA,NA,NA,NA,NA,NA,NA,"159396",NA,NA,NA,NA,NA,NA,NA,NA,"0.555",NA,NA,NA,NA,NA
NA,NA,NA,NA,NA,NA,NA,NA,NA,NA,NA,NA,NA,NA,NA,"159212",NA,NA,NA,NA,NA,NA,NA,NA,NA,NA,NA,NA,"28",NA
NA,NA,NA,NA,NA,NA,NA,NA,NA,NA,NA,NA,NA,NA,NA,"159494",NA,NA,NA,NA,NA,NA,NA,NA,NA,NA,NA,NA,"6",NA
NA,NA,NA,NA,NA,NA,NA,NA,NA,NA,NA,NA,NA,NA,NA,"159106",NA,NA,NA,NA,NA,NA,NA,NA,"0.638",NA,NA,NA,NA,NA
NA,NA,NA,NA,NA,NA,NA,NA,NA,NA,NA,NA,NA,NA,NA,"159126",NA,NA,NA,NA,NA,NA,NA,NA,"0.457",NA,NA,NA,NA,NA
NA,NA,NA,"1639",NA,NA,"0",NA,NA,NA,NA,NA,NA,NA,NA,"159590",NA,NA,"1",NA,NA,NA,NA,NA,"0.479",NA,NA,NA,NA,NA
NA,NA,NA,"776",NA,NA,NA,NA,NA,NA,NA,NA,NA,NA,NA,"159415",NA,NA,NA,NA,NA,NA,NA,NA,NA,NA,NA,NA,NA,NA
NA,NA,NA,NA,NA,NA,NA,NA,NA,NA,NA,NA,NA,NA,NA,"159144",NA,NA,NA,NA,NA,NA,NA,NA,NA,NA,NA,NA,NA,NA
NA,NA,NA,NA,NA,NA,NA,NA,NA,NA,NA,NA,NA,NA,NA,"159851",NA,NA,NA,NA,NA,NA,NA,NA,NA,NA,NA,NA,"39",NA
NA,NA,NA,NA,NA,NA,NA,NA,NA,NA,NA,NA,NA,NA,NA,"159494",NA,NA,NA,NA,NA,NA,NA,NA,NA,NA,NA,NA,"3",NA
NA,NA,NA,NA,NA,NA,NA,NA,NA,NA,NA,NA,NA,NA,NA,"159072",NA,NA,NA,NA,NA,NA,NA,NA,NA,NA,NA,NA,"10",NA
NA,NA,NA,NA,NA,NA,NA,NA,NA,NA,NA,NA,NA,NA,NA,"159248",NA,NA,NA,NA,NA,NA,NA,NA,"0.697",NA,NA,NA,NA,NA
NA,NA,"1","1188","3176.86",NA,NA,NA,NA,NA,NA,NA,NA,NA,NA,"159250","3524.5",NA,NA,"13","0.148811","4469","0.474904",NA,NA,"28.292",NA,NA,"1",NA
NA,NA,NA,NA,NA,NA,NA,NA,NA,NA,NA,NA,NA,NA,NA,"159680",NA,NA,NA,NA,NA,NA,NA,NA,"0.485",NA,NA,NA,"8",NA
NA,NA,NA,NA,NA,NA,NA,NA,NA,NA,NA,NA,NA,NA,NA,"159868",NA,NA,NA,NA,NA,NA,NA,NA,NA,NA,NA,NA,"25",NA
NA,NA,NA,NA,NA,NA,NA,NA,NA,NA,NA,NA,NA,NA,NA,"159622",NA,NA,NA,NA,NA,NA,NA,NA,"0.52",NA,NA,NA,"40",NA
NA,NA,NA,NA,NA,NA,NA,NA,NA,NA,NA,NA,NA,NA,NA,"159357",NA,NA,NA,NA,NA,NA,NA,NA,"0.511",NA,NA,NA,"10",NA
NA,NA,NA,NA,NA,NA,NA,NA,NA,NA,NA,NA,NA,NA,NA,"159340",NA,NA,NA,NA,NA,NA,NA,NA,NA,NA,NA,NA,NA,NA
NA,NA,NA,NA,NA,NA,NA,NA,NA,NA,NA,NA,NA,NA,NA,"159413",NA,NA,NA,NA,NA,NA,NA,NA,NA,NA,NA,NA,"44",NA
NA,NA,NA,NA,NA,NA,NA,NA,NA,NA,NA,NA,NA,NA,NA,"159817",NA,NA,NA,NA,NA,NA,NA,NA,NA,NA,NA,NA,NA,NA
NA,NA,NA,NA,NA,NA,NA,NA,NA,NA,NA,NA,NA,NA,NA,"159567",NA,NA,NA,NA,NA,NA,NA,NA,NA,NA,NA,NA,NA,NA
NA,NA,NA,"1840",NA,NA,NA,NA,NA,NA,NA,NA,NA,NA,NA,"159470",NA,NA,NA,NA,NA,NA,NA,NA,"0.628",NA,NA,NA,NA,NA
NA,NA,NA,NA,NA,NA,NA,NA,NA,NA,NA,NA,NA,NA,NA,"159224",NA,NA,NA,NA,NA,NA,NA,NA,"0.387",NA,NA,NA,NA,NA
NA,NA,NA,NA,NA,NA,NA,NA,NA,NA,NA,NA,NA,NA,NA,"159185",NA,NA,NA,NA,NA,NA,NA,NA,NA,NA,NA,NA,"8",NA
NA,NA,NA,NA,NA,NA,NA,NA,NA,NA,NA,NA,NA,NA,NA,"159325",NA,NA,NA,NA,NA,NA,NA,NA,NA,NA,NA,NA,NA,NA
NA,NA,NA,NA,NA,NA,NA,NA,NA,NA,NA,NA,NA,NA,NA,"159179",NA,NA,NA,NA,NA,NA,NA,NA,"0.736",NA,NA,NA,NA,NA
NA,NA,NA,NA,NA,NA,NA,NA,NA,NA,NA,NA,NA,NA,NA,"159204",NA,NA,NA,NA,NA,NA,NA,NA,NA,NA,NA,NA,"4",NA
NA,NA,NA,"2095",NA,NA,NA,NA,NA,NA,NA,NA,NA,NA,NA,"159417",NA,NA,NA,NA,NA,NA,NA,NA,NA,NA,NA,NA,"22",NA
NA,NA,NA,NA,NA,NA,NA,NA,NA,NA,NA,NA,NA,NA,NA,"159354",NA,NA,NA,NA,NA,NA,NA,NA,NA,NA,NA,NA,NA,NA
NA,NA,"1",NA,NA,NA,NA,NA,NA,NA,NA,NA,NA,NA,NA,"159604",NA,NA,NA,"22",NA,NA,NA,NA,NA,NA,NA,NA,NA,NA
NA,NA,NA,NA,NA,NA,NA,NA,NA,NA,NA,NA,NA,NA,NA,"159787",NA,NA,NA,NA,NA,NA,NA,NA,NA,NA,NA,NA,"8",NA
NA,NA,NA,NA,NA,NA,NA,NA,NA,NA,NA,NA,NA,NA,NA,"159831",NA,NA,NA,NA,NA,NA,NA,NA,NA,NA,NA,NA,"10",NA
NA,NA,NA,NA,NA,NA,NA,NA,NA,NA,NA,NA,NA,NA,NA,"159779",NA,NA,NA,NA,NA,NA,NA,NA,"0.53",NA,NA,NA,NA,NA
NA,NA,"1",NA,NA,NA,NA,NA,NA,NA,NA,NA,NA,NA,NA,"159836",NA,NA,NA,"14",NA,NA,NA,NA,NA,NA,NA,NA,"24",NA
NA,NA,NA,"1856",NA,NA,NA,NA,NA,NA,NA,NA,NA,NA,NA,"159445",NA,NA,NA,NA,NA,NA,NA,NA,NA,NA,NA,NA,"4",NA
NA,NA,NA,NA,NA,NA,NA,NA,NA,NA,NA,NA,NA,NA,NA,"159066",NA,NA,NA,NA,NA,NA,NA,NA,"0.497",NA,NA,NA,"20",NA
NA,NA,NA,"1202",NA,NA,NA,NA,NA,NA,NA,NA,NA,NA,NA,"159179",NA,NA,NA,NA,NA,NA,NA,NA,"0.541",NA,NA,NA,"23",NA
NA,NA,NA,NA,NA,NA,NA,NA,NA,NA,NA,NA,NA,NA,NA,"159744",NA,NA,NA,NA,NA,NA,NA,NA,"0.275",NA,NA,NA,NA,NA
NA,NA,NA,NA,NA,NA,NA,NA,NA,NA,NA,NA,NA,NA,NA,"159676",NA,NA,NA,NA,NA,NA,NA,NA,NA,NA,NA,NA,"31",NA
NA,NA,NA,NA,NA,NA,NA,NA,NA,NA,NA,NA,NA,NA,NA,"159720",NA,NA,NA,NA,NA,NA,NA,NA,NA,NA,NA,NA,"5",NA
NA,NA,NA,NA,NA,NA,NA,NA,NA,NA,NA,NA,NA,NA,NA,"159868",NA,NA,NA,NA,NA,NA,NA,NA,"0.491",NA,NA,NA,"19",NA
NA,NA,NA,NA,NA,NA,NA,NA,NA,NA,NA,NA,NA,NA,NA,"159241",NA,NA,NA,NA,NA,NA,NA,NA,"0.51",NA,NA,NA,"18",NA
NA,NA,NA,NA,NA,NA,NA,NA,NA,NA,NA,NA,NA,NA,NA,"159185",NA,NA,NA,NA,NA,NA,NA,NA,NA,NA,NA,NA,NA,NA
NA,NA,NA,NA,NA,NA,NA,NA,NA,NA,NA,NA,NA,NA,NA,"159604",NA,NA,NA,NA,NA,NA,NA,NA,NA,NA,NA,NA,NA,NA
NA,NA,NA,NA,NA,NA,NA,NA,NA,NA,NA,NA,NA,NA,NA,"159649",NA,NA,NA,NA,NA,NA,NA,NA,NA,NA,NA,NA,NA,NA
NA,NA,"1",NA,"3344.01",NA,NA,NA,NA,NA,NA,NA,NA,NA,NA,"159705","4115.61",NA,NA,"8","0.163786","4521","0.417273",NA,"0.712","27.9566",NA,NA,"30",NA
NA,NA,NA,"744",NA,NA,NA,NA,NA,NA,NA,NA,NA,NA,NA,"159067",NA,NA,NA,NA,NA,NA,NA,NA,NA,NA,NA,NA,"16",NA
NA,NA,NA,NA,NA,NA,NA,NA,NA,NA,NA,NA,NA,NA,NA,"159200",NA,NA,NA,NA,NA,NA,NA,NA,NA,NA,NA,NA,"18",NA
NA,NA,NA,NA,NA,NA,NA,NA,NA,NA,NA,NA,NA,NA,NA,"159162",NA,NA,NA,NA,NA,NA,NA,NA,NA,NA,NA,NA,"8",NA
NA,NA,NA,NA,NA,NA,NA,NA,NA,NA,NA,NA,NA,NA,NA,"159680",NA,NA,NA,NA,NA,NA,NA,NA,"0.399",NA,NA,NA,NA,NA
NA,NA,"1","1642","3432.57",NA,"5",NA,NA,NA,NA,NA,NA,NA,NA,"159099","3185.56",NA,"1","12","0.160202","3308","0.510647",NA,NA,"25.5801",NA,NA,NA,NA
NA,NA,NA,NA,NA,NA,NA,NA,NA,NA,NA,NA,NA,NA,NA,"159627",NA,NA,NA,NA,NA,NA,NA,NA,NA,NA,NA,NA,NA,NA
NA,NA,NA,NA,NA,NA,NA,NA,NA,NA,NA,NA,NA,NA,NA,"159148",NA,NA,NA,NA,NA,NA,NA,NA,NA,NA,NA,NA,NA,NA
NA,NA,NA,NA,NA,NA,NA,NA,NA,"1",NA,NA,NA,NA,NA,"159851",NA,NA,NA,NA,NA,NA,NA,NA,NA,NA,NA,NA,"3",NA
NA,NA,NA,NA,NA,NA,NA,NA,NA,NA,NA,NA,NA,NA,NA,"159630",NA,NA,NA,NA,NA,NA,NA,NA,"0.433",NA,NA,NA,"22",NA
NA,NA,NA,NA,NA,NA,NA,NA,NA,NA,NA,NA,NA,NA,NA,"159286",NA,NA,NA,NA,NA,NA,NA,NA,NA,NA,NA,NA,"16",NA
NA,NA,NA,NA,NA,NA,NA,NA,NA,NA,NA,NA,NA,NA,NA,"159749",NA,NA,NA,NA,NA,NA,NA,NA,"0.615",NA,NA,NA,"23",NA
NA,NA,NA,NA,NA,NA,NA,NA,NA,NA,NA,NA,NA,NA,NA,"159399",NA,NA,NA,NA,NA,NA,NA,NA,"0.58",NA,NA,NA,"12",NA
NA,NA,NA,"1342",NA,NA,NA,NA,NA,NA,NA,NA,NA,NA,NA,"159287",NA,NA,NA,NA,NA,NA,NA,NA,NA,NA,NA,NA,NA,NA
NA,NA,NA,NA,NA,NA,NA,NA,NA,NA,NA,NA,NA,NA,NA,"159174",NA,NA,NA,NA,NA,NA,NA,NA,"0.477",NA,NA,NA,"10",NA
NA,NA,NA,NA,NA,NA,NA,NA,NA,NA,NA,NA,NA,NA,NA,"159481",NA,NA,NA,NA,NA,NA,NA,NA,NA,NA,NA,NA,NA,NA
NA,NA,NA,NA,NA,NA,NA,NA,NA,NA,NA,NA,NA,NA,NA,"159319",NA,NA,NA,NA,NA,NA,NA,NA,NA,NA,NA,NA,NA,NA
NA,NA,NA,"4296",NA,NA,NA,NA,NA,NA,NA,NA,NA,NA,NA,"159749",NA,NA,NA,NA,NA,NA,NA,NA,"0.407",NA,NA,NA,NA,NA
NA,NA,NA,NA,NA,NA,NA,NA,NA,NA,NA,NA,NA,NA,NA,"159438",NA,NA,NA,NA,NA,NA,NA,NA,NA,NA,NA,NA,"17",NA
NA,NA,NA,NA,NA,NA,NA,NA,NA,NA,NA,NA,NA,NA,NA,"159099",NA,NA,NA,NA,NA,NA,NA,NA,NA,NA,NA,NA,"3",NA
NA,NA,NA,NA,NA,NA,NA,NA,NA,NA,NA,NA,NA,NA,NA,"159562",NA,NA,NA,NA,NA,NA,NA,NA,NA,NA,NA,NA,NA,NA
NA,NA,NA,NA,NA,NA,NA,NA,NA,NA,NA,NA,NA,NA,NA,"159076",NA,NA,NA,NA,NA,NA,NA,NA,NA,NA,NA,NA,NA,NA
NA,NA,NA,"1896",NA,NA,NA,NA,NA,NA,NA,NA,NA,NA,NA,"159626",NA,NA,NA,NA,NA,NA,NA,NA,"0.559",NA,NA,NA,"3",NA
NA,NA,NA,NA,NA,NA,NA,NA,NA,NA,NA,NA,NA,NA,NA,"159710",NA,NA,NA,NA,NA,NA,NA,NA,NA,NA,NA,NA,"8",NA
NA,NA,NA,NA,NA,NA,NA,NA,NA,NA,NA,NA,NA,NA,NA,"159649",NA,NA,NA,NA,NA,NA,NA,NA,NA,NA,NA,NA,NA,NA
NA,NA,NA,"1559",NA,NA,NA,NA,NA,NA,NA,NA,NA,NA,NA,"159226",NA,NA,NA,NA,NA,NA,NA,NA,"0.794",NA,NA,NA,"25",NA
NA,NA,NA,"816",NA,NA,NA,NA,NA,NA,NA,NA,NA,NA,NA,"159145",NA,NA,NA,NA,NA,NA,NA,NA,NA,NA,NA,NA,"9",NA
NA,NA,NA,NA,NA,NA,NA,NA,NA,NA,NA,NA,NA,NA,NA,"159415",NA,NA,NA,NA,NA,NA,NA,NA,NA,NA,NA,NA,NA,NA
NA,NA,NA,NA,NA,NA,NA,NA,NA,NA,NA,NA,NA,NA,NA,"159831",NA,NA,NA,NA,NA,NA,NA,NA,NA,NA,NA,NA,NA,NA
NA,NA,NA,"2519",NA,NA,NA,NA,NA,NA,NA,NA,NA,NA,NA,"159634",NA,NA,"1",NA,NA,NA,NA,NA,"0.438",NA,NA,NA,"26",NA
NA,NA,NA,NA,NA,NA,NA,NA,NA,NA,NA,NA,NA,NA,NA,"159037",NA,NA,NA,NA,NA,NA,NA,NA,NA,NA,NA,NA,"6",NA
NA,NA,NA,NA,NA,NA,NA,NA,NA,NA,NA,NA,NA,NA,NA,"159438",NA,NA,NA,NA,NA,NA,NA,NA,NA,NA,NA,NA,NA,NA
NA,NA,NA,"1568",NA,NA,NA,NA,NA,NA,NA,NA,NA,NA,NA,"159831",NA,NA,NA,NA,NA,NA,NA,NA,NA,NA,NA,NA,NA,NA
NA,NA,NA,"1973",NA,NA,NA,NA,NA,NA,NA,NA,NA,NA,NA,"159174",NA,NA,NA,NA,NA,NA,NA,NA,"0.597",NA,NA,NA,NA,NA
NA,NA,NA,NA,NA,NA,NA,NA,NA,NA,NA,NA,NA,NA,NA,"159832",NA,NA,NA,NA,NA,NA,NA,NA,NA,NA,NA,NA,NA,NA
NA,NA,NA,NA,NA,NA,NA,NA,NA,NA,NA,NA,NA,NA,NA,"159352",NA,NA,NA,NA,NA,NA,NA,NA,NA,NA,NA,NA,NA,NA
NA,NA,NA,NA,NA,NA,NA,NA,NA,NA,NA,NA,NA,NA,NA,"159630",NA,NA,NA,NA,NA,NA,NA,NA,"1.125",NA,NA,NA,"11",NA
NA,NA,NA,NA,NA,NA,NA,NA,NA,NA,NA,NA,NA,NA,NA,"159622",NA,NA,NA,NA,NA,NA,NA,NA,"0.333",NA,NA,NA,NA,NA
NA,NA,NA,NA,NA,NA,NA,NA,NA,NA,NA,NA,NA,NA,NA,"159224",NA,NA,NA,NA,NA,NA,NA,NA,"0.505",NA,NA,NA,"39",NA
NA,NA,NA,NA,NA,NA,NA,NA,NA,NA,NA,NA,NA,NA,NA,"159751",NA,NA,NA,NA,NA,NA,NA,NA,NA,NA,NA,NA,"26",NA
NA,NA,NA,NA,NA,NA,NA,NA,NA,NA,NA,NA,NA,NA,NA,"159445",NA,NA,NA,NA,NA,NA,NA,NA,"0.447",NA,NA,NA,NA,NA
NA,NA,NA,"1408",NA,NA,NA,NA,NA,NA,NA,NA,NA,NA,NA,"159416",NA,NA,NA,NA,NA,NA,NA,NA,"0.627",NA,NA,NA,"1",NA
NA,NA,NA,NA,NA,NA,NA,NA,NA,NA,NA,NA,NA,NA,NA,"159290",NA,NA,NA,NA,NA,NA,NA,NA,"0.693",NA,NA,NA,NA,NA
NA,NA,NA,NA,NA,NA,NA,NA,NA,NA,NA,NA,NA,NA,NA,"159417",NA,NA,NA,NA,NA,NA,NA,NA,NA,NA,NA,NA,"27",NA
NA,NA,NA,NA,NA,NA,NA,NA,NA,NA,NA,NA,NA,NA,NA,"159486",NA,NA,NA,NA,NA,NA,NA,NA,NA,NA,NA,NA,"5",NA
NA,NA,NA,NA,NA,NA,NA,NA,NA,NA,NA,NA,NA,NA,NA,"159187",NA,NA,NA,NA,NA,NA,NA,NA,"0.435",NA,NA,NA,NA,NA
NA,NA,NA,NA,NA,NA,NA,NA,NA,NA,NA,NA,NA,NA,NA,"159583",NA,NA,NA,NA,NA,NA,NA,NA,NA,NA,NA,NA,"5",NA
NA,NA,NA,"1017",NA,NA,NA,NA,NA,NA,NA,NA,NA,NA,NA,"159275",NA,NA,NA,NA,NA,NA,NA,NA,NA,NA,NA,NA,NA,NA
NA,NA,NA,NA,NA,NA,NA,NA,NA,NA,NA,NA,NA,NA,NA,"159174",NA,NA,NA,NA,NA,NA,NA,NA,"0.556",NA,NA,NA,"13",NA
NA,NA,NA,NA,NA,NA,NA,NA,NA,NA,NA,NA,NA,NA,NA,"159287",NA,NA,NA,NA,NA,NA,NA,NA,NA,NA,NA,NA,"6",NA
NA,NA,NA,NA,NA,NA,NA,NA,NA,NA,NA,NA,NA,NA,NA,"159319",NA,NA,NA,NA,NA,NA,NA,NA,NA,NA,NA,NA,"19",NA
NA,NA,NA,NA,NA,NA,NA,NA,NA,NA,NA,NA,NA,NA,NA,"159684",NA,NA,NA,NA,NA,NA,NA,NA,"0.708",NA,NA,NA,NA,NA
NA,NA,NA,NA,NA,NA,NA,NA,NA,NA,NA,NA,NA,NA,NA,"159721",NA,NA,NA,NA,NA,NA,NA,NA,NA,NA,NA,NA,NA,NA
NA,NA,NA,NA,NA,NA,NA,NA,NA,NA,NA,NA,NA,NA,NA,"159482",NA,NA,NA,NA,NA,NA,NA,NA,NA,NA,NA,NA,NA,NA
NA,NA,NA,NA,NA,NA,NA,NA,NA,NA,NA,NA,NA,NA,NA,"159676",NA,NA,NA,NA,NA,NA,NA,NA,"0.404",NA,NA,NA,"15",NA
NA,NA,NA,"1840",NA,NA,NA,NA,NA,NA,NA,NA,NA,NA,NA,"159626",NA,NA,NA,NA,NA,NA,NA,NA,"0.427",NA,NA,NA,"29",NA
NA,NA,NA,NA,NA,NA,NA,NA,NA,NA,NA,NA,NA,NA,NA,"159650",NA,NA,NA,NA,NA,NA,NA,NA,"0.514",NA,NA,NA,"2",NA
NA,NA,NA,NA,NA,NA,NA,NA,NA,NA,NA,NA,NA,NA,NA,"159148",NA,NA,NA,NA,NA,NA,NA,NA,NA,NA,NA,NA,"8",NA
NA,NA,"1",NA,NA,NA,NA,NA,NA,NA,NA,NA,NA,NA,NA,"159619","3704.62",NA,NA,"10",NA,"4744",NA,NA,NA,"17.3018",NA,NA,"15",NA
NA,NA,NA,NA,NA,NA,NA,NA,NA,NA,NA,NA,NA,NA,NA,"159563",NA,NA,NA,NA,NA,NA,NA,NA,NA,NA,NA,NA,NA,NA
NA,NA,NA,NA,NA,NA,NA,NA,NA,NA,NA,NA,NA,NA,NA,"159672",NA,NA,NA,NA,NA,NA,NA,NA,NA,NA,NA,NA,NA,NA
NA,NA,"-7",NA,"3788.74",NA,NA,NA,NA,NA,NA,NA,NA,NA,NA,"159567","4414.61",NA,NA,"14","0.148226","4114","0.551387",NA,"0.402","23.1927",NA,NA,"-10",NA
NA,NA,NA,NA,NA,NA,NA,NA,NA,NA,NA,NA,NA,NA,NA,"159145",NA,NA,NA,NA,NA,NA,NA,NA,NA,NA,NA,NA,NA,NA
NA,NA,NA,NA,NA,NA,NA,NA,NA,NA,NA,NA,NA,NA,NA,"159847",NA,NA,NA,NA,NA,NA,NA,NA,"0.955",NA,NA,NA,"17",NA
NA,NA,NA,NA,NA,NA,NA,NA,NA,NA,NA,NA,NA,NA,NA,"159494",NA,NA,NA,NA,NA,NA,NA,NA,NA,NA,NA,NA,NA,NA
NA,NA,"1","1361","3809.2",NA,NA,NA,NA,NA,NA,NA,NA,NA,NA,"159848","4237.63",NA,"1","11","0.148516","4559","0.512454",NA,NA,"19.8882",NA,NA,"12",NA
NA,NA,"1","1554","3821.63",NA,NA,NA,NA,NA,NA,NA,NA,NA,NA,"159704","3710.6",NA,NA,"15",NA,"4525",NA,NA,NA,"20.1888",NA,NA,"26",NA
NA,NA,NA,NA,NA,NA,NA,NA,NA,NA,NA,NA,NA,NA,NA,"159024",NA,NA,NA,NA,NA,NA,NA,NA,"0.617",NA,NA,NA,NA,NA
NA,NA,NA,"2216",NA,NA,NA,NA,NA,NA,NA,NA,NA,NA,NA,"159713",NA,NA,NA,NA,NA,NA,NA,NA,"0.52",NA,NA,NA,NA,NA
NA,NA,"1","6484","3396.81",NA,NA,NA,NA,NA,NA,NA,NA,NA,NA,"159680","4142.63",NA,NA,"14","0.15298","4272","0.507191",NA,"0.727","27.0492",NA,NA,"3",NA
NA,NA,NA,"1306",NA,NA,NA,NA,NA,NA,NA,NA,NA,NA,NA,"159096",NA,NA,NA,NA,NA,NA,NA,NA,NA,NA,NA,NA,"31",NA
NA,NA,NA,NA,NA,NA,NA,NA,NA,NA,NA,NA,NA,NA,NA,"159720",NA,NA,NA,NA,NA,NA,NA,NA,NA,NA,NA,NA,"11",NA
NA,NA,NA,NA,NA,NA,NA,NA,NA,NA,NA,NA,NA,NA,NA,"159126",NA,NA,NA,NA,NA,NA,NA,NA,"0.497",NA,NA,NA,"11",NA
NA,NA,NA,NA,NA,NA,NA,NA,NA,NA,NA,NA,NA,NA,NA,"159832",NA,NA,NA,NA,NA,NA,NA,NA,NA,NA,NA,NA,NA,NA
NA,NA,NA,NA,NA,NA,NA,NA,NA,NA,NA,NA,NA,NA,NA,"159583",NA,NA,NA,NA,NA,NA,NA,NA,NA,NA,NA,NA,"20",NA
NA,NA,"2",NA,"3982.38",NA,NA,NA,NA,NA,NA,NA,NA,NA,NA,"159037","3640.5",NA,NA,"17","0.147631","4056","0.493144",NA,NA,"16.619",NA,NA,"6",NA
NA,NA,NA,NA,NA,NA,NA,NA,NA,NA,NA,NA,NA,NA,NA,"159677",NA,NA,NA,NA,NA,NA,NA,NA,"0.391",NA,NA,NA,NA,NA
NA,NA,NA,NA,NA,NA,NA,NA,NA,NA,NA,NA,NA,NA,NA,"159649",NA,NA,NA,NA,NA,NA,NA,NA,NA,NA,NA,NA,"14",NA
NA,NA,"1","7627","4782.07",NA,NA,NA,NA,NA,NA,NA,NA,NA,NA,"159851","4982.35",NA,NA,"10","0.14102","4741","0.573786",NA,NA,"26.932",NA,NA,"6",NA
NA,NA,NA,NA,NA,NA,NA,NA,NA,NA,NA,NA,NA,NA,NA,"159438",NA,NA,NA,NA,NA,NA,NA,NA,NA,NA,NA,NA,NA,NA
NA,NA,NA,NA,NA,NA,NA,NA,NA,NA,NA,NA,NA,NA,NA,"159148",NA,NA,NA,NA,NA,NA,NA,NA,NA,NA,NA,NA,"4",NA
NA,NA,NA,NA,NA,NA,NA,NA,NA,NA,NA,NA,NA,NA,NA,"159699",NA,NA,NA,NA,NA,NA,NA,NA,NA,NA,NA,NA,"4",NA
NA,NA,"1",NA,NA,NA,NA,NA,NA,NA,NA,NA,NA,NA,NA,"159485",NA,NA,NA,"258",NA,NA,NA,NA,NA,NA,NA,NA,NA,NA
NA,NA,NA,NA,NA,NA,NA,NA,NA,NA,NA,NA,NA,NA,NA,"159832",NA,NA,NA,NA,NA,NA,NA,NA,NA,NA,NA,NA,"9",NA
NA,NA,NA,NA,NA,NA,NA,NA,NA,NA,NA,NA,NA,NA,NA,"159250",NA,NA,NA,NA,NA,NA,NA,NA,"0.958",NA,NA,NA,"20",NA
NA,NA,NA,NA,NA,NA,NA,NA,NA,NA,NA,NA,NA,NA,NA,"159248",NA,NA,NA,NA,NA,NA,NA,NA,"0.313",NA,NA,NA,"17",NA
NA,NA,NA,"2168",NA,NA,"0",NA,NA,NA,NA,NA,NA,NA,NA,"159460",NA,NA,"1",NA,NA,NA,NA,NA,NA,NA,NA,NA,"30",NA
NA,NA,NA,"1715",NA,NA,NA,NA,NA,NA,NA,NA,NA,NA,NA,"159727",NA,NA,NA,NA,NA,NA,NA,NA,NA,NA,NA,NA,NA,NA
NA,NA,NA,NA,NA,NA,NA,NA,NA,NA,NA,NA,NA,NA,NA,"159242",NA,NA,NA,NA,NA,NA,NA,NA,NA,NA,NA,NA,"27",NA
NA,NA,NA,NA,NA,NA,NA,NA,NA,NA,NA,NA,NA,NA,NA,"159076",NA,NA,NA,NA,NA,NA,NA,NA,NA,NA,NA,NA,"20",NA
NA,NA,NA,"1505",NA,NA,NA,NA,NA,NA,NA,NA,NA,NA,NA,"159851",NA,NA,NA,NA,NA,NA,NA,NA,"0.64",NA,NA,NA,NA,NA
NA,NA,NA,"1066",NA,NA,NA,NA,NA,NA,NA,NA,NA,NA,NA,"159692",NA,NA,NA,NA,NA,NA,NA,NA,NA,NA,NA,NA,"7",NA
NA,NA,"1",NA,"3826.59",NA,NA,NA,NA,NA,NA,NA,NA,NA,NA,"159627","3925.28",NA,NA,"12","0.151578","3769","0.480256",NA,"0.477","18.3853",NA,NA,"25",NA
NA,NA,NA,NA,NA,NA,NA,NA,NA,NA,NA,NA,NA,NA,NA,"159336",NA,NA,NA,NA,NA,NA,NA,NA,NA,NA,NA,NA,NA,NA
NA,NA,NA,"1231",NA,NA,NA,NA,NA,NA,NA,NA,NA,NA,NA,"159145",NA,NA,NA,NA,NA,NA,NA,NA,NA,NA,NA,NA,"13",NA
NA,NA,NA,NA,NA,NA,NA,NA,NA,NA,NA,NA,NA,NA,NA,"159281",NA,NA,NA,NA,NA,NA,NA,NA,NA,NA,NA,NA,"15",NA
NA,NA,"1","2403","3863.52",NA,NA,NA,NA,NA,NA,NA,NA,NA,NA,"159564","4490.57",NA,NA,"12","0.143877","4938","0.528617",NA,NA,"29.2964",NA,NA,"5",NA
NA,NA,NA,NA,NA,NA,NA,NA,NA,NA,NA,NA,NA,NA,NA,"159831",NA,NA,NA,NA,NA,NA,NA,NA,NA,NA,NA,NA,"7",NA
NA,NA,"1","2543","3255.95",NA,NA,NA,NA,NA,NA,NA,NA,"1",NA,"159416","3781.74",NA,NA,"17","0.130899","3638","0.495962",NA,NA,"15.7832",NA,NA,"18","9"
NA,NA,NA,NA,NA,NA,NA,NA,NA,NA,NA,NA,NA,NA,NA,"159287",NA,NA,NA,NA,NA,NA,NA,NA,NA,NA,NA,NA,"7",NA
NA,NA,NA,NA,NA,NA,NA,NA,NA,NA,NA,NA,NA,NA,NA,"159622",NA,NA,NA,NA,NA,NA,NA,NA,"0.628",NA,NA,NA,"2",NA
NA,NA,NA,NA,NA,NA,NA,NA,NA,NA,NA,NA,NA,NA,NA,"159868",NA,NA,NA,NA,NA,NA,NA,NA,NA,NA,NA,NA,"2",NA
NA,NA,NA,NA,NA,NA,NA,NA,NA,NA,NA,NA,NA,NA,NA,"159460",NA,NA,NA,NA,NA,NA,NA,NA,NA,NA,NA,NA,NA,NA
NA,NA,NA,NA,NA,NA,NA,NA,NA,NA,NA,NA,NA,NA,NA,"159626",NA,NA,NA,NA,NA,NA,NA,NA,"0.447",NA,NA,NA,NA,NA
NA,NA,NA,NA,NA,NA,NA,NA,NA,NA,NA,NA,NA,NA,NA,"159325",NA,NA,NA,NA,NA,NA,NA,NA,NA,NA,NA,NA,"12",NA
NA,NA,NA,NA,NA,NA,NA,NA,NA,NA,NA,NA,NA,NA,NA,"159354",NA,NA,NA,NA,NA,NA,NA,NA,"0.629",NA,NA,NA,"22",NA
NA,NA,NA,NA,NA,NA,NA,NA,NA,NA,NA,NA,NA,NA,NA,"159336",NA,NA,NA,NA,NA,NA,NA,NA,NA,NA,NA,NA,NA,NA
NA,NA,NA,NA,NA,NA,NA,NA,NA,NA,NA,NA,NA,NA,NA,"159684",NA,NA,NA,NA,NA,NA,NA,NA,"0.666",NA,NA,NA,NA,NA
NA,NA,NA,"1264",NA,NA,NA,NA,NA,NA,NA,NA,NA,NA,NA,"159056",NA,NA,NA,NA,NA,NA,NA,NA,NA,NA,NA,NA,"5",NA
NA,NA,NA,"1819",NA,NA,NA,NA,NA,NA,NA,NA,NA,NA,NA,"159146",NA,NA,NA,NA,NA,NA,NA,NA,NA,NA,NA,NA,NA,NA
NA,NA,NA,NA,NA,NA,NA,NA,NA,NA,NA,NA,NA,NA,NA,"159751",NA,NA,NA,NA,NA,NA,NA,NA,NA,NA,NA,NA,"6",NA
NA,NA,NA,NA,NA,NA,NA,NA,NA,NA,NA,NA,NA,NA,NA,"159336",NA,NA,NA,NA,NA,NA,NA,NA,NA,NA,NA,NA,NA,NA
NA,NA,NA,NA,NA,NA,NA,NA,NA,NA,NA,NA,NA,NA,NA,"159407",NA,NA,NA,NA,NA,NA,NA,NA,NA,NA,NA,NA,"30",NA
NA,NA,NA,"1646",NA,NA,NA,NA,NA,NA,NA,NA,NA,NA,NA,"159779",NA,NA,NA,NA,NA,NA,NA,NA,NA,NA,NA,NA,"17",NA
NA,NA,NA,NA,NA,NA,NA,NA,NA,NA,NA,NA,NA,NA,NA,"159319",NA,NA,NA,NA,NA,NA,NA,NA,NA,NA,NA,NA,"20",NA
NA,NA,"1",NA,"3612.78","2.973",NA,NA,"4067.66",NA,NA,NA,NA,"1",NA,"159548","3551.15",NA,NA,"14","0.131141","5186","0.472279",NA,NA,"22.9315",NA,NA,"30","10"
NA,NA,NA,NA,NA,NA,NA,NA,NA,NA,NA,NA,NA,NA,NA,"159720",NA,NA,NA,NA,NA,NA,NA,NA,NA,NA,NA,NA,"6",NA
NA,NA,NA,NA,NA,NA,NA,NA,NA,NA,NA,NA,NA,NA,NA,"159780",NA,NA,NA,NA,NA,NA,NA,NA,NA,NA,NA,NA,"9",NA
NA,NA,NA,NA,NA,NA,NA,NA,NA,NA,NA,NA,NA,NA,NA,"159870",NA,NA,NA,NA,NA,NA,NA,NA,"0.373",NA,NA,NA,"23",NA
NA,NA,NA,NA,NA,NA,NA,NA,NA,NA,NA,NA,NA,NA,NA,"159174",NA,NA,NA,NA,NA,NA,NA,NA,"0.747",NA,NA,NA,"26",NA
NA,NA,NA,NA,NA,NA,NA,NA,NA,NA,NA,NA,NA,NA,NA,"159340",NA,NA,NA,NA,NA,NA,NA,NA,NA,NA,NA,NA,"11",NA
NA,NA,NA,"880",NA,NA,NA,NA,NA,NA,NA,NA,NA,NA,NA,"159649",NA,NA,NA,NA,NA,NA,NA,NA,NA,NA,NA,NA,NA,NA
NA,NA,NA,NA,NA,NA,NA,NA,NA,NA,NA,NA,NA,NA,NA,"159831",NA,NA,NA,NA,NA,NA,NA,NA,NA,NA,NA,NA,"4",NA
NA,NA,NA,NA,NA,NA,NA,NA,NA,NA,NA,NA,NA,NA,NA,"159340",NA,NA,NA,NA,NA,NA,NA,NA,NA,NA,NA,NA,NA,NA
NA,NA,NA,NA,NA,NA,NA,NA,NA,NA,NA,NA,NA,NA,NA,"159067",NA,NA,NA,NA,NA,NA,NA,NA,NA,NA,NA,NA,"8",NA
NA,NA,NA,"1656",NA,NA,NA,NA,NA,NA,NA,NA,NA,NA,NA,"159832",NA,NA,NA,NA,NA,NA,NA,NA,"0.528",NA,NA,NA,"14",NA
NA,NA,NA,NA,NA,NA,NA,NA,NA,NA,NA,NA,NA,NA,NA,"159623",NA,NA,NA,NA,NA,NA,NA,NA,NA,NA,NA,NA,"29",NA
NA,NA,NA,NA,NA,NA,NA,NA,NA,NA,NA,NA,NA,NA,NA,"159633",NA,NA,NA,NA,NA,NA,NA,NA,"0.488",NA,NA,NA,"5",NA
NA,NA,NA,NA,NA,NA,NA,NA,NA,NA,NA,NA,NA,NA,NA,"159722",NA,NA,NA,NA,NA,NA,NA,NA,"0.638",NA,NA,NA,NA,NA
NA,NA,NA,NA,NA,NA,NA,NA,NA,NA,NA,NA,NA,NA,NA,"159562",NA,NA,NA,NA,NA,NA,NA,NA,NA,NA,NA,NA,"11",NA
NA,NA,NA,NA,NA,NA,NA,NA,NA,NA,NA,NA,NA,NA,NA,"159379",NA,NA,NA,NA,NA,NA,NA,NA,"0.543",NA,NA,NA,"8",NA
NA,NA,NA,NA,NA,NA,NA,NA,NA,NA,NA,NA,NA,NA,NA,"159460",NA,NA,NA,NA,NA,NA,NA,NA,NA,NA,NA,NA,NA,NA
NA,NA,NA,"4138",NA,NA,NA,NA,NA,NA,NA,NA,NA,NA,NA,"159677",NA,NA,NA,NA,NA,NA,NA,NA,"0.607",NA,NA,NA,"6",NA
NA,NA,NA,"5577",NA,NA,NA,NA,NA,NA,NA,NA,NA,NA,NA,"159181",NA,NA,NA,NA,NA,NA,NA,NA,"0.8",NA,NA,NA,NA,NA
NA,NA,NA,NA,NA,NA,NA,NA,NA,NA,NA,NA,NA,NA,NA,"159179",NA,NA,NA,NA,NA,NA,NA,NA,"0.472",NA,NA,NA,NA,NA
NA,NA,"1",NA,NA,NA,NA,NA,NA,NA,NA,NA,NA,NA,NA,"159076","3657.44",NA,NA,"15",NA,"4273",NA,NA,NA,"14.5139",NA,NA,NA,NA
NA,NA,NA,NA,NA,NA,NA,NA,NA,NA,NA,NA,NA,NA,NA,"159056",NA,NA,NA,NA,NA,NA,NA,NA,"0.445",NA,NA,NA,"3",NA
NA,NA,NA,NA,NA,NA,NA,NA,NA,NA,NA,NA,NA,NA,NA,"159460",NA,NA,NA,NA,NA,NA,NA,NA,NA,NA,NA,NA,"27",NA
NA,NA,NA,NA,NA,NA,NA,NA,NA,NA,NA,NA,NA,NA,NA,"159148",NA,NA,NA,NA,NA,NA,NA,NA,NA,NA,NA,NA,NA,NA
NA,NA,NA,NA,NA,NA,NA,NA,NA,NA,NA,NA,NA,NA,NA,"159250",NA,NA,NA,NA,NA,NA,NA,NA,"0.555",NA,NA,NA,"6",NA
NA,NA,NA,NA,NA,NA,NA,NA,NA,NA,NA,NA,NA,NA,NA,"159130",NA,NA,NA,NA,NA,NA,NA,NA,NA,NA,NA,NA,"14",NA
NA,NA,NA,NA,NA,NA,NA,NA,NA,NA,NA,NA,NA,NA,NA,"159352",NA,NA,NA,NA,NA,NA,NA,NA,NA,NA,NA,NA,"3",NA
NA,NA,NA,NA,NA,NA,NA,NA,NA,NA,NA,NA,NA,NA,NA,"159481",NA,NA,NA,NA,NA,NA,NA,NA,"0.556",NA,NA,NA,NA,NA
NA,NA,"1","1151","3956.09",NA,NA,NA,NA,NA,NA,NA,NA,NA,NA,"159677","4001.4",NA,NA,"15","0.140724","4607","0.53108",NA,"0.566","22.8302",NA,NA,"18",NA
NA,NA,NA,NA,NA,NA,NA,NA,NA,NA,NA,NA,NA,NA,NA,"159527",NA,NA,NA,NA,NA,NA,NA,NA,NA,NA,NA,NA,NA,NA
NA,NA,NA,"945",NA,NA,NA,NA,NA,NA,NA,NA,NA,NA,NA,"159066",NA,NA,NA,NA,NA,NA,NA,NA,"0.547",NA,NA,NA,"6",NA
NA,NA,NA,"1696",NA,NA,NA,NA,NA,NA,NA,NA,NA,NA,NA,"159896",NA,NA,NA,NA,NA,NA,NA,NA,NA,NA,NA,NA,"15",NA
NA,NA,NA,NA,NA,NA,NA,NA,NA,NA,NA,NA,NA,NA,NA,"159066",NA,NA,NA,NA,NA,NA,NA,NA,"0.91",NA,NA,NA,"3",NA
NA,NA,NA,NA,NA,NA,NA,NA,NA,NA,NA,NA,NA,NA,NA,"159630",NA,NA,NA,NA,NA,NA,NA,NA,"1.266",NA,NA,NA,"10",NA
NA,NA,NA,NA,NA,NA,NA,NA,NA,NA,NA,NA,NA,NA,NA,"159184",NA,NA,NA,NA,NA,NA,NA,NA,NA,NA,NA,NA,"43",NA
NA,NA,NA,"500",NA,NA,NA,NA,NA,NA,NA,NA,NA,NA,NA,"159705",NA,NA,NA,NA,NA,NA,NA,NA,NA,NA,NA,NA,"1",NA
NA,NA,NA,NA,NA,NA,NA,NA,NA,NA,NA,NA,NA,NA,NA,"159174",NA,NA,NA,NA,NA,NA,NA,NA,NA,NA,NA,NA,"15",NA
NA,NA,NA,NA,NA,NA,NA,NA,NA,NA,NA,NA,NA,NA,NA,"159053",NA,NA,NA,NA,NA,NA,NA,NA,NA,NA,NA,NA,"10",NA
NA,NA,"2","2103",NA,NA,NA,NA,NA,NA,NA,NA,NA,NA,NA,"159325",NA,NA,NA,"12",NA,NA,NA,NA,NA,NA,NA,NA,"3",NA
NA,NA,NA,NA,NA,NA,NA,NA,NA,NA,NA,NA,NA,NA,NA,"159649",NA,NA,NA,NA,NA,NA,NA,NA,NA,NA,NA,NA,NA,NA
NA,NA,NA,NA,NA,NA,NA,NA,NA,NA,NA,NA,NA,NA,NA,"159567",NA,NA,NA,NA,NA,NA,NA,NA,NA,NA,NA,NA,NA,NA
NA,NA,"1","1344","3781.89",NA,NA,NA,NA,NA,NA,NA,NA,NA,NA,"159287","3608.6",NA,NA,"16","0.145059","4912","0.518596",NA,NA,"22.2728",NA,NA,"3",NA
NA,NA,"1","4033","3908.03",NA,NA,NA,NA,NA,NA,NA,NA,NA,NA,"159185","3490.2",NA,NA,"15","0.161533","4403","0.550356",NA,NA,"27.4067",NA,NA,NA,NA
NA,NA,NA,NA,NA,NA,NA,NA,NA,NA,NA,NA,NA,NA,NA,"159148",NA,NA,NA,NA,NA,NA,NA,NA,NA,NA,NA,NA,NA,NA
NA,NA,NA,NA,NA,NA,NA,NA,NA,NA,NA,NA,NA,NA,NA,"159779",NA,NA,NA,NA,NA,NA,NA,NA,"0.587",NA,NA,NA,"-1",NA
NA,NA,NA,NA,NA,NA,NA,NA,NA,NA,NA,NA,NA,NA,NA,"159241",NA,NA,NA,NA,NA,NA,NA,NA,"0.491",NA,NA,NA,NA,NA
NA,NA,NA,NA,NA,NA,NA,NA,NA,NA,NA,NA,NA,NA,NA,"159033",NA,NA,NA,NA,NA,NA,NA,NA,NA,NA,NA,NA,NA,NA
NA,NA,NA,NA,NA,NA,NA,NA,NA,NA,NA,NA,NA,NA,NA,"159130",NA,NA,NA,NA,NA,NA,NA,NA,NA,NA,NA,NA,"5",NA
NA,NA,NA,NA,NA,NA,NA,NA,NA,NA,NA,NA,NA,NA,NA,"159649",NA,NA,NA,NA,NA,NA,NA,NA,NA,NA,NA,NA,NA,NA
NA,NA,NA,NA,NA,NA,NA,NA,NA,NA,NA,NA,NA,NA,NA,"159562",NA,NA,NA,NA,NA,NA,NA,NA,NA,NA,NA,NA,"3",NA
NA,NA,NA,NA,NA,NA,NA,NA,NA,NA,NA,NA,NA,NA,NA,"159460",NA,NA,NA,NA,NA,NA,NA,NA,NA,NA,NA,NA,NA,NA
NA,NA,NA,"1906",NA,NA,NA,NA,NA,NA,NA,NA,NA,NA,NA,"159148",NA,NA,NA,NA,NA,NA,NA,NA,NA,NA,NA,NA,NA,NA
NA,NA,"1","1328","3408.71",NA,NA,NA,NA,NA,NA,NA,NA,NA,NA,"159370","4423.16",NA,NA,"14","0.158533","5147","0.515095",NA,NA,"25.6514",NA,NA,NA,NA
NA,NA,NA,NA,NA,NA,NA,NA,NA,NA,NA,NA,NA,NA,NA,"159896",NA,NA,NA,NA,NA,NA,NA,NA,NA,NA,NA,NA,"15",NA
NA,NA,NA,NA,NA,NA,NA,NA,NA,NA,NA,NA,NA,NA,NA,"159146",NA,NA,NA,NA,NA,NA,NA,NA,NA,NA,NA,NA,"26",NA
NA,NA,NA,NA,NA,NA,NA,NA,NA,NA,NA,NA,NA,NA,NA,"159710",NA,NA,NA,NA,NA,NA,NA,NA,NA,NA,NA,NA,"12",NA
NA,NA,NA,"2274",NA,NA,NA,NA,NA,NA,NA,NA,NA,NA,NA,"159090",NA,NA,NA,NA,NA,NA,NA,NA,NA,NA,NA,NA,NA,NA
NA,NA,"1",NA,NA,NA,NA,NA,NA,NA,NA,NA,NA,NA,NA,"159619",NA,NA,NA,NA,NA,NA,NA,NA,NA,NA,NA,NA,"3",NA
NA,NA,NA,"2135",NA,NA,NA,NA,NA,NA,NA,NA,NA,NA,NA,"159635",NA,NA,NA,NA,NA,NA,NA,NA,NA,NA,NA,NA,"14",NA
NA,NA,NA,NA,NA,NA,NA,NA,NA,NA,NA,NA,NA,NA,NA,"159286",NA,NA,NA,NA,NA,NA,NA,NA,NA,NA,NA,NA,"4",NA
NA,NA,NA,"1464",NA,NA,NA,NA,NA,NA,NA,NA,NA,NA,NA,"159877",NA,NA,NA,NA,NA,NA,NA,NA,NA,NA,NA,NA,NA,NA
NA,NA,NA,NA,NA,NA,NA,NA,NA,NA,NA,NA,NA,NA,NA,"159181",NA,NA,NA,NA,NA,NA,NA,NA,NA,NA,NA,NA,"15",NA
NA,NA,NA,NA,NA,NA,NA,NA,NA,NA,NA,NA,NA,NA,NA,"159668",NA,NA,NA,NA,NA,NA,NA,NA,"0.592",NA,NA,NA,"21",NA
NA,NA,NA,NA,NA,NA,NA,NA,NA,NA,NA,NA,NA,NA,NA,"159246",NA,NA,NA,NA,NA,NA,NA,NA,NA,NA,NA,NA,"5",NA
NA,NA,NA,NA,NA,NA,NA,NA,NA,NA,NA,NA,NA,NA,NA,"159245",NA,NA,NA,NA,NA,NA,NA,NA,NA,NA,NA,NA,"7",NA
NA,NA,NA,NA,NA,NA,NA,NA,NA,NA,NA,NA,NA,NA,NA,"159145",NA,NA,NA,NA,NA,NA,NA,NA,NA,NA,NA,NA,NA,NA
NA,NA,NA,NA,NA,NA,NA,NA,NA,NA,NA,NA,NA,NA,NA,"159354",NA,NA,NA,NA,NA,NA,NA,NA,NA,NA,NA,NA,NA,NA
NA,NA,NA,NA,NA,NA,NA,NA,NA,NA,NA,NA,NA,NA,NA,"159174",NA,NA,NA,NA,NA,NA,NA,NA,NA,NA,NA,NA,"49",NA
NA,NA,NA,NA,NA,NA,NA,NA,NA,NA,NA,NA,NA,NA,NA,"159460",NA,NA,NA,NA,NA,NA,NA,NA,NA,NA,NA,NA,"11",NA
NA,NA,NA,NA,NA,NA,NA,NA,NA,NA,NA,NA,NA,NA,NA,"159649",NA,NA,NA,NA,NA,NA,NA,NA,NA,NA,NA,NA,NA,NA
NA,NA,NA,NA,NA,NA,NA,NA,NA,NA,NA,NA,NA,NA,NA,"159868",NA,NA,NA,NA,NA,NA,NA,NA,NA,NA,NA,NA,"21",NA
NA,NA,NA,NA,NA,NA,NA,NA,NA,NA,NA,NA,NA,NA,NA,"159174",NA,NA,NA,NA,NA,NA,NA,NA,NA,NA,NA,NA,NA,NA
NA,NA,NA,NA,NA,NA,NA,NA,NA,NA,NA,NA,NA,NA,NA,"159460",NA,NA,NA,NA,NA,NA,NA,NA,NA,NA,NA,NA,NA,NA
