"features","percent","is_constant"
"6mm_cylindrical_power_angle_left_f5113_1_3",1,1
"6mm_strong_meridian_angle_right_f5106_0_1",0.833333333333333,0
"6mm_strong_meridian_left_f5134_0_3",1,1
"arm_fat_percentage_left_f23123_1_0",0.953333333333333,0
"attendancedisabilitymobility_allowance_f6146_3_0",1,1
"average_weekly_beer_plus_cider_intake_f1588_0_0",0.306666666666667,0
"boiledbaked_potatoes_intake_f104030_3_0",0.946666666666667,0
"cancer_yearage_first_occurred_f84_3_2",1,1
"consent_signoff_timestamp_f21821_2_0",0.893333333333333,0
"diagnoses_icd10_f41270_0_99",1,1
"duration_to_entering_value_f20230_0_92",1,1
"ecg_phase_time_f5986_1_8",0.956666666666667,0
"ever_depressed_for_a_whole_week_f4598_3_0",1,1
"eye_measures_duration_f5198_0_0",0.776666666666667,0
"greywhite_contrast_in_caudalanteriorcingulate_left_hemisphere_f26991_3_0",1,1
"greywhite_contrast_in_parstriangularis_left_hemisphere_f27008_3_0",1,1
"hearing_test_done_f4849_2_0",0.893333333333333,1
"mean_intensity_of_cerebellumcortex_right_hemisphere_f26572_3_0",1,1
"mean_thickness_of_sfrontinf_right_hemisphere_f27676_3_0",1,1
"operative_procedures_opcs4_f41272_0_106",1,1
"pm_initial_answer_f4292_2_0",0.9,0
"soup_consumers_f102520_3_0",0.8,0
"time_first_key_touched_f4254_3_11",1,1
"time_to_press_last_digit_left_f4235_1_1",0.95,0
"time_to_press_next_left_f4237_2_3",0.893333333333333,0
"type_of_bread_roll_eaten_f20094_4_4",1,1
"volume_of_caudalanteriorcingulate_left_hemisphere_f27205_3_0",1,1
"volume_of_grey_matter_in_inferior_temporal_gyrus_posterior_division_right_f25811_3_0",1,1
"workplace_very_noisy_f22606_0_1",0.83,0
"yogurt_intake_f102090_0_0",0.973333333333333,0
