"features","percent","is_constant"
"area_of_medialorbitofrontal_right_hemisphere_f27247_2_0",0.926666666666667,0
"cancer_record_origin_f40021_7_0",1,1
"chest_pain_or_discomfort_f2335_1_0",0.953333333333333,0
"cooked_vegetable_intake_f1289_0_0",0,0
"couscous_intake_f102770_2_0",0.993333333333333,0
"date_of_first_inpatient_diagnosis_icd10_f41280_0_100",0.996666666666667,1
"date_of_first_inpatient_diagnosis_icd10_f41280_0_128",1,1
"digits_entered_correctly_f4259_1_7",1,1
"ecg_heart_rate_f5983_1_29",0.96,0
"ecg_phase_time_f5986_1_12",0.96,0
"end_systolic_pressure_index_during_pwa_f12684_2_2",1,1
"greywhite_contrast_in_lateralorbitofrontal_left_hemisphere_f27000_2_0",0.926666666666667,0
"greywhite_contrast_in_superiorparietal_left_hemisphere_f27017_2_0",0.926666666666667,0
"interpolated_year_when_operation_took_place_f20010_2_5",1,1
"maternal_smoking_around_birth_f1787_2_0",0.986666666666667,0
"mean_intensity_of_lateralventricle_right_hemisphere_f26569_3_0",1,1
"mean_l3_in_superior_cerebellar_peduncle_on_fa_skeleton_left_f25309_3_0",1,1
"melon_intake_f104520_4_0",0.996666666666667,1
"noncancer_illness_code_selfreported_f20002_3_1",0.99,0
"number_of_letters_shown_in_round_left_f5074_1_7",1,1
"period_spent_working_mix_of_day_and_night_shifts_f22641_0_5",1,1
"pilot_spirometry_authorisation_f21732_0_0",0.99,0
"prune_intake_f104420_1_0",0.993333333333333,1
"test_array_presented_f20198_0_65",1,1
"time_to_press_last_digit_right_f4246_2_4",0.916666666666667,0
"time_to_press_last_digit_right_f4246_3_2",0.99,0
"treatmentmedication_code_f20003_3_30",1,1
"volume_of_grey_matter_in_frontal_operculum_cortex_left_f25862_3_0",1,1
"weightedmean_l1_in_tract_posterior_thalamic_radiation_left_f25588_3_0",1,1
"workplace_very_dusty_f22609_0_10",1,1
