"features","percent","is_constant"
"area_of_medialorbitofrontal_right_hemisphere_f26969_2_0",0.903333333333333,0
"breathing_problems_improvedstopped_away_from_workplace_or_on_holiday_f22618_0_2",0.973333333333333,1
"cancer_record_origin_f40021_10_0",1,1
"cardiac_monitor_authorisation_f21771_2_0",0.966666666666667,0
"ecg_load_f5984_0_111",1,1
"ecg_stage_name_f5988_1_83",0.996666666666667,1
"ever_prescribed_a_medication_for_unusual_or_psychotic_experiences_f20466_0_0",0.983333333333333,1
"index_for_card_a_in_round_f401_2_11",0.896666666666667,1
"index_for_card_b_in_round_pilot_f10140_0_4",0.996666666666667,1
"interpolated_age_of_participant_when_noncancer_illness_first_diagnosed_f20009_3_9",1,1
"length_of_longest_manicirritable_episode_f5663_0_0",0.91,0
"mean_mo_in_retrolenticular_part_of_internal_capsule_on_fa_skeleton_left_f25173_3_0",1,1
"mean_thickness_of_ssuborbital_left_hemisphere_f27472_3_0",1,1
"method_of_recording_time_when_noncancer_illness_first_diagnosed_f20013_0_23",1,1
"method_of_recording_time_when_noncancer_illness_first_diagnosed_f20013_1_16",1,1
"neutrophill_percentage_device_id_f30203_2_0",0.983333333333333,1
"number_of_night_shifts_worked_monthly_during_night_shift_periods_f22653_0_32",1,1
"operative_procedures_main_opcs4_f41200_0_32",1,1
"pain_types_experienced_in_last_month_f6159_1_5",1,1
"place_of_birth_in_uk_north_coordinate_f129_2_0",0.973333333333333,0
"red_blood_cell_erythrocyte_count_acquisition_time_f30012_2_0",0.983333333333333,0
"signaltonoiseratio_snr_of_triplet_left_f4230_0_5",0.646666666666667,0
"test_array_presented_f20198_0_86",1,1
"test_array_presented_f20198_0_96",1,1
"time_last_key_touched_f4255_0_6",0.89,0
"triglycerides_assay_date_f30871_0_0",0.0433333333333333,0
"values_wanted_f23321_2_79",1,1
"values_wanted_f23321_3_41",1,1
"volume_of_fusiform_left_hemisphere_f27209_3_0",1,1
"workplace_had_a_lot_of_cigarette_smoke_from_other_people_smoking_f22611_0_29",1,1
