"features","percent","is_constant"
"area_of_totalsurface_right_hemisphere_f26822_3_0",1,1
"comparative_body_size_at_age_10_f1687_1_0",0.966666666666667,0
"date_of_first_inpatient_diagnosis_main_icd10_f41262_0_13",0.98,0
"diagnoses_secondary_icd10_f41204_0_62",0.996666666666667,1
"displayed_letters_in_round_right_f5080_1_6",1,1
"ecg_heart_rate_f5983_1_37",0.973333333333333,0
"errors_before_selecting_correct_item_in_numeric_path_trail_1_f20147_0_19",0.996666666666667,1
"ge_gi_antigen_for_varicella_zoster_virus_f23002_1_0",1,1
"hot_drink_temperature_f1518_1_0",0.966666666666667,0
"interpolated_age_of_participant_when_operation_took_place_f20011_1_8",1,1
"item_selected_for_each_puzzle_f6332_2_6",0.916666666666667,0
"mean_isovf_in_tapetum_on_fa_skeleton_left_f25487_2_0",0.923333333333333,0
"mean_l3_in_genu_of_corpus_callosum_on_fa_skeleton_f25298_2_0",0.923333333333333,0
"mean_reticulocyte_volume_device_id_f30263_2_0",0.996666666666667,1
"mean_thickness_of_pericalcarine_left_hemisphere_f26775_2_0",0.923333333333333,0
"method_of_recording_time_when_cancer_first_diagnosed_f20012_2_0",0.98,0
"number_of_correct_matches_in_round_pilot_f10136_0_1",0.993333333333333,1
"number_of_rounds_of_numeric_memory_test_performed_f4283_1_0",1,1
"result_ranking_f3059_3_1",1,1
"spread_type_f1428_0_0",0.00666666666666667,0
"target_number_to_be_entered_f4252_1_4",1,1
"time_to_complete_round_f400_2_2",0.906666666666667,0
"time_to_press_last_digit_left_f4235_3_9",1,1
"time_to_press_last_digit_right_f4246_0_9",0.673333333333333,0
"time_to_press_next_right_f4247_2_9",0.903333333333333,0
"treatment_speciality_of_consultant_polymorphic_f41208_0_7",0.973333333333333,0
"urate_aliquot_f30882_0_0",0.0666666666666667,0
"usual_walking_pace_f924_0_0",0,0
"volume_of_gtempsuplateral_right_hemisphere_f27732_2_0",0.923333333333333,0
"worked_with_materials_containing_asbestos_f22612_0_33",1,1
