"features","percent","is_constant"
"age_at_last_live_birth_f2764_2_0",0.966666666666667,0
"apolipoprotein_a_missing_reason_f30635_1_0",0.986666666666667,0
"apple_intake_f104450_0_0",0.94,0
"date_of_first_inpatient_diagnosis_icd10_f41280_0_42",0.973333333333333,0
"date_of_first_inpatient_diagnosis_icd10_f41280_0_50",0.98,0
"duration_to_first_press_of_snapbutton_in_each_round_pilot_f10147_0_9",1,1
"ecg_load_f5984_1_80",0.993333333333333,0
"frequency_of_depressed_days_during_worst_episode_of_depression_f20439_0_0",0.836666666666667,0
"illnesses_of_adopted_father_f20112_0_5",1,1
"illnesses_of_siblings_f20111_1_2",0.99,0
"job_code_historical_f22617_0_31",1,1
"main_speciality_of_consultant_polymorphic_f41207_0_8",0.983333333333333,0
"mean_fa_in_external_capsule_on_fa_skeleton_left_f25089_2_0",0.926666666666667,0
"mean_fa_in_superior_corona_radiata_on_fa_skeleton_right_f25080_3_0",0.993333333333333,0
"mean_fa_in_superior_longitudinal_fasciculus_on_fa_skeleton_left_f25097_2_0",0.926666666666667,0
"mean_icvf_in_external_capsule_on_fa_skeleton_right_f25376_2_0",0.926666666666667,0
"mean_intensity_of_pallidum_left_hemisphere_f26545_3_0",0.993333333333333,0
"mean_l2_in_sagittal_stratum_on_fa_skeleton_right_f25278_2_0",0.926666666666667,0
"mean_od_in_body_of_corpus_callosum_on_fa_skeleton_f25395_3_0",0.993333333333333,0
"other_meat_intake_f103100_0_0",0.996666666666667,1
"reason_for_glassescontact_lenses_f6147_2_1",0.98,0
"rest_days_during_night_shift_periods_f22655_0_11",1,1
"target_number_to_be_memorised_f4251_1_11",1,1
"test_array_presented_f20198_0_19",0.776666666666667,0
"triplet_entered_right_f4242_3_7",0.99,0
"values_wanted_f23321_3_39",1,1
"volume_of_ginsularshort_left_hemisphere_f27494_2_0",0.926666666666667,0
"volume_of_grectus_left_hemisphere_f27507_2_0",0.926666666666667,0
"volume_of_wholehippocampalbody_left_hemisphere_f26639_3_0",0.993333333333333,0
"weightedmean_l3_in_tract_inferior_longitudinal_fasciculus_right_f25638_2_0",0.926666666666667,0
