"features","percent","is_constant"
"added_milk_to_instant_coffee_f100260_2_0",0.963333333333333,1
"alkaline_phosphatase_f30610_1_0",0.983333333333333,0
"anaesthetics_administered_post_delivery_f41220_0_0",0.956666666666667,0
"area_of_stemporalinf_right_hemisphere_f27622_3_0",0.996666666666667,1
"bicycle_speed_f5985_1_92",1,1
"caga_antigen_for_helicobacter_pylori_f23039_0_0",0.983333333333333,0
"diagnoses_icd10_f41270_0_141",1,1
"ecg_phase_time_f5986_1_109",1,1
"food_weight_f100001_0_0",0.836666666666667,0
"fraction_acceleration_325_milligravities_f90136_0_0",0.816666666666667,0
"illnesses_of_father_f20107_2_8",1,1
"keystroke_history_left_f4238_1_5",0.973333333333333,0
"l1l4_bmd_bone_mineral_density_tscore_f23205_2_0",0.996666666666667,1
"mean_signaltonoise_ratio_snr_left_f4233_1_8",0.973333333333333,0
"noncancer_illness_yearage_first_occurred_f87_0_11",0.993333333333333,0
"noncancer_illness_yearage_first_occurred_f87_1_20",1,1
"orange_intake_f104530_4_0",0.966666666666667,0
"other_vegetables_intake_f104380_3_0",0.99,0
"refractometry_result_unreliable_right_f5091_0_6",0.996666666666667,1
"satsuma_intake_f104540_0_0",0.98,0
"spreadssauces_consumers_f103310_0_0",0.836666666666667,0
"triplet_played_left_f4229_1_8",0.973333333333333,0
"value_entered_f6312_2_7",0.923333333333333,0
"vitamin_andor_mineral_supplement_use_f20084_3_10",1,1
"volume_of_grey_matter_in_caudate_right_f25881_2_0",0.913333333333333,0
"weightedmean_mo_in_tract_acoustic_radiation_right_f25543_2_0",0.92,0
"word_associated_with_red_f6503_2_0",0.916666666666667,0
"worked_with_materials_containing_asbestos_f22612_0_26",1,1
"worked_with_paints_thinners_or_glues_f22613_0_19",1,1
"worked_with_paints_thinners_or_glues_f22613_0_25",1,1
