"features","percent","is_constant"
"creatinine_aliquot_f30702_0_0",0.0566666666666667,0
"date_first_recorded_at_location_f22700_0_9",1,1
"degree_bothered_by_shortness_of_breath_in_the_last_3_months_f21056_0_0",0.606666666666667,0
"degree_bothered_by_urinary_frequencybladder_irritability_in_the_last_3_months_f21058_0_0",0.606666666666667,0
"ecg_phase_time_f5986_0_9",0.863333333333333,0
"ecg_stage_name_f5988_0_8",0.863333333333333,1
"ecg_trend_phase_name_f5987_1_68",0.986666666666667,1
"email_access_f20005_0_0",0.39,0
"fish_consumer_f103140_4_0",0.796666666666667,0
"interpolated_year_when_noncancer_illness_first_diagnosed_f20008_0_30",1,1
"interpolated_year_when_operation_took_place_f20010_2_4",0.993333333333333,0
"item_selected_for_each_puzzle_f6332_3_14",0.993333333333333,0
"job_coding_f22601_0_20",1,1
"keystroke_history_left_f4238_3_2",0.99,0
"ldl_direct_aliquot_f30782_0_0",0.0566666666666667,0
"mean_icvf_in_anterior_corona_radiata_on_fa_skeleton_right_f25366_3_0",0.99,0
"mean_isovf_in_medial_lemniscus_on_fa_skeleton_right_f25448_2_0",0.916666666666667,0
"mean_l2_in_posterior_corona_radiata_on_fa_skeleton_right_f25274_3_0",0.99,0
"mean_thickness_of_ba3a_left_hemisphere_f27075_3_0",0.99,0
"pancake_intake_f102010_2_0",1,1
"peak_expiratory_flow_pef_f3064_0_0",0.0833333333333333,0
"pulse_wave_pressure_versus_time_response_curve_f4205_1_0",0.946666666666667,0
"test_array_presented_f20198_0_64",1,1
"test_array_presented_f20198_0_71",1,1
"time_to_press_last_digit_right_f4246_1_6",0.95,0
"triplet_correct_right_f4243_1_4",0.95,0
"volume_of_grey_matter_in_temporal_fusiform_cortex_posterior_division_left_f25856_2_0",0.916666666666667,0
"volume_of_parahippocampal_right_hemisphere_f27311_3_0",0.99,0
"weight_f23098_3_0",0.99,0
"weightedmean_icvf_in_tract_parahippocampal_part_of_cingulum_left_f25656_2_0",0.916666666666667,0
