"features","percent","is_constant"
"antigen_assay_qc_indicator_f23049_0_0",0.996666666666667,1
"area_of_soctempmedlingual_right_hemisphere_f27611_2_0",0.893333333333333,0
"date_of_first_operative_procedure_opcs3_f41283_0_2",1,1
"date_of_parkinsons_disease_report_f42032_0_0",0.993333333333333,0
"diagnoses_secondary_icd10_f41204_0_106",1,1
"ecg_heart_rate_f5983_0_1",0.843333333333333,0
"ecg_stage_name_f5988_0_61",0.926666666666667,0
"errors_before_selecting_correct_item_in_numeric_path_trail_1_f20147_0_9",0.996666666666667,1
"external_ca_f41201_0_12",1,1
"financial_situation_satisfaction_f4581_2_0",0.876666666666667,0
"fractured_bone_sites_f6151_2_4",1,1
"mean_icvf_in_cerebral_peduncle_on_fa_skeleton_left_f25359_3_0",0.996666666666667,1
"mean_reticulocyte_volume_device_id_f30263_2_0",0.993333333333333,1
"mean_thickness_of_parahippocampal_left_hemisphere_f27187_3_0",0.996666666666667,1
"nucleated_red_blood_cell_percentage_acquisition_time_f30232_1_0",0.973333333333333,0
"operation_code_f20004_1_29",1,1
"patient_classification_on_admission_polymorphic_f41209_0_2",0.97,0
"period_spent_working_mix_of_day_and_night_shifts_f22641_0_4",0.996666666666667,1
"platelet_distribution_width_device_id_f30113_0_0",0.0333333333333333,0
"pressure_curve_right_f5259_1_0",0.966666666666667,0
"qualifications_pilot_f10722_0_2",0.996666666666667,1
"satsuma_intake_f104540_4_0",0.973333333333333,0
"target_number_to_be_memorised_f4251_2_7",0.946666666666667,0
"thickness_of_buttermargarine_spread_on_baguettes_f20099_2_0",1,1
"time_elapsed_f4256_1_10",1,1
"time_to_press_next_right_f4247_0_4",0.65,0
"title_for_other_gap_f22662_0_17",1,1
"value_entered_f6312_2_14",0.97,0
"values_wanted_f23321_3_103",1,1
"workplace_had_a_lot_of_diesel_exhaust_f22615_0_6",0.983333333333333,1
