"features","percent","is_constant"
"area_of_superiorparietal_left_hemisphere_f26749_3_0",1,1
"bicycle_speed_f5985_1_0",0.953333333333333,1
"chest_mri_signoff_timestamp_f21863_3_0",1,1
"fraction_acceleration_15_milligravities_f90106_0_0",0.746666666666667,0
"fraction_acceleration_150_milligravities_f90129_0_0",0.746666666666667,0
"fracture_resulting_from_simple_fall_f3005_2_0",0.996666666666667,1
"impedance_of_arm_manual_entry_left_f6222_1_0",1,1
"index_for_card_b_in_round_pilot_f10140_0_14",0.986666666666667,1
"ingredients_in_canned_soup_f20108_0_2",1,1
"intake_of_sugar_added_to_coffee_f100370_3_0",0.966666666666667,0
"interpolated_age_of_participant_when_operation_took_place_f20011_1_18",1,1
"mean_fa_in_sagittal_stratum_on_fa_skeleton_left_f25087_3_0",1,1
"mean_l3_in_corticospinal_tract_on_fa_skeleton_left_f25303_3_0",1,1
"mixture_of_day_and_night_shifts_worked_f22640_0_17",1,1
"nonbutter_spread_type_details_f2654_0_0",0.503333333333333,0
"number_entered_by_participant_f4258_0_11",1,1
"operation_code_f20004_0_21",1,1
"operative_procedures_opcs4_f41272_0_72",1,1
"operative_procedures_secondary_opcs3_f41258_0_3",1,1
"phosphate_correction_reason_f30814_1_0",0.96,1
"pwa_start_time_f12671_2_0",0.93,0
"reason_for_glassescontact_lenses_f6147_0_5",1,1
"recent_medication_for_chronic_bronchitis_f22169_0_0",0.996666666666667,1
"title_for_other_gap_f22662_0_1",0.996666666666667,1
"values_wanted_f23321_3_2",1,1
"volume_of_grey_matter_in_superior_frontal_gyrus_right_f25787_2_0",0.93,0
"volume_of_ld_left_hemisphere_f26712_2_0",0.926666666666667,0
"volume_of_superiorparietal_right_hemisphere_f27324_2_0",0.926666666666667,0
"volume_of_vamc_left_hemisphere_f26675_3_0",1,1
"workplace_very_noisy_f22606_0_13",1,1
