"features","percent","is_constant"
"3mm_keratometry_result_unreliable_right_f5140_0_4",1,1
"antibiotic_codes_for_last_3_months_f20199_3_3",1,1
"biometrics_duration_f4_0_0",0.0133333333333333,0
"date_of_first_inpatient_diagnosis_icd10_f41280_0_59",0.993333333333333,0
"diagnoses_icd10_f41270_0_8",0.696666666666667,0
"duration_to_first_press_of_snapbutton_in_each_round_pilot_f10147_0_19",0.986666666666667,0
"ecg_heart_rate_f5983_1_60",0.99,0
"ecg_phase_time_f5986_1_58",0.983333333333333,0
"ecg_stage_name_f5988_0_30",0.886666666666667,0
"ecg_trend_phase_name_f5987_0_72",0.946666666666667,0
"eggs_in_sandwiches_intake_f102960_0_0",1,1
"family_relationship_satisfaction_f4559_0_0",0.666666666666667,0
"fracture_resulting_from_simple_fall_f3005_2_0",0.99,0
"leg_fatfree_mass_right_f23113_0_0",0.0333333333333333,0
"mean_platelet_thrombocyte_volume_f30100_0_0",0.0733333333333333,0
"mean_sphered_cell_volume_freezethaw_cycles_f30271_0_0",0.09,1
"mean_thickness_of_medialorbitofrontal_left_hemisphere_f27185_2_0",0.933333333333333,0
"number_entered_by_participant_f4258_3_0",0.996666666666667,1
"number_of_correct_matches_in_round_f398_3_2",0.996666666666667,1
"stroke_volume_during_pwa_f12686_3_0",0.996666666666667,1
"sweetened_cereal_intake_f100820_3_0",1,1
"target_number_to_be_entered_f4252_2_10",0.993333333333333,0
"time_number_displayed_for_f4253_3_5",0.996666666666667,1
"time_to_press_first_digit_right_f4245_2_11",0.923333333333333,0
"triplet_played_right_f4240_1_11",0.97,0
"volume_of_grey_matter_in_supramarginal_gyrus_anterior_division_left_f25818_3_0",1,1
"water_intake_f1528_0_0",0,0
"weightedmean_icvf_in_tract_acoustic_radiation_left_f25650_3_0",1,1
"weightedmean_isovf_in_tract_cingulate_gyrus_part_of_cingulum_left_f25708_2_0",0.933333333333333,0
"whole_body_fatfree_mass_f23101_0_0",0.03,0
