"features","percent","is_constant"
"albumin_correction_level_f30603_0_0",0.156666666666667,0
"apolipoprotein_a_aliquot_f30632_0_0",0.0666666666666667,0
"aspartate_aminotransferase_missing_reason_f30655_1_0",0.993333333333333,0
"consecutive_night_shifts_during_mixed_shift_periods_f22644_0_4",0.993333333333333,0
"date_of_first_inpatient_diagnosis_icd10_f41280_0_78",1,1
"diagnoses_main_icd10_f41202_0_55",1,1
"diagnoses_secondary_icd10_f41204_0_176",1,1
"ecg_load_f5984_1_82",1,1
"eye_measures_duration_f5198_1_0",0.98,0
"greywhite_contrast_in_lateraloccipital_right_hemisphere_f27034_2_0",0.93,0
"greywhite_contrast_in_postcentral_left_hemisphere_f27010_3_0",0.993333333333333,0
"index_for_card_b_in_round_f402_3_7",0.993333333333333,1
"interpolated_age_of_participant_when_noncancer_illness_first_diagnosed_f20009_1_28",1,1
"interpolated_age_of_participant_when_noncancer_illness_first_diagnosed_f20009_2_9",1,1
"mean_l2_in_external_capsule_on_fa_skeleton_right_f25280_2_0",0.933333333333333,0
"mean_l2_in_fornix_cresstria_terminalis_on_fa_skeleton_right_f25286_2_0",0.933333333333333,0
"milk_chocolate_intake_f102280_1_0",0.983333333333333,0
"number_of_digits_to_be_memorisedrecalled_f4250_1_5",1,1
"signaltonoiseratio_snr_of_triplet_left_f4230_0_3",0.65,0
"soup_consumers_f102520_2_0",0.82,0
"sources_of_admission_to_hospital_recoded_f41251_0_0",0.14,0
"soya_dessert_intake_f102170_3_0",0.996666666666667,1
"target_number_to_be_entered_f4252_0_9",0.973333333333333,0
"time_last_key_touched_f4255_2_8",0.963333333333333,0
"time_to_press_last_digit_left_f4235_1_10",0.98,0
"values_entered_f20229_0_60",1,1
"values_wanted_f23321_3_29",0.996666666666667,1
"wear_duration_during_1300_1359_f90073_0_0",0.796666666666667,0
"weightedmean_isovf_in_tract_parahippocampal_part_of_cingulum_right_f25711_3_0",0.993333333333333,0
"workplace_very_cold_f22607_0_3",0.916666666666667,0
