"features","percent","is_constant"
"behaviour_of_cancer_tumour_f40012_3_0",0.993333333333333,1
"brain_mri_signoff_timestamp_f21862_2_0",0.896666666666667,0
"contributory_secondary_ca_f40002_1_9",1,1
"date_of_first_operative_procedure_main_opcs4_f41260_0_20",1,1
"date_of_first_operative_procedure_opcs4_f41282_0_34",0.986666666666667,0
"diagnoses_secondary_icd10_f41204_0_22",0.97,0
"igf1_assay_date_f30771_1_0",0.976666666666667,0
"immature_reticulocyte_fraction_acquisition_time_f30282_2_0",0.99,0
"impedance_of_leg_right_f23107_1_0",0.98,0
"interpolated_age_of_participant_when_operation_took_place_f20011_0_27",1,1
"leg_pain_when_walking_ever_disappears_while_walking_f5496_1_0",1,1
"mean_l1_in_superior_longitudinal_fasciculus_on_fa_skeleton_left_f25241_3_0",0.996666666666667,1
"mean_thickness_of_gtemporalmiddle_left_hemisphere_f27440_2_0",0.913333333333333,0
"median_t2star_in_accumbens_right_f25039_2_0",0.923333333333333,0
"method_of_recording_time_when_operation_occurred_f20014_3_26",1,1
"noncancer_illness_yearage_first_occurred_f87_0_17",1,1
"nucleated_red_blood_cell_percentage_f30230_2_0",0.99,1
"number_of_letters_shown_in_round_left_f5074_1_2",0.986666666666667,1
"period_spent_working_night_shifts_f22651_0_10",1,1
"qualifications_f6138_3_2",0.993333333333333,1
"signaltonoiseratio_snr_of_triplet_right_f4241_1_6",0.976666666666667,0
"target_number_to_be_entered_f4252_3_11",1,1
"treatmentmedication_code_f20003_1_19",1,1
"triplet_entered_left_f4236_1_14",0.98,0
"volume_of_amygdala_left_f25021_3_0",0.996666666666667,1
"volume_of_grey_matter_in_planum_polare_left_f25868_2_0",0.913333333333333,0
"volume_of_soccipitalant_left_hemisphere_f27535_3_0",0.996666666666667,1
"weightedmean_l3_in_tract_superior_longitudinal_fasciculus_right_f25645_2_0",0.92,0
"weightedmean_od_in_tract_anterior_thalamic_radiation_right_f25680_3_0",0.996666666666667,1
"worked_with_pesticides_f22614_0_19",1,1
