"features","percent","is_constant"
"3mm_regularity_index_left_f5163_1_1",0.973333333333333,0
"6mm_index_of_best_keratometry_results_right_f5251_0_0",0.843333333333333,0
"6mm_strong_meridian_left_f5134_0_3",1,1
"age_sarcoidosis_diagnosed_by_doctor_f22153_0_0",0.996666666666667,1
"area_of_cuneus_right_hemisphere_f26826_2_0",0.91,0
"area_of_inferiorparietal_left_hemisphere_f26728_3_0",1,1
"area_of_lateralorbitofrontal_left_hemisphere_f27152_3_0",1,1
"cardiac_index_during_pwa_f12702_2_4",1,1
"cottage_cheese_intake_f102870_0_0",0.996666666666667,1
"date_of_first_inpatient_diagnosis_icd10_f41280_0_157",1,1
"degree_bothered_by_painproblems_during_intercourse_in_the_last_3_months_f21057_0_0",0.66,0
"diagnoses_icd9_f41271_0_44",1,1
"direct_bilirubin_f30660_1_0",0.973333333333333,0
"duration_to_first_press_of_snapbutton_in_each_round_f404_3_7",1,1
"greywhite_contrast_in_lateralorbitofrontal_right_hemisphere_f27035_3_0",1,1
"interpolated_year_when_noncancer_illness_first_diagnosed_f20008_1_25",1,1
"logmar_in_round_left_f5078_0_13",1,1
"mean_isovf_in_cingulum_cingulate_gyrus_on_fa_skeleton_right_f25474_2_0",0.92,0
"mean_md_in_medial_lemniscus_on_fa_skeleton_left_f25113_2_0",0.92,0
"mean_thickness_of_ba45_right_hemisphere_f27123_3_0",1,1
"mean_thickness_of_scircularinsulasup_right_hemisphere_f27673_2_0",0.91,0
"mental_health_problems_ever_diagnosed_by_a_professional_f20544_0_15",1,1
"number_of_night_shifts_worked_monthly_during_night_shift_periods_f22653_0_24",1,1
"operation_code_f20004_1_4",1,1
"operator_indicated_brain_mri_measurement_completed_f12188_3_0",1,1
"previously_smoked_cigarettes_on_mostall_days_f5959_0_0",1,1
"pure_fruitvegetable_juice_intake_f100210_1_0",0.976666666666667,0
"type_of_bread_roll_eaten_f20094_4_0",0.986666666666667,0
"workplace_very_hot_f22608_0_24",1,1
"year_gap_ended_f22664_0_3",0.973333333333333,0
