"features","percent","is_constant"
"12lead_ecg_measuring_method_f12323_2_0",0.92,0
"date_of_first_inpatient_diagnosis_icd10_f41280_0_0",0.186666666666667,0
"ecg_heart_rate_f5983_0_1",0.856666666666667,0
"ever_stopped_smoking_for_6_months_f2907_3_0",1,1
"high_light_scatter_reticulocyte_count_acquisition_time_f30302_0_0",0.06,0
"hiv1_seropositivity_for_human_immunodeficiency_virus_f23064_1_0",1,1
"interpolated_age_of_participant_when_operation_took_place_f20011_0_16",1,1
"lv_ejection_fraction_f22420_3_0",1,1
"maximum_digits_remembered_correctly_f4282_1_0",1,1
"mean_l2_in_posterior_corona_radiata_on_fa_skeleton_right_f25274_2_0",0.936666666666667,0
"mean_l2_in_superior_corona_radiata_on_fa_skeleton_right_f25272_3_0",1,1
"mean_thickness_of_gcingulpostdorsal_right_hemisphere_f27633_2_0",0.933333333333333,0
"mean_thickness_of_v2_right_hemisphere_f27125_3_0",1,1
"methods_of_discharge_from_hospital_recoded_f41250_0_5",1,1
"noncancer_illness_yearage_first_occurred_f87_1_33",1,1
"other_eye_problems_f2227_2_0",0.92,0
"phosphate_reportability_f30816_0_0",0.156666666666667,1
"red_blood_cell_erythrocyte_distribution_width_f30070_2_0",0.996666666666667,1
"rest_days_during_night_shift_periods_f22655_0_1",1,1
"target_number_to_be_memorised_f4251_1_11",1,1
"time_elapsed_f4256_1_13",1,1
"time_elapsed_f4256_1_15",1,1
"time_number_displayed_for_f4253_1_11",1,1
"treatmentmedication_code_f20003_2_18",1,1
"values_entered_f23322_2_66",1,1
"vitamin_andor_mineral_supplement_use_f20084_3_20",1,1
"volume_of_brainstem_whole_brain_f26526_3_0",1,1
"volume_of_grey_matter_in_inferior_frontal_gyrus_pars_triangularis_left_f25790_2_0",0.933333333333333,0
"volume_of_grey_matter_in_viiib_cerebellum_vermis_f25913_3_0",1,1
"weightedmean_md_in_tract_inferior_frontooccipital_fasciculus_right_f25528_3_0",1,1
