"features","percent","is_constant"
"age_of_primiparous_women_at_birth_of_child_f3872_3_0",1,1
"area_of_gparietinfangular_left_hemisphere_f27353_3_0",0.99,0
"area_of_inferiortemporal_left_hemisphere_f26729_2_0",0.926666666666667,0
"area_of_sprecentralinfpart_left_hemisphere_f27396_3_0",0.99,0
"delivery_places_f41223_0_1",0.996666666666667,1
"digits_entered_correctly_f4259_2_3",0.93,1
"dried_fruit_added_to_cereal_f100880_3_0",0.95,1
"ecg_phase_time_f5986_1_108",1,1
"gap_coding_f22660_0_3",0.983333333333333,0
"hdl_cholesterol_correction_level_f30763_1_0",0.966666666666667,1
"intake_of_artificial_sweetener_added_to_cereal_f100910_2_0",0.986666666666667,0
"invitation_to_assessment_centre_date_sent_f110008_1_0",0.796666666666667,0
"mean_intensity_of_choroidplexus_left_hemisphere_f26551_3_0",0.99,0
"mean_od_in_posterior_thalamic_radiation_on_fa_skeleton_left_f25421_3_0",0.99,0
"noncancer_illness_yearage_first_occurred_f87_0_4",0.92,0
"number_of_attempts_f4291_1_0",0.966666666666667,0
"number_of_columns_displayed_in_round_pilot_f10133_0_1",0.993333333333333,1
"operation_yearage_first_occurred_f92_3_20",1,1
"other_vegetables_intake_f104380_3_0",0.99,0
"period_spent_working_night_shifts_f22651_0_8",1,1
"refractometry_result_unreliable_right_f5091_0_4",1,1
"scotch_egg_intake_f102970_1_0",0.996666666666667,1
"smoked_cigarette_or_pipe_within_last_hour_f3159_0_0",0.91,0
"systolic_blood_pressure_manual_reading_f93_1_0",1,1
"test_array_presented_f20198_0_81",1,1
"values_wanted_f23321_2_62",1,1
"volume_of_parsorbitalis_right_hemisphere_f26907_3_0",0.99,0
"volume_of_scingulmarginalis_right_hemisphere_f27744_3_0",0.99,0
"volume_of_ssuborbital_left_hemisphere_f27546_2_0",0.926666666666667,0
"year_gap_ended_f22664_0_9",1,1
