"features","percent","is_constant"
"age_at_cancer_diagnosis_f40008_8_0",1,1
"area_of_gfrontmiddle_left_hemisphere_f27343_2_0",0.946666666666667,0
"area_of_socmiddlelunatus_right_hemisphere_f27607_2_0",0.946666666666667,0
"carotid_ultrasound_authorisation_f21765_3_0",1,1
"chocolate_bar_intake_f102260_0_0",0.976666666666667,0
"cochlear_implant_f4792_3_0",1,1
"date_of_first_inpatient_diagnosis_icd10_f41280_0_106",1,1
"date_of_ischaemic_stroke_f42008_0_0",0.976666666666667,0
"diagnoses_secondary_icd9_f41205_0_0",0.983333333333333,0
"duration_spent_answering_each_puzzle_f6333_3_11",1,1
"ecg_load_f5984_0_37",0.88,0
"education_score_wales_f26421_0_0",0.956666666666667,0
"errors_before_selecting_correct_item_in_numeric_path_trail_1_f20147_0_17",0.996666666666667,1
"errors_before_selecting_correct_item_in_numeric_path_trail_1_f6770_2_10",0.996666666666667,1
"illnesses_of_adopted_mother_f20113_0_2",0.993333333333333,0
"illnesses_of_father_f20107_0_7",1,1
"mean_icvf_in_superior_cerebellar_peduncle_on_fa_skeleton_left_f25357_2_0",0.953333333333333,0
"mean_mo_in_posterior_limb_of_internal_capsule_on_fa_skeleton_right_f25170_2_0",0.953333333333333,0
"mean_thickness_of_gtempsuplateral_right_hemisphere_f27658_3_0",1,1
"most_recent_bowel_cancer_screening_f2355_1_0",0.983333333333333,0
"noncancer_illness_code_selfreported_f20002_2_15",0.996666666666667,1
"round_of_numeric_memory_test_f4260_2_2",0.946666666666667,1
"size_of_red_wine_glass_drunk_f20096_2_0",0.966666666666667,0
"stroke_volume_during_pwa_f12686_2_1",0.946666666666667,0
"treatmentmedication_code_f20003_0_4",0.86,0
"type_of_large_bap_eaten_f20093_0_1",1,1
"visual_acuity_result_in_round_right_f5083_0_15",1,1
"volume_of_accumbens_left_f25023_3_0",1,1
"volume_of_rostralanteriorcingulate_left_hemisphere_f27228_3_0",1,1
"worked_with_pesticides_f22614_0_0",0.76,0
