"features","percent","is_constant"
"3mm_strong_meridian_right_f5132_1_4",1,1
"6mm_regularity_index_left_f5162_1_3",1,1
"absence_of_notch_position_in_the_pulse_waveform_f4204_1_0",0.963333333333333,0
"area_of_gfrontinfopercular_left_hemisphere_f27340_3_0",0.996666666666667,1
"area_of_insula_left_hemisphere_f26754_3_0",0.996666666666667,1
"area_of_mt_left_hemisphere_f27070_2_0",0.923333333333333,0
"bicycle_speed_f5985_0_91",1,1
"diagnoses_icd10_f41270_0_25",0.94,0
"duration_of_other_exercises_f3647_1_0",0.986666666666667,0
"end_systolic_pressure_index_during_pwa_f12684_2_2",1,1
"errors_before_selecting_correct_item_in_alphanumeric_path_trail_2_f20148_0_11",0.993333333333333,0
"identifier_for_blood_pressure_device_f12624_3_0",0.996666666666667,1
"interval_between_previous_point_and_current_one_in_numeric_path_trail_1_f6772_3_17",0.996666666666667,1
"job_coding_f22601_0_2",0.876666666666667,0
"logmar_in_round_left_f5078_0_3",0.92,0
"mean_isovf_in_middle_cerebellar_peduncle_on_fa_skeleton_f25440_3_0",0.996666666666667,1
"mean_isovf_in_posterior_corona_radiata_on_fa_skeleton_left_f25467_2_0",0.93,0
"mean_l2_in_anterior_corona_radiata_on_fa_skeleton_right_f25270_2_0",0.93,0
"mean_signaltonoise_ratio_snr_right_f4244_0_6",0.616666666666667,1
"mean_thickness_of_ba4p_right_hemisphere_f27120_2_0",0.923333333333333,0
"mean_thickness_of_fusiform_right_hemisphere_f26862_3_0",0.996666666666667,1
"medication_for_pain_relief_constipation_heartburn_f6154_1_4",1,1
"noncancer_illness_code_selfreported_f20002_1_19",1,1
"number_of_correct_matches_in_round_f398_0_3",1,1
"sliced_bread_intake_f100950_4_0",0.866666666666667,0
"time_spent_doing_moderate_physical_activity_f104910_3_0",0.793333333333333,0
"values_wanted_f20200_0_52",1,1
"workplace_very_cold_f22607_0_11",1,1
"workplace_very_dusty_f22609_0_29",1,1
"workplace_very_hot_f22608_0_32",1,1
