"features","percent","is_constant"
"area_of_ginsularshort_left_hemisphere_f27346_3_0",0.996666666666667,1
"basophill_percentage_acquisition_time_f30222_1_0",0.926666666666667,0
"calcium_f100024_4_0",0.773333333333333,0
"cancer_record_format_f40019_0_0",0.81,0
"diagnoses_icd10_f41270_0_44",0.986666666666667,0
"discrepancy_between_swi_brain_image_and_t1_brain_image_f25738_2_0",0.933333333333333,0
"ecg_heart_rate_f5983_1_95",0.993333333333333,0
"ecg_stage_name_f5988_0_104",1,1
"ecg_stage_name_f5988_1_43",0.943333333333333,0
"ecg_trend_phase_name_f5987_0_40",0.863333333333333,1
"femur_wards_bmd_bone_mineral_density_tscore_left_f23301_2_0",0.993333333333333,0
"folate_f100014_4_0",0.773333333333333,0
"frequency_of_depressed_days_during_worst_episode_of_depression_f20439_0_0",0.8,0
"impedance_of_arm_right_f23109_1_0",0.926666666666667,0
"interpolated_age_of_participant_when_operation_took_place_f20011_3_29",1,1
"mean_fa_in_anterior_corona_radiata_on_fa_skeleton_left_f25079_3_0",0.996666666666667,1
"mean_l3_in_external_capsule_on_fa_skeleton_right_f25328_2_0",0.923333333333333,0
"mean_thickness_of_mt_right_hemisphere_f27126_3_0",0.996666666666667,1
"mean_thickness_of_scircularinsulainf_left_hemisphere_f27450_2_0",0.92,0
"method_of_recording_time_when_operation_occurred_f20014_0_18",1,1
"monocyte_percentage_f30190_2_0",0.993333333333333,0
"omelette_intake_f102950_3_0",0.976666666666667,0
"qualifications_f6138_0_3",0.876666666666667,0
"scotch_pancake_intake_f102020_4_0",1,1
"triplet_entered_right_f4242_3_8",0.993333333333333,0
"triplet_played_right_f4240_0_12",0.683333333333333,0
"type_of_bread_roll_eaten_f20094_3_3",1,1
"values_wanted_f20200_0_40",1,1
"volume_of_cuneus_left_hemisphere_f26792_3_0",0.996666666666667,1
"volume_of_grey_matter_in_central_opercular_cortex_right_f25865_2_0",0.92,0
