"features","percent","is_constant"
"3mm_strong_meridian_angle_left_f5104_1_3",1,1
"area_of_inferiorparietal_right_hemisphere_f26963_2_0",0.92,0
"area_of_sfrontinf_left_hemisphere_f27380_2_0",0.92,0
"attempted_suicide_in_past_year_f20484_0_0",0.996666666666667,1
"basophill_count_f30160_1_0",0.946666666666667,0
"cancer_record_format_f40019_3_0",0.99,1
"current_tobacco_smoking_f1239_2_0",0.91,1
"flavoured_milk_intake_f100530_4_0",0.996666666666667,1
"fractured_bone_sites_f6151_0_6",1,1
"genetic_principal_components_f22009_0_23",0.0233333333333333,0
"haemoglobin_concentration_f30020_1_0",0.946666666666667,0
"latte_intake_f100300_0_0",0.996666666666667,1
"logmar_in_round_right_f5079_1_4",0.993333333333333,0
"mean_fa_in_inferior_cerebellar_peduncle_on_fa_skeleton_left_f25067_2_0",0.926666666666667,0
"mean_l1_in_sagittal_stratum_on_fa_skeleton_left_f25231_3_0",1,1
"median_t2star_in_pallidum_right_f25033_2_0",0.923333333333333,0
"number_of_digits_to_be_memorisedrecalled_f4250_3_10",1,1
"operation_code_f20004_0_27",1,1
"quorn_intake_f103280_1_0",0.996666666666667,1
"retinol_f100018_2_0",0.863333333333333,0
"signaltonoiseratio_snr_of_triplet_right_f4241_2_14",0.91,0
"target_number_to_be_entered_f4252_3_12",1,1
"time_spent_driving_f1090_1_0",0.94,0
"values_entered_f23322_2_89",1,1
"values_entered_f23322_2_96",1,1
"values_entered_f23322_3_63",1,1
"values_wanted_f23321_2_66",1,1
"volume_of_mvre_left_hemisphere_f26679_2_0",0.92,0
"volume_of_serum_held_by_ukb_f30384_1_0",0.953333333333333,0
"weightedmean_l1_in_tract_inferior_longitudinal_fasciculus_left_f25583_2_0",0.926666666666667,0
