"features","percent","is_constant"
"behaviour_of_cancer_tumour_f40012_11_0",1,1
"bicycle_speed_f5985_0_39",0.833333333333333,0
"bicycle_speed_f5985_1_5",0.97,0
"cancer_yearage_first_occurred_f84_0_1",1,1
"date_of_first_inpatient_diagnosis_icd10_f41280_0_167",1,1
"date_of_first_inpatient_diagnosis_main_icd10_f41262_0_62",1,1
"date_of_first_operative_procedure_opcs4_f41282_0_96",1,1
"difficulty_concentrating_during_worst_period_of_anxiety_f20419_0_0",0.876666666666667,0
"ecg_phase_time_f5986_0_60",0.883333333333333,0
"job_code_historical_f22617_0_20",1,1
"keystroke_history_right_f4248_0_3",0.653333333333333,0
"light_smokers_at_least_100_smokes_in_lifetime_f2644_1_0",0.986666666666667,0
"mean_icvf_in_anterior_limb_of_internal_capsule_on_fa_skeleton_left_f25361_3_0",0.996666666666667,1
"mean_isovf_in_superior_corona_radiata_on_fa_skeleton_right_f25464_2_0",0.926666666666667,0
"mean_l3_in_cingulum_cingulate_gyrus_on_fa_skeleton_left_f25331_2_0",0.926666666666667,0
"mean_thickness_of_gcingulpostventral_right_hemisphere_f27634_2_0",0.923333333333333,0
"never_eat_eggs_dairy_wheat_sugar_pilot_f10855_0_0",0.993333333333333,1
"number_of_depression_episodes_f4620_3_0",1,1
"number_of_letters_correct_in_round_left_f5077_1_2",0.993333333333333,0
"number_of_times_snapbutton_pressed_f403_3_6",0.996666666666667,1
"operative_procedures_main_opcs4_f41200_0_9",0.956666666666667,0
"other_dessert_intake_f102230_0_0",0.996666666666667,1
"time_to_press_last_digit_right_f4246_3_10",0.996666666666667,1
"volume_of_goccipitalmiddle_left_hemisphere_f27495_2_0",0.923333333333333,0
"volume_of_grey_matter_in_lateral_occipital_cortex_superior_division_left_f25824_2_0",0.926666666666667,0
"weightedmean_l2_in_tract_superior_thalamic_radiation_right_f25620_2_0",0.926666666666667,0
"weightedmean_md_in_tract_medial_lemniscus_left_f25532_3_0",0.996666666666667,1
"weightedmean_mo_in_tract_medial_lemniscus_left_f25559_3_0",0.996666666666667,1
"weightedmean_mo_in_tract_uncinate_fasciculus_left_f25567_3_0",0.996666666666667,1
"year_gap_ended_f22664_0_23",1,1
