"diagnoses_main_icd10_f41202_0_15","illnesses_of_mother_f20110_0_9","area_of_parahippocampal_left_hemisphere_f27156_3_0","degree_bothered_by_trouble_sleeping_in_the_last_3_months_f21061_0_0","area_of_precuneus_right_hemisphere_f26980_3_0","mean_thickness_of_gprecentral_left_hemisphere_f27431_2_0","genetic_principal_components_f22009_0_13","interval_between_previous_point_and_current_one_in_numeric_path_trail_1_f6772_3_9","workplace_very_hot_f22608_0_9","alcohol_intake_versus_10_years_previously_f1628_1_0","volume_of_isthmuscingulate_left_hemisphere_f27212_2_0","breathing_problems_during_period_of_job_f22616_0_6","inverted_contrasttonoise_ratio_in_t1_f25735_3_0","area_of_postcentral_left_hemisphere_f27162_3_0","types_of_spreadssauces_consumed_f20088_3_8","weightedmean_icvf_in_tract_superior_longitudinal_fasciculus_left_f25671_3_0","volume_of_grey_matter_in_lateral_occipital_cortex_inferior_division_left_f25826_2_0","antibiotic_codes_for_last_3_months_f20199_3_0","ever_seen_an_unreal_vision_f20471_0_0","volume_of_pf_left_hemisphere_f26674_3_0","mean_thickness_of_bankssts_left_hemisphere_f26756_3_0","duration_of_strenuous_sports_f1001_3_0","volume_of_subcortgray_whole_brain_f26517_2_0","period_spent_working_night_shifts_f22651_0_14","method_of_recording_time_when_noncancer_illness_first_diagnosed_f20013_2_26","logmar_in_round_left_f5078_1_1","date_of_first_inpatient_diagnosis_icd10_f41280_0_89","total_traffic_load_on_major_roads_f24013_0_0","ecg_automated_diagnoses_f12653_2_10","day_shifts_worked_f22630_0_13"
NA,NA,NA,NA,NA,NA,"0.30565",NA,NA,NA,NA,NA,NA,NA,NA,NA,NA,NA,NA,NA,NA,NA,NA,NA,NA,NA,NA,"0",NA,NA
NA,NA,NA,NA,NA,NA,"-0.23942",NA,NA,NA,NA,NA,NA,NA,NA,NA,NA,NA,NA,NA,NA,NA,NA,NA,NA,NA,NA,"0",NA,NA
NA,NA,NA,"-600",NA,"3.208","-1.61143",NA,NA,NA,"2901",NA,NA,NA,NA,NA,"9064.27",NA,"0",NA,NA,NA,"56667",NA,NA,NA,NA,"0",NA,NA
NA,NA,NA,"-601",NA,"3.186","-0.823373",NA,NA,"2","2661","0",NA,NA,NA,NA,"7830.36",NA,"0",NA,NA,NA,"53174",NA,NA,"0.1",NA,"0",NA,NA
NA,NA,NA,NA,NA,NA,"1.97122",NA,NA,NA,NA,NA,NA,NA,NA,NA,NA,NA,NA,NA,NA,NA,NA,NA,NA,NA,NA,"0",NA,NA
NA,NA,NA,NA,NA,NA,"0.702597",NA,NA,NA,NA,NA,NA,NA,NA,NA,NA,NA,NA,NA,NA,NA,NA,NA,NA,NA,NA,"0",NA,NA
NA,NA,NA,NA,NA,NA,"2.31165",NA,NA,NA,NA,NA,NA,NA,NA,NA,NA,NA,NA,NA,NA,NA,NA,NA,NA,NA,NA,"0",NA,NA
NA,NA,NA,"-601",NA,NA,NA,NA,NA,NA,NA,NA,NA,NA,NA,NA,NA,NA,"0",NA,NA,NA,NA,NA,NA,NA,NA,"0",NA,NA
NA,NA,NA,NA,NA,NA,"-1.87486",NA,NA,NA,NA,NA,NA,NA,NA,NA,NA,NA,NA,NA,NA,NA,NA,NA,NA,NA,NA,"0",NA,NA
NA,NA,NA,NA,NA,"3.143","14.1796",NA,NA,NA,"2623",NA,NA,NA,NA,NA,"8435.84",NA,NA,NA,NA,NA,"57217",NA,NA,NA,NA,"1253634",NA,NA
NA,NA,NA,NA,NA,NA,"0.89749",NA,NA,NA,NA,NA,NA,NA,NA,NA,NA,NA,NA,NA,NA,NA,NA,NA,NA,NA,NA,"0",NA,NA
NA,NA,NA,"-601",NA,NA,"-0.631525",NA,NA,NA,NA,NA,NA,NA,NA,NA,NA,NA,"0",NA,NA,NA,NA,NA,NA,NA,NA,"0",NA,NA
NA,NA,NA,NA,NA,NA,"1.53129",NA,NA,NA,NA,NA,NA,NA,NA,NA,NA,NA,NA,NA,NA,NA,NA,NA,NA,NA,NA,"0",NA,NA
NA,NA,NA,"-601",NA,NA,"-0.0163024",NA,NA,NA,NA,NA,NA,NA,NA,NA,NA,NA,"0",NA,NA,NA,NA,NA,NA,NA,NA,"0",NA,NA
NA,NA,NA,NA,NA,NA,"-0.647996",NA,NA,NA,NA,NA,NA,NA,NA,NA,NA,NA,NA,NA,NA,NA,NA,NA,NA,NA,NA,"0",NA,NA
NA,NA,NA,"-601",NA,"2.789","-2.42169",NA,NA,NA,"2336",NA,NA,NA,NA,NA,"5487.87",NA,"1",NA,NA,NA,"49008",NA,NA,NA,NA,"0",NA,NA
NA,NA,NA,"-600",NA,NA,"1.70076",NA,NA,NA,NA,NA,NA,NA,NA,NA,NA,NA,NA,NA,NA,NA,NA,NA,NA,NA,NA,"0",NA,NA
NA,NA,NA,"-601",NA,"3.511","0.830028",NA,NA,NA,"2642",NA,NA,NA,NA,NA,"6313",NA,"0",NA,NA,NA,"50793",NA,NA,NA,NA,"3390825",NA,NA
NA,NA,NA,NA,NA,NA,"0.00539813",NA,NA,NA,NA,NA,NA,NA,NA,NA,NA,NA,NA,NA,NA,NA,NA,NA,NA,NA,NA,"0",NA,NA
NA,NA,NA,"-600",NA,NA,"-1.6583",NA,NA,NA,NA,NA,NA,NA,NA,NA,NA,NA,"0",NA,NA,NA,NA,NA,NA,NA,NA,"0",NA,NA
NA,NA,NA,NA,NA,NA,"0.482432",NA,NA,NA,NA,NA,NA,NA,NA,NA,NA,NA,NA,NA,NA,NA,NA,NA,NA,NA,NA,"0",NA,NA
NA,NA,NA,NA,NA,NA,"-8.01662",NA,NA,NA,NA,NA,NA,NA,NA,NA,NA,NA,NA,NA,NA,NA,NA,NA,NA,NA,NA,"4920780",NA,NA
NA,NA,NA,"-600",NA,NA,"-4.96067",NA,NA,NA,NA,NA,NA,NA,NA,NA,NA,NA,NA,NA,NA,NA,NA,NA,NA,NA,NA,"0",NA,NA
NA,NA,NA,"-600",NA,NA,"-3.48934",NA,NA,NA,NA,NA,NA,NA,NA,NA,NA,NA,"0",NA,NA,NA,NA,NA,NA,NA,NA,"0",NA,NA
NA,NA,NA,"-601",NA,NA,"0.525605",NA,NA,NA,NA,NA,NA,NA,NA,NA,NA,NA,"0",NA,NA,NA,NA,NA,NA,NA,NA,"0",NA,NA
NA,NA,NA,"-600",NA,"3.117","-0.072501",NA,NA,NA,"2292",NA,NA,NA,NA,NA,"6909.12",NA,NA,NA,NA,NA,"53137",NA,NA,NA,NA,"0",NA,NA
NA,NA,NA,NA,NA,NA,"-1.37295",NA,NA,NA,NA,NA,NA,NA,NA,NA,NA,NA,NA,NA,NA,NA,NA,NA,NA,NA,NA,"0",NA,NA
NA,NA,NA,"-602",NA,NA,"-0.429695",NA,NA,NA,NA,NA,NA,NA,NA,NA,NA,NA,"0",NA,NA,NA,NA,NA,NA,NA,NA,"0",NA,NA
NA,NA,NA,"-600",NA,NA,"0.26825",NA,NA,NA,NA,NA,NA,NA,NA,NA,NA,NA,NA,NA,NA,NA,NA,NA,NA,NA,NA,"0",NA,NA
NA,NA,NA,NA,NA,NA,"2.57619",NA,NA,NA,NA,NA,NA,NA,NA,NA,NA,NA,NA,NA,NA,NA,NA,NA,NA,NA,NA,"0",NA,NA
NA,NA,NA,"-600",NA,NA,"-3.16827",NA,NA,NA,NA,NA,NA,NA,NA,NA,NA,NA,"0",NA,NA,NA,NA,NA,NA,NA,NA,"0",NA,NA
NA,NA,NA,"-601",NA,NA,"-1.29738",NA,NA,NA,NA,NA,NA,NA,NA,NA,NA,NA,"0",NA,NA,NA,NA,NA,NA,NA,NA,"0",NA,NA
NA,NA,NA,"-600",NA,NA,"1.11192",NA,NA,NA,NA,NA,NA,NA,NA,NA,NA,NA,"0",NA,NA,NA,NA,NA,NA,NA,NA,"0",NA,NA
NA,NA,NA,"-601",NA,NA,"1.09268",NA,NA,"3",NA,NA,NA,NA,NA,NA,NA,NA,"0",NA,NA,NA,NA,NA,NA,NA,NA,"0",NA,NA
NA,NA,NA,NA,NA,NA,"-1.41075",NA,NA,NA,NA,NA,NA,NA,NA,NA,NA,NA,NA,NA,NA,NA,NA,NA,NA,NA,NA,"0",NA,NA
NA,NA,NA,"-600",NA,NA,"1.23943",NA,NA,NA,NA,NA,NA,NA,NA,NA,NA,NA,NA,NA,NA,NA,NA,NA,NA,NA,NA,"0",NA,NA
NA,NA,NA,NA,NA,NA,"0.485202",NA,NA,"3",NA,NA,NA,NA,NA,NA,NA,NA,"0",NA,NA,NA,NA,NA,NA,"1.1",NA,"0",NA,NA
NA,NA,NA,"-601",NA,NA,"0.468818",NA,NA,NA,NA,NA,NA,NA,NA,NA,NA,NA,"0",NA,NA,NA,NA,NA,NA,NA,NA,"0",NA,NA
NA,NA,NA,"-600",NA,NA,"1.74881",NA,NA,NA,NA,NA,NA,NA,NA,NA,NA,NA,"0",NA,NA,NA,NA,NA,NA,NA,NA,"0",NA,NA
NA,NA,NA,"-600",NA,NA,"-0.0613349",NA,NA,NA,NA,NA,NA,NA,NA,NA,NA,NA,"0",NA,NA,NA,NA,NA,NA,NA,NA,"0",NA,NA
NA,NA,"776","-600","4200","3.097","3.28157","4",NA,NA,"2809",NA,"0.0377327","4458",NA,"0.614561","6556.25",NA,NA,"55.7267","2.552",NA,"54320",NA,NA,NA,NA,"2385041",NA,NA
NA,NA,NA,NA,NA,NA,"0.138144",NA,NA,NA,NA,NA,NA,NA,NA,NA,NA,NA,NA,NA,NA,NA,NA,NA,NA,NA,NA,"0",NA,NA
NA,NA,NA,NA,NA,NA,"0.173983",NA,NA,NA,NA,NA,NA,NA,NA,NA,NA,NA,NA,NA,NA,NA,NA,NA,NA,NA,NA,"0",NA,NA
NA,NA,NA,NA,NA,NA,"0.214576",NA,NA,NA,NA,NA,NA,NA,NA,NA,NA,NA,NA,NA,NA,NA,NA,NA,NA,NA,NA,"0",NA,NA
NA,NA,NA,NA,NA,NA,"-1.45438",NA,NA,NA,NA,NA,NA,NA,NA,NA,NA,NA,NA,NA,NA,NA,NA,NA,NA,NA,NA,"0",NA,NA
NA,NA,NA,NA,NA,NA,"-0.150282",NA,NA,NA,NA,NA,NA,NA,NA,NA,NA,NA,NA,NA,NA,NA,NA,NA,NA,NA,NA,"0",NA,NA
NA,NA,NA,NA,NA,NA,"0.0400205",NA,NA,NA,NA,NA,NA,NA,NA,NA,NA,NA,NA,NA,NA,NA,NA,NA,NA,NA,NA,"2201879",NA,NA
NA,NA,NA,NA,NA,NA,"1.58585",NA,NA,NA,NA,NA,NA,NA,NA,NA,NA,NA,NA,NA,NA,NA,NA,NA,NA,NA,NA,"1897615",NA,NA
NA,NA,NA,NA,NA,NA,"-1.06432",NA,NA,NA,NA,NA,NA,NA,NA,NA,NA,NA,NA,NA,NA,NA,NA,NA,NA,NA,NA,"0",NA,NA
NA,NA,NA,NA,NA,NA,"-5.49725",NA,NA,NA,NA,NA,NA,NA,NA,NA,NA,NA,"0",NA,NA,NA,NA,NA,NA,NA,NA,"0",NA,NA
NA,NA,NA,"-601",NA,NA,"0.90729",NA,NA,NA,NA,NA,NA,NA,NA,NA,NA,NA,"0",NA,NA,NA,NA,NA,NA,NA,NA,"0",NA,NA
NA,NA,NA,NA,NA,NA,"-0.21832",NA,NA,NA,NA,NA,NA,NA,NA,NA,NA,NA,NA,NA,NA,NA,NA,NA,NA,NA,NA,"2754247",NA,NA
NA,NA,NA,NA,NA,NA,"-1.75693",NA,NA,NA,NA,NA,NA,NA,NA,NA,NA,NA,NA,NA,NA,NA,NA,NA,NA,NA,NA,"0",NA,NA
NA,NA,NA,NA,NA,NA,"1.14742",NA,NA,NA,NA,NA,NA,NA,NA,NA,NA,NA,NA,NA,NA,NA,NA,NA,NA,NA,NA,"3660184",NA,NA
NA,NA,NA,"-600",NA,NA,"-1.39556",NA,NA,NA,NA,"0",NA,NA,NA,NA,NA,NA,"0",NA,NA,NA,NA,NA,NA,NA,NA,"0",NA,NA
NA,NA,NA,"-601",NA,NA,"-2.44764",NA,NA,"2",NA,NA,NA,NA,NA,NA,NA,NA,"0",NA,NA,NA,NA,NA,NA,"-0.1",NA,"0",NA,NA
NA,NA,NA,NA,NA,NA,"-0.489045",NA,NA,NA,NA,NA,NA,NA,NA,NA,NA,NA,NA,NA,NA,NA,NA,NA,NA,NA,NA,"0",NA,NA
NA,NA,NA,"-602",NA,NA,"-0.253777",NA,NA,NA,NA,NA,NA,NA,NA,NA,NA,NA,NA,NA,NA,NA,NA,NA,NA,NA,NA,"0",NA,NA
NA,NA,NA,"-601",NA,"3.302","-0.905391",NA,NA,NA,"3406",NA,NA,NA,NA,NA,"6796.33",NA,"0",NA,NA,NA,"56211",NA,NA,NA,NA,"0",NA,NA
NA,NA,NA,NA,NA,NA,"-1.23536",NA,NA,NA,NA,NA,NA,NA,NA,NA,NA,NA,NA,NA,NA,NA,NA,NA,NA,NA,NA,"0",NA,NA
NA,NA,NA,"-601",NA,"3.044","-1.11583","5",NA,NA,"3053",NA,NA,NA,NA,NA,"6276.13","99999","0",NA,NA,NA,"51812",NA,NA,NA,NA,"0",NA,NA
NA,NA,NA,NA,NA,NA,"-0.116806",NA,NA,NA,NA,NA,NA,NA,NA,NA,NA,NA,NA,NA,NA,NA,NA,NA,NA,NA,NA,"3039439",NA,NA
NA,NA,NA,NA,NA,NA,"-1.28586",NA,NA,NA,NA,NA,NA,NA,NA,NA,NA,NA,NA,NA,NA,NA,NA,NA,NA,NA,NA,"0",NA,NA
NA,NA,NA,"-602",NA,NA,"-0.778957",NA,NA,NA,NA,NA,NA,NA,NA,NA,NA,NA,NA,NA,NA,NA,NA,NA,NA,NA,NA,"0",NA,NA
NA,NA,NA,"-601",NA,NA,"-1.14025",NA,NA,NA,NA,NA,NA,NA,NA,NA,NA,NA,NA,NA,NA,NA,NA,NA,NA,NA,NA,"1348254",NA,NA
NA,NA,NA,NA,NA,NA,"1.1288",NA,NA,NA,NA,NA,NA,NA,NA,NA,NA,NA,"0",NA,NA,NA,NA,NA,NA,NA,NA,"0",NA,NA
NA,NA,NA,"-601",NA,NA,"-2.02027",NA,NA,NA,NA,NA,NA,NA,NA,NA,NA,NA,"0",NA,NA,NA,NA,NA,NA,NA,NA,"2341316",NA,NA
NA,NA,NA,NA,NA,NA,"0.496185",NA,NA,NA,NA,NA,NA,NA,NA,NA,NA,NA,NA,NA,NA,NA,NA,NA,NA,NA,NA,"0",NA,NA
NA,NA,NA,"-602",NA,NA,"-0.072314",NA,NA,NA,NA,NA,NA,NA,NA,NA,NA,NA,NA,NA,NA,NA,NA,NA,NA,NA,NA,"0",NA,NA
NA,NA,NA,NA,NA,NA,"-0.0132548",NA,NA,NA,NA,NA,NA,NA,NA,NA,NA,NA,NA,NA,NA,NA,NA,NA,NA,NA,NA,"0",NA,NA
NA,NA,NA,NA,NA,NA,"1.4789",NA,NA,NA,NA,NA,NA,NA,NA,NA,NA,NA,NA,NA,NA,NA,NA,NA,NA,NA,NA,"0",NA,NA
NA,NA,NA,NA,NA,NA,"2.56109",NA,NA,NA,NA,NA,NA,NA,NA,NA,NA,NA,NA,NA,NA,NA,NA,NA,NA,NA,NA,"0",NA,NA
NA,NA,NA,NA,NA,NA,"-1.8535",NA,NA,"1",NA,NA,NA,NA,NA,NA,NA,NA,NA,NA,NA,NA,NA,NA,NA,"-0.1",NA,"1641468",NA,NA
NA,NA,NA,NA,NA,NA,"-0.115502",NA,NA,NA,NA,NA,NA,NA,NA,NA,NA,NA,NA,NA,NA,NA,NA,NA,NA,NA,NA,"0",NA,NA
NA,NA,NA,NA,NA,NA,"-1.99734",NA,NA,NA,NA,NA,NA,NA,NA,NA,NA,NA,NA,NA,NA,NA,NA,NA,NA,NA,NA,"0",NA,NA
NA,NA,NA,"-602",NA,NA,"-1.17781",NA,NA,NA,NA,NA,NA,NA,NA,NA,NA,NA,"0",NA,NA,NA,NA,NA,NA,NA,NA,"0",NA,NA
NA,NA,NA,NA,NA,NA,"-3.39262",NA,NA,NA,NA,NA,NA,NA,NA,NA,NA,NA,NA,NA,NA,NA,NA,NA,NA,NA,NA,"0",NA,NA
NA,NA,NA,NA,NA,NA,"-0.0763014",NA,NA,NA,NA,NA,NA,NA,NA,NA,NA,NA,NA,NA,NA,NA,NA,NA,NA,NA,NA,"0",NA,NA
NA,NA,NA,NA,NA,NA,"3.39754",NA,NA,NA,NA,NA,NA,NA,NA,NA,NA,NA,NA,NA,NA,NA,NA,NA,NA,NA,NA,"0",NA,NA
NA,NA,NA,NA,NA,NA,NA,NA,NA,NA,NA,NA,NA,NA,NA,NA,NA,NA,NA,NA,NA,NA,NA,NA,NA,NA,NA,"0",NA,NA
NA,NA,NA,NA,NA,NA,"-1.08463",NA,NA,NA,NA,NA,NA,NA,NA,NA,NA,NA,NA,NA,NA,NA,NA,NA,NA,NA,NA,"3896765",NA,NA
"M2332",NA,NA,NA,NA,NA,"-3.35521",NA,NA,NA,NA,NA,NA,NA,NA,NA,NA,NA,NA,NA,NA,NA,NA,NA,NA,NA,NA,"0",NA,NA
NA,NA,NA,"-601",NA,"3.14","5.8902",NA,NA,NA,"3073",NA,NA,NA,NA,NA,"6804.87",NA,"0",NA,NA,NA,"57261",NA,NA,NA,NA,"0",NA,NA
NA,NA,NA,"-600",NA,NA,"1.92664",NA,NA,NA,NA,NA,NA,NA,NA,NA,NA,NA,"0",NA,NA,NA,NA,NA,NA,NA,NA,"4472222",NA,NA
NA,NA,NA,NA,NA,"2.618","-1.46362",NA,NA,"2","2540",NA,NA,NA,NA,NA,"7958.54",NA,NA,NA,NA,NA,"63038",NA,NA,"-0.1",NA,"0",NA,NA
NA,NA,NA,"-601",NA,NA,"2.81298",NA,NA,NA,NA,NA,NA,NA,NA,NA,NA,NA,"0",NA,NA,NA,NA,NA,NA,NA,NA,"642605",NA,NA
NA,NA,NA,NA,NA,NA,"-1.40619",NA,NA,NA,NA,NA,NA,NA,NA,NA,NA,NA,NA,NA,NA,NA,NA,NA,NA,NA,NA,"0",NA,NA
NA,NA,NA,NA,NA,NA,"0.0292219",NA,NA,NA,NA,NA,NA,NA,NA,NA,NA,NA,NA,NA,NA,NA,NA,NA,NA,NA,NA,"5122995",NA,NA
NA,NA,NA,NA,NA,NA,"-1.6958",NA,NA,NA,NA,NA,NA,NA,NA,NA,NA,NA,NA,NA,NA,NA,NA,NA,NA,NA,NA,"0",NA,NA
NA,NA,NA,NA,NA,NA,"0.982997",NA,NA,NA,NA,NA,NA,NA,NA,NA,NA,NA,NA,NA,NA,NA,NA,NA,NA,NA,NA,"0",NA,NA
NA,NA,NA,"-600",NA,NA,"-1.34747",NA,NA,NA,NA,NA,NA,NA,NA,NA,NA,NA,"0",NA,NA,NA,NA,NA,NA,NA,NA,"0",NA,NA
NA,NA,NA,"-601",NA,NA,"-2.61841",NA,NA,NA,NA,NA,NA,NA,NA,NA,NA,NA,"0",NA,NA,NA,NA,NA,NA,NA,NA,"0",NA,NA
NA,NA,NA,"-600",NA,NA,"2.4167",NA,NA,NA,NA,NA,NA,NA,NA,NA,NA,NA,"0",NA,NA,NA,NA,NA,NA,NA,NA,"0",NA,NA
NA,NA,NA,NA,NA,"2.99","1.33119",NA,NA,NA,"2535",NA,NA,NA,NA,NA,"6003.37",NA,NA,NA,NA,NA,"53829",NA,NA,NA,NA,"0",NA,NA
NA,NA,NA,"-602",NA,NA,"-1.75194",NA,NA,NA,NA,NA,NA,NA,NA,NA,NA,NA,"0",NA,NA,NA,NA,NA,NA,NA,NA,"0",NA,NA
NA,NA,NA,"-602",NA,NA,"0.727643",NA,NA,NA,NA,NA,NA,NA,NA,NA,NA,NA,"1",NA,NA,NA,NA,NA,NA,NA,NA,"0",NA,NA
NA,NA,NA,NA,NA,NA,"0.878943",NA,NA,NA,NA,NA,NA,NA,NA,NA,NA,NA,NA,NA,NA,NA,NA,NA,NA,NA,NA,"0",NA,NA
NA,NA,NA,"-602",NA,NA,"-3.01121",NA,NA,NA,NA,NA,NA,NA,NA,NA,NA,NA,NA,NA,NA,NA,NA,NA,NA,NA,NA,"900518",NA,NA
NA,NA,NA,NA,NA,NA,"-1.32279",NA,NA,NA,NA,NA,NA,NA,NA,NA,NA,NA,NA,NA,NA,NA,NA,NA,NA,NA,NA,"2349104",NA,NA
NA,NA,NA,"-602",NA,"3.201","0.0104733",NA,NA,NA,"2234",NA,NA,NA,NA,NA,"5169.72",NA,"1",NA,NA,NA,"49501",NA,NA,NA,NA,"5571064",NA,NA
NA,NA,NA,NA,NA,NA,"1.14328",NA,NA,NA,NA,NA,NA,NA,NA,NA,NA,NA,NA,NA,NA,NA,NA,NA,NA,NA,NA,"3307881",NA,NA
NA,NA,NA,NA,NA,NA,"-0.713599",NA,NA,NA,NA,NA,NA,NA,NA,NA,NA,NA,NA,NA,NA,NA,NA,NA,NA,NA,NA,"0",NA,NA
NA,NA,NA,"-602",NA,NA,"-0.718732",NA,NA,NA,NA,NA,NA,NA,NA,NA,NA,NA,NA,NA,NA,NA,NA,NA,NA,NA,NA,"0",NA,NA
NA,NA,NA,"-601",NA,"3.403","0.547786",NA,NA,NA,"2861",NA,NA,NA,NA,NA,"8060.12",NA,NA,NA,NA,NA,"51872",NA,NA,NA,NA,"0",NA,NA
NA,NA,NA,NA,NA,NA,"-1.0927",NA,NA,NA,NA,NA,NA,NA,NA,NA,NA,NA,NA,NA,NA,NA,NA,NA,NA,NA,NA,"0",NA,NA
NA,NA,NA,NA,NA,NA,"-0.539976",NA,NA,NA,NA,NA,NA,NA,NA,NA,NA,NA,NA,NA,NA,NA,NA,NA,NA,NA,NA,"0",NA,NA
NA,NA,NA,"-601",NA,"3.157","-3.89536",NA,NA,NA,"3749",NA,NA,NA,NA,NA,"10081.3",NA,"0",NA,NA,NA,"52119",NA,NA,NA,NA,"0",NA,NA
NA,NA,NA,"-602",NA,NA,"-0.422465",NA,NA,NA,NA,NA,NA,NA,NA,NA,NA,NA,"0",NA,NA,NA,NA,NA,NA,NA,NA,"0",NA,NA
NA,NA,NA,"-600",NA,NA,"1.20742",NA,NA,NA,NA,NA,NA,NA,NA,NA,NA,NA,NA,NA,NA,NA,NA,NA,NA,NA,NA,"0",NA,NA
NA,NA,NA,NA,NA,NA,"-0.464708",NA,NA,NA,NA,NA,NA,NA,NA,NA,NA,NA,NA,NA,NA,NA,NA,NA,NA,NA,NA,"0",NA,NA
NA,NA,NA,NA,NA,NA,"1.6637",NA,NA,NA,NA,NA,NA,NA,NA,NA,NA,NA,NA,NA,NA,NA,NA,NA,NA,NA,NA,"0",NA,NA
NA,NA,NA,NA,NA,NA,"-0.373536",NA,NA,NA,NA,NA,NA,NA,NA,NA,NA,NA,NA,NA,NA,NA,NA,NA,NA,NA,NA,"1172970",NA,NA
NA,NA,NA,NA,NA,NA,"1.22883",NA,NA,NA,NA,NA,NA,NA,NA,NA,NA,NA,NA,NA,NA,NA,NA,NA,NA,NA,NA,"0",NA,NA
NA,NA,NA,NA,NA,NA,"-1.18088",NA,NA,NA,NA,NA,NA,NA,NA,NA,NA,NA,NA,NA,NA,NA,NA,NA,NA,NA,NA,"0",NA,NA
NA,NA,NA,"-601",NA,NA,"-0.142854",NA,NA,"3",NA,NA,NA,NA,NA,NA,NA,NA,NA,NA,NA,NA,NA,NA,NA,"-0.2",NA,"0",NA,NA
NA,NA,NA,"-601",NA,"2.972","-0.13581",NA,NA,NA,"2179",NA,NA,NA,NA,NA,"8123.02",NA,"0",NA,NA,NA,"58333",NA,NA,NA,NA,"0",NA,NA
NA,NA,NA,"-600",NA,NA,"-1.05539",NA,NA,NA,NA,NA,NA,NA,NA,NA,NA,NA,"0",NA,NA,NA,NA,NA,NA,NA,NA,"0",NA,NA
NA,NA,NA,"-600",NA,NA,"-2.68323",NA,NA,NA,NA,NA,NA,NA,NA,NA,NA,NA,"0",NA,NA,NA,NA,NA,NA,NA,NA,"2924386",NA,NA
NA,NA,NA,"-601",NA,NA,"1.63746",NA,NA,NA,NA,NA,NA,NA,NA,NA,NA,NA,"0",NA,NA,NA,NA,NA,NA,NA,NA,"0",NA,NA
NA,NA,NA,"-601",NA,"2.476","-1.43635",NA,NA,NA,"3049",NA,NA,NA,NA,NA,"6983.52",NA,"0",NA,NA,NA,"59411",NA,NA,NA,NA,"0",NA,NA
NA,NA,NA,"-601",NA,NA,"-0.728441",NA,NA,NA,NA,NA,NA,NA,NA,NA,NA,NA,NA,NA,NA,NA,NA,NA,NA,NA,NA,"0",NA,NA
NA,NA,NA,"-601",NA,NA,"0.0522506",NA,NA,NA,NA,NA,NA,NA,NA,NA,NA,NA,NA,NA,NA,NA,NA,NA,NA,NA,NA,"0",NA,NA
NA,NA,NA,"-602",NA,NA,"-0.23079",NA,NA,NA,NA,NA,NA,NA,NA,NA,NA,NA,"1",NA,NA,NA,NA,NA,NA,NA,NA,"0",NA,NA
NA,NA,NA,NA,NA,NA,"0.875149",NA,NA,NA,NA,NA,NA,NA,NA,NA,NA,NA,NA,NA,NA,NA,NA,NA,NA,NA,NA,"0",NA,NA
NA,NA,NA,NA,NA,NA,"-52.524",NA,NA,NA,NA,NA,NA,NA,NA,NA,NA,NA,NA,NA,NA,NA,NA,NA,NA,NA,NA,"0",NA,NA
NA,NA,NA,"-602",NA,NA,"2.64949",NA,NA,NA,NA,NA,NA,NA,NA,NA,NA,NA,"0",NA,NA,NA,NA,NA,NA,NA,NA,"0",NA,NA
NA,NA,NA,NA,NA,NA,"-1.1966",NA,NA,NA,NA,NA,NA,NA,NA,NA,NA,NA,NA,NA,NA,NA,NA,NA,NA,NA,NA,"0",NA,NA
NA,NA,NA,NA,NA,NA,"-1.09134",NA,NA,NA,NA,NA,NA,NA,NA,NA,NA,NA,NA,NA,NA,NA,NA,NA,NA,NA,NA,"0",NA,NA
NA,NA,NA,NA,NA,NA,"-2.47015",NA,NA,NA,NA,NA,NA,NA,NA,NA,NA,NA,NA,NA,NA,NA,NA,NA,NA,NA,NA,"0",NA,NA
NA,NA,NA,NA,NA,NA,"-1.45243",NA,NA,NA,NA,NA,NA,NA,NA,NA,NA,NA,NA,NA,NA,NA,NA,NA,NA,NA,NA,"0",NA,NA
NA,NA,NA,"-602",NA,NA,"1.99208",NA,NA,NA,NA,NA,NA,NA,NA,NA,NA,NA,"0",NA,NA,NA,NA,NA,NA,NA,NA,"2915119",NA,NA
NA,NA,NA,NA,NA,NA,"0.45659",NA,NA,NA,NA,NA,NA,NA,NA,NA,NA,NA,NA,NA,NA,NA,NA,NA,NA,NA,NA,"0",NA,NA
NA,NA,NA,NA,NA,NA,"1.09163",NA,NA,NA,NA,NA,NA,NA,NA,NA,NA,NA,NA,NA,NA,NA,NA,NA,NA,NA,NA,"0",NA,NA
NA,NA,NA,"-602",NA,NA,"-0.592205",NA,NA,NA,NA,NA,NA,NA,NA,NA,NA,NA,NA,NA,NA,NA,NA,NA,NA,NA,NA,"0",NA,NA
NA,NA,NA,NA,NA,NA,"1.55922",NA,NA,NA,NA,NA,NA,NA,NA,NA,NA,NA,NA,NA,NA,NA,NA,NA,NA,NA,NA,"0",NA,NA
NA,NA,NA,"-600",NA,NA,"1.25455",NA,NA,NA,NA,NA,NA,NA,NA,NA,NA,NA,"0",NA,NA,NA,NA,NA,NA,NA,NA,"0",NA,NA
NA,NA,NA,NA,NA,NA,"-0.896344",NA,NA,NA,NA,NA,NA,NA,NA,NA,NA,NA,NA,NA,NA,NA,NA,NA,NA,NA,NA,NA,NA,NA
NA,NA,NA,"-602",NA,NA,"-0.271829",NA,NA,NA,NA,NA,NA,NA,NA,NA,NA,NA,"0",NA,NA,NA,NA,NA,NA,NA,NA,"7334903",NA,NA
NA,NA,NA,NA,NA,NA,"1.1949",NA,NA,NA,NA,NA,NA,NA,NA,NA,NA,NA,NA,NA,NA,NA,NA,NA,NA,NA,NA,"0",NA,NA
NA,NA,NA,"-600",NA,NA,"-0.248615",NA,NA,NA,NA,NA,NA,NA,NA,NA,NA,NA,"0",NA,NA,NA,NA,NA,NA,NA,NA,"0",NA,NA
NA,NA,NA,NA,NA,NA,"0.162599",NA,NA,NA,NA,NA,NA,NA,NA,NA,NA,NA,NA,NA,NA,NA,NA,NA,NA,NA,NA,"0",NA,NA
NA,NA,NA,"-600",NA,NA,"-1.41549",NA,NA,NA,NA,NA,NA,NA,NA,NA,NA,NA,"0",NA,NA,NA,NA,NA,NA,NA,NA,"0",NA,NA
NA,NA,NA,NA,NA,NA,"1.46227",NA,NA,NA,NA,NA,NA,NA,NA,NA,NA,NA,NA,NA,NA,NA,NA,NA,NA,NA,NA,"0",NA,NA
NA,NA,NA,"-601",NA,NA,"-2.53806",NA,NA,NA,NA,"0",NA,NA,NA,NA,NA,NA,"0",NA,NA,NA,NA,NA,NA,NA,NA,"0",NA,NA
NA,NA,NA,"-601",NA,NA,"1.84323",NA,NA,NA,NA,NA,NA,NA,NA,NA,NA,NA,"0",NA,NA,NA,NA,NA,NA,NA,NA,"0",NA,NA
NA,NA,NA,"-602",NA,NA,"1.68278",NA,"0",NA,NA,"0",NA,NA,NA,NA,NA,NA,"1",NA,NA,NA,NA,NA,NA,NA,NA,"8269380",NA,NA
NA,NA,NA,"-600",NA,NA,"0.319799",NA,NA,NA,NA,NA,NA,NA,NA,NA,NA,NA,"0",NA,NA,NA,NA,NA,NA,NA,NA,"0",NA,NA
NA,NA,NA,NA,NA,NA,"-1.41844",NA,NA,NA,NA,"0",NA,NA,NA,NA,NA,NA,"0",NA,NA,NA,NA,NA,NA,NA,NA,"913808",NA,NA
NA,NA,NA,NA,NA,NA,"1.99184",NA,NA,NA,NA,NA,NA,NA,NA,NA,NA,NA,NA,NA,NA,NA,NA,NA,NA,NA,NA,"0",NA,NA
NA,NA,NA,"-602",NA,NA,"0.094264",NA,NA,NA,NA,NA,NA,NA,NA,NA,NA,NA,"0",NA,NA,NA,NA,NA,NA,NA,NA,"0",NA,NA
NA,NA,NA,NA,NA,NA,"-0.0545113",NA,NA,NA,NA,NA,NA,NA,NA,NA,NA,NA,NA,NA,NA,NA,NA,NA,NA,NA,NA,"0",NA,NA
NA,NA,NA,"-601",NA,"2.763","0.689579",NA,NA,"2","2336",NA,NA,NA,NA,NA,"8242.85",NA,"0",NA,NA,NA,"55596",NA,NA,"-0.2",NA,"3685846",NA,NA
NA,NA,NA,"-600",NA,NA,"-0.245026",NA,NA,NA,NA,NA,NA,NA,NA,NA,NA,NA,"0",NA,NA,NA,NA,NA,NA,NA,NA,"0",NA,NA
NA,NA,NA,NA,NA,NA,"-1.59568",NA,NA,NA,NA,NA,NA,NA,NA,NA,NA,NA,NA,NA,NA,NA,NA,NA,NA,NA,NA,"0",NA,NA
NA,NA,NA,"-602",NA,"2.491","1.97998",NA,NA,NA,"1933",NA,NA,NA,NA,NA,"6010.15",NA,"0",NA,NA,NA,"53159",NA,NA,NA,NA,"0",NA,NA
NA,NA,NA,NA,NA,NA,"0.790623",NA,NA,NA,NA,NA,NA,NA,NA,NA,NA,NA,NA,NA,NA,NA,NA,NA,NA,NA,NA,"0",NA,NA
NA,NA,NA,"-602",NA,NA,"-2.07006",NA,NA,NA,NA,"0",NA,NA,NA,NA,NA,NA,"-121",NA,NA,NA,NA,NA,NA,NA,NA,"5234766",NA,NA
NA,NA,NA,NA,NA,NA,"0.194595",NA,NA,NA,NA,NA,NA,NA,NA,NA,NA,NA,NA,NA,NA,NA,NA,NA,NA,NA,NA,"0",NA,NA
NA,NA,NA,"-601",NA,NA,"2.34471",NA,NA,NA,NA,NA,NA,NA,NA,NA,NA,NA,"0",NA,NA,NA,NA,NA,NA,NA,NA,"0",NA,NA
NA,NA,NA,"-601",NA,NA,"-0.62041",NA,NA,NA,NA,"0",NA,NA,NA,NA,NA,NA,"0",NA,NA,NA,NA,NA,NA,NA,NA,"0",NA,NA
NA,NA,NA,NA,NA,NA,"-2.37021",NA,NA,NA,NA,NA,NA,NA,NA,NA,NA,NA,NA,NA,NA,NA,NA,NA,NA,NA,NA,"0",NA,NA
NA,NA,NA,NA,NA,NA,"0.291607",NA,NA,NA,NA,NA,NA,NA,NA,NA,NA,NA,NA,NA,NA,NA,NA,NA,NA,NA,NA,NA,NA,NA
NA,NA,NA,"-600",NA,NA,"-0.500777",NA,NA,NA,NA,"0",NA,NA,NA,NA,NA,NA,"0",NA,NA,NA,NA,NA,NA,NA,NA,"1016297",NA,NA
NA,NA,NA,NA,NA,NA,"0.243921",NA,NA,NA,NA,NA,NA,NA,NA,NA,NA,NA,NA,NA,NA,NA,NA,NA,NA,NA,NA,"0",NA,NA
NA,NA,NA,"-600",NA,NA,"0.435936",NA,NA,NA,NA,"0",NA,NA,NA,NA,NA,NA,"0",NA,NA,NA,NA,NA,NA,NA,NA,"0",NA,NA
NA,NA,NA,NA,NA,NA,"-2.51479",NA,NA,NA,NA,NA,NA,NA,NA,NA,NA,NA,NA,NA,NA,NA,NA,NA,NA,NA,NA,"0",NA,NA
NA,NA,NA,"-601",NA,NA,"0.44769",NA,NA,NA,NA,NA,NA,NA,NA,NA,NA,NA,"0",NA,NA,NA,NA,NA,NA,NA,NA,"0",NA,NA
NA,NA,NA,NA,NA,NA,"0.465124",NA,NA,NA,NA,NA,NA,NA,NA,NA,NA,NA,NA,NA,NA,NA,NA,NA,NA,NA,NA,"0",NA,NA
NA,NA,NA,NA,NA,NA,"0.470176",NA,NA,NA,NA,NA,NA,NA,NA,NA,NA,NA,NA,NA,NA,NA,NA,NA,NA,NA,NA,"0",NA,NA
NA,NA,NA,NA,NA,NA,"-0.674257",NA,NA,NA,NA,NA,NA,NA,NA,NA,NA,NA,NA,NA,NA,NA,NA,NA,NA,NA,NA,"0",NA,NA
NA,NA,NA,NA,NA,NA,"3.17677",NA,NA,NA,NA,NA,NA,NA,NA,NA,NA,NA,NA,NA,NA,NA,NA,NA,NA,NA,NA,"0",NA,NA
NA,NA,NA,"-602",NA,NA,"-0.408304",NA,NA,NA,NA,NA,NA,NA,NA,NA,NA,NA,NA,NA,NA,NA,NA,NA,NA,NA,NA,"0",NA,NA
NA,NA,NA,NA,NA,NA,"-0.822506",NA,NA,NA,NA,NA,NA,NA,NA,NA,NA,NA,NA,NA,NA,NA,NA,NA,NA,NA,NA,"0",NA,NA
NA,NA,NA,"-602",NA,NA,"-0.566447",NA,NA,NA,NA,NA,NA,NA,NA,NA,NA,NA,"0",NA,NA,NA,NA,NA,NA,NA,NA,"3036494",NA,NA
NA,NA,NA,"-600",NA,"2.449","0.533328",NA,NA,NA,"2550",NA,NA,NA,NA,NA,"6476.41",NA,"0",NA,NA,NA,"60196",NA,NA,NA,NA,"0",NA,NA
NA,NA,NA,NA,NA,NA,"2.2879",NA,NA,NA,NA,NA,NA,NA,NA,NA,NA,NA,"0",NA,NA,NA,NA,NA,NA,NA,NA,"8992274",NA,NA
NA,NA,NA,NA,NA,NA,"-1.23887",NA,NA,NA,NA,NA,NA,NA,NA,NA,NA,NA,NA,NA,NA,NA,NA,NA,NA,NA,NA,"1385224",NA,NA
NA,NA,NA,"-601",NA,NA,"0.842034",NA,NA,NA,NA,NA,NA,NA,NA,NA,NA,NA,NA,NA,NA,NA,NA,NA,NA,NA,NA,"0",NA,NA
NA,NA,NA,NA,NA,NA,"1.78139",NA,NA,NA,NA,NA,NA,NA,NA,NA,NA,NA,NA,NA,NA,NA,NA,NA,NA,NA,NA,"0",NA,NA
NA,NA,NA,"-602",NA,NA,"-1.50344",NA,NA,NA,NA,NA,NA,NA,NA,NA,NA,NA,"0",NA,NA,NA,NA,NA,NA,NA,NA,"0",NA,NA
NA,NA,NA,NA,NA,"3.255","-2.31071",NA,NA,NA,"2608",NA,NA,NA,NA,NA,"7482.73",NA,NA,NA,NA,NA,"49794",NA,NA,NA,NA,"0",NA,NA
NA,NA,NA,NA,NA,NA,"1.80085",NA,NA,NA,NA,NA,NA,NA,NA,NA,NA,NA,NA,NA,NA,NA,NA,NA,NA,NA,NA,"0",NA,NA
NA,NA,NA,"-602",NA,"2.56","-3.0476",NA,NA,NA,"2596",NA,NA,NA,NA,NA,"8364.7",NA,"0",NA,NA,NA,"54814",NA,NA,NA,NA,"0",NA,NA
NA,NA,NA,NA,NA,NA,"1.9499",NA,NA,NA,NA,NA,NA,NA,NA,NA,NA,NA,NA,NA,NA,NA,NA,NA,NA,NA,NA,"0",NA,NA
NA,NA,NA,NA,NA,NA,"1.51628",NA,NA,NA,NA,NA,NA,NA,NA,NA,NA,NA,NA,NA,NA,NA,NA,NA,NA,NA,NA,"0",NA,NA
NA,NA,NA,"-601",NA,NA,"0.0866903",NA,NA,NA,NA,NA,NA,NA,NA,NA,NA,NA,"0",NA,NA,NA,NA,NA,NA,NA,NA,"0",NA,NA
NA,NA,NA,"-600",NA,NA,"-0.0699736",NA,NA,NA,NA,NA,NA,NA,NA,NA,NA,NA,"0",NA,NA,NA,NA,NA,NA,NA,NA,"0",NA,NA
NA,NA,NA,NA,NA,NA,"-1.62965",NA,NA,NA,NA,NA,NA,NA,NA,NA,NA,NA,NA,NA,NA,NA,NA,NA,NA,NA,NA,"0",NA,NA
NA,NA,NA,NA,NA,NA,"-0.409263",NA,NA,NA,NA,NA,NA,NA,NA,NA,NA,NA,NA,NA,NA,NA,NA,NA,NA,NA,NA,"0",NA,NA
NA,NA,NA,NA,NA,NA,NA,NA,NA,NA,NA,NA,NA,NA,NA,NA,NA,NA,NA,NA,NA,NA,NA,NA,NA,NA,NA,"3099302",NA,NA
NA,NA,NA,NA,NA,NA,"-0.442867",NA,NA,NA,NA,NA,NA,NA,NA,NA,NA,NA,NA,NA,NA,NA,NA,NA,NA,NA,NA,"0",NA,NA
NA,NA,NA,NA,NA,NA,"-0.24397",NA,NA,NA,NA,NA,NA,NA,NA,NA,NA,NA,NA,NA,NA,NA,NA,NA,NA,NA,NA,"0",NA,NA
NA,NA,NA,NA,NA,NA,"0.310793",NA,NA,NA,NA,NA,NA,NA,NA,NA,NA,NA,"0",NA,NA,NA,NA,NA,NA,NA,NA,"0",NA,NA
NA,NA,NA,NA,NA,"3.203","0.950166",NA,NA,NA,"2762",NA,NA,NA,NA,NA,"7745.51",NA,NA,NA,NA,NA,"51751",NA,NA,NA,NA,"8250500",NA,NA
NA,NA,NA,NA,NA,NA,"0.94204",NA,NA,NA,NA,NA,NA,NA,NA,NA,NA,NA,NA,NA,NA,NA,NA,NA,NA,NA,NA,"0",NA,NA
NA,NA,NA,"-600",NA,NA,"-0.932355",NA,NA,NA,NA,NA,NA,NA,NA,NA,NA,NA,"0",NA,NA,NA,NA,NA,NA,NA,NA,"0",NA,NA
NA,NA,NA,NA,NA,NA,"1.01302",NA,NA,NA,NA,NA,NA,NA,NA,NA,NA,NA,NA,NA,NA,NA,NA,NA,NA,NA,NA,"0",NA,NA
NA,NA,NA,NA,NA,NA,"-0.72552",NA,NA,NA,NA,NA,NA,NA,NA,NA,NA,NA,NA,NA,NA,NA,NA,NA,NA,NA,NA,"0",NA,NA
NA,NA,NA,"-601",NA,NA,"-0.978581",NA,NA,NA,NA,NA,NA,NA,NA,NA,NA,NA,"0",NA,NA,NA,NA,NA,NA,NA,NA,"0",NA,NA
NA,NA,NA,"-602",NA,NA,"0.142442",NA,NA,NA,NA,NA,NA,NA,NA,NA,NA,NA,NA,NA,NA,NA,NA,NA,NA,NA,NA,"0",NA,NA
NA,NA,NA,NA,NA,NA,"0.301195",NA,NA,NA,NA,NA,NA,NA,NA,NA,NA,NA,NA,NA,NA,NA,NA,NA,NA,NA,NA,"0",NA,NA
NA,NA,NA,NA,NA,NA,"-1.50287",NA,NA,NA,NA,NA,NA,NA,NA,NA,NA,NA,NA,NA,NA,NA,NA,NA,NA,NA,NA,"0",NA,NA
NA,NA,NA,"-601",NA,"3.166","0.555183",NA,NA,NA,"2823",NA,NA,NA,NA,NA,"8081.17",NA,"0",NA,NA,NA,"56673",NA,NA,NA,NA,"0",NA,NA
NA,NA,NA,NA,NA,NA,"3.74156",NA,NA,NA,NA,NA,NA,NA,NA,NA,NA,NA,NA,NA,NA,NA,NA,NA,NA,NA,NA,"0",NA,NA
NA,NA,NA,"-601",NA,NA,"1.36535",NA,NA,NA,NA,NA,NA,NA,NA,NA,NA,NA,"0",NA,NA,NA,NA,NA,NA,NA,NA,"0",NA,NA
NA,NA,NA,NA,NA,NA,"1.79283",NA,NA,NA,NA,NA,NA,NA,NA,NA,NA,NA,NA,NA,NA,NA,NA,NA,NA,NA,NA,"0",NA,NA
NA,NA,NA,NA,NA,NA,"-1.17689",NA,NA,NA,NA,NA,NA,NA,NA,NA,NA,NA,NA,NA,NA,NA,NA,NA,NA,NA,NA,"2589977",NA,NA
NA,NA,NA,NA,NA,NA,NA,NA,NA,NA,NA,NA,NA,NA,NA,NA,NA,NA,NA,NA,NA,NA,NA,NA,NA,NA,NA,"0",NA,NA
NA,NA,NA,NA,NA,NA,"1.80172",NA,NA,NA,NA,NA,NA,NA,NA,NA,NA,NA,NA,NA,NA,NA,NA,NA,NA,NA,NA,"0",NA,NA
"N394",NA,NA,NA,NA,NA,"2.49089",NA,NA,NA,NA,NA,NA,NA,NA,NA,NA,NA,NA,NA,NA,NA,NA,NA,NA,NA,NA,"0",NA,NA
NA,NA,NA,NA,NA,NA,"0.333609",NA,NA,NA,NA,NA,NA,NA,NA,NA,NA,NA,NA,NA,NA,NA,NA,NA,NA,NA,NA,"3762755",NA,NA
NA,NA,NA,NA,NA,NA,"1.04339",NA,NA,NA,NA,NA,NA,NA,NA,NA,NA,NA,NA,NA,NA,NA,NA,NA,NA,NA,NA,"0",NA,NA
NA,NA,NA,NA,NA,NA,"-0.033272",NA,NA,NA,NA,NA,NA,NA,NA,NA,NA,NA,NA,NA,NA,NA,NA,NA,NA,NA,NA,"0",NA,NA
NA,NA,NA,NA,NA,NA,"1.11346",NA,NA,NA,NA,NA,NA,NA,NA,NA,NA,NA,NA,NA,NA,NA,NA,NA,NA,NA,NA,"0",NA,NA
NA,NA,NA,NA,NA,NA,"3.37572",NA,NA,NA,NA,NA,NA,NA,NA,NA,NA,NA,"0",NA,NA,NA,NA,NA,NA,NA,NA,"0",NA,NA
NA,NA,NA,NA,NA,NA,"-1.13457",NA,NA,NA,NA,NA,NA,NA,NA,NA,NA,NA,NA,NA,NA,NA,NA,NA,NA,NA,NA,"0",NA,NA
NA,NA,NA,NA,NA,NA,"0.97853",NA,NA,NA,NA,NA,NA,NA,NA,NA,NA,NA,NA,NA,NA,NA,NA,NA,NA,NA,NA,"0",NA,NA
NA,NA,NA,NA,NA,NA,"-2.44554",NA,NA,NA,NA,NA,NA,NA,NA,NA,NA,NA,NA,NA,NA,NA,NA,NA,NA,NA,NA,"0",NA,NA
NA,NA,NA,"-601",NA,NA,"-1.62214",NA,NA,NA,NA,NA,NA,NA,NA,NA,NA,NA,"0",NA,NA,NA,NA,NA,NA,NA,NA,"0",NA,NA
NA,NA,NA,NA,NA,NA,"-0.0500054",NA,NA,NA,NA,NA,NA,NA,NA,NA,NA,NA,NA,NA,NA,NA,NA,NA,NA,NA,NA,"0",NA,NA
NA,NA,NA,"-601",NA,NA,"0.29096",NA,NA,"3",NA,NA,NA,NA,NA,NA,NA,NA,"0",NA,NA,NA,NA,NA,NA,"0.3",NA,"0",NA,NA
NA,NA,NA,"-601",NA,NA,"-0.78957",NA,NA,NA,NA,NA,NA,NA,NA,NA,NA,NA,"0",NA,NA,NA,NA,NA,NA,NA,NA,"0",NA,NA
NA,NA,NA,NA,NA,NA,"0.177248",NA,NA,"3",NA,NA,NA,NA,NA,NA,NA,NA,NA,NA,NA,NA,NA,NA,NA,"0.3",NA,"0",NA,NA
NA,NA,NA,NA,NA,NA,"-0.140099",NA,NA,NA,NA,NA,NA,NA,NA,NA,NA,NA,NA,NA,NA,NA,NA,NA,NA,NA,NA,"0",NA,NA
NA,NA,NA,NA,NA,NA,"-0.856136",NA,NA,NA,NA,NA,NA,NA,NA,NA,NA,NA,NA,NA,NA,NA,NA,NA,NA,NA,NA,"0",NA,NA
NA,NA,NA,NA,NA,NA,"-2.36074",NA,NA,NA,NA,NA,NA,NA,NA,NA,NA,NA,NA,NA,NA,NA,NA,NA,NA,NA,NA,"0",NA,NA
NA,NA,NA,"-602",NA,NA,"1.82528",NA,NA,NA,NA,NA,NA,NA,NA,NA,NA,NA,NA,NA,NA,NA,NA,NA,NA,NA,NA,"3775703",NA,NA
NA,NA,NA,NA,NA,NA,"-1.62848",NA,NA,NA,NA,NA,NA,NA,NA,NA,NA,NA,NA,NA,NA,NA,NA,NA,NA,NA,NA,"0",NA,NA
NA,NA,NA,NA,NA,NA,"1.34401",NA,NA,NA,NA,NA,NA,NA,NA,NA,NA,NA,NA,NA,NA,NA,NA,NA,NA,NA,NA,"0",NA,NA
NA,NA,NA,NA,NA,NA,"-0.850097",NA,NA,NA,NA,NA,NA,NA,NA,NA,NA,NA,NA,NA,NA,NA,NA,NA,NA,NA,NA,"0",NA,NA
NA,NA,NA,"-600",NA,NA,"3.33695",NA,NA,"1",NA,NA,NA,NA,NA,NA,NA,NA,"0",NA,NA,NA,NA,NA,NA,"0.1",NA,"0",NA,NA
"Z080",NA,NA,"-601",NA,NA,"2.38511",NA,NA,NA,NA,NA,NA,NA,NA,NA,NA,NA,"0",NA,NA,NA,NA,NA,NA,NA,NA,"0",NA,NA
NA,NA,NA,"-601",NA,NA,"-0.158415",NA,NA,NA,NA,NA,NA,NA,NA,NA,NA,NA,"0",NA,NA,NA,NA,NA,NA,NA,NA,"0",NA,NA
NA,NA,NA,NA,NA,NA,"0.76015",NA,NA,NA,NA,NA,NA,NA,NA,NA,NA,NA,NA,NA,NA,NA,NA,NA,NA,NA,NA,"0",NA,NA
NA,NA,NA,"-602",NA,"3.477","2.61878",NA,NA,NA,"2843",NA,NA,NA,NA,NA,"7252.53",NA,"1",NA,NA,NA,"54352",NA,NA,NA,NA,"0",NA,NA
NA,NA,NA,NA,NA,"2.886","-1.75616",NA,NA,NA,"3170",NA,NA,NA,NA,NA,"6800.41",NA,"0",NA,NA,NA,"54987",NA,NA,NA,NA,"0",NA,NA
NA,NA,NA,NA,NA,NA,"-1.08538",NA,NA,NA,NA,NA,NA,NA,NA,NA,NA,NA,NA,NA,NA,NA,NA,NA,NA,NA,NA,"0",NA,NA
NA,NA,NA,NA,NA,NA,"-2.43315",NA,NA,NA,NA,NA,NA,NA,NA,NA,NA,NA,"0",NA,NA,NA,NA,NA,NA,NA,NA,"0",NA,NA
NA,NA,NA,NA,NA,NA,"-0.477416",NA,NA,NA,NA,NA,NA,NA,NA,NA,NA,NA,NA,NA,NA,NA,NA,NA,NA,NA,NA,"0",NA,NA
NA,NA,NA,"-601",NA,NA,"-1.73597",NA,NA,NA,NA,NA,NA,NA,NA,NA,NA,NA,NA,NA,NA,NA,NA,NA,NA,NA,NA,"0",NA,NA
NA,NA,NA,NA,NA,NA,"-1.07482",NA,NA,NA,NA,NA,NA,NA,NA,NA,NA,NA,NA,NA,NA,NA,NA,NA,NA,NA,NA,"5305986",NA,NA
NA,NA,NA,NA,NA,NA,"-1.50061",NA,NA,NA,NA,NA,NA,NA,NA,NA,NA,NA,NA,NA,NA,NA,NA,NA,NA,NA,NA,"0",NA,NA
NA,NA,NA,NA,NA,NA,"0.23418",NA,NA,NA,NA,NA,NA,NA,NA,NA,NA,NA,NA,NA,NA,NA,NA,NA,NA,NA,NA,"0",NA,NA
NA,NA,NA,NA,NA,NA,"-3.02922",NA,NA,NA,NA,NA,NA,NA,NA,NA,NA,NA,NA,NA,NA,NA,NA,NA,NA,NA,NA,"0",NA,NA
NA,NA,NA,NA,NA,"2.971","-5.12771",NA,NA,NA,"2837",NA,NA,NA,NA,NA,"7238.76",NA,NA,NA,NA,NA,"59999",NA,NA,NA,NA,"0",NA,NA
NA,NA,NA,NA,NA,"3.107","0.140617",NA,NA,NA,"2922",NA,NA,NA,NA,NA,"8040.85",NA,NA,NA,NA,NA,"56442",NA,NA,NA,NA,"0",NA,NA
NA,NA,NA,NA,NA,NA,"1.43168",NA,NA,NA,NA,NA,NA,NA,NA,NA,NA,NA,NA,NA,NA,NA,NA,NA,NA,NA,NA,"0",NA,NA
NA,NA,NA,NA,NA,NA,"-0.39262",NA,NA,NA,NA,NA,NA,NA,NA,NA,NA,NA,NA,NA,NA,NA,NA,NA,NA,NA,NA,"4058904",NA,NA
NA,NA,NA,NA,NA,NA,"-2.24859",NA,NA,NA,NA,NA,NA,NA,NA,NA,NA,NA,NA,NA,NA,NA,NA,NA,NA,NA,NA,"604293",NA,NA
NA,NA,NA,NA,NA,NA,"-4.26492",NA,NA,NA,NA,NA,NA,NA,NA,NA,NA,NA,"0",NA,NA,NA,NA,NA,NA,NA,NA,"0",NA,NA
NA,NA,NA,NA,NA,NA,"1.09376",NA,NA,NA,NA,NA,NA,NA,NA,NA,NA,NA,NA,NA,NA,NA,NA,NA,NA,NA,NA,"0",NA,NA
"M2323",NA,NA,NA,NA,NA,"-1.9701",NA,NA,NA,NA,NA,NA,NA,NA,NA,NA,NA,NA,NA,NA,NA,NA,NA,NA,NA,NA,"0",NA,NA
NA,NA,NA,"-602",NA,NA,"-1.80955",NA,NA,NA,NA,NA,NA,NA,NA,NA,NA,NA,NA,NA,NA,NA,NA,NA,NA,NA,NA,"0",NA,NA
NA,NA,NA,"-600",NA,NA,"-3.10716",NA,NA,"2",NA,NA,NA,NA,NA,NA,NA,NA,NA,NA,NA,NA,NA,NA,NA,"-0.2",NA,"0",NA,NA
NA,NA,NA,NA,NA,NA,"1.71269",NA,NA,NA,NA,NA,NA,NA,NA,NA,NA,NA,"0",NA,NA,NA,NA,NA,NA,NA,NA,"0",NA,NA
NA,NA,NA,NA,NA,NA,"-0.543748",NA,NA,NA,NA,NA,NA,NA,NA,NA,NA,NA,NA,NA,NA,NA,NA,NA,NA,NA,NA,"0",NA,NA
NA,NA,NA,"-601",NA,NA,"-2.52048",NA,NA,NA,NA,NA,NA,NA,NA,NA,NA,NA,"0",NA,NA,NA,NA,NA,NA,NA,NA,"0",NA,NA
NA,NA,NA,"-601",NA,NA,"1.76301",NA,NA,NA,NA,NA,NA,NA,NA,NA,NA,NA,NA,NA,NA,NA,NA,NA,NA,NA,NA,"0",NA,NA
NA,NA,NA,NA,NA,NA,"1.11015",NA,NA,NA,NA,NA,NA,NA,NA,NA,NA,NA,NA,NA,NA,NA,NA,NA,NA,NA,NA,"0",NA,NA
NA,NA,NA,NA,NA,NA,"0.365317",NA,NA,NA,NA,NA,NA,NA,NA,NA,NA,NA,NA,NA,NA,NA,NA,NA,NA,NA,NA,"0",NA,NA
NA,NA,NA,NA,NA,NA,"-0.616372",NA,NA,NA,NA,NA,NA,NA,NA,NA,NA,NA,NA,NA,NA,NA,NA,NA,NA,NA,NA,"0",NA,NA
NA,NA,NA,NA,NA,NA,"-1.42447",NA,NA,NA,NA,NA,NA,NA,NA,NA,NA,NA,NA,NA,NA,NA,NA,NA,NA,NA,NA,"5849598",NA,NA
NA,NA,NA,NA,NA,NA,"-0.616121",NA,NA,NA,NA,NA,NA,NA,NA,NA,NA,NA,NA,NA,NA,NA,NA,NA,NA,NA,NA,"0",NA,NA
NA,NA,NA,NA,NA,NA,"-1.34891",NA,NA,NA,NA,NA,NA,NA,NA,NA,NA,NA,NA,NA,NA,NA,NA,NA,NA,NA,NA,"0",NA,NA
NA,NA,NA,NA,NA,NA,"0.552602",NA,NA,NA,NA,NA,NA,NA,NA,NA,NA,NA,NA,NA,NA,NA,NA,NA,NA,NA,NA,"4957091",NA,NA
NA,NA,NA,NA,NA,NA,"3.26949",NA,NA,NA,NA,NA,NA,NA,NA,NA,NA,NA,NA,NA,NA,NA,NA,NA,NA,NA,NA,"0",NA,NA
NA,NA,NA,NA,NA,NA,"-1.51625",NA,NA,NA,NA,NA,NA,NA,NA,NA,NA,NA,NA,NA,NA,NA,NA,NA,NA,NA,NA,"0",NA,NA
NA,NA,NA,NA,NA,NA,"-0.136388",NA,NA,NA,NA,NA,NA,NA,NA,NA,NA,NA,NA,NA,NA,NA,NA,NA,NA,NA,NA,"0",NA,NA
NA,NA,NA,NA,NA,NA,"-0.725716",NA,NA,NA,NA,NA,NA,NA,NA,NA,NA,NA,NA,NA,NA,NA,NA,NA,NA,NA,NA,"0",NA,NA
NA,NA,NA,"-600",NA,NA,"-1.81807",NA,NA,NA,NA,NA,NA,NA,NA,NA,NA,NA,"0",NA,NA,NA,NA,NA,NA,NA,NA,"0",NA,NA
NA,NA,NA,"-600",NA,"3.061","0.874473",NA,NA,NA,"2515",NA,NA,NA,NA,NA,"6409.78",NA,"0",NA,NA,NA,"53196",NA,NA,NA,NA,"0",NA,NA
NA,NA,NA,"-602",NA,"3.04","1.86434",NA,NA,NA,"2412",NA,NA,NA,NA,NA,"12824.3",NA,NA,NA,NA,NA,"56117",NA,NA,NA,NA,"0",NA,NA
NA,NA,NA,NA,NA,NA,"-0.0667602",NA,NA,NA,NA,NA,NA,NA,NA,NA,NA,NA,NA,NA,NA,NA,NA,NA,NA,NA,NA,"2691189",NA,NA
NA,NA,NA,"-601",NA,NA,"0.931033",NA,NA,NA,NA,NA,NA,NA,NA,NA,NA,NA,"0",NA,NA,NA,NA,NA,NA,NA,NA,"1257766",NA,NA
NA,NA,NA,NA,NA,NA,"0.823485",NA,NA,NA,NA,NA,NA,NA,NA,NA,NA,NA,NA,NA,NA,NA,NA,NA,NA,NA,NA,"0",NA,NA
NA,NA,NA,NA,NA,NA,"-2.04646",NA,NA,NA,NA,NA,NA,NA,NA,NA,NA,NA,NA,NA,NA,NA,NA,NA,NA,NA,NA,"0",NA,NA
NA,NA,NA,NA,NA,NA,"-0.0808151",NA,NA,NA,NA,NA,NA,NA,NA,NA,NA,NA,NA,NA,NA,NA,NA,NA,NA,NA,NA,"0",NA,NA
NA,NA,NA,NA,NA,NA,"0.895569",NA,NA,NA,NA,NA,NA,NA,NA,NA,NA,NA,NA,NA,NA,NA,NA,NA,NA,NA,NA,"0",NA,NA
NA,NA,NA,"-602",NA,NA,"0.0179522",NA,NA,NA,NA,NA,NA,NA,NA,NA,NA,NA,"0",NA,NA,NA,NA,NA,NA,NA,NA,"0",NA,NA
NA,NA,NA,"-600",NA,NA,"1.29158",NA,NA,"2",NA,NA,NA,NA,NA,NA,NA,NA,"0",NA,NA,NA,NA,NA,NA,"-0.2",NA,"0",NA,NA
NA,NA,NA,NA,NA,NA,"1.23714",NA,NA,NA,NA,NA,NA,NA,NA,NA,NA,NA,NA,NA,NA,NA,NA,NA,NA,NA,NA,"0",NA,NA
NA,NA,NA,"-600",NA,NA,"2.69903",NA,NA,NA,NA,NA,NA,NA,NA,NA,NA,NA,"0",NA,NA,NA,NA,NA,NA,NA,NA,"0",NA,NA
NA,NA,NA,NA,NA,NA,"-0.251429",NA,NA,NA,NA,NA,NA,NA,NA,NA,NA,NA,NA,NA,NA,NA,NA,NA,NA,NA,NA,"0",NA,NA
NA,NA,NA,"-600",NA,NA,"0.958568",NA,NA,NA,NA,NA,NA,NA,NA,NA,NA,NA,"0",NA,NA,NA,NA,NA,NA,NA,NA,"0",NA,NA
NA,NA,NA,NA,NA,NA,"-1.07599",NA,NA,NA,NA,NA,NA,NA,NA,NA,NA,NA,NA,NA,NA,NA,NA,NA,NA,NA,NA,"0",NA,NA
NA,NA,NA,NA,NA,NA,"1.8178",NA,NA,"3",NA,NA,NA,NA,NA,NA,NA,NA,NA,NA,NA,NA,NA,NA,NA,"0.1",NA,"0",NA,NA
NA,NA,NA,NA,NA,NA,"0.380055",NA,NA,NA,NA,NA,NA,NA,NA,NA,NA,NA,NA,NA,NA,NA,NA,NA,NA,NA,NA,"0",NA,NA
NA,NA,NA,NA,NA,NA,"-1.32061",NA,NA,NA,NA,NA,NA,NA,NA,NA,NA,NA,NA,NA,NA,NA,NA,NA,NA,NA,NA,"0",NA,NA
NA,NA,NA,NA,NA,NA,"0.502783",NA,NA,NA,NA,"0",NA,NA,NA,NA,NA,NA,NA,NA,NA,NA,NA,NA,NA,NA,NA,"0",NA,NA
NA,NA,NA,NA,NA,NA,"-2.51034",NA,NA,NA,NA,NA,NA,NA,NA,NA,NA,NA,NA,NA,NA,NA,NA,NA,NA,NA,NA,"0",NA,NA
NA,NA,NA,NA,NA,NA,"-0.367925",NA,NA,NA,NA,NA,NA,NA,NA,NA,NA,NA,"0",NA,NA,NA,NA,NA,NA,NA,NA,"0",NA,NA
NA,NA,NA,NA,NA,NA,"-7.42854",NA,NA,NA,NA,NA,NA,NA,NA,NA,NA,NA,NA,NA,NA,NA,NA,NA,NA,NA,NA,"0",NA,NA
NA,NA,NA,"-600",NA,NA,"1.01801",NA,NA,NA,NA,NA,NA,NA,NA,NA,NA,NA,NA,NA,NA,NA,NA,NA,NA,NA,NA,"0",NA,NA
NA,NA,NA,NA,NA,NA,"0.30661",NA,NA,NA,NA,NA,NA,NA,NA,NA,NA,NA,NA,NA,NA,NA,NA,NA,NA,NA,NA,"0",NA,NA
NA,NA,NA,NA,NA,NA,"-0.629385",NA,NA,NA,NA,NA,NA,NA,NA,NA,NA,NA,NA,NA,NA,NA,NA,NA,NA,NA,NA,"3367891",NA,NA
NA,NA,NA,NA,NA,NA,"0.0719777",NA,NA,NA,NA,NA,NA,NA,NA,NA,NA,NA,NA,NA,NA,NA,NA,NA,NA,NA,NA,"0",NA,NA
NA,NA,NA,NA,NA,NA,"1.1754",NA,NA,NA,NA,NA,NA,NA,NA,NA,NA,NA,NA,NA,NA,NA,NA,NA,NA,NA,NA,"0",NA,NA
NA,NA,NA,NA,NA,NA,"3.46322",NA,NA,NA,NA,NA,NA,NA,NA,NA,NA,NA,NA,NA,NA,NA,NA,NA,NA,NA,NA,"0",NA,NA
NA,NA,NA,NA,NA,NA,"-1.24107",NA,NA,NA,NA,NA,NA,NA,NA,NA,NA,NA,NA,NA,NA,NA,NA,NA,NA,NA,NA,"0",NA,NA
NA,NA,NA,"-600",NA,NA,"-0.788873",NA,NA,NA,NA,NA,NA,NA,NA,NA,NA,NA,"0",NA,NA,NA,NA,NA,NA,NA,NA,"0",NA,NA
