"gas_or_solidfuel_cookingheating_pilot_f10860_0_2","fi3_word_interpolation_f20169_0_0","area_of_goccipitalmiddle_left_hemisphere_f27347_3_0","previously_smoked_cigarettes_on_mostall_days_f5959_0_0","thickness_of_buttermargarine_spread_on_baguettes_f20099_0_1","sushi_intake_f102750_4_0","pattern_of_lights_displayed_pilot_f10145_0_1","volume_level_set_by_participant_right_f4277_0_0","errors_before_selecting_correct_item_in_alphanumeric_path_trail_2_f6771_3_9","haemoglobin_concentration_acquisition_route_f30024_1_0","duration_to_first_press_of_snapbutton_in_each_round_f404_3_7","round_of_numeric_memory_test_f4260_2_1","triplet_played_left_f4229_2_8","year_ended_full_time_education_f22501_0_0","number_of_measurements_made_f3137_0_0","duration_to_entering_value_f20230_0_50","ecg_phase_time_f5986_0_18","volume_of_molecularlayerhphead_right_hemisphere_f26651_3_0","mean_icvf_in_medial_lemniscus_on_fa_skeleton_right_f25352_2_0","time_last_key_touched_f4255_2_9","time_to_press_next_right_f4247_1_3","bicycle_speed_f5985_0_47","mean_fa_in_uncinate_fasciculus_on_fa_skeleton_right_f25100_3_0","duration_spent_answering_each_puzzle_f6333_2_5","errors_before_selecting_correct_item_in_alphanumeric_path_trail_2_f20148_0_5","noncancer_illness_yearage_first_occurred_f87_0_33","instant_coffee_intake_f100250_1_0","mean_l2_in_fornix_cresstria_terminalis_on_fa_skeleton_right_f25286_3_0","family_history_of_ibs_f21065_0_0","operative_procedures_opcs4_f41272_0_36"
NA,NA,NA,NA,NA,NA,NA,"10",NA,NA,NA,NA,NA,NA,"3",NA,"149",NA,NA,NA,NA,"41",NA,NA,NA,NA,NA,NA,NA,NA
NA,NA,NA,NA,NA,NA,NA,"70",NA,NA,NA,NA,NA,NA,"2",NA,"149",NA,NA,NA,NA,"66",NA,NA,NA,NA,NA,NA,NA,NA
NA,NA,NA,NA,NA,NA,NA,NA,NA,NA,NA,NA,NA,NA,NA,NA,NA,NA,NA,NA,NA,NA,NA,NA,NA,NA,NA,NA,NA,NA
NA,NA,NA,NA,NA,NA,NA,NA,NA,NA,NA,NA,NA,NA,"2",NA,NA,NA,NA,NA,NA,NA,NA,NA,NA,NA,NA,NA,"0",NA
NA,NA,NA,NA,NA,NA,NA,"10",NA,NA,NA,NA,NA,NA,"3",NA,NA,NA,NA,NA,NA,NA,NA,NA,NA,NA,NA,NA,NA,NA
NA,"4",NA,NA,NA,NA,NA,NA,NA,NA,NA,NA,NA,"1976","3",NA,NA,NA,NA,NA,NA,NA,NA,NA,NA,NA,NA,NA,"1",NA
NA,NA,NA,NA,NA,NA,NA,NA,NA,"1",NA,NA,NA,"1960",NA,NA,NA,NA,NA,NA,"48",NA,NA,NA,NA,NA,NA,NA,"-121",NA
NA,"4",NA,NA,NA,NA,NA,"20",NA,NA,NA,NA,NA,NA,"2",NA,"179",NA,NA,NA,NA,"21",NA,NA,NA,NA,NA,NA,"1",NA
NA,NA,NA,NA,NA,NA,NA,NA,NA,NA,NA,NA,NA,NA,"3",NA,NA,NA,NA,NA,NA,NA,NA,NA,NA,NA,NA,NA,NA,NA
NA,"4",NA,NA,NA,NA,NA,NA,NA,NA,NA,"1","193","1985","3",NA,NA,NA,"0.556289",NA,NA,NA,NA,"87",NA,NA,NA,NA,"0",NA
NA,"4",NA,NA,NA,NA,NA,NA,NA,NA,NA,NA,NA,NA,"3",NA,NA,NA,NA,NA,NA,NA,NA,NA,NA,NA,NA,NA,NA,NA
NA,NA,NA,NA,NA,NA,NA,NA,NA,NA,NA,NA,NA,NA,"3",NA,NA,NA,NA,NA,NA,NA,NA,NA,NA,NA,NA,NA,NA,NA
NA,NA,NA,NA,NA,NA,NA,NA,NA,NA,NA,NA,NA,NA,"3",NA,NA,NA,NA,NA,NA,NA,NA,NA,NA,NA,NA,NA,NA,NA
NA,NA,NA,NA,NA,NA,NA,NA,NA,NA,NA,NA,NA,NA,"3",NA,NA,NA,NA,NA,NA,NA,NA,NA,NA,NA,NA,NA,NA,NA
NA,NA,NA,NA,NA,NA,NA,NA,NA,NA,NA,NA,NA,NA,"3",NA,NA,NA,NA,NA,NA,NA,NA,NA,NA,NA,NA,NA,NA,NA
NA,NA,NA,NA,NA,NA,NA,"10",NA,NA,NA,NA,NA,NA,"2",NA,"134",NA,NA,NA,NA,"64",NA,NA,NA,NA,NA,NA,NA,NA
NA,"4",NA,NA,NA,NA,NA,NA,NA,NA,NA,NA,NA,NA,"3",NA,NA,NA,NA,NA,NA,NA,NA,NA,NA,NA,NA,NA,"0",NA
NA,NA,NA,NA,NA,NA,NA,"10",NA,NA,NA,NA,NA,"1964","3",NA,NA,NA,NA,NA,NA,NA,NA,NA,NA,NA,NA,NA,"0",NA
NA,"4",NA,NA,NA,NA,NA,"40",NA,NA,NA,NA,NA,"1977","3",NA,NA,NA,NA,NA,NA,NA,NA,NA,NA,NA,NA,NA,"-121",NA
NA,NA,NA,NA,NA,NA,NA,NA,NA,NA,NA,NA,NA,NA,"3",NA,NA,NA,NA,NA,NA,NA,NA,NA,NA,NA,NA,NA,NA,NA
NA,"4",NA,"0",NA,NA,NA,NA,NA,NA,NA,NA,NA,NA,"3",NA,NA,NA,NA,NA,NA,NA,NA,NA,NA,NA,"2",NA,NA,NA
NA,NA,NA,NA,NA,NA,NA,NA,NA,NA,NA,NA,NA,NA,"3",NA,NA,NA,NA,NA,NA,NA,NA,NA,NA,NA,NA,NA,NA,NA
NA,NA,NA,NA,NA,NA,NA,NA,NA,NA,NA,NA,NA,NA,"3",NA,NA,NA,NA,NA,NA,NA,NA,NA,NA,NA,NA,NA,NA,NA
NA,NA,NA,NA,NA,NA,NA,NA,NA,NA,NA,NA,NA,NA,NA,NA,NA,NA,NA,NA,NA,NA,NA,NA,NA,NA,NA,NA,NA,NA
NA,NA,NA,NA,NA,NA,NA,"20",NA,NA,NA,NA,NA,"1979","2",NA,NA,NA,NA,NA,NA,NA,NA,NA,NA,NA,NA,NA,"0",NA
NA,NA,NA,NA,NA,NA,NA,NA,NA,NA,NA,NA,NA,NA,"3",NA,NA,NA,NA,NA,NA,NA,NA,NA,NA,NA,NA,NA,"0","Z843"
NA,NA,NA,NA,NA,NA,NA,NA,NA,NA,NA,NA,NA,NA,"3",NA,NA,NA,NA,NA,NA,NA,NA,NA,NA,NA,NA,NA,NA,NA
NA,NA,NA,NA,NA,NA,NA,NA,NA,NA,NA,NA,NA,NA,"3",NA,NA,NA,NA,NA,NA,NA,NA,NA,NA,NA,NA,NA,NA,NA
NA,NA,NA,NA,NA,NA,NA,"10",NA,NA,NA,NA,NA,NA,"2",NA,"168",NA,NA,NA,NA,"26",NA,NA,NA,NA,"2",NA,NA,NA
NA,"4",NA,NA,NA,NA,NA,NA,NA,NA,NA,NA,NA,"1962","3",NA,NA,NA,NA,NA,NA,NA,NA,NA,NA,NA,NA,NA,"-121",NA
NA,NA,NA,NA,NA,NA,NA,NA,NA,NA,NA,NA,NA,NA,"3",NA,NA,NA,NA,NA,NA,NA,NA,NA,NA,NA,NA,NA,NA,NA
NA,NA,NA,NA,NA,NA,NA,NA,NA,NA,NA,NA,NA,NA,"3",NA,NA,NA,NA,NA,NA,NA,NA,NA,NA,NA,NA,NA,"1",NA
NA,NA,NA,NA,NA,NA,NA,NA,NA,NA,NA,NA,NA,NA,"2",NA,NA,NA,NA,NA,NA,NA,NA,NA,NA,NA,NA,NA,NA,NA
NA,NA,NA,NA,NA,NA,NA,"20",NA,NA,NA,NA,NA,NA,"2",NA,NA,NA,NA,NA,NA,NA,NA,NA,NA,NA,NA,NA,NA,NA
NA,NA,NA,NA,NA,NA,NA,NA,NA,NA,NA,"1","286",NA,"3",NA,NA,NA,"0.598152",NA,NA,NA,NA,"36",NA,NA,NA,NA,"0",NA
NA,NA,NA,NA,NA,NA,NA,NA,NA,NA,NA,NA,NA,NA,"2",NA,NA,NA,NA,NA,NA,NA,NA,NA,NA,NA,NA,NA,NA,NA
NA,NA,NA,NA,NA,NA,NA,"10",NA,NA,NA,NA,NA,"1965","3",NA,NA,NA,NA,NA,NA,NA,NA,NA,NA,NA,"2",NA,"0",NA
NA,NA,NA,NA,NA,NA,NA,NA,NA,NA,NA,NA,NA,NA,"3",NA,NA,NA,NA,NA,NA,NA,NA,NA,NA,NA,NA,NA,NA,NA
NA,NA,NA,NA,NA,NA,NA,NA,NA,NA,NA,NA,NA,NA,NA,NA,NA,NA,NA,NA,NA,NA,NA,NA,NA,NA,NA,NA,NA,NA
NA,NA,NA,NA,NA,NA,NA,"10",NA,NA,NA,NA,NA,NA,"3",NA,"168",NA,NA,NA,NA,"39",NA,NA,NA,NA,NA,NA,NA,NA
NA,NA,NA,NA,NA,NA,NA,NA,NA,NA,NA,NA,NA,NA,"2",NA,NA,NA,NA,NA,NA,NA,NA,NA,NA,NA,NA,NA,NA,NA
NA,"4",NA,NA,NA,NA,NA,NA,NA,NA,NA,"1","534",NA,"3",NA,NA,NA,NA,NA,NA,NA,NA,"165",NA,NA,NA,NA,"0",NA
NA,NA,NA,NA,NA,NA,NA,NA,NA,NA,NA,NA,NA,NA,NA,NA,NA,NA,NA,NA,NA,NA,NA,NA,NA,NA,NA,NA,NA,NA
NA,NA,NA,NA,NA,NA,NA,NA,NA,NA,NA,NA,NA,NA,"2",NA,NA,NA,NA,NA,NA,NA,NA,NA,NA,NA,"5",NA,"0",NA
NA,NA,NA,NA,NA,NA,NA,"40",NA,NA,NA,NA,NA,NA,"3",NA,NA,NA,NA,NA,NA,NA,NA,NA,NA,NA,NA,NA,NA,"Z493"
NA,"4",NA,NA,NA,NA,NA,NA,NA,"2",NA,NA,NA,"1971","3",NA,NA,NA,NA,NA,"36",NA,NA,NA,NA,NA,NA,NA,"0",NA
NA,NA,NA,NA,NA,NA,NA,"10",NA,NA,NA,"1","496","1983","2",NA,"144",NA,"0.620001",NA,NA,"64",NA,"112",NA,NA,NA,NA,"0",NA
NA,"4",NA,NA,NA,NA,NA,"10",NA,"2","842","1","412","1982","2",NA,NA,NA,"0.640782","6895","68",NA,NA,"107",NA,NA,"3",NA,"1",NA
NA,"2",NA,NA,NA,NA,NA,NA,NA,NA,NA,NA,NA,"1987","3",NA,NA,NA,NA,NA,NA,NA,NA,NA,NA,NA,"2",NA,"0",NA
NA,NA,NA,NA,NA,NA,NA,"10",NA,NA,NA,NA,NA,NA,"3",NA,"150",NA,NA,NA,NA,"59",NA,NA,NA,NA,NA,NA,NA,NA
NA,NA,NA,NA,NA,NA,NA,NA,NA,NA,NA,NA,"613",NA,"2",NA,NA,NA,"0.632086",NA,NA,NA,NA,NA,NA,NA,NA,NA,"0",NA
NA,NA,NA,NA,NA,NA,NA,"20",NA,NA,"484","1","844",NA,"3",NA,NA,NA,"0.613798",NA,NA,NA,NA,"121",NA,NA,NA,NA,"0",NA
NA,NA,NA,NA,NA,NA,NA,NA,NA,NA,NA,NA,NA,NA,"3",NA,NA,NA,NA,NA,NA,NA,NA,NA,NA,NA,NA,NA,NA,NA
NA,NA,NA,NA,NA,NA,NA,NA,NA,NA,NA,NA,NA,NA,"3",NA,NA,NA,NA,NA,NA,NA,NA,NA,NA,NA,"4",NA,"0",NA
NA,NA,NA,NA,NA,NA,NA,"70",NA,NA,NA,NA,NA,NA,"3",NA,NA,NA,NA,NA,NA,NA,NA,NA,NA,NA,NA,NA,NA,NA
NA,NA,NA,NA,NA,NA,NA,NA,NA,NA,NA,NA,NA,NA,"3",NA,NA,NA,NA,NA,NA,NA,NA,NA,NA,NA,NA,NA,NA,NA
NA,NA,NA,NA,NA,NA,NA,NA,NA,NA,NA,"1","625",NA,"3",NA,NA,NA,"0.632618",NA,NA,NA,NA,"101",NA,NA,NA,NA,NA,NA
NA,NA,NA,NA,NA,NA,NA,"10",NA,NA,NA,NA,NA,NA,"3",NA,NA,NA,NA,NA,NA,NA,NA,NA,NA,NA,NA,NA,NA,NA
NA,NA,NA,NA,NA,NA,NA,NA,NA,NA,NA,NA,NA,NA,"2",NA,NA,NA,NA,NA,NA,NA,NA,NA,NA,NA,NA,NA,"0",NA
NA,"4",NA,NA,NA,NA,NA,NA,NA,NA,NA,"1","940","1970","2",NA,NA,NA,"0.637545","5850",NA,NA,NA,"156",NA,NA,NA,NA,"0",NA
NA,NA,NA,NA,NA,NA,NA,NA,NA,NA,NA,NA,NA,NA,"2",NA,NA,NA,NA,NA,NA,NA,NA,NA,NA,NA,"3",NA,"-121",NA
NA,NA,NA,NA,NA,NA,NA,NA,NA,NA,NA,NA,NA,NA,"3",NA,NA,NA,NA,NA,NA,NA,NA,NA,NA,NA,NA,NA,NA,NA
NA,NA,NA,NA,NA,NA,NA,"20",NA,NA,NA,NA,NA,NA,"2",NA,NA,NA,NA,NA,NA,NA,NA,NA,NA,NA,NA,NA,NA,NA
NA,NA,NA,NA,NA,NA,NA,NA,NA,NA,NA,NA,NA,NA,"3",NA,NA,NA,NA,NA,NA,NA,NA,NA,NA,NA,NA,NA,NA,NA
NA,NA,NA,NA,NA,NA,NA,NA,NA,NA,NA,NA,NA,NA,"3",NA,NA,NA,NA,NA,NA,NA,NA,NA,NA,NA,NA,NA,NA,NA
NA,NA,NA,NA,NA,NA,NA,NA,NA,NA,NA,NA,NA,NA,"3",NA,NA,NA,NA,NA,NA,NA,NA,NA,NA,NA,NA,NA,NA,NA
NA,NA,NA,NA,NA,NA,NA,"40",NA,NA,NA,NA,NA,NA,"2",NA,NA,NA,NA,NA,NA,NA,NA,NA,NA,NA,NA,NA,NA,NA
NA,"2",NA,NA,NA,NA,NA,NA,NA,NA,NA,"1","202",NA,"3",NA,NA,NA,"0.625314","5382",NA,NA,NA,"71",NA,NA,NA,NA,"0",NA
NA,NA,NA,NA,NA,NA,NA,NA,NA,NA,NA,NA,NA,NA,NA,NA,NA,NA,NA,NA,NA,NA,NA,NA,NA,NA,NA,NA,NA,NA
NA,NA,NA,NA,NA,NA,NA,NA,NA,NA,NA,NA,NA,"1986","3",NA,NA,NA,NA,NA,NA,NA,NA,NA,NA,NA,NA,NA,"1",NA
NA,NA,NA,NA,NA,NA,NA,NA,NA,NA,NA,NA,NA,NA,"3",NA,NA,NA,NA,NA,NA,NA,NA,NA,NA,NA,NA,NA,NA,NA
NA,NA,NA,NA,NA,NA,NA,NA,NA,NA,NA,NA,NA,NA,"3",NA,NA,NA,NA,NA,NA,NA,NA,NA,NA,NA,NA,NA,NA,NA
NA,NA,NA,NA,NA,NA,NA,"70",NA,NA,NA,NA,NA,NA,"3",NA,NA,NA,NA,NA,NA,NA,NA,NA,NA,NA,NA,NA,NA,NA
NA,NA,NA,NA,NA,NA,NA,NA,NA,NA,NA,NA,NA,"1983","3",NA,NA,NA,NA,NA,NA,NA,NA,NA,NA,NA,NA,NA,NA,NA
NA,NA,NA,NA,NA,NA,NA,"20",NA,NA,NA,NA,NA,NA,"3",NA,"136",NA,NA,NA,NA,"61",NA,NA,NA,NA,NA,NA,NA,NA
NA,NA,NA,NA,NA,NA,NA,NA,NA,NA,NA,NA,NA,NA,"3",NA,NA,NA,NA,NA,NA,NA,NA,NA,NA,NA,NA,NA,NA,"Z942"
NA,"4",NA,NA,NA,NA,NA,"70",NA,NA,NA,"1","940","1976","2",NA,"224",NA,"0.607933",NA,NA,NA,NA,"95",NA,NA,NA,NA,NA,NA
NA,"4",NA,NA,NA,NA,NA,"20",NA,NA,NA,NA,NA,"1963","2",NA,NA,NA,NA,NA,NA,NA,NA,NA,NA,NA,NA,NA,NA,NA
NA,NA,NA,NA,NA,NA,NA,"20",NA,NA,NA,NA,NA,NA,"3",NA,NA,NA,NA,NA,NA,NA,NA,NA,NA,NA,NA,NA,NA,NA
NA,"1",NA,NA,NA,NA,NA,NA,NA,NA,NA,NA,NA,"1967","3",NA,NA,NA,NA,NA,NA,NA,NA,NA,"1",NA,"4",NA,"1",NA
NA,NA,NA,NA,NA,NA,NA,NA,NA,NA,NA,NA,NA,NA,"3",NA,NA,NA,NA,NA,NA,NA,NA,NA,NA,NA,"2",NA,NA,NA
NA,NA,NA,NA,NA,NA,NA,NA,NA,NA,NA,NA,NA,NA,"2",NA,NA,NA,NA,NA,NA,NA,NA,NA,NA,NA,NA,NA,NA,NA
NA,NA,NA,NA,NA,NA,NA,NA,NA,NA,NA,NA,NA,NA,"3",NA,NA,NA,NA,NA,NA,NA,NA,NA,NA,NA,"1",NA,NA,NA
NA,NA,NA,NA,NA,NA,NA,"20",NA,NA,NA,NA,NA,NA,"3",NA,"140",NA,NA,NA,NA,"59",NA,NA,NA,NA,NA,NA,NA,NA
NA,"4",NA,NA,NA,NA,NA,NA,NA,NA,NA,NA,NA,"1966","3",NA,NA,NA,NA,NA,NA,NA,NA,NA,NA,NA,NA,NA,"0",NA
NA,"1",NA,NA,NA,NA,NA,NA,NA,NA,NA,NA,NA,"1965","3",NA,NA,NA,NA,NA,NA,NA,NA,NA,NA,NA,NA,NA,"0",NA
NA,NA,NA,NA,NA,NA,NA,"40",NA,NA,NA,NA,NA,NA,"2",NA,NA,NA,NA,NA,NA,NA,NA,NA,NA,NA,NA,NA,NA,NA
NA,NA,NA,NA,NA,NA,NA,NA,NA,NA,NA,NA,NA,NA,"3",NA,NA,NA,NA,NA,NA,NA,NA,NA,NA,NA,NA,NA,NA,NA
NA,NA,NA,NA,NA,NA,NA,NA,NA,NA,NA,"1","451",NA,"3",NA,NA,NA,NA,"7222",NA,NA,NA,"200",NA,NA,NA,NA,NA,NA
NA,"4",NA,NA,NA,NA,NA,NA,NA,NA,NA,NA,NA,"1983","3",NA,NA,NA,NA,NA,NA,NA,NA,NA,NA,NA,NA,NA,"0",NA
NA,NA,NA,NA,NA,NA,NA,NA,NA,NA,NA,NA,NA,NA,"2",NA,NA,NA,NA,NA,NA,NA,NA,NA,NA,NA,NA,NA,NA,NA
NA,NA,NA,NA,NA,NA,NA,NA,NA,NA,NA,NA,NA,NA,"3",NA,NA,NA,NA,NA,NA,NA,NA,NA,NA,NA,NA,NA,NA,NA
NA,NA,NA,NA,NA,NA,NA,NA,NA,NA,NA,NA,NA,NA,"3",NA,NA,NA,NA,NA,NA,NA,NA,NA,NA,NA,NA,NA,NA,NA
NA,"4",NA,NA,NA,NA,NA,"40",NA,NA,NA,NA,NA,"1957","3",NA,NA,NA,NA,NA,NA,NA,NA,NA,NA,NA,NA,NA,"0",NA
NA,NA,NA,NA,NA,NA,NA,NA,NA,NA,NA,NA,NA,NA,"3",NA,NA,NA,NA,NA,NA,NA,NA,NA,NA,NA,NA,NA,NA,NA
NA,NA,NA,NA,NA,NA,NA,"40",NA,NA,NA,NA,NA,NA,"3",NA,NA,NA,NA,NA,NA,NA,NA,NA,NA,NA,NA,NA,NA,NA
NA,NA,NA,NA,NA,NA,NA,NA,NA,NA,NA,NA,NA,"1978","3",NA,NA,NA,NA,NA,NA,NA,NA,NA,NA,NA,NA,NA,NA,NA
NA,NA,NA,NA,NA,NA,NA,"40",NA,NA,NA,NA,NA,NA,"3",NA,NA,NA,NA,NA,NA,NA,NA,NA,NA,NA,NA,NA,NA,NA
NA,NA,NA,NA,NA,NA,NA,"10",NA,"2",NA,NA,NA,"1972","3",NA,NA,NA,NA,NA,"106",NA,NA,NA,NA,NA,NA,NA,NA,NA
NA,NA,NA,NA,NA,NA,NA,NA,NA,NA,NA,NA,NA,NA,"2",NA,NA,NA,NA,NA,NA,NA,NA,NA,NA,NA,NA,NA,NA,NA
NA,NA,NA,NA,NA,NA,NA,NA,NA,NA,NA,NA,NA,NA,"3",NA,NA,NA,NA,NA,NA,NA,NA,NA,NA,NA,NA,NA,NA,NA
NA,"4",NA,NA,NA,NA,NA,"70",NA,NA,NA,NA,NA,"1968","3",NA,"168",NA,NA,NA,NA,"8",NA,NA,NA,NA,"1",NA,"0",NA
NA,NA,NA,NA,NA,NA,NA,"40",NA,NA,NA,NA,NA,NA,NA,NA,NA,NA,NA,NA,NA,NA,NA,NA,NA,NA,NA,NA,NA,NA
NA,NA,NA,NA,NA,NA,NA,NA,NA,NA,NA,NA,NA,NA,"3",NA,NA,NA,NA,NA,NA,NA,NA,NA,NA,NA,NA,NA,NA,NA
NA,NA,NA,NA,NA,NA,NA,"100",NA,NA,NA,NA,NA,NA,"2",NA,"149",NA,NA,NA,NA,"66",NA,NA,NA,NA,NA,NA,NA,NA
NA,NA,NA,NA,NA,NA,NA,"20",NA,NA,NA,NA,NA,NA,"2",NA,NA,NA,NA,NA,NA,NA,NA,NA,NA,NA,NA,NA,NA,NA
NA,NA,NA,NA,NA,NA,NA,NA,NA,NA,NA,NA,NA,NA,"2",NA,NA,NA,NA,NA,NA,NA,NA,NA,NA,NA,NA,NA,NA,NA
NA,NA,NA,NA,NA,NA,NA,NA,NA,NA,NA,NA,NA,NA,"3",NA,NA,NA,NA,NA,NA,NA,NA,NA,NA,NA,NA,NA,"-121",NA
NA,NA,NA,NA,NA,NA,NA,NA,NA,NA,NA,NA,NA,NA,"2",NA,NA,NA,NA,NA,NA,NA,NA,NA,NA,NA,NA,NA,NA,NA
NA,NA,NA,NA,NA,NA,NA,NA,NA,NA,NA,NA,NA,NA,"2",NA,NA,NA,NA,NA,NA,NA,NA,NA,NA,NA,NA,NA,NA,NA
NA,NA,NA,NA,NA,NA,NA,"20",NA,NA,NA,NA,NA,NA,"3",NA,"168",NA,NA,NA,NA,"29",NA,NA,NA,NA,NA,NA,NA,NA
NA,NA,NA,NA,NA,NA,NA,NA,NA,NA,NA,NA,NA,"1971","3",NA,NA,NA,NA,NA,NA,NA,NA,NA,NA,NA,NA,NA,"-121",NA
NA,NA,NA,NA,NA,NA,NA,NA,NA,"2",NA,NA,NA,NA,"2",NA,NA,NA,NA,NA,"42",NA,NA,NA,NA,NA,NA,NA,NA,NA
NA,NA,NA,NA,NA,NA,NA,"40",NA,NA,NA,NA,NA,NA,"2",NA,"144",NA,NA,NA,NA,"65",NA,NA,NA,NA,NA,NA,NA,NA
NA,NA,NA,NA,NA,NA,NA,NA,NA,NA,NA,NA,NA,NA,"3",NA,NA,NA,NA,NA,NA,NA,NA,NA,NA,NA,NA,NA,"-121",NA
NA,NA,NA,NA,NA,NA,NA,NA,NA,NA,NA,NA,NA,NA,"3",NA,NA,NA,NA,NA,NA,NA,NA,NA,NA,NA,NA,NA,NA,NA
NA,NA,NA,NA,NA,NA,NA,NA,NA,NA,NA,NA,NA,NA,"3",NA,NA,NA,NA,NA,NA,NA,NA,NA,NA,NA,NA,NA,NA,NA
NA,NA,NA,NA,NA,NA,NA,NA,NA,NA,NA,NA,NA,NA,"3",NA,NA,NA,NA,NA,NA,NA,NA,NA,NA,NA,"2",NA,NA,NA
NA,"4",NA,NA,NA,NA,NA,NA,NA,NA,NA,NA,NA,"1977","2",NA,NA,NA,NA,NA,NA,NA,NA,NA,NA,NA,NA,NA,"0",NA
NA,NA,NA,NA,NA,NA,NA,NA,NA,NA,NA,NA,NA,NA,"3",NA,NA,NA,NA,NA,NA,NA,NA,NA,NA,NA,NA,NA,NA,NA
NA,NA,NA,NA,NA,NA,NA,NA,NA,NA,NA,NA,NA,NA,"3",NA,NA,NA,NA,NA,NA,NA,NA,NA,NA,NA,NA,NA,NA,NA
NA,"2",NA,NA,NA,NA,NA,NA,NA,"1",NA,NA,NA,"1961",NA,NA,NA,NA,NA,NA,"31",NA,NA,NA,NA,NA,NA,NA,"0",NA
NA,NA,NA,NA,NA,NA,NA,"10",NA,NA,NA,NA,NA,NA,"3",NA,NA,NA,NA,NA,NA,NA,NA,NA,NA,NA,NA,NA,NA,NA
NA,"4",NA,NA,NA,NA,NA,NA,NA,NA,NA,NA,NA,"1964","3",NA,NA,NA,NA,NA,NA,NA,NA,NA,NA,NA,NA,NA,"0",NA
NA,NA,NA,NA,NA,NA,NA,"40",NA,NA,NA,NA,NA,NA,"3",NA,"140",NA,NA,NA,NA,"64",NA,NA,NA,NA,NA,NA,NA,NA
NA,"4",NA,NA,NA,NA,NA,NA,NA,NA,NA,"1","434","1971","3",NA,NA,NA,"0.652375",NA,NA,NA,NA,"129",NA,NA,NA,NA,"0",NA
NA,NA,NA,NA,NA,NA,NA,"70",NA,NA,NA,NA,NA,NA,"3",NA,NA,NA,NA,NA,NA,NA,NA,NA,NA,NA,NA,NA,NA,NA
NA,NA,NA,NA,NA,NA,NA,"10",NA,NA,NA,NA,NA,NA,"3",NA,"134",NA,NA,NA,NA,"64",NA,NA,NA,NA,NA,NA,NA,NA
NA,NA,NA,NA,NA,NA,NA,NA,NA,NA,NA,NA,NA,NA,"3",NA,NA,NA,NA,NA,NA,NA,NA,NA,NA,NA,NA,NA,NA,"Y731"
NA,"4",NA,NA,NA,NA,NA,NA,NA,NA,NA,NA,NA,NA,"3",NA,NA,NA,NA,NA,NA,NA,NA,NA,NA,NA,NA,NA,"0",NA
NA,NA,NA,NA,NA,NA,NA,NA,NA,NA,NA,NA,NA,NA,"3",NA,NA,NA,NA,NA,NA,NA,NA,NA,NA,NA,NA,NA,NA,NA
NA,"2",NA,NA,NA,NA,NA,NA,NA,NA,NA,NA,NA,"1982","2",NA,NA,NA,NA,NA,NA,NA,NA,NA,NA,NA,"4",NA,"0",NA
NA,NA,NA,NA,NA,NA,NA,NA,NA,NA,NA,NA,NA,NA,"3",NA,NA,NA,NA,NA,NA,NA,NA,NA,NA,NA,NA,NA,NA,NA
NA,NA,NA,NA,NA,NA,NA,NA,NA,NA,NA,NA,NA,NA,NA,NA,NA,NA,NA,NA,NA,NA,NA,NA,NA,NA,NA,NA,NA,NA
NA,NA,NA,NA,NA,NA,NA,"10",NA,NA,NA,NA,NA,NA,"2",NA,NA,NA,NA,NA,NA,NA,NA,NA,NA,NA,NA,NA,NA,NA
NA,NA,NA,NA,NA,NA,NA,"20",NA,NA,NA,NA,NA,NA,NA,NA,NA,NA,NA,NA,NA,NA,NA,NA,NA,NA,NA,NA,NA,NA
NA,"4",NA,NA,NA,NA,NA,"10",NA,NA,NA,NA,NA,"1973","3",NA,"139",NA,NA,NA,NA,"64",NA,NA,NA,NA,"1",NA,"1",NA
NA,"4",NA,NA,NA,NA,NA,NA,NA,NA,NA,"1","245","1973","3",NA,NA,NA,"0.610095",NA,NA,NA,NA,"74",NA,NA,NA,NA,"0",NA
NA,NA,NA,"0",NA,NA,NA,"70",NA,NA,NA,NA,NA,"1958","2",NA,NA,NA,NA,NA,NA,NA,NA,NA,NA,NA,NA,NA,"0",NA
NA,NA,NA,NA,NA,NA,NA,NA,NA,NA,NA,NA,NA,NA,NA,NA,NA,NA,NA,NA,NA,NA,NA,NA,NA,NA,NA,NA,NA,NA
NA,NA,NA,NA,NA,NA,NA,NA,NA,NA,NA,NA,NA,NA,"2",NA,NA,NA,NA,NA,NA,NA,NA,NA,NA,NA,NA,NA,NA,NA
NA,"4",NA,NA,NA,NA,NA,"20",NA,NA,NA,NA,"058","1977","3",NA,"149",NA,"0.628986",NA,NA,"62",NA,NA,NA,NA,NA,NA,"0",NA
NA,"4",NA,NA,NA,NA,NA,NA,NA,NA,NA,NA,NA,"1973",NA,NA,NA,NA,NA,NA,NA,NA,NA,NA,NA,NA,NA,NA,NA,NA
NA,NA,NA,NA,NA,NA,NA,NA,NA,NA,NA,NA,NA,NA,"3",NA,NA,NA,NA,NA,NA,NA,NA,NA,NA,NA,NA,NA,NA,NA
NA,NA,NA,NA,NA,NA,NA,NA,NA,NA,NA,NA,NA,NA,"3",NA,NA,NA,NA,NA,NA,NA,NA,NA,NA,NA,NA,NA,NA,NA
NA,"1",NA,NA,NA,NA,NA,"10",NA,NA,NA,NA,NA,"1971","3",NA,"168",NA,NA,NA,NA,"41",NA,NA,NA,NA,NA,NA,"0",NA
NA,NA,NA,NA,NA,NA,NA,"100",NA,NA,NA,NA,NA,NA,"3",NA,NA,NA,NA,NA,NA,NA,NA,NA,NA,NA,NA,NA,NA,NA
NA,NA,NA,NA,NA,NA,NA,"40",NA,NA,NA,NA,NA,NA,"2",NA,NA,NA,NA,NA,NA,NA,NA,NA,NA,NA,NA,NA,NA,NA
NA,"4",NA,NA,NA,NA,NA,NA,NA,NA,NA,NA,"826",NA,"2",NA,NA,NA,NA,NA,NA,NA,NA,NA,NA,NA,NA,NA,"0",NA
NA,NA,NA,NA,NA,NA,NA,NA,NA,NA,NA,NA,NA,NA,"3",NA,NA,NA,NA,NA,NA,NA,NA,NA,NA,NA,NA,NA,NA,NA
NA,NA,NA,NA,NA,NA,NA,NA,NA,NA,NA,NA,NA,NA,"3",NA,NA,NA,NA,NA,NA,NA,NA,NA,NA,NA,NA,NA,NA,NA
NA,NA,NA,NA,NA,NA,NA,NA,NA,NA,NA,NA,NA,NA,"2",NA,NA,NA,NA,NA,NA,NA,NA,NA,NA,NA,NA,NA,NA,NA
NA,NA,NA,NA,NA,NA,NA,NA,NA,NA,NA,NA,NA,NA,"3",NA,NA,NA,NA,NA,NA,NA,NA,NA,NA,NA,NA,NA,NA,NA
NA,NA,NA,NA,NA,NA,NA,NA,NA,NA,NA,NA,NA,NA,"3",NA,NA,NA,NA,NA,NA,NA,NA,NA,NA,NA,"2",NA,NA,NA
NA,NA,NA,NA,NA,NA,NA,NA,NA,NA,NA,NA,NA,NA,"3",NA,NA,NA,NA,NA,NA,NA,NA,NA,NA,NA,NA,NA,NA,NA
NA,NA,NA,NA,NA,NA,NA,NA,NA,NA,NA,NA,NA,NA,"3",NA,NA,NA,NA,NA,NA,NA,NA,NA,NA,NA,NA,NA,NA,NA
NA,NA,NA,NA,NA,NA,NA,NA,NA,NA,NA,NA,NA,NA,"2",NA,NA,NA,NA,NA,NA,NA,NA,NA,NA,NA,NA,NA,NA,NA
NA,"4",NA,NA,NA,NA,NA,"40",NA,NA,NA,NA,NA,"1960","3",NA,NA,NA,NA,NA,NA,NA,NA,NA,NA,NA,"1",NA,"1",NA
NA,"4",NA,NA,NA,NA,NA,NA,NA,NA,NA,NA,NA,"1969","3",NA,NA,NA,NA,NA,NA,NA,NA,NA,NA,NA,NA,NA,"0",NA
NA,NA,NA,NA,NA,NA,NA,NA,NA,NA,NA,NA,NA,"1955","3",NA,NA,NA,NA,NA,NA,NA,NA,NA,NA,NA,"2",NA,"-121",NA
NA,NA,NA,NA,NA,NA,NA,"40",NA,NA,NA,NA,NA,NA,"3",NA,NA,NA,NA,NA,NA,NA,NA,NA,NA,NA,NA,NA,NA,NA
NA,"4",NA,NA,NA,NA,NA,"10",NA,NA,NA,NA,NA,"1968","3",NA,NA,NA,NA,NA,NA,NA,NA,NA,NA,NA,NA,NA,"1",NA
NA,NA,NA,NA,NA,NA,NA,NA,NA,NA,NA,NA,NA,NA,"3",NA,NA,NA,NA,NA,NA,NA,NA,NA,NA,NA,NA,NA,"-121",NA
NA,NA,NA,NA,NA,NA,NA,NA,NA,NA,NA,NA,NA,NA,"2",NA,NA,NA,NA,NA,NA,NA,NA,NA,NA,NA,NA,NA,NA,NA
NA,NA,NA,NA,NA,NA,NA,NA,NA,NA,NA,"1","844",NA,"3",NA,NA,NA,"0.654891","5694",NA,NA,NA,"75",NA,NA,NA,NA,NA,NA
NA,NA,NA,NA,NA,NA,NA,"10",NA,NA,NA,NA,NA,NA,"2",NA,NA,NA,NA,NA,NA,NA,NA,NA,NA,NA,NA,NA,NA,NA
NA,NA,NA,NA,NA,NA,NA,NA,NA,NA,NA,NA,NA,NA,"3",NA,NA,NA,NA,NA,NA,NA,NA,NA,NA,NA,NA,NA,NA,NA
NA,NA,NA,NA,NA,NA,NA,"20",NA,NA,NA,NA,NA,NA,"3",NA,"149",NA,NA,NA,NA,"60",NA,NA,NA,NA,NA,NA,NA,NA
NA,NA,NA,NA,NA,NA,NA,"70",NA,NA,NA,NA,NA,NA,"3",NA,"144",NA,NA,NA,NA,"63",NA,NA,NA,NA,NA,NA,"0",NA
NA,NA,NA,NA,NA,NA,NA,NA,NA,NA,NA,NA,NA,NA,NA,NA,NA,NA,NA,NA,NA,NA,NA,NA,NA,NA,NA,NA,"0",NA
NA,"4",NA,NA,NA,NA,NA,"20",NA,"1",NA,NA,NA,NA,"3",NA,"194",NA,NA,NA,"22",NA,NA,NA,NA,NA,NA,NA,"0",NA
NA,NA,NA,NA,NA,NA,NA,NA,NA,NA,NA,NA,NA,NA,"3",NA,NA,NA,NA,NA,NA,NA,NA,NA,NA,NA,NA,NA,NA,NA
NA,"4",NA,NA,NA,NA,NA,"40",NA,NA,NA,NA,NA,"1972","3",NA,NA,NA,NA,NA,NA,NA,NA,NA,NA,NA,"3",NA,"0",NA
NA,"4",NA,NA,NA,NA,NA,NA,NA,"1",NA,NA,"925","1980","2",NA,NA,NA,"0.568055",NA,"46",NA,NA,NA,NA,NA,NA,NA,"0",NA
NA,NA,NA,NA,NA,NA,NA,NA,NA,NA,NA,NA,NA,NA,"3",NA,NA,NA,NA,NA,NA,NA,NA,NA,NA,NA,NA,NA,NA,NA
NA,NA,NA,NA,NA,NA,NA,NA,NA,NA,NA,NA,NA,"1983","3",NA,NA,NA,NA,NA,NA,NA,NA,NA,NA,NA,NA,NA,NA,NA
NA,NA,NA,NA,NA,NA,NA,NA,NA,NA,NA,NA,NA,NA,"3",NA,NA,NA,NA,NA,NA,NA,NA,NA,NA,NA,NA,NA,NA,NA
NA,NA,NA,NA,NA,NA,NA,"10",NA,NA,NA,NA,NA,NA,"3",NA,NA,NA,NA,NA,NA,NA,NA,NA,NA,NA,NA,NA,NA,NA
NA,"4",NA,NA,NA,NA,NA,NA,NA,NA,NA,NA,NA,NA,"3",NA,NA,NA,NA,NA,NA,NA,NA,NA,NA,NA,NA,NA,"-121",NA
NA,NA,NA,NA,NA,NA,NA,"70",NA,NA,NA,NA,"381",NA,NA,NA,"150",NA,"0.574823",NA,NA,"64",NA,NA,NA,NA,NA,NA,NA,"Z753"
NA,NA,NA,NA,NA,NA,NA,"20",NA,NA,NA,NA,NA,NA,"3",NA,NA,NA,NA,NA,NA,NA,NA,NA,NA,NA,NA,NA,NA,NA
NA,NA,NA,NA,NA,NA,NA,NA,NA,NA,NA,NA,NA,"1977","3",NA,NA,NA,NA,NA,NA,NA,NA,NA,NA,NA,NA,NA,"0",NA
NA,NA,NA,NA,NA,NA,NA,NA,NA,NA,NA,NA,NA,NA,"3",NA,NA,NA,NA,NA,NA,NA,NA,NA,NA,NA,NA,NA,NA,NA
NA,NA,NA,NA,NA,NA,NA,"10",NA,"1",NA,"1","059",NA,"3",NA,NA,NA,"0.65939",NA,"43",NA,NA,"77",NA,NA,NA,NA,NA,NA
NA,NA,NA,NA,NA,NA,NA,"10",NA,NA,NA,NA,NA,NA,NA,NA,NA,NA,NA,NA,NA,NA,NA,NA,NA,NA,NA,NA,NA,NA
NA,NA,NA,"1",NA,NA,NA,NA,NA,NA,NA,NA,NA,NA,NA,NA,NA,NA,NA,NA,NA,NA,NA,NA,NA,NA,NA,NA,NA,NA
NA,NA,NA,NA,NA,NA,NA,NA,NA,NA,NA,"1",NA,NA,"3",NA,NA,NA,"0.660462",NA,NA,NA,NA,"167",NA,NA,NA,NA,"0",NA
NA,"4",NA,NA,NA,NA,NA,NA,NA,"1",NA,NA,NA,NA,"2",NA,NA,NA,"0.639601",NA,"56",NA,NA,NA,NA,NA,NA,NA,NA,NA
NA,"4",NA,NA,NA,NA,"1001",NA,NA,"1",NA,NA,NA,"1972",NA,NA,NA,NA,NA,NA,"33",NA,NA,NA,"1",NA,NA,NA,"-121",NA
NA,NA,NA,NA,NA,NA,NA,NA,NA,NA,NA,NA,NA,NA,"2",NA,NA,NA,NA,NA,NA,NA,NA,NA,NA,NA,NA,NA,"0",NA
NA,"4",NA,NA,NA,NA,NA,NA,NA,NA,NA,NA,NA,"1965","3",NA,NA,NA,NA,NA,NA,NA,NA,NA,NA,NA,NA,NA,NA,NA
NA,NA,NA,NA,NA,NA,NA,NA,NA,NA,NA,NA,NA,NA,"3",NA,NA,NA,NA,NA,NA,NA,NA,NA,NA,NA,NA,NA,"0",NA
NA,NA,NA,NA,NA,NA,NA,"10",NA,NA,NA,NA,NA,NA,"3",NA,NA,NA,NA,NA,NA,NA,NA,NA,NA,NA,NA,NA,NA,NA
NA,NA,NA,NA,NA,NA,NA,NA,NA,NA,NA,NA,NA,NA,"3",NA,NA,NA,NA,NA,NA,NA,NA,NA,NA,NA,NA,NA,NA,NA
NA,NA,NA,NA,NA,NA,NA,"40",NA,NA,NA,NA,NA,NA,"2",NA,NA,NA,NA,NA,NA,NA,NA,NA,NA,NA,NA,NA,NA,NA
NA,"4",NA,NA,NA,NA,NA,"40",NA,NA,NA,NA,NA,NA,"3",NA,"164",NA,NA,NA,NA,"44",NA,NA,NA,NA,NA,NA,"0",NA
NA,NA,NA,NA,NA,NA,NA,"10",NA,NA,NA,NA,NA,NA,"2",NA,NA,NA,NA,NA,NA,NA,NA,NA,NA,NA,NA,NA,NA,NA
NA,"4",NA,NA,NA,NA,NA,"10",NA,NA,NA,NA,NA,"1974","3",NA,"149",NA,NA,NA,NA,"64",NA,NA,NA,NA,NA,NA,"0",NA
NA,"4",NA,NA,NA,NA,NA,NA,NA,NA,NA,NA,NA,NA,"2",NA,NA,NA,NA,NA,NA,NA,NA,NA,NA,NA,NA,NA,"1",NA
NA,NA,NA,NA,NA,NA,NA,NA,NA,NA,NA,NA,NA,NA,"3",NA,NA,NA,NA,NA,NA,NA,NA,NA,NA,NA,NA,NA,NA,NA
NA,"4",NA,NA,NA,NA,NA,NA,NA,NA,NA,"1","058","1981",NA,NA,NA,NA,"0.58051",NA,NA,NA,NA,NA,NA,NA,"1",NA,"1",NA
NA,"4",NA,NA,NA,NA,NA,NA,NA,NA,NA,NA,NA,"1963","3",NA,NA,NA,NA,NA,NA,NA,NA,NA,NA,NA,NA,NA,NA,NA
NA,NA,NA,NA,NA,NA,NA,"70",NA,NA,NA,NA,NA,NA,"2",NA,"144",NA,NA,NA,NA,"63",NA,NA,NA,NA,NA,NA,NA,NA
NA,NA,NA,NA,NA,NA,NA,NA,NA,NA,NA,NA,NA,NA,"2",NA,NA,NA,NA,NA,NA,NA,NA,NA,NA,NA,"2",NA,NA,NA
NA,NA,NA,NA,NA,NA,NA,NA,NA,NA,NA,NA,NA,NA,"3",NA,NA,NA,NA,NA,NA,NA,NA,NA,NA,NA,NA,NA,NA,NA
NA,NA,NA,NA,NA,NA,NA,NA,NA,NA,NA,NA,NA,NA,"3",NA,NA,NA,NA,NA,NA,NA,NA,NA,NA,NA,NA,NA,NA,NA
NA,"4",NA,NA,NA,NA,NA,"40",NA,NA,NA,NA,NA,"1963","2",NA,NA,NA,NA,NA,NA,NA,NA,NA,NA,NA,NA,NA,NA,NA
NA,NA,NA,NA,NA,NA,NA,NA,NA,NA,NA,NA,NA,NA,"3",NA,NA,NA,NA,NA,NA,NA,NA,NA,NA,NA,NA,NA,NA,NA
NA,"4",NA,NA,NA,NA,NA,"20",NA,NA,NA,NA,NA,"1960","3",NA,"140",NA,NA,NA,NA,"68",NA,NA,NA,NA,"4",NA,"1",NA
NA,NA,NA,NA,NA,NA,NA,NA,NA,NA,NA,NA,NA,NA,"3",NA,NA,NA,NA,NA,NA,NA,NA,NA,NA,NA,NA,NA,NA,NA
NA,NA,NA,NA,NA,NA,NA,NA,NA,NA,NA,NA,NA,NA,"3",NA,NA,NA,NA,NA,NA,NA,NA,NA,NA,NA,NA,NA,NA,NA
NA,NA,NA,NA,NA,NA,NA,NA,NA,NA,NA,NA,NA,NA,"3",NA,NA,NA,NA,NA,NA,NA,NA,NA,NA,NA,NA,NA,NA,NA
NA,"4",NA,NA,NA,NA,NA,"40",NA,NA,NA,NA,NA,"1981","3",NA,NA,NA,NA,NA,NA,NA,NA,NA,NA,NA,NA,NA,"0",NA
NA,NA,NA,NA,NA,NA,NA,NA,NA,NA,NA,NA,NA,NA,"3",NA,NA,NA,NA,NA,NA,NA,NA,NA,NA,NA,NA,NA,NA,NA
NA,NA,NA,NA,NA,NA,NA,NA,NA,NA,NA,NA,NA,NA,"3",NA,NA,NA,NA,NA,NA,NA,NA,NA,NA,NA,NA,NA,NA,NA
NA,NA,NA,NA,NA,NA,NA,"10",NA,NA,NA,NA,NA,NA,"3",NA,NA,NA,NA,NA,NA,NA,NA,NA,NA,NA,NA,NA,NA,NA
NA,"4",NA,NA,NA,NA,NA,NA,NA,NA,NA,"1","819","1969","2",NA,NA,NA,NA,NA,NA,NA,NA,"80",NA,NA,"1",NA,"0",NA
NA,"4",NA,NA,NA,NA,NA,NA,NA,NA,NA,NA,NA,NA,"2",NA,NA,NA,NA,NA,NA,NA,NA,NA,"2",NA,NA,NA,"-121",NA
NA,NA,NA,NA,NA,NA,NA,"10",NA,NA,NA,NA,NA,NA,"3",NA,NA,NA,NA,NA,NA,NA,NA,NA,NA,NA,NA,NA,NA,NA
NA,NA,NA,NA,NA,NA,NA,"10",NA,NA,NA,NA,NA,NA,"2",NA,NA,NA,NA,NA,NA,NA,NA,NA,NA,NA,NA,NA,NA,NA
NA,NA,NA,NA,NA,NA,NA,NA,NA,NA,NA,NA,NA,NA,"2",NA,NA,NA,NA,NA,NA,NA,NA,NA,NA,NA,NA,NA,"0",NA
NA,NA,NA,NA,NA,NA,NA,NA,NA,NA,NA,NA,NA,NA,"3",NA,NA,NA,NA,NA,NA,NA,NA,NA,NA,NA,NA,NA,NA,NA
NA,NA,NA,NA,NA,NA,NA,NA,NA,NA,NA,NA,NA,NA,"2",NA,NA,NA,NA,NA,NA,NA,NA,NA,NA,NA,NA,NA,NA,NA
NA,NA,NA,NA,NA,NA,NA,"20",NA,NA,NA,NA,NA,NA,"3",NA,NA,NA,NA,NA,NA,NA,NA,NA,NA,NA,NA,NA,NA,NA
NA,"4",NA,NA,NA,NA,NA,"20",NA,NA,NA,NA,NA,"1974","3",NA,"134",NA,NA,NA,NA,"61",NA,NA,NA,NA,NA,NA,"0",NA
NA,NA,NA,NA,NA,NA,NA,NA,NA,NA,NA,NA,NA,NA,"3",NA,NA,NA,NA,NA,NA,NA,NA,NA,NA,NA,NA,NA,"0",NA
NA,"4",NA,NA,NA,NA,NA,NA,NA,NA,NA,NA,NA,"1962","3",NA,NA,NA,NA,NA,NA,NA,NA,NA,NA,NA,NA,NA,NA,NA
NA,NA,NA,NA,NA,NA,NA,NA,NA,NA,NA,NA,NA,NA,"2",NA,NA,NA,NA,NA,NA,NA,NA,NA,NA,NA,NA,NA,NA,NA
NA,NA,NA,NA,NA,NA,NA,NA,NA,NA,NA,NA,NA,"1970","3",NA,NA,NA,NA,NA,NA,NA,NA,NA,NA,NA,NA,NA,"0",NA
NA,NA,NA,NA,NA,NA,NA,"20",NA,NA,NA,NA,NA,NA,"3",NA,"149",NA,NA,NA,NA,"64",NA,NA,NA,NA,NA,NA,"0",NA
NA,NA,NA,NA,NA,NA,NA,NA,NA,NA,NA,NA,NA,NA,"3",NA,NA,NA,NA,NA,NA,NA,NA,NA,NA,NA,NA,NA,"0",NA
NA,NA,NA,NA,NA,NA,NA,NA,NA,NA,NA,NA,NA,NA,"3",NA,NA,NA,NA,NA,NA,NA,NA,NA,NA,NA,"2",NA,"-121",NA
NA,NA,NA,NA,NA,NA,NA,NA,NA,NA,NA,NA,NA,NA,"3",NA,NA,NA,NA,NA,NA,NA,NA,NA,NA,NA,NA,NA,NA,NA
NA,NA,NA,NA,NA,NA,NA,NA,NA,NA,NA,NA,NA,NA,"3",NA,NA,NA,NA,NA,NA,NA,NA,NA,NA,NA,NA,NA,NA,NA
NA,"4",NA,NA,NA,NA,NA,NA,NA,"1",NA,NA,NA,"1961","3",NA,NA,NA,NA,NA,"36",NA,NA,NA,NA,NA,"3",NA,"0",NA
NA,NA,NA,NA,NA,NA,NA,"10",NA,NA,NA,NA,NA,NA,"2",NA,NA,NA,NA,NA,NA,NA,NA,NA,NA,NA,NA,NA,NA,NA
NA,NA,NA,NA,NA,NA,NA,"10",NA,NA,NA,NA,NA,NA,"3",NA,"140",NA,NA,NA,NA,"62",NA,NA,NA,NA,NA,NA,"1",NA
NA,NA,NA,NA,NA,NA,NA,NA,NA,NA,NA,NA,NA,NA,"2",NA,NA,NA,NA,NA,NA,NA,NA,NA,NA,NA,NA,NA,NA,NA
NA,"4",NA,NA,NA,NA,NA,NA,NA,NA,NA,NA,NA,"1956","3",NA,NA,NA,NA,NA,NA,NA,NA,NA,NA,NA,NA,NA,NA,NA
NA,NA,NA,NA,NA,NA,NA,NA,NA,NA,NA,NA,NA,"1977","3",NA,NA,NA,NA,NA,NA,NA,NA,NA,NA,NA,NA,NA,"0",NA
NA,NA,NA,NA,NA,NA,NA,"10",NA,NA,NA,NA,NA,"1987","2",NA,NA,NA,NA,NA,NA,NA,NA,NA,NA,NA,"4",NA,"0",NA
NA,NA,NA,NA,NA,NA,NA,"20",NA,NA,NA,NA,NA,NA,"3",NA,NA,NA,NA,NA,NA,NA,NA,NA,NA,NA,NA,NA,NA,NA
NA,"4",NA,NA,NA,NA,NA,NA,NA,NA,NA,NA,NA,"1984","3",NA,NA,NA,NA,NA,NA,NA,NA,NA,NA,NA,NA,NA,NA,NA
NA,NA,NA,NA,NA,NA,NA,NA,NA,NA,NA,"1","496",NA,"3",NA,NA,NA,"0.630869",NA,NA,NA,NA,"194",NA,NA,NA,NA,"1",NA
NA,"4",NA,NA,NA,NA,NA,"20",NA,NA,NA,NA,NA,"1976","2",NA,NA,NA,NA,NA,NA,NA,NA,NA,NA,NA,NA,NA,"0",NA
NA,NA,NA,NA,NA,NA,NA,"20",NA,NA,NA,NA,NA,NA,"3",NA,NA,NA,NA,NA,NA,NA,NA,NA,NA,NA,NA,NA,NA,NA
NA,NA,NA,NA,NA,NA,NA,NA,NA,NA,NA,NA,NA,NA,"3",NA,NA,NA,NA,NA,NA,NA,NA,NA,NA,NA,NA,NA,NA,NA
NA,NA,NA,NA,NA,NA,NA,NA,NA,NA,NA,NA,NA,NA,NA,NA,NA,NA,NA,NA,NA,NA,NA,NA,NA,NA,NA,NA,NA,NA
NA,NA,NA,NA,NA,NA,NA,NA,NA,NA,NA,NA,NA,NA,"2",NA,NA,NA,NA,NA,NA,NA,NA,NA,NA,NA,NA,NA,NA,NA
NA,NA,NA,NA,NA,NA,NA,NA,NA,NA,NA,NA,NA,NA,"3",NA,NA,NA,NA,NA,NA,NA,NA,NA,NA,NA,NA,NA,NA,NA
NA,"1",NA,NA,NA,NA,NA,NA,NA,"1",NA,NA,NA,"1964","3",NA,NA,NA,NA,NA,"58",NA,NA,NA,NA,NA,NA,NA,"0",NA
NA,NA,NA,NA,NA,NA,NA,NA,NA,NA,NA,NA,NA,NA,"3",NA,NA,NA,NA,NA,NA,NA,NA,NA,NA,NA,NA,NA,NA,NA
NA,NA,NA,NA,NA,NA,NA,NA,NA,NA,NA,NA,NA,NA,"3",NA,NA,NA,NA,NA,NA,NA,NA,NA,NA,NA,NA,NA,NA,"Z287"
NA,NA,NA,NA,NA,NA,NA,"20",NA,NA,NA,NA,NA,NA,"3",NA,NA,NA,NA,NA,NA,NA,NA,NA,NA,NA,NA,NA,NA,NA
NA,"4",NA,NA,NA,NA,NA,"40",NA,NA,NA,NA,NA,"1968","2",NA,NA,NA,NA,NA,NA,NA,NA,NA,NA,NA,NA,NA,"0",NA
NA,NA,NA,NA,NA,NA,NA,"10",NA,NA,NA,"1","220",NA,"3",NA,NA,NA,NA,"5944",NA,NA,NA,"69",NA,NA,"4",NA,NA,NA
NA,NA,NA,NA,NA,NA,NA,NA,NA,NA,NA,NA,NA,NA,"3",NA,NA,NA,NA,NA,NA,NA,NA,NA,NA,NA,NA,NA,NA,NA
NA,"4",NA,NA,NA,NA,NA,NA,NA,NA,NA,NA,NA,NA,"3",NA,NA,NA,NA,NA,NA,NA,NA,NA,NA,NA,NA,NA,"1",NA
NA,NA,NA,NA,NA,NA,NA,"10",NA,NA,NA,NA,NA,NA,"3",NA,NA,NA,NA,NA,NA,NA,NA,NA,NA,NA,NA,NA,NA,NA
NA,NA,NA,NA,NA,NA,NA,"10",NA,NA,NA,NA,NA,NA,"3",NA,"123",NA,NA,NA,NA,NA,NA,NA,NA,NA,NA,NA,NA,NA
NA,NA,NA,NA,NA,NA,NA,NA,NA,NA,NA,NA,NA,NA,"2",NA,NA,NA,NA,NA,NA,NA,NA,NA,NA,NA,NA,NA,"1",NA
NA,NA,NA,NA,NA,NA,NA,"40",NA,NA,NA,NA,NA,NA,"3",NA,NA,NA,NA,NA,NA,NA,NA,NA,NA,NA,NA,NA,NA,NA
NA,NA,NA,NA,NA,NA,NA,"40",NA,NA,NA,NA,NA,NA,"2",NA,NA,NA,NA,NA,NA,NA,NA,NA,NA,NA,NA,NA,NA,NA
NA,NA,NA,NA,NA,NA,NA,NA,NA,NA,NA,NA,NA,NA,"2",NA,NA,NA,NA,NA,NA,NA,NA,NA,NA,NA,NA,NA,"0",NA
NA,"4",NA,NA,NA,NA,NA,NA,NA,NA,NA,NA,NA,NA,"3",NA,NA,NA,NA,NA,NA,NA,NA,NA,NA,NA,"1",NA,"0",NA
NA,NA,NA,NA,NA,NA,NA,NA,NA,NA,NA,NA,NA,NA,"3",NA,NA,NA,NA,NA,NA,NA,NA,NA,NA,NA,NA,NA,NA,NA
NA,NA,NA,NA,NA,NA,NA,NA,NA,NA,NA,NA,NA,NA,"3",NA,NA,NA,NA,NA,NA,NA,NA,NA,NA,NA,NA,NA,"0",NA
NA,NA,NA,NA,NA,NA,NA,NA,NA,NA,NA,NA,NA,NA,"3",NA,NA,NA,NA,NA,NA,NA,NA,NA,NA,NA,NA,NA,NA,NA
NA,NA,NA,NA,NA,NA,NA,"10",NA,NA,NA,NA,NA,NA,"3",NA,"144",NA,NA,NA,NA,"67",NA,NA,NA,NA,NA,NA,NA,NA
NA,"4",NA,NA,NA,NA,NA,NA,NA,"2",NA,NA,NA,"1979","3",NA,NA,NA,NA,NA,"33",NA,NA,NA,NA,NA,NA,NA,NA,NA
NA,NA,NA,NA,NA,NA,NA,NA,NA,NA,NA,NA,NA,NA,"3",NA,NA,NA,NA,NA,NA,NA,NA,NA,NA,NA,NA,NA,NA,"Z272"
NA,NA,NA,NA,NA,NA,NA,"20",NA,NA,NA,NA,NA,NA,NA,NA,NA,NA,NA,NA,NA,NA,NA,NA,NA,NA,NA,NA,NA,"Z675"
NA,"1",NA,NA,NA,NA,NA,NA,NA,NA,NA,NA,NA,"1979","3",NA,NA,NA,NA,NA,NA,NA,NA,NA,NA,NA,"2",NA,"0",NA
NA,NA,NA,NA,NA,NA,NA,NA,NA,NA,NA,NA,NA,NA,"3",NA,NA,NA,NA,NA,NA,NA,NA,NA,NA,NA,NA,NA,NA,NA
NA,"1",NA,NA,NA,NA,NA,NA,NA,NA,NA,NA,NA,NA,"3",NA,NA,NA,NA,NA,NA,NA,NA,NA,NA,NA,NA,NA,"1",NA
NA,NA,NA,NA,NA,NA,NA,"20",NA,NA,NA,NA,NA,NA,"2",NA,"168",NA,NA,NA,NA,"63",NA,NA,NA,NA,NA,NA,NA,NA
NA,NA,NA,NA,NA,NA,NA,NA,NA,NA,NA,NA,NA,NA,"3",NA,NA,NA,NA,NA,NA,NA,NA,NA,NA,NA,NA,NA,NA,NA
NA,NA,NA,NA,NA,NA,NA,NA,NA,NA,NA,NA,NA,NA,NA,NA,NA,NA,NA,NA,NA,NA,NA,NA,NA,NA,NA,NA,NA,NA
NA,NA,NA,NA,NA,NA,NA,"10",NA,NA,NA,NA,NA,"1976","2",NA,"150",NA,NA,NA,NA,"60",NA,NA,NA,NA,NA,NA,"0",NA
NA,"4",NA,NA,NA,NA,NA,NA,NA,NA,NA,NA,NA,"1971","3",NA,NA,NA,NA,NA,NA,NA,NA,NA,NA,NA,NA,NA,"1",NA
NA,NA,NA,NA,NA,NA,NA,NA,NA,NA,NA,NA,NA,NA,"2",NA,NA,NA,NA,NA,NA,NA,NA,NA,NA,NA,"1",NA,"0",NA
NA,"4",NA,NA,NA,NA,NA,NA,NA,"1",NA,"1","412","1967","2",NA,NA,NA,"0.573358",NA,"52",NA,NA,"73",NA,NA,NA,NA,"-121",NA
NA,NA,NA,NA,NA,NA,NA,"20",NA,NA,NA,NA,NA,NA,"3",NA,"164",NA,NA,NA,NA,NA,NA,NA,NA,NA,NA,NA,NA,NA
NA,NA,NA,NA,NA,NA,NA,NA,NA,NA,NA,NA,NA,NA,"3",NA,NA,NA,NA,NA,NA,NA,NA,NA,NA,NA,NA,NA,"0",NA
NA,NA,NA,NA,NA,NA,NA,NA,NA,NA,NA,NA,NA,NA,NA,NA,NA,NA,NA,NA,NA,NA,NA,NA,NA,NA,NA,NA,NA,NA
NA,"4",NA,NA,NA,NA,NA,NA,NA,NA,NA,NA,NA,"1966","3",NA,NA,NA,NA,NA,NA,NA,NA,NA,NA,NA,NA,NA,"0",NA
NA,NA,NA,NA,NA,NA,NA,"10",NA,NA,NA,NA,NA,"1958","3",NA,NA,NA,NA,NA,NA,NA,NA,NA,NA,NA,NA,NA,NA,NA
NA,NA,NA,NA,NA,NA,NA,NA,NA,NA,NA,NA,NA,NA,"3",NA,NA,NA,NA,NA,NA,NA,NA,NA,NA,NA,NA,NA,NA,NA
NA,NA,NA,NA,NA,NA,NA,NA,NA,NA,NA,NA,NA,"1967","3",NA,NA,NA,NA,NA,NA,NA,NA,NA,NA,NA,"1",NA,"0",NA
NA,NA,NA,NA,NA,NA,NA,"20",NA,NA,NA,NA,NA,NA,NA,NA,NA,NA,NA,NA,NA,NA,NA,NA,NA,NA,NA,NA,NA,NA
NA,"2",NA,NA,NA,NA,NA,NA,NA,NA,NA,"1","940",NA,"2",NA,NA,NA,NA,"4477",NA,NA,NA,"158",NA,NA,NA,NA,"0",NA
NA,NA,NA,NA,NA,NA,NA,NA,NA,NA,NA,NA,NA,NA,NA,NA,NA,NA,NA,NA,NA,NA,NA,NA,NA,NA,NA,NA,NA,NA
NA,NA,NA,NA,NA,NA,NA,NA,NA,NA,NA,NA,NA,NA,"3",NA,NA,NA,NA,NA,NA,NA,NA,NA,NA,NA,NA,NA,NA,NA
NA,NA,NA,NA,NA,NA,NA,NA,NA,NA,NA,NA,NA,NA,"3",NA,NA,NA,NA,NA,NA,NA,NA,NA,NA,NA,NA,NA,NA,NA
NA,NA,NA,NA,NA,NA,NA,NA,NA,NA,NA,NA,NA,NA,"3",NA,NA,NA,NA,NA,NA,NA,NA,NA,NA,NA,NA,NA,NA,NA
NA,NA,NA,NA,NA,NA,NA,NA,NA,NA,NA,NA,NA,NA,NA,NA,NA,NA,NA,NA,NA,NA,NA,NA,NA,NA,NA,NA,NA,NA
NA,NA,NA,NA,NA,NA,NA,NA,NA,NA,NA,NA,NA,NA,"3",NA,NA,NA,NA,NA,NA,NA,NA,NA,NA,NA,NA,NA,NA,NA
NA,NA,NA,NA,NA,NA,NA,NA,NA,NA,NA,NA,NA,NA,"3",NA,NA,NA,NA,NA,NA,NA,NA,NA,NA,NA,NA,NA,NA,NA
NA,NA,NA,NA,NA,NA,NA,"70",NA,NA,NA,NA,"886","1977","3",NA,"164",NA,"0.603461",NA,NA,"61",NA,NA,NA,NA,NA,NA,"0",NA
NA,"4",NA,NA,NA,NA,NA,"10",NA,NA,NA,NA,"058","1966","3",NA,"168",NA,"0.640573",NA,NA,NA,NA,"148",NA,NA,NA,NA,"1",NA
