"handedness_chiralitylaterality_f1707_0_0","quorn_intake_f103280_2_0","operative_procedures_opcs4_f41272_0_27","beetroot_intake_f104130_0_0","method_of_measuring_blood_pressure_f4081_3_1","work_hours_per_week_exact_value_f22605_0_15","duration_to_entering_value_f20230_0_2","words_answer_array_pilot_f10609_0_22","comparative_height_size_at_age_10_f1697_1_0","dxa_measurement_completed_f12254_2_0","mean_signaltonoise_ratio_snr_left_f4233_0_12","weightedmean_fa_in_tract_middle_cerebellar_peduncle_f25504_2_0","area_of_ssuborbital_right_hemisphere_f27620_3_0","interpolated_year_when_operation_took_place_f20010_3_25","words_answer_array_pilot_f10609_0_28","volume_of_vlp_right_hemisphere_f26707_3_0","bicycle_speed_f5985_1_85","diagnoses_icd10_f41270_0_46","year_job_ended_f22603_0_3","shortness_of_breath_walking_on_level_ground_f4717_2_0","noncancer_illness_code_selfreported_f20002_2_10","weightedmean_l2_in_tract_superior_thalamic_radiation_right_f25620_2_0","interpolated_age_of_participant_when_operation_took_place_f20011_3_29","method_of_recording_time_when_operation_occurred_f20014_1_12","3mm_regularity_index_left_f5163_0_1","area_of_perirhinal_right_hemisphere_f27113_3_0","basophill_percentage_f30220_2_0","mean_thickness_of_superiorfrontal_right_hemisphere_f26883_3_0","external_ca_f41201_0_5","interpolated_age_of_participant_when_operation_took_place_f20011_3_22"
"1",NA,NA,NA,NA,NA,NA,NA,NA,NA,NA,NA,NA,NA,NA,NA,NA,NA,NA,NA,NA,NA,NA,NA,NA,NA,NA,NA,NA,NA
"2",NA,NA,NA,NA,NA,NA,NA,NA,NA,"-7.6",NA,NA,NA,NA,NA,NA,NA,NA,NA,NA,NA,NA,NA,"2",NA,NA,NA,NA,NA
"1",NA,NA,NA,NA,NA,NA,NA,NA,NA,NA,NA,NA,NA,NA,NA,NA,NA,NA,NA,NA,NA,NA,NA,NA,NA,NA,NA,NA,NA
"1",NA,"Z926",NA,NA,NA,NA,NA,NA,NA,NA,NA,NA,NA,NA,NA,NA,NA,NA,NA,NA,NA,NA,NA,NA,NA,NA,NA,NA,NA
"1",NA,NA,NA,NA,NA,NA,NA,NA,NA,NA,NA,NA,NA,NA,NA,NA,NA,NA,NA,NA,NA,NA,NA,NA,NA,NA,NA,NA,NA
"1",NA,NA,NA,NA,NA,NA,NA,NA,NA,NA,NA,NA,NA,NA,NA,NA,NA,NA,NA,NA,NA,NA,NA,NA,NA,NA,NA,NA,NA
"1",NA,NA,NA,NA,NA,NA,NA,NA,NA,NA,NA,NA,NA,NA,NA,NA,NA,NA,NA,NA,NA,NA,NA,NA,NA,NA,NA,NA,NA
"1",NA,NA,NA,NA,NA,"1815",NA,NA,NA,"-8.4",NA,NA,NA,NA,NA,NA,NA,NA,NA,NA,NA,NA,NA,"2.7",NA,NA,NA,NA,NA
"1",NA,NA,NA,NA,NA,NA,NA,NA,NA,NA,NA,NA,NA,NA,NA,NA,NA,NA,NA,NA,NA,NA,NA,NA,NA,NA,NA,NA,NA
"1",NA,NA,NA,NA,NA,NA,NA,NA,NA,NA,NA,NA,NA,NA,NA,NA,NA,NA,NA,NA,NA,NA,NA,NA,NA,NA,NA,NA,NA
"1",NA,NA,NA,NA,NA,"3152",NA,NA,"1",NA,"0.477594",NA,NA,NA,NA,NA,NA,NA,"0",NA,"0.000665142",NA,NA,NA,NA,NA,NA,NA,NA
"1",NA,NA,NA,NA,NA,NA,NA,NA,NA,"-8.4",NA,NA,NA,NA,NA,NA,NA,NA,NA,NA,NA,NA,NA,"2",NA,NA,NA,NA,NA
"1",NA,NA,NA,NA,NA,NA,NA,NA,NA,"-7.6",NA,NA,NA,NA,NA,NA,NA,NA,NA,NA,NA,NA,NA,"2.7",NA,NA,NA,NA,NA
"1",NA,NA,"2",NA,NA,NA,NA,NA,NA,"-9.2",NA,NA,NA,NA,NA,NA,NA,NA,NA,NA,NA,NA,NA,NA,NA,NA,NA,NA,NA
"1",NA,NA,NA,NA,NA,NA,NA,NA,NA,NA,NA,NA,NA,NA,NA,NA,NA,NA,NA,NA,NA,NA,NA,NA,NA,NA,NA,NA,NA
"1",NA,NA,NA,NA,NA,"2827",NA,NA,NA,NA,NA,NA,NA,NA,NA,NA,NA,NA,NA,NA,NA,NA,NA,NA,NA,NA,NA,NA,NA
"1",NA,NA,NA,NA,NA,NA,NA,NA,NA,NA,NA,NA,NA,NA,NA,NA,NA,NA,NA,NA,NA,NA,NA,NA,NA,NA,NA,NA,NA
"1",NA,NA,NA,NA,NA,"4502",NA,NA,NA,"-7.6",NA,NA,NA,NA,NA,NA,NA,"2012",NA,NA,NA,NA,NA,"2.2",NA,NA,NA,NA,NA
"1",NA,NA,NA,NA,NA,NA,NA,NA,NA,NA,NA,NA,NA,NA,NA,NA,NA,NA,NA,NA,NA,NA,NA,NA,NA,NA,NA,NA,NA
"1",NA,NA,NA,NA,NA,NA,NA,NA,NA,"-9.2",NA,NA,NA,NA,NA,NA,NA,NA,NA,NA,NA,NA,NA,"3.6",NA,NA,NA,NA,NA
"1",NA,NA,NA,NA,NA,NA,NA,NA,NA,NA,NA,NA,NA,NA,NA,NA,NA,NA,NA,NA,NA,NA,NA,NA,NA,NA,NA,NA,NA
"1",NA,NA,NA,NA,NA,NA,NA,NA,NA,NA,NA,NA,NA,NA,NA,NA,NA,NA,NA,NA,NA,NA,NA,NA,NA,NA,NA,NA,NA
"1",NA,NA,NA,NA,NA,NA,NA,NA,NA,"-9.2",NA,NA,NA,NA,NA,NA,NA,NA,NA,NA,NA,NA,NA,"0.9",NA,NA,NA,NA,NA
"1",NA,NA,NA,NA,NA,NA,NA,NA,NA,NA,NA,NA,NA,NA,NA,NA,NA,NA,NA,NA,NA,NA,NA,NA,NA,NA,NA,NA,NA
"1",NA,NA,NA,NA,NA,NA,NA,NA,NA,NA,NA,NA,NA,NA,NA,NA,NA,NA,NA,NA,NA,NA,NA,NA,NA,NA,NA,NA,NA
"2",NA,NA,NA,NA,NA,NA,NA,NA,NA,NA,NA,NA,NA,NA,NA,NA,NA,NA,NA,NA,NA,NA,NA,NA,NA,NA,NA,NA,NA
"1",NA,NA,NA,NA,NA,NA,NA,NA,NA,NA,NA,NA,NA,NA,NA,NA,NA,NA,NA,NA,NA,NA,NA,NA,NA,NA,NA,NA,NA
"1",NA,NA,NA,NA,NA,"2574",NA,NA,NA,NA,NA,NA,NA,NA,NA,NA,NA,"2007",NA,NA,NA,NA,NA,NA,NA,NA,NA,NA,NA
"1",NA,NA,NA,NA,NA,NA,NA,NA,NA,"-6.8",NA,NA,NA,NA,NA,NA,NA,NA,NA,NA,NA,NA,NA,"2.9",NA,NA,NA,NA,NA
"1",NA,NA,NA,NA,NA,NA,NA,NA,NA,"-6",NA,NA,NA,NA,NA,NA,NA,NA,NA,NA,NA,NA,NA,"1.9",NA,NA,NA,NA,NA
"1",NA,NA,NA,NA,NA,"1817",NA,NA,NA,NA,NA,NA,NA,NA,NA,NA,NA,NA,NA,NA,NA,NA,NA,NA,NA,NA,NA,NA,NA
"1",NA,NA,NA,NA,NA,NA,NA,NA,NA,NA,NA,NA,NA,NA,NA,NA,NA,"-313",NA,NA,NA,NA,NA,NA,NA,NA,NA,NA,NA
"1",NA,NA,NA,NA,NA,"2800",NA,NA,NA,NA,NA,NA,NA,NA,NA,NA,NA,NA,NA,NA,NA,NA,NA,NA,NA,NA,NA,NA,NA
"1",NA,NA,NA,NA,NA,NA,NA,NA,NA,NA,NA,NA,NA,NA,NA,NA,NA,NA,NA,NA,NA,NA,NA,NA,NA,NA,NA,NA,NA
"1",NA,NA,NA,NA,NA,"5022",NA,NA,NA,"-7.6",NA,NA,NA,NA,NA,NA,NA,NA,NA,NA,NA,NA,NA,NA,NA,NA,NA,NA,NA
"1",NA,NA,NA,NA,NA,NA,NA,NA,NA,"-6",NA,NA,NA,NA,NA,NA,NA,NA,NA,NA,NA,NA,NA,"3.6",NA,NA,NA,NA,NA
"1",NA,NA,NA,NA,NA,NA,NA,NA,NA,"-7.2",NA,NA,NA,NA,NA,NA,NA,NA,NA,NA,NA,NA,NA,NA,NA,NA,NA,NA,NA
"1",NA,NA,NA,NA,NA,NA,NA,NA,NA,"-3.6",NA,NA,NA,NA,NA,NA,NA,NA,NA,NA,NA,NA,NA,"1.3",NA,NA,NA,NA,NA
"1",NA,NA,NA,NA,NA,NA,NA,NA,NA,"-7.6",NA,NA,NA,NA,NA,NA,NA,NA,NA,NA,NA,NA,NA,"1.5",NA,NA,NA,NA,NA
"1",NA,NA,NA,NA,NA,NA,NA,NA,NA,NA,NA,NA,NA,NA,NA,NA,NA,NA,NA,NA,NA,NA,NA,NA,NA,NA,NA,NA,NA
"1",NA,NA,NA,NA,NA,NA,NA,NA,NA,"-7.6",NA,NA,NA,NA,NA,NA,NA,NA,NA,NA,NA,NA,NA,"0.6",NA,NA,NA,NA,NA
"1",NA,NA,NA,NA,NA,NA,NA,NA,NA,"-5.2",NA,NA,NA,NA,NA,NA,NA,NA,NA,NA,NA,NA,NA,"3.5",NA,NA,NA,NA,NA
"1",NA,"Z544",NA,NA,NA,NA,NA,NA,NA,"-4.4",NA,NA,NA,NA,NA,NA,"S508",NA,NA,NA,NA,NA,NA,"2.2",NA,NA,NA,NA,NA
"1",NA,NA,NA,NA,NA,NA,NA,NA,NA,"-7.6",NA,NA,NA,NA,NA,NA,NA,NA,NA,NA,NA,NA,NA,"2",NA,NA,NA,NA,NA
"1",NA,NA,NA,NA,NA,"1957",NA,NA,"1",NA,"0.549926",NA,NA,NA,NA,NA,NA,NA,"0",NA,"0.000672597",NA,NA,NA,NA,NA,NA,NA,NA
"1",NA,NA,NA,NA,NA,"3168",NA,"2","1",NA,"0.438833",NA,NA,NA,NA,NA,NA,NA,"0",NA,"0.000680029",NA,NA,NA,NA,"0.29",NA,NA,NA
"1",NA,NA,NA,NA,NA,NA,NA,NA,NA,NA,NA,NA,NA,NA,NA,NA,NA,NA,NA,NA,NA,NA,NA,NA,NA,NA,NA,NA,NA
"2",NA,NA,NA,NA,NA,NA,NA,NA,NA,NA,NA,NA,NA,NA,NA,NA,NA,NA,NA,NA,NA,NA,NA,NA,NA,NA,NA,NA,NA
"1",NA,NA,NA,NA,NA,NA,NA,NA,NA,NA,NA,NA,NA,NA,NA,NA,NA,NA,NA,NA,NA,NA,NA,NA,NA,NA,NA,NA,NA
"1",NA,NA,NA,NA,NA,NA,NA,NA,NA,NA,NA,NA,NA,NA,NA,NA,NA,NA,NA,NA,NA,NA,NA,NA,NA,NA,NA,NA,NA
"1",NA,NA,NA,NA,NA,NA,NA,NA,NA,NA,NA,NA,NA,NA,NA,NA,NA,NA,NA,NA,NA,NA,NA,NA,NA,NA,NA,NA,NA
"1",NA,NA,NA,NA,NA,NA,NA,NA,NA,NA,NA,NA,NA,NA,NA,NA,NA,NA,NA,NA,NA,NA,NA,NA,NA,NA,NA,NA,NA
"2",NA,NA,NA,NA,NA,NA,NA,NA,NA,NA,NA,NA,NA,NA,NA,NA,NA,"2011",NA,NA,NA,NA,NA,NA,NA,NA,NA,NA,NA
"1",NA,NA,NA,NA,NA,NA,NA,NA,NA,NA,NA,NA,NA,NA,NA,NA,NA,NA,NA,NA,NA,NA,NA,NA,NA,NA,NA,NA,NA
"1",NA,"Z942",NA,NA,NA,NA,NA,NA,NA,"-8.4",NA,NA,NA,NA,NA,NA,"W180",NA,NA,NA,NA,NA,NA,NA,NA,NA,NA,NA,NA
"2",NA,NA,NA,NA,NA,NA,NA,NA,NA,NA,NA,NA,NA,NA,NA,NA,NA,NA,NA,NA,NA,NA,NA,NA,NA,NA,NA,NA,NA
"1",NA,NA,NA,NA,NA,"3255",NA,NA,NA,"-4",NA,NA,NA,NA,NA,NA,NA,NA,NA,NA,NA,NA,NA,"0.9",NA,NA,NA,NA,NA
"1",NA,NA,NA,NA,NA,NA,NA,NA,NA,NA,NA,NA,NA,NA,NA,NA,NA,NA,NA,NA,NA,NA,NA,NA,NA,NA,NA,NA,NA
"1",NA,NA,NA,NA,NA,NA,NA,NA,NA,NA,NA,NA,NA,NA,NA,NA,NA,NA,NA,NA,NA,NA,NA,NA,NA,NA,NA,NA,NA
"3",NA,NA,NA,NA,NA,NA,NA,NA,"1",NA,NA,NA,NA,NA,NA,NA,NA,NA,"0",NA,NA,NA,NA,NA,NA,NA,NA,NA,NA
"1",NA,NA,NA,NA,NA,NA,NA,NA,NA,NA,NA,NA,NA,NA,NA,NA,NA,NA,NA,NA,NA,NA,NA,NA,NA,NA,NA,NA,NA
"1",NA,NA,NA,NA,NA,"2882",NA,NA,"1",NA,NA,NA,NA,NA,NA,NA,NA,"2007","0",NA,NA,NA,NA,NA,NA,NA,NA,NA,NA
"1",NA,NA,NA,NA,NA,NA,NA,NA,NA,NA,NA,NA,NA,NA,NA,NA,NA,NA,NA,NA,NA,NA,NA,NA,NA,NA,NA,NA,NA
"2",NA,NA,NA,NA,NA,NA,NA,NA,NA,"-5.2",NA,NA,NA,NA,NA,NA,NA,NA,NA,NA,NA,NA,NA,"1.9",NA,NA,NA,NA,NA
"1",NA,NA,NA,NA,NA,NA,NA,NA,NA,NA,NA,NA,NA,NA,NA,NA,NA,NA,NA,NA,NA,NA,NA,NA,NA,NA,NA,NA,NA
"3",NA,NA,NA,NA,NA,"6352",NA,NA,NA,"-7.6",NA,NA,NA,NA,NA,NA,NA,NA,NA,NA,NA,NA,NA,"1.5",NA,NA,NA,NA,NA
"1",NA,NA,NA,NA,NA,NA,NA,NA,"1",NA,"0.518648",NA,NA,NA,NA,NA,NA,NA,"0",NA,"0.000664337",NA,NA,NA,NA,NA,NA,NA,NA
"1",NA,NA,NA,NA,NA,NA,NA,NA,NA,NA,NA,NA,NA,NA,NA,NA,NA,NA,NA,NA,NA,NA,NA,NA,NA,NA,NA,NA,NA
"1",NA,NA,NA,NA,NA,NA,NA,NA,NA,NA,NA,NA,NA,NA,NA,NA,NA,"2000",NA,NA,NA,NA,NA,NA,NA,NA,NA,NA,NA
"1",NA,NA,NA,NA,NA,NA,NA,NA,NA,NA,NA,NA,NA,NA,NA,NA,NA,NA,NA,NA,NA,NA,NA,NA,NA,NA,NA,NA,NA
"1",NA,NA,NA,NA,NA,NA,NA,NA,NA,NA,NA,NA,NA,NA,NA,NA,NA,NA,NA,NA,NA,NA,NA,NA,NA,NA,NA,NA,NA
"1",NA,NA,NA,NA,NA,NA,NA,NA,NA,NA,NA,NA,NA,NA,NA,NA,NA,NA,NA,NA,NA,NA,NA,NA,NA,NA,NA,NA,NA
"1",NA,NA,NA,NA,NA,NA,NA,NA,NA,NA,NA,NA,NA,NA,NA,NA,NA,NA,NA,NA,NA,NA,NA,NA,NA,NA,NA,NA,NA
"1",NA,NA,NA,NA,NA,NA,NA,NA,NA,"-6",NA,NA,NA,NA,NA,NA,NA,NA,NA,NA,NA,NA,NA,"2.9",NA,NA,NA,NA,NA
"1",NA,NA,NA,NA,NA,NA,NA,NA,NA,NA,NA,NA,NA,NA,NA,NA,NA,NA,NA,NA,NA,NA,NA,NA,NA,NA,NA,NA,NA
"2",NA,NA,NA,"1",NA,"4704",NA,"3","1","-6","0.519691",NA,NA,NA,NA,NA,NA,"2008","0",NA,"0.000656483",NA,NA,"1.6",NA,NA,NA,NA,NA
"3",NA,NA,NA,NA,NA,NA,NA,NA,NA,NA,NA,NA,NA,NA,NA,NA,NA,NA,NA,NA,NA,NA,NA,NA,NA,NA,NA,NA,NA
"1",NA,NA,NA,NA,NA,"2170",NA,NA,NA,NA,NA,NA,NA,NA,NA,NA,NA,NA,NA,NA,NA,NA,NA,NA,NA,NA,NA,NA,NA
"1",NA,NA,NA,NA,NA,"3355",NA,NA,"1",NA,"0.47628",NA,NA,NA,NA,NA,NA,NA,"0",NA,"0.000679417",NA,NA,NA,NA,NA,NA,NA,NA
"1",NA,NA,NA,NA,NA,NA,NA,NA,NA,"-5.2",NA,NA,NA,NA,NA,NA,NA,NA,NA,NA,NA,NA,NA,NA,NA,NA,NA,NA,NA
"1",NA,NA,NA,NA,NA,NA,NA,NA,NA,NA,NA,NA,NA,NA,NA,NA,NA,NA,NA,NA,NA,NA,NA,NA,NA,NA,NA,NA,NA
"1",NA,NA,NA,NA,NA,NA,NA,NA,NA,NA,NA,NA,NA,NA,NA,NA,NA,NA,NA,NA,NA,NA,NA,NA,NA,NA,NA,NA,NA
"1",NA,NA,NA,NA,NA,NA,NA,NA,NA,"-9.2",NA,NA,NA,NA,NA,NA,NA,NA,NA,NA,NA,NA,NA,NA,NA,NA,NA,NA,NA
"1",NA,NA,NA,NA,NA,NA,NA,NA,NA,NA,NA,NA,NA,NA,NA,NA,NA,NA,NA,NA,NA,NA,NA,NA,NA,NA,NA,NA,NA
"1",NA,NA,NA,NA,NA,NA,NA,NA,NA,NA,NA,NA,NA,NA,NA,NA,NA,NA,NA,NA,NA,NA,NA,NA,NA,NA,NA,NA,NA
"2",NA,NA,NA,NA,NA,NA,NA,NA,NA,NA,NA,NA,NA,NA,NA,NA,NA,NA,NA,NA,NA,NA,NA,NA,NA,NA,NA,NA,NA
"1",NA,NA,NA,NA,NA,NA,NA,NA,NA,NA,NA,NA,NA,NA,NA,NA,NA,NA,NA,NA,NA,NA,NA,NA,NA,NA,NA,NA,NA
"1",NA,NA,NA,NA,NA,NA,NA,NA,NA,"-6.8",NA,NA,NA,NA,NA,NA,NA,NA,NA,NA,NA,NA,NA,"0.7",NA,NA,NA,NA,NA
"1",NA,NA,NA,NA,NA,NA,NA,NA,NA,NA,NA,NA,NA,NA,NA,NA,NA,NA,NA,NA,NA,NA,NA,NA,NA,NA,NA,NA,NA
"1",NA,NA,NA,NA,NA,NA,NA,"2","1",NA,"0.454033",NA,NA,NA,NA,NA,NA,NA,"0",NA,"0.00070204",NA,NA,NA,NA,NA,NA,NA,NA
"1",NA,NA,NA,NA,NA,"5250",NA,"3",NA,NA,NA,NA,NA,NA,NA,NA,NA,NA,NA,NA,NA,NA,NA,NA,NA,NA,NA,NA,NA
"1",NA,NA,NA,NA,NA,NA,NA,NA,NA,"-3.6",NA,NA,NA,NA,NA,NA,NA,NA,NA,NA,NA,NA,NA,NA,NA,NA,NA,NA,NA
"1",NA,NA,NA,NA,NA,"2852",NA,NA,"1",NA,NA,NA,NA,NA,NA,NA,NA,"1995","0",NA,NA,NA,NA,NA,NA,NA,NA,NA,NA
"1",NA,NA,NA,NA,NA,NA,NA,NA,NA,NA,NA,NA,NA,NA,NA,NA,NA,NA,NA,NA,NA,NA,NA,NA,NA,NA,NA,NA,NA
"1",NA,NA,NA,NA,NA,NA,NA,NA,NA,NA,NA,NA,NA,NA,NA,NA,NA,NA,NA,NA,NA,NA,NA,NA,NA,NA,NA,NA,NA
"1",NA,NA,NA,NA,NA,NA,NA,NA,NA,"-5.6",NA,NA,NA,NA,NA,NA,NA,NA,NA,NA,NA,NA,NA,"4.5",NA,NA,NA,NA,NA
"1",NA,NA,NA,NA,NA,NA,NA,NA,NA,"-7.6",NA,NA,NA,NA,NA,NA,NA,NA,NA,NA,NA,NA,NA,"2.1",NA,NA,NA,NA,NA
"1",NA,NA,NA,NA,NA,"4446",NA,"3","1",NA,"0.48029",NA,NA,NA,NA,NA,NA,"1993","0",NA,"0.000673144",NA,NA,NA,NA,NA,NA,NA,NA
"1",NA,NA,NA,NA,NA,NA,NA,NA,NA,NA,NA,NA,NA,NA,NA,NA,NA,NA,NA,NA,NA,NA,NA,NA,NA,NA,NA,NA,NA
"1",NA,NA,NA,NA,NA,NA,NA,NA,NA,NA,NA,NA,NA,NA,NA,NA,NA,NA,NA,NA,NA,NA,NA,NA,NA,NA,NA,NA,NA
"1",NA,NA,NA,NA,NA,NA,NA,NA,NA,NA,NA,NA,NA,NA,NA,NA,NA,NA,NA,NA,NA,NA,NA,NA,NA,NA,NA,NA,NA
"1",NA,NA,"555",NA,NA,NA,NA,NA,NA,"-6",NA,NA,NA,NA,NA,NA,NA,NA,NA,NA,NA,NA,NA,NA,NA,NA,NA,NA,NA
"1",NA,NA,NA,NA,NA,"4051",NA,NA,NA,"-6.8",NA,NA,NA,NA,NA,NA,NA,NA,NA,NA,NA,NA,NA,"2",NA,NA,NA,NA,NA
"1",NA,NA,NA,NA,NA,"2831",NA,NA,NA,NA,NA,NA,NA,NA,NA,NA,NA,NA,NA,NA,NA,NA,NA,NA,NA,NA,NA,NA,NA
"1",NA,NA,NA,NA,NA,"2343",NA,NA,NA,NA,NA,NA,NA,NA,NA,NA,NA,NA,NA,NA,NA,NA,NA,NA,NA,NA,NA,NA,NA
"1",NA,NA,NA,NA,NA,NA,NA,NA,NA,NA,NA,NA,NA,NA,NA,NA,NA,NA,NA,NA,NA,NA,NA,NA,NA,NA,NA,NA,NA
"1",NA,NA,NA,NA,NA,NA,NA,NA,NA,NA,NA,NA,NA,NA,NA,NA,NA,NA,NA,NA,NA,NA,NA,NA,NA,NA,NA,NA,NA
"1",NA,NA,NA,NA,NA,"4530",NA,NA,NA,NA,NA,NA,NA,NA,NA,NA,NA,NA,NA,NA,NA,NA,NA,NA,NA,NA,NA,NA,NA
"1",NA,NA,NA,NA,NA,NA,NA,NA,NA,NA,NA,NA,NA,NA,NA,NA,NA,NA,NA,NA,NA,NA,NA,NA,NA,NA,NA,NA,NA
"1",NA,NA,NA,NA,NA,NA,NA,NA,NA,NA,NA,NA,NA,NA,NA,NA,NA,NA,NA,NA,NA,NA,NA,NA,NA,NA,NA,NA,NA
"1",NA,NA,NA,NA,NA,NA,NA,NA,NA,NA,NA,NA,NA,NA,NA,NA,NA,NA,NA,NA,NA,NA,NA,NA,NA,NA,NA,NA,NA
"1",NA,NA,NA,NA,NA,NA,NA,NA,NA,NA,NA,NA,NA,NA,NA,NA,NA,"1999",NA,NA,NA,NA,NA,NA,NA,NA,NA,NA,NA
"1",NA,"Z724","444",NA,NA,NA,NA,NA,NA,"-6",NA,NA,NA,NA,NA,NA,NA,"2000",NA,NA,NA,NA,NA,"5.4",NA,NA,NA,NA,NA
"1",NA,NA,NA,NA,NA,NA,NA,"1",NA,"-9.2",NA,NA,NA,NA,NA,NA,NA,NA,NA,NA,NA,NA,NA,NA,NA,NA,NA,NA,NA
"1",NA,NA,NA,NA,NA,NA,NA,NA,NA,NA,NA,NA,NA,NA,NA,NA,NA,NA,NA,NA,NA,NA,NA,NA,NA,NA,NA,NA,NA
"1",NA,NA,NA,NA,NA,NA,NA,NA,NA,NA,NA,NA,NA,NA,NA,NA,NA,NA,NA,NA,NA,NA,NA,NA,NA,NA,NA,NA,NA
"1",NA,NA,NA,NA,NA,NA,NA,NA,NA,NA,NA,NA,NA,NA,NA,NA,NA,NA,NA,NA,NA,NA,NA,NA,NA,NA,NA,NA,NA
"2",NA,NA,NA,NA,NA,NA,NA,NA,NA,"-6.8",NA,NA,NA,NA,NA,NA,NA,NA,NA,NA,NA,NA,NA,NA,NA,NA,NA,NA,NA
"1",NA,NA,NA,NA,NA,NA,NA,NA,NA,NA,NA,NA,NA,NA,NA,NA,NA,NA,NA,NA,NA,NA,NA,NA,NA,NA,NA,NA,NA
"1",NA,NA,NA,NA,NA,NA,NA,NA,NA,NA,NA,NA,NA,NA,NA,NA,NA,NA,NA,NA,NA,NA,NA,NA,NA,NA,NA,NA,NA
"1",NA,NA,NA,NA,NA,NA,NA,NA,NA,NA,NA,NA,NA,NA,NA,NA,NA,NA,NA,NA,NA,NA,NA,NA,NA,NA,NA,NA,NA
"1",NA,NA,NA,NA,NA,NA,NA,NA,NA,NA,NA,NA,NA,NA,NA,NA,NA,NA,NA,NA,NA,NA,NA,NA,NA,NA,NA,NA,NA
"1",NA,NA,NA,NA,NA,"2512",NA,NA,NA,NA,NA,NA,NA,NA,NA,NA,NA,"-313",NA,NA,NA,NA,NA,NA,NA,NA,NA,NA,NA
"2",NA,NA,NA,NA,NA,"2867",NA,NA,NA,NA,NA,NA,NA,NA,NA,NA,NA,NA,NA,NA,NA,NA,NA,NA,NA,NA,NA,NA,NA
"1",NA,NA,NA,NA,NA,NA,NA,NA,NA,NA,NA,NA,NA,NA,NA,NA,NA,NA,NA,NA,NA,NA,NA,NA,NA,NA,NA,NA,NA
"1",NA,NA,NA,NA,NA,NA,NA,NA,NA,NA,NA,NA,NA,NA,NA,NA,NA,NA,NA,NA,NA,NA,NA,NA,NA,NA,NA,NA,NA
"1",NA,NA,NA,NA,NA,NA,NA,NA,NA,NA,NA,NA,NA,NA,NA,NA,NA,NA,NA,NA,NA,NA,NA,NA,NA,NA,NA,NA,NA
"2",NA,NA,NA,NA,NA,NA,NA,NA,NA,"-8.8",NA,NA,NA,NA,NA,NA,NA,NA,NA,NA,NA,NA,NA,"1.1",NA,NA,NA,NA,NA
"1",NA,NA,NA,NA,NA,NA,NA,NA,NA,NA,NA,NA,NA,NA,NA,NA,NA,NA,NA,NA,NA,NA,NA,NA,NA,NA,NA,NA,NA
"1",NA,NA,NA,NA,NA,NA,NA,NA,NA,"-6.8",NA,NA,NA,NA,NA,NA,NA,NA,NA,NA,NA,NA,NA,"3.2",NA,NA,NA,NA,NA
"2",NA,NA,NA,NA,NA,"2948",NA,NA,NA,NA,NA,NA,NA,NA,NA,NA,NA,NA,NA,NA,NA,NA,NA,NA,NA,NA,NA,NA,NA
"1",NA,NA,NA,NA,NA,"1888",NA,"2",NA,NA,NA,NA,NA,NA,NA,NA,NA,NA,NA,NA,NA,NA,NA,NA,NA,NA,NA,NA,NA
"1",NA,NA,NA,NA,NA,NA,NA,NA,NA,"-6.4",NA,NA,NA,NA,NA,NA,NA,NA,NA,NA,NA,NA,NA,"1.8",NA,NA,NA,NA,NA
"1",NA,NA,NA,NA,NA,NA,NA,NA,NA,"-5.6",NA,NA,NA,NA,NA,NA,NA,NA,NA,NA,NA,NA,NA,"2",NA,NA,NA,NA,NA
"1",NA,NA,NA,NA,NA,NA,NA,NA,NA,"-4",NA,NA,NA,NA,NA,NA,NA,NA,NA,NA,NA,NA,NA,"1.4",NA,NA,NA,NA,NA
"1",NA,NA,NA,NA,NA,NA,NA,NA,NA,NA,NA,NA,NA,NA,NA,NA,NA,NA,NA,NA,NA,NA,NA,NA,NA,NA,NA,NA,NA
"1",NA,NA,NA,NA,NA,"3512",NA,NA,"0",NA,NA,NA,NA,NA,NA,NA,NA,"2004","0",NA,NA,NA,NA,NA,NA,NA,NA,NA,NA
"1",NA,NA,NA,NA,NA,NA,NA,NA,NA,"-6.4",NA,NA,NA,NA,NA,NA,NA,NA,NA,NA,NA,NA,NA,"2.4",NA,NA,NA,NA,NA
"1",NA,NA,NA,NA,NA,NA,NA,NA,NA,"-5.2",NA,NA,NA,NA,NA,NA,NA,NA,NA,NA,NA,NA,NA,"1.3",NA,NA,NA,NA,NA
"2",NA,NA,NA,NA,NA,NA,NA,NA,NA,NA,NA,NA,NA,NA,NA,NA,NA,NA,NA,NA,NA,NA,NA,NA,NA,NA,NA,NA,NA
"1",NA,NA,NA,NA,NA,"3750",NA,NA,NA,"-7.2",NA,NA,NA,NA,NA,NA,NA,NA,NA,NA,NA,NA,NA,NA,NA,NA,NA,NA,NA
"1",NA,NA,NA,NA,NA,NA,NA,NA,NA,NA,NA,NA,NA,NA,NA,NA,NA,NA,NA,NA,NA,NA,NA,NA,NA,NA,NA,NA,NA
"1",NA,NA,NA,NA,NA,"2824",NA,NA,NA,NA,NA,NA,NA,NA,NA,NA,NA,NA,NA,NA,NA,NA,NA,NA,NA,NA,NA,NA,NA
"1",NA,NA,NA,NA,NA,NA,NA,NA,NA,NA,NA,NA,NA,NA,NA,NA,NA,NA,NA,NA,NA,NA,NA,NA,NA,NA,NA,NA,NA
"1",NA,NA,NA,NA,NA,NA,NA,NA,NA,NA,NA,NA,NA,NA,NA,NA,NA,NA,NA,NA,NA,NA,NA,NA,NA,NA,NA,NA,NA
"1",NA,NA,NA,NA,NA,NA,NA,NA,NA,NA,NA,NA,NA,NA,NA,NA,NA,NA,NA,NA,NA,NA,NA,NA,NA,NA,NA,NA,NA
"1",NA,NA,NA,NA,NA,NA,NA,NA,NA,NA,NA,NA,NA,NA,NA,NA,NA,NA,NA,NA,NA,NA,NA,NA,NA,NA,NA,NA,NA
"2",NA,NA,NA,NA,NA,NA,NA,NA,NA,NA,NA,NA,NA,NA,NA,NA,NA,NA,NA,NA,NA,NA,NA,NA,NA,NA,NA,NA,NA
"1",NA,NA,NA,NA,NA,NA,NA,NA,"1",NA,"0.489189",NA,NA,NA,NA,NA,NA,NA,"0",NA,"0.000681253",NA,NA,NA,NA,NA,NA,NA,NA
"1",NA,NA,NA,NA,NA,NA,NA,NA,NA,"-8.8",NA,NA,NA,NA,NA,NA,NA,NA,NA,NA,NA,NA,NA,NA,NA,NA,NA,NA,NA
"2",NA,NA,NA,NA,NA,NA,NA,NA,NA,"-8.8",NA,NA,NA,NA,NA,NA,NA,NA,NA,NA,NA,NA,NA,NA,NA,NA,NA,NA,NA
"1",NA,NA,NA,NA,NA,NA,NA,NA,NA,NA,NA,NA,NA,NA,NA,NA,NA,NA,NA,NA,NA,NA,NA,NA,NA,NA,NA,NA,NA
"1",NA,NA,NA,NA,NA,NA,NA,NA,NA,"-7.6",NA,NA,NA,NA,NA,NA,NA,NA,NA,NA,NA,NA,NA,"0.5",NA,NA,NA,NA,NA
"1",NA,NA,NA,NA,NA,NA,NA,NA,NA,NA,NA,NA,NA,NA,NA,NA,NA,"2002",NA,NA,NA,NA,NA,NA,NA,NA,NA,NA,NA
"1",NA,NA,NA,NA,NA,NA,NA,"3","1","-8.4","0.487724",NA,NA,NA,NA,NA,NA,"1979","0",NA,"0.00067613",NA,NA,NA,NA,"0.53",NA,NA,NA
"1",NA,NA,NA,NA,NA,NA,NA,NA,NA,"-6",NA,NA,NA,NA,NA,NA,NA,NA,NA,NA,NA,NA,NA,"3.6",NA,NA,NA,NA,NA
"1",NA,"Z497",NA,NA,NA,NA,NA,NA,NA,"-2",NA,NA,NA,NA,NA,NA,NA,NA,NA,NA,NA,NA,NA,"1.2",NA,NA,NA,NA,NA
"1",NA,NA,NA,NA,NA,NA,NA,NA,NA,NA,NA,NA,NA,NA,NA,NA,NA,NA,NA,NA,NA,NA,NA,NA,NA,NA,NA,NA,NA
"1",NA,NA,NA,NA,NA,NA,NA,NA,NA,NA,NA,NA,NA,NA,NA,NA,"R410",NA,NA,NA,NA,NA,NA,NA,NA,NA,NA,NA,NA
"1",NA,NA,NA,NA,NA,NA,NA,NA,NA,NA,NA,NA,NA,NA,NA,NA,NA,NA,NA,NA,NA,NA,NA,NA,NA,NA,NA,NA,NA
"1",NA,NA,NA,NA,NA,NA,NA,NA,NA,NA,NA,NA,NA,NA,NA,NA,NA,NA,NA,NA,NA,NA,NA,NA,NA,NA,NA,NA,NA
"1",NA,NA,NA,NA,NA,NA,NA,NA,NA,NA,NA,NA,NA,NA,NA,NA,NA,NA,NA,NA,NA,NA,NA,NA,NA,NA,NA,NA,NA
"1",NA,NA,NA,NA,NA,NA,NA,NA,NA,NA,NA,NA,NA,NA,NA,NA,NA,NA,NA,NA,NA,NA,NA,NA,NA,NA,NA,NA,NA
"1",NA,NA,NA,NA,NA,"3516",NA,NA,"1","-6",NA,NA,NA,NA,NA,NA,NA,NA,"0",NA,NA,NA,NA,"1.3",NA,NA,NA,NA,NA
"1",NA,NA,NA,NA,NA,NA,NA,NA,NA,NA,NA,NA,NA,NA,NA,NA,NA,"-313",NA,NA,NA,NA,NA,NA,NA,NA,NA,NA,NA
"1",NA,"Y823",NA,NA,NA,NA,NA,NA,NA,NA,NA,NA,NA,NA,NA,NA,NA,NA,NA,NA,NA,NA,NA,"0.3",NA,NA,NA,NA,NA
"1",NA,NA,NA,NA,NA,"1785",NA,NA,"1",NA,"0.383089",NA,NA,NA,NA,NA,NA,NA,"0",NA,"0.000684781",NA,NA,NA,NA,"0.49",NA,NA,NA
"1",NA,NA,NA,NA,NA,NA,NA,NA,NA,NA,NA,NA,NA,NA,NA,NA,NA,NA,NA,NA,NA,NA,NA,NA,NA,NA,NA,NA,NA
"1",NA,NA,NA,NA,NA,NA,NA,NA,NA,NA,NA,NA,NA,NA,NA,NA,NA,NA,NA,NA,NA,NA,NA,NA,NA,NA,NA,NA,NA
"1",NA,NA,NA,NA,NA,"2753",NA,NA,NA,NA,NA,NA,NA,NA,NA,NA,NA,NA,NA,NA,NA,NA,NA,NA,NA,NA,NA,NA,NA
"1",NA,NA,NA,NA,NA,NA,NA,NA,NA,NA,NA,NA,NA,NA,NA,NA,NA,NA,NA,NA,NA,NA,NA,NA,NA,NA,NA,NA,NA
"1",NA,NA,NA,NA,NA,NA,NA,NA,NA,NA,NA,NA,NA,NA,NA,NA,NA,NA,NA,NA,NA,NA,NA,NA,NA,NA,NA,NA,NA
"1",NA,NA,NA,NA,NA,NA,NA,NA,NA,NA,NA,NA,NA,NA,NA,NA,NA,NA,NA,NA,NA,NA,NA,NA,NA,NA,NA,NA,NA
"1",NA,NA,NA,NA,NA,NA,NA,NA,NA,NA,NA,NA,NA,NA,NA,NA,NA,NA,NA,NA,NA,NA,NA,NA,NA,NA,NA,NA,NA
"1",NA,NA,NA,NA,NA,NA,NA,NA,NA,NA,NA,NA,NA,NA,NA,NA,NA,NA,NA,NA,NA,NA,NA,NA,NA,NA,NA,NA,NA
"1",NA,NA,NA,NA,NA,NA,NA,NA,NA,"-8.4",NA,NA,NA,NA,NA,NA,NA,NA,NA,NA,NA,NA,NA,"1.1",NA,NA,NA,NA,NA
"1",NA,NA,NA,NA,NA,"1990",NA,"2",NA,"-7.2",NA,NA,NA,NA,NA,NA,NA,NA,NA,NA,NA,NA,NA,"1.9",NA,NA,NA,NA,NA
"1",NA,NA,NA,NA,NA,NA,NA,NA,NA,NA,NA,NA,NA,NA,NA,NA,NA,NA,NA,NA,NA,NA,NA,NA,NA,NA,NA,NA,NA
"1",NA,NA,NA,NA,NA,NA,NA,NA,NA,"-6",NA,NA,NA,NA,NA,NA,NA,NA,NA,NA,NA,NA,NA,"3.2",NA,NA,NA,NA,NA
"2",NA,NA,NA,NA,NA,NA,NA,NA,NA,"-9.2",NA,NA,NA,NA,NA,NA,NA,NA,NA,NA,NA,NA,NA,"1.2",NA,NA,NA,NA,NA
"1",NA,NA,NA,NA,NA,NA,NA,NA,NA,"-6",NA,NA,NA,NA,NA,NA,NA,NA,NA,NA,NA,NA,NA,NA,NA,NA,NA,NA,NA
"1",NA,NA,NA,NA,NA,NA,NA,NA,NA,NA,NA,NA,NA,NA,NA,NA,NA,NA,NA,NA,NA,NA,NA,NA,NA,NA,NA,NA,NA
"1",NA,NA,NA,NA,NA,NA,NA,NA,NA,"-3.6",NA,NA,NA,NA,NA,NA,NA,NA,NA,NA,NA,NA,NA,NA,NA,NA,NA,NA,NA
"1",NA,NA,NA,NA,NA,NA,NA,NA,NA,NA,NA,NA,NA,NA,NA,NA,NA,NA,NA,NA,NA,NA,NA,NA,NA,NA,NA,NA,NA
"1",NA,NA,NA,NA,NA,NA,NA,NA,NA,"-6",NA,NA,NA,NA,NA,NA,NA,NA,NA,NA,NA,NA,NA,NA,NA,NA,NA,NA,NA
"1",NA,NA,NA,NA,NA,NA,NA,NA,NA,"-6",NA,NA,NA,NA,NA,NA,NA,NA,NA,NA,NA,NA,NA,NA,NA,NA,NA,NA,NA
"1",NA,NA,NA,NA,NA,NA,NA,NA,NA,NA,NA,NA,NA,NA,NA,NA,NA,NA,NA,NA,NA,NA,NA,NA,NA,NA,NA,NA,NA
"1",NA,NA,NA,NA,NA,"3319",NA,NA,NA,"-7.6",NA,NA,NA,NA,NA,NA,NA,NA,NA,NA,NA,NA,NA,"2.4",NA,NA,NA,NA,NA
"1",NA,NA,NA,NA,NA,"3866",NA,NA,NA,NA,NA,NA,NA,NA,NA,NA,NA,"2000",NA,NA,NA,NA,NA,NA,NA,NA,NA,NA,NA
"1",NA,NA,NA,NA,NA,NA,NA,NA,NA,NA,NA,NA,NA,NA,NA,NA,NA,NA,NA,NA,NA,NA,NA,NA,NA,NA,NA,NA,NA
"1",NA,NA,NA,NA,NA,NA,NA,NA,NA,NA,NA,NA,NA,NA,NA,NA,NA,NA,NA,NA,NA,NA,NA,NA,NA,NA,NA,NA,NA
"1",NA,NA,NA,NA,NA,NA,NA,NA,NA,NA,NA,NA,NA,NA,NA,NA,NA,NA,NA,NA,NA,NA,NA,NA,NA,NA,NA,NA,NA
"1",NA,NA,NA,NA,NA,"10882",NA,NA,NA,NA,NA,NA,NA,NA,NA,NA,NA,"2000",NA,NA,NA,NA,NA,NA,NA,NA,NA,NA,NA
"2",NA,NA,NA,NA,NA,NA,NA,NA,NA,NA,NA,NA,NA,NA,NA,NA,NA,NA,NA,NA,NA,NA,NA,NA,NA,NA,NA,NA,NA
"1",NA,NA,NA,NA,NA,NA,NA,NA,NA,NA,NA,NA,NA,NA,NA,NA,NA,NA,NA,NA,NA,NA,NA,NA,NA,NA,NA,NA,NA
"1",NA,NA,NA,NA,NA,NA,NA,NA,NA,NA,NA,NA,NA,NA,NA,NA,NA,NA,NA,NA,NA,NA,NA,NA,NA,NA,NA,NA,NA
"1",NA,NA,NA,NA,NA,"3017",NA,NA,NA,"-5.2",NA,NA,NA,NA,NA,NA,NA,NA,NA,NA,NA,NA,NA,"2.1",NA,NA,NA,NA,NA
"1",NA,NA,NA,NA,NA,NA,NA,NA,NA,NA,NA,NA,NA,NA,NA,NA,NA,NA,NA,NA,NA,NA,NA,NA,NA,NA,NA,NA,NA
"1",NA,NA,NA,NA,NA,"2520",NA,NA,NA,"-6",NA,NA,NA,NA,NA,NA,NA,"2001",NA,NA,NA,NA,NA,"2.2",NA,NA,NA,NA,NA
"3",NA,NA,NA,NA,NA,NA,NA,NA,NA,"-6.4",NA,NA,NA,NA,NA,NA,NA,NA,NA,NA,NA,NA,NA,NA,NA,NA,NA,NA,NA
"1",NA,NA,NA,NA,NA,NA,NA,NA,NA,"-7.2",NA,NA,NA,NA,NA,NA,NA,NA,NA,NA,NA,NA,NA,NA,NA,NA,NA,NA,NA
"1",NA,NA,NA,NA,NA,NA,NA,NA,NA,NA,NA,NA,NA,NA,NA,NA,NA,NA,NA,NA,NA,NA,NA,NA,NA,NA,NA,NA,NA
"1",NA,NA,NA,NA,NA,"2319",NA,NA,NA,NA,NA,NA,NA,NA,NA,NA,NA,NA,NA,NA,NA,NA,NA,NA,NA,NA,NA,NA,NA
"1",NA,NA,NA,NA,NA,"2873",NA,NA,NA,NA,NA,NA,NA,NA,NA,NA,NA,NA,NA,NA,NA,NA,NA,NA,NA,NA,NA,NA,NA
"1",NA,NA,NA,NA,NA,NA,NA,NA,NA,"-6",NA,NA,NA,NA,NA,NA,NA,NA,NA,NA,NA,NA,NA,NA,NA,NA,NA,NA,NA
"1",NA,NA,NA,NA,NA,NA,NA,"3",NA,NA,NA,NA,NA,NA,NA,NA,NA,NA,NA,NA,NA,NA,NA,NA,NA,NA,NA,NA,NA
"1",NA,NA,NA,NA,NA,NA,NA,NA,NA,NA,NA,NA,NA,NA,NA,NA,NA,NA,NA,NA,NA,NA,NA,NA,NA,NA,NA,NA,NA
"1",NA,NA,NA,NA,NA,NA,NA,NA,NA,"-5.2",NA,NA,NA,NA,NA,NA,NA,NA,NA,NA,NA,NA,NA,"2.1",NA,NA,NA,NA,NA
"1",NA,NA,NA,NA,NA,NA,NA,NA,NA,"-5.6",NA,NA,NA,NA,NA,NA,NA,NA,NA,NA,NA,NA,NA,NA,NA,NA,NA,NA,NA
"1",NA,NA,NA,NA,NA,NA,NA,NA,NA,NA,NA,NA,NA,NA,NA,NA,NA,"2000",NA,NA,NA,NA,NA,NA,NA,NA,NA,NA,NA
"1",NA,NA,NA,NA,NA,NA,NA,"3","1",NA,NA,NA,NA,NA,NA,NA,NA,NA,"0",NA,NA,NA,NA,NA,NA,NA,NA,NA,NA
"1",NA,NA,NA,NA,NA,NA,NA,NA,"1",NA,"0.516988",NA,NA,NA,NA,NA,NA,"2001","0",NA,"0.00064962",NA,NA,NA,NA,NA,NA,NA,NA
"1",NA,NA,NA,NA,NA,NA,NA,NA,NA,NA,NA,NA,NA,NA,NA,NA,NA,NA,NA,NA,NA,NA,NA,NA,NA,NA,NA,NA,NA
"1",NA,NA,NA,NA,NA,NA,NA,NA,NA,NA,NA,NA,NA,NA,NA,NA,NA,NA,NA,NA,NA,NA,NA,NA,NA,NA,NA,NA,NA
"1",NA,NA,NA,NA,NA,NA,NA,NA,NA,NA,NA,NA,NA,NA,NA,NA,NA,NA,NA,NA,NA,NA,NA,NA,NA,NA,NA,NA,NA
"2",NA,NA,NA,NA,NA,NA,NA,NA,NA,"-6",NA,NA,NA,NA,NA,NA,NA,NA,NA,NA,NA,NA,NA,"3.3",NA,NA,NA,NA,NA
"1",NA,NA,NA,NA,NA,NA,NA,NA,NA,NA,NA,NA,NA,NA,NA,NA,NA,NA,NA,NA,NA,NA,NA,NA,NA,NA,NA,NA,NA
"1",NA,NA,NA,NA,NA,NA,NA,NA,NA,NA,NA,NA,NA,NA,NA,NA,NA,NA,NA,NA,NA,NA,NA,NA,NA,NA,NA,NA,NA
"1",NA,NA,NA,NA,NA,NA,NA,NA,NA,NA,NA,NA,NA,NA,NA,NA,NA,NA,NA,NA,NA,NA,NA,NA,NA,NA,NA,NA,NA
"1",NA,"Z943",NA,NA,NA,NA,NA,NA,NA,NA,NA,NA,NA,NA,NA,NA,NA,NA,NA,NA,NA,NA,NA,NA,NA,NA,NA,NA,NA
"1",NA,NA,NA,NA,NA,NA,NA,NA,NA,NA,NA,NA,NA,NA,NA,NA,NA,NA,NA,NA,NA,NA,NA,NA,NA,NA,NA,NA,NA
"3",NA,NA,NA,NA,NA,NA,NA,NA,NA,NA,NA,NA,NA,NA,NA,NA,NA,NA,NA,NA,NA,NA,NA,NA,NA,NA,NA,NA,NA
"1",NA,NA,NA,NA,NA,"7649",NA,NA,NA,NA,NA,NA,NA,NA,NA,NA,NA,NA,NA,NA,NA,NA,NA,NA,NA,NA,NA,NA,NA
"1",NA,NA,NA,NA,NA,"2400",NA,NA,NA,NA,NA,NA,NA,NA,NA,NA,NA,NA,NA,NA,NA,NA,NA,NA,NA,NA,NA,NA,NA
"1",NA,NA,NA,NA,NA,NA,NA,NA,NA,NA,NA,NA,NA,NA,NA,NA,NA,NA,NA,NA,NA,NA,NA,NA,NA,NA,NA,NA,NA
"2",NA,NA,NA,NA,NA,"4304",NA,NA,NA,NA,NA,NA,NA,NA,NA,NA,NA,"1989",NA,NA,NA,NA,NA,NA,NA,NA,NA,NA,NA
"1",NA,NA,NA,NA,NA,NA,NA,NA,NA,"-4.4",NA,NA,NA,NA,NA,NA,NA,NA,NA,NA,NA,NA,NA,"0.5",NA,NA,NA,NA,NA
"1",NA,NA,NA,NA,NA,NA,NA,NA,NA,NA,NA,NA,NA,NA,NA,NA,NA,NA,NA,NA,NA,NA,NA,NA,NA,NA,NA,NA,NA
"1",NA,NA,NA,NA,NA,NA,NA,NA,NA,NA,NA,NA,NA,NA,NA,NA,"R000",NA,NA,NA,NA,NA,NA,NA,NA,NA,NA,NA,NA
"1",NA,NA,NA,NA,NA,NA,NA,NA,NA,"-8.4",NA,NA,NA,NA,NA,NA,NA,NA,NA,NA,NA,NA,NA,NA,NA,NA,NA,NA,NA
"1",NA,NA,NA,NA,NA,NA,NA,NA,NA,NA,NA,NA,NA,NA,NA,NA,NA,NA,NA,NA,NA,NA,NA,NA,NA,NA,NA,NA,NA
"1",NA,NA,NA,NA,NA,NA,NA,NA,NA,NA,NA,NA,NA,NA,NA,NA,NA,NA,NA,NA,NA,NA,NA,NA,NA,NA,NA,NA,NA
"2",NA,NA,NA,NA,NA,NA,NA,NA,NA,NA,NA,NA,NA,NA,NA,NA,NA,NA,NA,NA,NA,NA,NA,NA,NA,NA,NA,NA,NA
"1",NA,NA,NA,NA,NA,NA,NA,NA,NA,NA,NA,NA,NA,NA,NA,NA,NA,NA,NA,NA,NA,NA,NA,NA,NA,NA,NA,NA,NA
"1",NA,NA,NA,NA,NA,NA,NA,NA,NA,NA,NA,NA,NA,NA,NA,NA,NA,NA,NA,NA,NA,NA,NA,NA,NA,NA,NA,NA,NA
"1",NA,NA,NA,NA,NA,NA,NA,NA,NA,NA,NA,NA,NA,NA,NA,NA,NA,NA,NA,NA,NA,NA,NA,NA,NA,NA,NA,NA,NA
"1",NA,NA,NA,NA,NA,"3279",NA,NA,NA,NA,NA,NA,NA,NA,NA,NA,NA,"1984",NA,NA,NA,NA,NA,NA,NA,NA,NA,NA,NA
"1",NA,NA,NA,NA,NA,"1875",NA,NA,NA,NA,NA,NA,NA,NA,NA,NA,NA,NA,NA,NA,NA,NA,NA,NA,NA,NA,NA,NA,NA
"1",NA,NA,NA,NA,NA,NA,NA,NA,NA,NA,NA,NA,NA,NA,NA,NA,NA,NA,NA,NA,NA,NA,NA,NA,NA,NA,NA,NA,NA
"1",NA,NA,NA,NA,NA,NA,NA,NA,NA,NA,NA,NA,NA,NA,NA,NA,NA,NA,NA,NA,NA,NA,NA,NA,NA,NA,NA,NA,NA
"1",NA,NA,NA,NA,NA,NA,NA,NA,NA,NA,NA,NA,NA,NA,NA,NA,NA,NA,NA,NA,NA,NA,NA,"2.2",NA,NA,NA,NA,NA
"1",NA,NA,NA,NA,NA,NA,NA,NA,NA,NA,NA,NA,NA,NA,NA,NA,NA,NA,NA,NA,NA,NA,NA,NA,NA,NA,NA,NA,NA
"1",NA,NA,NA,NA,NA,NA,NA,NA,"1",NA,"0.422826",NA,NA,NA,NA,NA,NA,"1996","0",NA,"0.000664737",NA,NA,NA,NA,"0.25",NA,NA,NA
"1",NA,"Z943",NA,NA,NA,NA,NA,NA,NA,NA,NA,NA,NA,NA,NA,NA,NA,NA,NA,NA,NA,NA,NA,NA,NA,NA,NA,NA,NA
"1",NA,NA,NA,NA,NA,NA,NA,NA,NA,"-1.2",NA,NA,NA,NA,NA,NA,NA,NA,NA,NA,NA,NA,NA,"2.3",NA,NA,NA,NA,NA
"1",NA,NA,NA,NA,NA,"2331",NA,NA,"0",NA,"0.461232",NA,NA,NA,NA,NA,NA,NA,"0",NA,"0.000658628",NA,NA,NA,NA,NA,NA,NA,NA
"1",NA,NA,NA,"1",NA,NA,NA,NA,NA,NA,"0.460082","136",NA,NA,"982.19",NA,NA,NA,"0",NA,"0.000672859",NA,NA,NA,"388",NA,"2.845",NA,NA
"1",NA,NA,NA,NA,NA,NA,NA,NA,NA,NA,NA,NA,NA,NA,NA,NA,NA,NA,NA,NA,NA,NA,NA,NA,NA,NA,NA,NA,NA
"1",NA,NA,NA,NA,NA,NA,NA,NA,NA,NA,NA,NA,NA,NA,NA,NA,NA,NA,NA,NA,NA,NA,NA,NA,NA,NA,NA,NA,NA
"1",NA,NA,NA,NA,NA,NA,NA,NA,NA,"-5.2",NA,NA,NA,NA,NA,NA,NA,NA,NA,NA,NA,NA,NA,"2",NA,NA,NA,NA,NA
"1",NA,NA,NA,NA,NA,"3377",NA,NA,"1",NA,"0.502527",NA,NA,NA,NA,NA,NA,NA,"0",NA,"0.000643179",NA,NA,NA,NA,"0.42",NA,NA,NA
"1",NA,NA,NA,NA,NA,NA,NA,NA,NA,NA,NA,NA,NA,NA,NA,NA,NA,NA,NA,NA,NA,NA,NA,NA,NA,NA,NA,NA,NA
"2",NA,NA,NA,NA,NA,NA,NA,NA,NA,NA,NA,NA,NA,NA,NA,NA,NA,NA,NA,NA,NA,NA,NA,NA,NA,NA,NA,NA,NA
"1",NA,NA,NA,NA,NA,NA,NA,NA,NA,NA,NA,NA,NA,NA,NA,NA,NA,NA,NA,NA,NA,NA,NA,NA,NA,NA,NA,NA,NA
"1",NA,NA,NA,NA,NA,NA,NA,NA,"1",NA,"0.495642",NA,NA,NA,NA,NA,NA,NA,"0",NA,"0.000687963",NA,NA,NA,NA,NA,NA,NA,NA
"2",NA,NA,NA,NA,NA,"2920",NA,NA,"1",NA,"0.495166",NA,NA,NA,NA,NA,NA,NA,"0",NA,"0.000701951",NA,NA,NA,NA,"0.25",NA,NA,NA
"1",NA,"W871",NA,NA,NA,NA,NA,NA,NA,NA,NA,NA,NA,NA,NA,NA,NA,NA,NA,NA,NA,NA,NA,NA,NA,NA,NA,NA,NA
"3",NA,NA,NA,NA,NA,"2000",NA,NA,NA,NA,NA,NA,NA,NA,NA,NA,NA,NA,NA,NA,NA,NA,NA,NA,NA,NA,NA,NA,NA
"1",NA,NA,NA,NA,NA,NA,NA,NA,NA,"-8.4",NA,NA,NA,NA,NA,NA,NA,NA,NA,NA,NA,NA,NA,NA,NA,NA,NA,NA,NA
"1",NA,NA,NA,NA,NA,NA,NA,NA,NA,"-6.8",NA,NA,NA,NA,NA,NA,NA,NA,NA,NA,NA,NA,NA,NA,NA,NA,NA,NA,NA
"1",NA,NA,NA,NA,NA,"2968",NA,NA,"1","-6",NA,NA,NA,NA,NA,NA,NA,NA,"0",NA,NA,NA,NA,"1.3",NA,NA,NA,NA,NA
"1",NA,NA,NA,NA,NA,NA,NA,NA,NA,"-4.8",NA,NA,NA,NA,NA,NA,NA,NA,NA,NA,NA,NA,NA,"1.3",NA,NA,NA,NA,NA
"2",NA,NA,NA,NA,NA,"3232",NA,NA,NA,NA,NA,NA,NA,NA,NA,NA,NA,NA,NA,NA,NA,NA,NA,NA,NA,NA,NA,NA,NA
"1",NA,NA,NA,NA,NA,"2624",NA,NA,NA,"-6",NA,NA,NA,NA,NA,NA,NA,NA,NA,NA,NA,NA,NA,"1.4",NA,NA,NA,NA,NA
"1",NA,NA,NA,NA,NA,"2050",NA,NA,NA,NA,NA,NA,NA,NA,NA,NA,NA,"1975",NA,NA,NA,NA,NA,NA,NA,NA,NA,NA,NA
"1",NA,NA,NA,NA,NA,NA,NA,NA,NA,"-7.6",NA,NA,NA,NA,NA,NA,NA,NA,NA,NA,NA,NA,NA,"1.3",NA,NA,NA,NA,NA
"2",NA,NA,NA,NA,NA,NA,NA,NA,NA,NA,NA,NA,NA,NA,NA,NA,NA,NA,NA,NA,NA,NA,NA,NA,NA,NA,NA,NA,NA
"3",NA,NA,NA,NA,NA,NA,NA,NA,NA,NA,NA,NA,NA,NA,NA,NA,NA,NA,NA,NA,NA,NA,NA,NA,NA,NA,NA,NA,NA
"1",NA,NA,NA,NA,NA,"3177",NA,NA,NA,"-3.6",NA,NA,NA,NA,NA,NA,NA,NA,NA,NA,NA,NA,NA,"1.5",NA,NA,NA,NA,NA
"1",NA,NA,NA,NA,NA,NA,NA,NA,NA,NA,NA,NA,NA,NA,NA,NA,NA,NA,NA,NA,NA,NA,NA,NA,NA,NA,NA,NA,NA
"1",NA,NA,NA,NA,NA,NA,NA,NA,NA,"-8.4",NA,NA,NA,NA,NA,NA,NA,NA,NA,NA,NA,NA,NA,NA,NA,NA,NA,NA,NA
"1",NA,NA,NA,NA,NA,"3157",NA,NA,NA,NA,NA,NA,NA,NA,NA,NA,NA,NA,NA,NA,NA,NA,NA,NA,NA,NA,NA,NA,NA
"1",NA,NA,NA,NA,NA,"11600",NA,NA,NA,"-9.6",NA,NA,NA,NA,NA,NA,NA,"-313",NA,NA,NA,NA,NA,"2.9",NA,NA,NA,NA,NA
"1",NA,NA,NA,NA,NA,NA,NA,NA,NA,NA,NA,NA,NA,NA,NA,NA,NA,NA,NA,NA,NA,NA,NA,NA,NA,NA,NA,NA,NA
"1",NA,NA,NA,NA,NA,NA,NA,NA,NA,"-6.8",NA,NA,NA,NA,NA,NA,NA,NA,NA,NA,NA,NA,NA,NA,NA,NA,NA,NA,NA
"1",NA,NA,NA,NA,NA,NA,NA,NA,NA,NA,NA,NA,NA,NA,NA,NA,NA,NA,NA,NA,NA,NA,NA,NA,NA,NA,NA,NA,NA
"1",NA,NA,NA,NA,NA,NA,NA,NA,NA,"-7.2",NA,NA,NA,NA,NA,NA,NA,NA,NA,NA,NA,NA,NA,"1.2",NA,NA,NA,NA,NA
"1",NA,NA,NA,NA,NA,NA,NA,NA,NA,"-9.6",NA,NA,NA,NA,NA,NA,NA,NA,NA,NA,NA,NA,NA,"0.9",NA,NA,NA,NA,NA
"2",NA,NA,NA,NA,NA,NA,NA,NA,NA,NA,NA,NA,NA,NA,NA,NA,NA,NA,NA,NA,NA,NA,NA,NA,NA,NA,NA,NA,NA
"1",NA,NA,NA,NA,NA,NA,NA,NA,NA,"-2",NA,NA,NA,NA,NA,NA,NA,NA,NA,NA,NA,NA,NA,NA,NA,NA,NA,NA,NA
"1",NA,NA,NA,NA,NA,NA,NA,NA,NA,NA,NA,NA,NA,NA,NA,NA,NA,NA,NA,NA,NA,NA,NA,NA,NA,NA,NA,NA,NA
"1",NA,NA,NA,NA,NA,NA,NA,NA,NA,NA,NA,NA,NA,NA,NA,NA,NA,NA,NA,NA,NA,NA,NA,NA,NA,NA,NA,NA,NA
"1",NA,NA,NA,NA,NA,NA,NA,NA,NA,"-6.8",NA,NA,NA,NA,NA,NA,NA,NA,NA,NA,NA,NA,NA,"3.1",NA,NA,NA,NA,NA
"1",NA,NA,NA,NA,NA,NA,NA,NA,NA,NA,NA,NA,NA,NA,NA,NA,NA,NA,NA,NA,NA,NA,NA,NA,NA,NA,NA,NA,NA
"3",NA,NA,NA,NA,NA,NA,NA,NA,"1","-7.6",NA,NA,NA,NA,NA,NA,NA,NA,"0",NA,NA,NA,NA,"2.5",NA,NA,NA,NA,NA
"2",NA,NA,NA,NA,NA,NA,NA,NA,NA,NA,NA,NA,NA,NA,NA,NA,NA,NA,NA,NA,NA,NA,NA,NA,NA,NA,NA,NA,NA
"1",NA,NA,NA,NA,NA,"2166",NA,NA,NA,NA,NA,NA,NA,NA,NA,NA,NA,NA,NA,NA,NA,NA,NA,NA,NA,NA,NA,NA,NA
"1",NA,NA,NA,NA,NA,"3708",NA,NA,NA,NA,NA,NA,NA,NA,NA,NA,NA,NA,NA,NA,NA,NA,NA,NA,NA,NA,NA,NA,NA
"2",NA,NA,NA,NA,NA,NA,NA,NA,NA,NA,NA,NA,NA,NA,NA,NA,NA,NA,NA,NA,NA,NA,NA,NA,NA,NA,NA,NA,NA
"1",NA,NA,NA,NA,NA,NA,NA,NA,NA,"-6.4",NA,NA,NA,NA,NA,NA,NA,NA,NA,NA,NA,NA,NA,"2.6",NA,NA,NA,NA,NA
"1",NA,NA,NA,NA,NA,NA,NA,NA,NA,NA,NA,NA,NA,NA,NA,NA,NA,NA,NA,NA,NA,NA,NA,NA,NA,NA,NA,NA,NA
"1",NA,NA,NA,NA,NA,"2824",NA,NA,"1",NA,"0.43212",NA,NA,NA,NA,NA,NA,NA,"0",NA,"0.000704032",NA,NA,NA,NA,NA,NA,NA,NA
"1",NA,NA,NA,NA,NA,NA,NA,NA,"1","-6","0.47894",NA,NA,NA,NA,NA,NA,NA,"0",NA,"0.000734569",NA,NA,"1.6",NA,NA,NA,NA,NA
"1",NA,NA,NA,NA,NA,NA,NA,NA,NA,"-5.2",NA,NA,NA,NA,NA,NA,NA,NA,NA,NA,NA,NA,NA,NA,NA,NA,NA,NA,NA
"1",NA,NA,NA,NA,NA,NA,NA,NA,NA,NA,NA,NA,NA,NA,NA,NA,NA,NA,NA,NA,NA,NA,NA,NA,NA,NA,NA,NA,NA
"1",NA,NA,NA,NA,NA,"4807",NA,"2",NA,NA,NA,NA,NA,NA,NA,NA,NA,"1980",NA,NA,NA,NA,NA,NA,NA,NA,NA,NA,NA
"1",NA,NA,NA,NA,NA,NA,NA,NA,NA,NA,NA,NA,NA,NA,NA,NA,NA,NA,NA,NA,NA,NA,NA,NA,NA,NA,NA,NA,NA
"1",NA,NA,NA,NA,NA,NA,NA,"2",NA,NA,NA,NA,NA,NA,NA,NA,NA,"2011",NA,NA,NA,NA,NA,NA,NA,NA,NA,NA,NA
"2",NA,NA,NA,NA,NA,NA,NA,NA,NA,"-7.2",NA,NA,NA,NA,NA,NA,NA,NA,NA,NA,NA,NA,NA,"1.5",NA,NA,NA,NA,NA
"1",NA,NA,NA,NA,NA,NA,NA,NA,NA,NA,NA,NA,NA,NA,NA,NA,NA,NA,NA,NA,NA,NA,NA,NA,NA,NA,NA,NA,NA
