"diet_sweets_intake_f102320_0_0","ecg_heart_rate_f5983_0_104","added_milk_to_espresso_f100320_0_0","thickness_of_buttermargarine_spread_on_oatcakes_f20103_2_1","time_to_press_next_left_f4237_0_1","noncancer_illness_code_selfreported_f20002_2_21","method_of_recording_time_when_operation_occurred_f20014_3_1","noncancer_illness_yearage_first_occurred_f87_3_28","operation_yearage_first_occurred_f92_1_30","acceptability_of_each_blow_result_text_f20031_0_2","values_entered_f23322_2_79","bread_intake_f1438_2_0","period_spent_working_night_shifts_f22651_0_28","leg_lean_mass_right_f23271_2_0","year_job_started_f22602_0_37","mean_thickness_of_gtempsuplateral_right_hemisphere_f27658_2_0","mean_thickness_of_gsfrontomargin_left_hemisphere_f27403_3_0","pork_intake_f103030_4_0","volume_of_scingulmarginalis_left_hemisphere_f27522_3_0","mean_thickness_of_parsorbitalis_left_hemisphere_f26773_2_0","invitation_to_complete_online_24hour_recall_dietary_questionnaire_date_sent_f110002_2_0","number_of_incorrect_matches_in_round_f399_3_2","interpolated_year_when_operation_took_place_f20010_3_4","time_to_press_last_digit_right_f4246_3_5","weightedmean_mo_in_tract_medial_lemniscus_left_f25559_3_0","vitamin_andor_mineral_supplement_use_f20084_0_8","body_fat_percentage_f23099_1_0","arm_fatfree_mass_right_f23121_3_0","keystroke_history_right_f4248_3_15","time_to_press_next_left_f4237_3_12"
NA,NA,NA,NA,NA,NA,NA,NA,NA,NA,NA,NA,NA,NA,NA,NA,NA,NA,NA,NA,NA,NA,NA,NA,NA,NA,NA,NA,NA,NA
NA,NA,NA,NA,NA,NA,NA,NA,NA,NA,NA,NA,NA,NA,NA,NA,NA,NA,NA,NA,NA,NA,NA,NA,NA,NA,NA,NA,NA,NA
NA,NA,NA,NA,NA,NA,NA,NA,NA,"END",NA,NA,NA,NA,NA,NA,NA,NA,NA,NA,"2011-06-26",NA,NA,NA,NA,NA,NA,NA,NA,NA
NA,NA,NA,NA,NA,NA,NA,NA,NA,NA,NA,NA,NA,NA,NA,NA,NA,NA,NA,NA,"2011-07-28",NA,NA,NA,NA,NA,NA,NA,NA,NA
NA,NA,NA,NA,NA,NA,NA,NA,NA,"EXPFLOW",NA,NA,NA,NA,NA,NA,NA,NA,NA,NA,NA,NA,NA,NA,NA,NA,NA,NA,NA,NA
NA,NA,NA,NA,"37",NA,NA,NA,NA,NA,NA,NA,NA,NA,NA,NA,NA,NA,NA,NA,NA,NA,NA,NA,NA,NA,NA,NA,NA,NA
NA,NA,NA,NA,NA,NA,NA,NA,NA,"END BELOW6SEC",NA,NA,NA,NA,NA,NA,NA,NA,NA,NA,"2011-07-22",NA,NA,NA,NA,NA,NA,NA,NA,NA
NA,NA,NA,NA,NA,NA,NA,NA,NA,"START",NA,NA,NA,NA,NA,NA,NA,NA,NA,NA,"2011-07-19",NA,NA,NA,NA,NA,NA,NA,NA,NA
NA,NA,NA,NA,NA,NA,NA,NA,NA,NA,NA,NA,NA,NA,NA,NA,NA,NA,NA,NA,NA,NA,NA,NA,NA,NA,NA,NA,NA,NA
NA,NA,NA,NA,NA,NA,NA,NA,NA,"END",NA,NA,NA,NA,NA,NA,NA,NA,NA,NA,NA,NA,NA,NA,NA,NA,NA,NA,NA,NA
NA,NA,NA,NA,NA,NA,NA,NA,NA,"EXPFLOW",NA,NA,NA,NA,NA,NA,NA,NA,NA,NA,NA,NA,NA,NA,NA,NA,NA,NA,NA,NA
NA,NA,NA,NA,NA,NA,NA,NA,NA,"END BELOW6SEC",NA,NA,NA,NA,NA,NA,NA,NA,NA,NA,NA,NA,NA,NA,NA,NA,NA,NA,NA,NA
NA,NA,NA,NA,"37",NA,NA,NA,NA,"EXPFLOW",NA,NA,NA,NA,NA,NA,NA,NA,NA,NA,"2011-08-03",NA,NA,NA,NA,NA,NA,NA,NA,NA
NA,NA,NA,NA,NA,NA,NA,NA,NA,"EXPFLOW",NA,NA,NA,NA,NA,NA,NA,NA,NA,NA,NA,NA,NA,NA,NA,NA,NA,NA,NA,NA
NA,NA,NA,NA,NA,NA,NA,NA,NA,"EXPFLOW",NA,"18",NA,NA,NA,"3.377",NA,NA,NA,"2.91","2011-07-28",NA,NA,NA,NA,NA,NA,NA,NA,NA
NA,NA,NA,NA,NA,NA,NA,NA,NA,NA,NA,NA,NA,NA,NA,NA,NA,NA,NA,NA,NA,NA,NA,NA,NA,NA,NA,NA,NA,NA
NA,NA,NA,NA,NA,NA,NA,NA,NA,"START EXPFLOW",NA,NA,NA,NA,NA,NA,NA,NA,NA,NA,NA,NA,NA,NA,NA,NA,NA,NA,NA,NA
NA,NA,NA,NA,NA,NA,NA,NA,NA,"EXPFLOW END",NA,NA,NA,NA,NA,NA,NA,NA,NA,NA,"2011-08-14",NA,NA,NA,NA,NA,"40.4",NA,NA,NA
NA,NA,NA,NA,NA,NA,NA,NA,NA,NA,NA,NA,NA,NA,NA,NA,NA,NA,NA,NA,NA,NA,NA,NA,NA,NA,NA,NA,NA,NA
NA,NA,NA,NA,NA,NA,NA,NA,NA,"END BELOW6SEC",NA,NA,NA,NA,NA,NA,NA,NA,NA,NA,NA,NA,NA,NA,NA,NA,NA,NA,NA,NA
NA,NA,NA,NA,"38",NA,NA,NA,NA,NA,NA,NA,NA,NA,NA,NA,NA,NA,NA,NA,"2011-08-19",NA,NA,NA,NA,NA,NA,NA,NA,NA
NA,NA,NA,NA,NA,NA,NA,NA,NA,NA,NA,NA,NA,NA,NA,NA,NA,NA,NA,NA,"2011-07-20",NA,NA,NA,NA,NA,NA,NA,NA,NA
NA,NA,NA,NA,NA,NA,NA,NA,NA,NA,NA,NA,NA,NA,NA,NA,NA,NA,NA,NA,NA,NA,NA,NA,NA,NA,NA,NA,NA,NA
NA,NA,NA,NA,NA,NA,NA,NA,NA,"EXPFLOW BELOW6SEC",NA,NA,NA,NA,NA,NA,NA,NA,NA,NA,"2011-08-23",NA,NA,NA,NA,NA,NA,NA,NA,NA
NA,NA,NA,NA,NA,NA,NA,NA,NA,"EXPFLOW",NA,NA,NA,NA,NA,NA,NA,NA,NA,NA,"2011-08-21",NA,NA,NA,NA,NA,NA,NA,NA,NA
NA,NA,NA,NA,NA,NA,NA,NA,NA,NA,NA,NA,NA,NA,NA,NA,NA,NA,NA,NA,"2011-08-29",NA,NA,NA,NA,NA,NA,NA,NA,NA
NA,NA,NA,NA,"63",NA,NA,NA,NA,NA,NA,NA,NA,NA,NA,NA,NA,NA,NA,NA,"2011-07-17",NA,NA,NA,NA,NA,NA,NA,NA,NA
NA,NA,NA,NA,NA,NA,NA,NA,NA,"END BELOW6SEC",NA,"6",NA,NA,NA,"2.929",NA,NA,NA,"2.784",NA,NA,NA,NA,NA,NA,NA,NA,NA,NA
NA,NA,NA,NA,NA,NA,NA,NA,NA,"EXPFLOW",NA,"9",NA,NA,NA,"3.271",NA,NA,NA,"3.014","2011-08-17",NA,NA,NA,NA,NA,NA,NA,NA,NA
NA,NA,NA,NA,NA,NA,NA,NA,NA,NA,NA,NA,NA,NA,NA,NA,NA,NA,NA,NA,NA,NA,NA,NA,NA,NA,NA,NA,NA,NA
NA,NA,NA,NA,"70",NA,NA,NA,NA,NA,NA,"42",NA,NA,NA,NA,NA,NA,NA,NA,"2011-07-19",NA,NA,NA,NA,NA,NA,NA,NA,NA
NA,NA,NA,NA,NA,NA,NA,NA,NA,"END BELOW6SEC",NA,NA,NA,NA,NA,NA,NA,NA,NA,NA,NA,NA,NA,NA,NA,NA,NA,NA,NA,NA
NA,NA,NA,NA,"30",NA,NA,NA,NA,NA,NA,NA,NA,NA,NA,NA,NA,NA,NA,NA,"2011-06-29",NA,NA,NA,NA,NA,NA,NA,NA,NA
NA,NA,NA,NA,"25",NA,NA,NA,NA,"EXPFLOW",NA,NA,NA,NA,NA,NA,NA,NA,NA,NA,"2011-07-30",NA,NA,NA,NA,NA,NA,NA,NA,NA
NA,NA,NA,NA,"68",NA,NA,NA,NA,NA,NA,NA,NA,NA,NA,NA,NA,NA,NA,NA,"2011-06-30",NA,NA,NA,NA,NA,NA,NA,NA,NA
NA,NA,NA,NA,NA,NA,NA,NA,NA,NA,NA,"4",NA,NA,NA,NA,NA,NA,NA,NA,NA,NA,NA,NA,NA,NA,NA,NA,NA,NA
NA,NA,NA,NA,NA,NA,NA,NA,NA,"EXPFLOW BELOW6SEC",NA,NA,NA,NA,NA,NA,NA,NA,NA,NA,"2011-08-02",NA,NA,NA,NA,NA,NA,NA,NA,NA
NA,NA,NA,NA,NA,NA,NA,NA,NA,"END BELOW6SEC",NA,NA,NA,NA,NA,NA,NA,NA,NA,NA,"2011-07-04",NA,NA,NA,NA,NA,NA,NA,NA,NA
NA,NA,NA,NA,"82",NA,NA,NA,NA,"EXPFLOW",NA,NA,NA,NA,NA,NA,NA,NA,NA,NA,NA,NA,NA,NA,NA,NA,NA,NA,NA,NA
NA,NA,NA,NA,NA,NA,NA,NA,NA,NA,NA,"6",NA,NA,NA,NA,NA,NA,NA,NA,"2011-08-10",NA,NA,NA,NA,NA,"23",NA,NA,NA
NA,NA,NA,NA,NA,NA,NA,NA,NA,NA,NA,NA,NA,NA,NA,NA,NA,NA,NA,NA,"2011-08-22",NA,NA,NA,NA,NA,NA,NA,NA,NA
NA,NA,NA,NA,"38",NA,NA,NA,NA,NA,NA,NA,NA,NA,NA,NA,NA,NA,NA,NA,"2011-07-30",NA,NA,NA,NA,NA,NA,NA,NA,NA
NA,NA,NA,NA,NA,NA,NA,NA,NA,NA,NA,NA,NA,NA,NA,NA,NA,NA,NA,NA,"2011-06-28",NA,NA,NA,NA,NA,NA,NA,NA,NA
NA,NA,NA,NA,NA,NA,NA,NA,NA,"START END BELOW6SEC",NA,NA,NA,NA,NA,NA,NA,NA,NA,NA,"2011-06-28",NA,NA,NA,NA,NA,NA,NA,NA,NA
NA,NA,NA,NA,NA,NA,NA,NA,NA,"EXPFLOW",NA,NA,NA,NA,NA,NA,NA,NA,NA,NA,NA,NA,NA,NA,NA,NA,NA,NA,NA,NA
NA,NA,NA,NA,NA,NA,NA,NA,NA,"END BELOW6SEC",NA,"20",NA,NA,NA,NA,NA,NA,NA,NA,NA,NA,NA,NA,NA,NA,NA,NA,NA,NA
NA,NA,NA,NA,NA,NA,NA,NA,NA,NA,NA,NA,NA,NA,NA,NA,NA,NA,NA,NA,"2011-08-24",NA,NA,NA,NA,NA,NA,NA,NA,NA
NA,NA,NA,NA,NA,NA,NA,NA,NA,NA,NA,NA,NA,NA,NA,NA,NA,NA,NA,NA,"2011-08-22",NA,NA,NA,NA,NA,NA,NA,NA,NA
NA,NA,NA,NA,"39",NA,NA,NA,NA,"BELOW6SEC",NA,NA,NA,NA,NA,NA,NA,NA,NA,NA,"2011-07-25",NA,NA,NA,NA,NA,NA,NA,NA,NA
NA,NA,NA,NA,"27",NA,NA,NA,NA,NA,NA,NA,NA,NA,NA,NA,NA,NA,NA,NA,"2011-08-15",NA,NA,NA,NA,NA,NA,NA,NA,NA
NA,NA,NA,NA,"38",NA,NA,NA,NA,NA,NA,NA,NA,NA,NA,NA,NA,NA,NA,NA,"2011-07-22",NA,NA,NA,NA,NA,NA,NA,NA,NA
NA,NA,NA,NA,NA,NA,NA,NA,NA,NA,NA,NA,NA,NA,NA,NA,NA,NA,NA,NA,NA,NA,NA,NA,NA,NA,NA,NA,NA,NA
NA,NA,NA,NA,NA,NA,NA,NA,NA,NA,NA,NA,NA,NA,NA,NA,NA,NA,NA,NA,"2011-08-24",NA,NA,NA,NA,NA,NA,NA,NA,NA
NA,NA,NA,NA,NA,NA,NA,NA,NA,"EXPFLOW END",NA,NA,NA,NA,NA,NA,NA,NA,NA,NA,"2011-07-04",NA,NA,NA,NA,NA,NA,NA,NA,NA
NA,NA,NA,NA,NA,NA,NA,NA,NA,"START EXPFLOW",NA,"6",NA,NA,NA,"3.215",NA,NA,NA,"2.901","2011-07-22",NA,NA,NA,NA,NA,NA,NA,NA,NA
NA,NA,NA,NA,"28",NA,NA,NA,NA,"START EXPFLOW",NA,NA,NA,NA,NA,NA,NA,NA,NA,NA,"2011-07-20",NA,NA,NA,NA,NA,NA,NA,NA,NA
NA,NA,NA,NA,"37",NA,NA,NA,NA,"END BELOW6SEC",NA,NA,NA,NA,NA,NA,NA,NA,NA,NA,"2011-07-23",NA,NA,NA,NA,NA,NA,NA,NA,NA
NA,NA,NA,NA,NA,NA,NA,NA,NA,NA,NA,NA,NA,NA,NA,NA,NA,NA,NA,NA,NA,NA,NA,NA,NA,NA,NA,NA,NA,NA
NA,NA,NA,NA,NA,NA,NA,NA,NA,"START",NA,NA,NA,NA,NA,NA,NA,NA,NA,NA,NA,NA,NA,NA,NA,NA,NA,NA,NA,NA
NA,NA,NA,NA,NA,NA,NA,NA,NA,"EXPFLOW",NA,NA,NA,NA,NA,NA,NA,NA,NA,NA,NA,NA,NA,NA,NA,NA,NA,NA,NA,NA
NA,NA,NA,NA,NA,NA,NA,NA,NA,NA,NA,NA,NA,NA,NA,NA,NA,NA,NA,NA,"2011-08-22",NA,NA,NA,NA,NA,NA,NA,NA,NA
NA,NA,NA,NA,NA,NA,NA,NA,NA,"EXPFLOW",NA,NA,NA,NA,NA,NA,NA,NA,NA,NA,NA,NA,NA,NA,NA,NA,NA,NA,NA,NA
NA,NA,NA,NA,"38",NA,NA,NA,NA,NA,NA,NA,NA,NA,NA,NA,NA,NA,NA,NA,"2011-06-24",NA,NA,NA,NA,NA,NA,NA,NA,NA
NA,NA,NA,NA,NA,NA,NA,NA,NA,NA,NA,"0",NA,NA,NA,"3.352",NA,NA,NA,"2.901",NA,NA,NA,NA,NA,NA,NA,NA,NA,NA
NA,NA,NA,NA,NA,NA,NA,NA,NA,"START EXPFLOW ACCEPT",NA,NA,NA,NA,NA,NA,NA,NA,NA,NA,"2011-07-17",NA,NA,NA,NA,NA,NA,NA,NA,NA
NA,NA,NA,NA,"40",NA,NA,NA,NA,NA,NA,NA,NA,NA,NA,NA,NA,NA,NA,NA,"2011-08-27",NA,NA,NA,NA,NA,NA,NA,NA,NA
NA,NA,NA,NA,NA,NA,NA,NA,NA,NA,NA,NA,NA,NA,NA,NA,NA,NA,NA,NA,NA,NA,NA,NA,NA,NA,NA,NA,NA,NA
NA,NA,NA,NA,"45",NA,NA,NA,NA,NA,NA,NA,NA,NA,NA,NA,NA,NA,NA,NA,"2011-07-26",NA,NA,NA,NA,NA,NA,NA,NA,NA
NA,NA,NA,NA,NA,NA,NA,NA,NA,"EXPFLOW",NA,NA,NA,NA,NA,NA,NA,NA,NA,NA,NA,NA,NA,NA,NA,NA,NA,NA,NA,NA
NA,NA,NA,NA,NA,NA,NA,NA,NA,"EXPFLOW END BELOW6SEC",NA,"5",NA,NA,NA,"3.42",NA,NA,NA,"3.132","2011-08-11",NA,NA,NA,NA,NA,NA,NA,NA,NA
NA,NA,NA,NA,NA,NA,NA,NA,NA,"END BELOW6SEC",NA,NA,NA,NA,NA,NA,NA,NA,NA,NA,NA,NA,NA,NA,NA,NA,NA,NA,NA,NA
NA,NA,NA,NA,"55",NA,NA,NA,NA,"END COUGH BELOW6SEC",NA,NA,NA,NA,NA,NA,NA,NA,NA,NA,"2011-07-30",NA,NA,NA,NA,NA,NA,NA,NA,NA
NA,NA,NA,NA,NA,NA,NA,NA,NA,"START EXPFLOW",NA,NA,NA,NA,NA,NA,NA,NA,NA,NA,"2011-08-16",NA,NA,NA,NA,NA,NA,NA,NA,NA
NA,NA,NA,NA,NA,NA,NA,NA,NA,"END",NA,NA,NA,NA,NA,NA,NA,NA,NA,NA,NA,NA,NA,NA,NA,NA,NA,NA,NA,NA
NA,NA,NA,NA,NA,NA,NA,NA,NA,NA,NA,NA,NA,NA,NA,NA,NA,NA,NA,NA,NA,NA,NA,NA,NA,NA,NA,NA,NA,NA
NA,NA,NA,NA,NA,NA,NA,NA,NA,"END BELOW6SEC",NA,NA,NA,NA,NA,NA,NA,NA,NA,NA,"2011-08-24",NA,NA,NA,NA,NA,NA,NA,NA,NA
NA,NA,NA,NA,NA,NA,NA,NA,NA,NA,NA,NA,NA,NA,NA,NA,NA,NA,NA,NA,"2011-08-27",NA,NA,NA,NA,NA,NA,NA,NA,NA
NA,NA,NA,NA,"35",NA,NA,NA,NA,"END BELOW6SEC",NA,NA,NA,NA,NA,NA,NA,NA,NA,NA,"2011-07-05",NA,NA,NA,NA,NA,NA,NA,NA,NA
NA,NA,NA,NA,"46",NA,NA,NA,NA,"EXPFLOW",NA,NA,NA,NA,NA,NA,NA,NA,NA,NA,NA,NA,NA,NA,NA,NA,NA,NA,NA,NA
NA,NA,NA,NA,"51",NA,NA,NA,NA,"END BELOW6SEC",NA,NA,NA,NA,NA,NA,NA,NA,NA,NA,"2011-06-27",NA,NA,NA,NA,NA,NA,NA,NA,NA
NA,NA,NA,NA,NA,NA,NA,NA,NA,"EXPFLOW",NA,NA,NA,NA,NA,NA,NA,NA,NA,NA,"2011-07-01",NA,NA,NA,NA,NA,NA,NA,NA,NA
NA,NA,NA,NA,NA,NA,NA,NA,NA,NA,NA,NA,NA,NA,NA,NA,NA,NA,NA,NA,NA,NA,NA,NA,NA,NA,NA,NA,NA,NA
NA,NA,NA,NA,NA,NA,NA,NA,NA,NA,NA,NA,NA,NA,NA,NA,NA,NA,NA,NA,NA,NA,NA,NA,NA,NA,NA,NA,NA,NA
NA,NA,NA,NA,NA,NA,NA,NA,NA,NA,NA,NA,NA,NA,NA,NA,NA,NA,NA,NA,NA,NA,NA,NA,NA,NA,NA,NA,NA,NA
NA,NA,NA,NA,"34",NA,NA,NA,NA,"END",NA,NA,NA,NA,NA,NA,NA,NA,NA,NA,"2011-07-07",NA,NA,NA,NA,NA,NA,NA,NA,NA
NA,NA,NA,NA,NA,NA,NA,NA,NA,"END",NA,NA,NA,NA,NA,NA,NA,NA,NA,NA,"2011-08-24",NA,NA,NA,NA,NA,NA,NA,NA,NA
NA,NA,NA,NA,NA,NA,NA,NA,NA,"EXPFLOW",NA,NA,NA,NA,NA,NA,NA,NA,NA,NA,"2011-08-26",NA,NA,NA,NA,NA,NA,NA,NA,NA
NA,NA,NA,NA,NA,NA,NA,NA,NA,"EXPFLOW",NA,NA,NA,NA,NA,NA,NA,NA,NA,NA,NA,NA,NA,NA,NA,NA,NA,NA,NA,NA
NA,NA,NA,NA,"33",NA,NA,NA,NA,NA,NA,NA,NA,NA,NA,NA,NA,NA,NA,NA,"2011-07-25",NA,NA,NA,NA,NA,NA,NA,NA,NA
NA,NA,NA,NA,NA,NA,NA,NA,NA,"EXPFLOW",NA,NA,NA,NA,NA,NA,NA,NA,NA,NA,NA,NA,NA,NA,NA,NA,NA,NA,NA,NA
NA,NA,NA,NA,NA,NA,NA,NA,NA,NA,NA,NA,NA,NA,NA,NA,NA,NA,NA,NA,NA,NA,NA,NA,NA,NA,NA,NA,NA,NA
NA,NA,NA,NA,NA,NA,NA,NA,NA,NA,NA,NA,NA,NA,NA,NA,NA,NA,NA,NA,"2011-08-18",NA,NA,NA,NA,NA,NA,NA,NA,NA
NA,NA,NA,NA,"38",NA,NA,NA,NA,"BELOW6SEC",NA,NA,NA,NA,NA,NA,NA,NA,NA,NA,"2011-07-06",NA,NA,NA,NA,NA,NA,NA,NA,NA
NA,NA,NA,NA,NA,NA,NA,NA,NA,"EXPFLOW",NA,NA,NA,NA,NA,NA,NA,NA,NA,NA,NA,NA,NA,NA,NA,NA,NA,NA,NA,NA
NA,NA,NA,NA,"32",NA,NA,NA,NA,"END BELOW6SEC",NA,NA,NA,NA,NA,NA,NA,"555",NA,NA,"2011-07-17",NA,NA,NA,NA,NA,NA,NA,NA,NA
NA,NA,NA,NA,"186",NA,NA,NA,NA,"EXPFLOW BELOW6SEC",NA,NA,NA,NA,NA,NA,NA,NA,NA,NA,"2011-08-10",NA,NA,NA,NA,NA,NA,NA,NA,NA
NA,NA,NA,NA,NA,NA,NA,NA,NA,"COUGH BELOW6SEC",NA,NA,NA,NA,NA,NA,NA,NA,NA,NA,NA,NA,NA,NA,NA,NA,NA,NA,NA,NA
NA,NA,NA,NA,"25",NA,NA,NA,NA,"START EXPFLOW",NA,NA,NA,NA,NA,NA,NA,NA,NA,NA,NA,NA,NA,NA,NA,NA,NA,NA,NA,NA
NA,NA,NA,NA,NA,NA,NA,NA,NA,"START EXPFLOW",NA,NA,NA,NA,NA,NA,NA,NA,NA,NA,"2011-07-29",NA,NA,NA,NA,NA,NA,NA,NA,NA
NA,NA,NA,NA,NA,NA,NA,NA,NA,"EXPFLOW",NA,NA,NA,NA,NA,NA,NA,NA,NA,NA,"2011-07-26",NA,NA,NA,NA,NA,NA,NA,NA,NA
NA,NA,NA,NA,"82",NA,NA,NA,NA,NA,NA,NA,NA,NA,NA,NA,NA,NA,NA,NA,"2011-07-20",NA,NA,NA,NA,NA,NA,NA,NA,NA
NA,NA,NA,NA,NA,NA,NA,NA,NA,NA,NA,NA,NA,NA,NA,NA,NA,NA,NA,NA,"2011-07-02",NA,NA,NA,NA,NA,NA,NA,NA,NA
NA,NA,NA,NA,"34",NA,NA,NA,NA,NA,NA,NA,NA,NA,NA,NA,NA,NA,NA,NA,"2011-07-20",NA,NA,NA,NA,NA,NA,NA,NA,NA
NA,NA,NA,NA,"39",NA,NA,NA,NA,NA,NA,NA,NA,NA,NA,NA,NA,NA,NA,NA,"2011-08-15",NA,NA,NA,NA,NA,NA,NA,NA,NA
NA,NA,NA,NA,NA,NA,NA,NA,NA,NA,NA,NA,NA,NA,NA,NA,NA,NA,NA,NA,NA,NA,NA,NA,NA,NA,NA,NA,NA,NA
NA,NA,NA,NA,NA,NA,NA,NA,NA,NA,NA,NA,NA,NA,NA,NA,NA,NA,NA,NA,"2011-07-19",NA,NA,NA,NA,NA,NA,NA,NA,NA
NA,NA,NA,NA,NA,NA,NA,NA,NA,NA,NA,NA,NA,NA,NA,NA,NA,NA,NA,NA,NA,NA,NA,NA,NA,NA,NA,NA,NA,NA
NA,NA,NA,NA,NA,NA,NA,NA,NA,NA,NA,NA,NA,NA,NA,NA,NA,NA,NA,NA,NA,NA,NA,NA,NA,NA,NA,NA,NA,NA
NA,NA,NA,NA,NA,NA,NA,NA,NA,"END",NA,NA,NA,NA,NA,NA,NA,NA,NA,NA,NA,NA,NA,NA,NA,NA,NA,NA,NA,NA
NA,NA,NA,NA,NA,NA,NA,NA,NA,NA,NA,NA,NA,NA,NA,NA,NA,NA,NA,NA,NA,NA,NA,NA,NA,NA,NA,NA,NA,NA
NA,NA,NA,NA,NA,NA,NA,NA,NA,NA,NA,NA,NA,NA,NA,NA,NA,NA,NA,NA,"2011-08-15",NA,NA,NA,NA,NA,NA,NA,NA,NA
NA,NA,NA,NA,NA,NA,NA,NA,NA,"END BELOW6SEC",NA,NA,NA,NA,NA,NA,NA,NA,NA,NA,NA,NA,NA,NA,NA,NA,NA,NA,NA,NA
NA,NA,NA,NA,NA,NA,NA,NA,NA,NA,NA,NA,NA,NA,NA,NA,NA,NA,NA,NA,NA,NA,NA,NA,NA,NA,NA,NA,NA,NA
NA,NA,NA,NA,NA,NA,NA,NA,NA,"END BELOW6SEC",NA,NA,NA,NA,NA,NA,NA,NA,NA,NA,NA,NA,NA,NA,NA,NA,NA,NA,NA,NA
NA,NA,NA,NA,NA,NA,NA,NA,NA,"END",NA,"10",NA,NA,NA,"3.076",NA,NA,NA,"2.873","2011-08-02",NA,NA,NA,NA,NA,NA,NA,NA,NA
NA,NA,NA,NA,NA,NA,NA,NA,NA,NA,NA,NA,NA,NA,NA,NA,NA,NA,NA,NA,NA,NA,NA,NA,NA,NA,NA,NA,NA,NA
NA,NA,NA,NA,"34",NA,NA,NA,NA,"EXPFLOW END",NA,NA,NA,NA,NA,NA,NA,NA,NA,NA,"2011-08-01",NA,NA,NA,NA,NA,NA,NA,NA,NA
NA,NA,NA,NA,NA,NA,NA,NA,NA,"START EXPFLOW",NA,NA,NA,NA,NA,NA,NA,NA,NA,NA,"2011-08-18",NA,NA,NA,NA,NA,NA,NA,NA,NA
NA,NA,NA,NA,NA,NA,NA,NA,NA,"EXPFLOW",NA,NA,NA,NA,NA,NA,NA,NA,NA,NA,NA,NA,NA,NA,NA,NA,NA,NA,NA,NA
NA,NA,NA,NA,NA,NA,NA,NA,NA,"START EXPFLOW",NA,NA,NA,NA,NA,NA,NA,NA,NA,NA,"2011-08-30",NA,NA,NA,NA,NA,NA,NA,NA,NA
NA,NA,NA,NA,"27",NA,NA,NA,NA,"START EXPFLOW",NA,"0",NA,NA,NA,"3.194",NA,NA,NA,"2.561","2011-08-28",NA,NA,NA,NA,NA,NA,NA,NA,NA
NA,NA,NA,NA,NA,NA,NA,NA,NA,"EXPFLOW",NA,NA,NA,NA,NA,NA,NA,NA,NA,NA,NA,NA,NA,NA,NA,NA,NA,NA,NA,NA
NA,NA,NA,NA,NA,NA,NA,NA,NA,"END COUGH BELOW6SEC",NA,NA,NA,NA,NA,NA,NA,NA,NA,NA,NA,NA,NA,NA,NA,NA,NA,NA,NA,NA
NA,NA,NA,NA,NA,NA,NA,NA,NA,NA,NA,NA,NA,NA,NA,NA,NA,NA,NA,NA,"2011-08-19",NA,NA,NA,NA,NA,NA,NA,NA,NA
NA,NA,NA,NA,NA,NA,NA,NA,NA,"END",NA,NA,NA,NA,NA,NA,NA,NA,NA,NA,"2011-07-27",NA,NA,NA,NA,NA,NA,NA,NA,NA
NA,NA,NA,NA,"66",NA,NA,NA,NA,"START EXPFLOW",NA,NA,NA,NA,NA,NA,NA,"1",NA,NA,"2011-07-26",NA,NA,NA,NA,NA,NA,NA,NA,NA
NA,NA,NA,NA,NA,NA,NA,NA,NA,NA,NA,NA,NA,NA,NA,NA,NA,NA,NA,NA,NA,NA,NA,NA,NA,NA,NA,NA,NA,NA
NA,NA,NA,NA,"47",NA,NA,NA,NA,"START ACCEPT",NA,NA,NA,NA,NA,NA,NA,NA,NA,NA,NA,NA,NA,NA,NA,NA,NA,NA,NA,NA
NA,NA,NA,NA,"37",NA,NA,NA,NA,"START EXPFLOW",NA,NA,NA,NA,NA,NA,NA,NA,NA,NA,NA,NA,NA,NA,NA,NA,NA,NA,NA,NA
NA,NA,NA,NA,NA,NA,NA,NA,NA,NA,NA,NA,NA,NA,NA,NA,NA,NA,NA,NA,"2011-08-15",NA,NA,NA,NA,NA,NA,NA,NA,NA
NA,NA,NA,NA,NA,NA,NA,NA,NA,"EXPFLOW BELOW6SEC",NA,NA,NA,NA,NA,NA,NA,NA,NA,NA,"2011-08-02",NA,NA,NA,NA,NA,NA,NA,NA,NA
NA,NA,NA,NA,NA,NA,NA,NA,NA,"EXPFLOW",NA,NA,NA,NA,NA,NA,NA,NA,NA,NA,NA,NA,NA,NA,NA,NA,NA,NA,NA,NA
NA,NA,NA,NA,NA,NA,NA,NA,NA,NA,NA,NA,NA,NA,NA,NA,NA,NA,NA,NA,NA,NA,NA,NA,NA,NA,NA,NA,NA,NA
NA,NA,NA,NA,"51",NA,NA,NA,NA,"END BELOW6SEC",NA,NA,NA,NA,NA,NA,NA,NA,NA,NA,"2011-07-06",NA,NA,NA,NA,NA,NA,NA,NA,NA
NA,NA,NA,NA,NA,NA,NA,NA,NA,"EXPFLOW",NA,NA,NA,NA,NA,NA,NA,NA,NA,NA,"2011-07-24",NA,NA,NA,NA,NA,NA,NA,NA,NA
NA,NA,NA,NA,NA,NA,NA,NA,NA,NA,NA,NA,NA,NA,NA,NA,NA,NA,NA,NA,"2011-08-16",NA,NA,NA,NA,NA,NA,NA,NA,NA
NA,NA,NA,NA,"49",NA,NA,NA,NA,NA,NA,NA,NA,NA,NA,NA,NA,NA,NA,NA,NA,NA,NA,NA,NA,NA,NA,NA,NA,NA
NA,NA,NA,NA,NA,NA,NA,NA,NA,NA,NA,NA,NA,NA,NA,NA,NA,NA,NA,NA,"2011-08-27",NA,NA,NA,NA,NA,NA,NA,NA,NA
NA,NA,NA,NA,"55",NA,NA,NA,NA,NA,NA,NA,NA,NA,NA,NA,NA,NA,NA,NA,"2011-08-13",NA,NA,NA,NA,NA,NA,NA,NA,NA
NA,NA,NA,NA,NA,NA,NA,NA,NA,"END BELOW6SEC",NA,NA,NA,NA,NA,NA,NA,NA,NA,NA,NA,NA,NA,NA,NA,NA,NA,NA,NA,NA
NA,NA,NA,NA,"40",NA,NA,NA,NA,"BELOW6SEC",NA,NA,NA,NA,NA,NA,NA,NA,NA,NA,"2011-07-31",NA,NA,NA,NA,NA,NA,NA,NA,NA
NA,NA,NA,NA,NA,NA,NA,NA,NA,"EXPFLOW BELOW6SEC",NA,NA,NA,NA,NA,NA,NA,NA,NA,NA,"2011-08-17",NA,NA,NA,NA,NA,NA,NA,NA,NA
NA,NA,NA,NA,NA,NA,NA,NA,NA,NA,NA,NA,NA,NA,NA,NA,NA,NA,NA,NA,NA,NA,NA,NA,NA,NA,NA,NA,NA,NA
NA,NA,NA,NA,NA,NA,NA,NA,NA,NA,NA,NA,NA,NA,NA,NA,NA,NA,NA,NA,NA,NA,NA,NA,NA,NA,NA,NA,NA,NA
NA,NA,NA,NA,NA,NA,NA,NA,NA,"END BELOW6SEC",NA,NA,NA,NA,NA,NA,NA,NA,NA,NA,NA,NA,NA,NA,NA,NA,NA,NA,NA,NA
NA,NA,NA,NA,NA,NA,NA,NA,NA,"EXPFLOW",NA,NA,NA,NA,NA,NA,NA,NA,NA,NA,NA,NA,NA,NA,NA,NA,NA,NA,NA,NA
NA,NA,NA,NA,NA,NA,NA,NA,NA,"BELOW6SEC",NA,NA,NA,NA,NA,NA,NA,NA,NA,NA,"2011-08-30",NA,NA,NA,NA,NA,NA,NA,NA,NA
NA,NA,NA,NA,NA,NA,NA,NA,NA,"END",NA,"8",NA,NA,NA,"3.358",NA,NA,NA,"3.224","2011-07-30",NA,NA,NA,NA,NA,NA,NA,NA,NA
NA,NA,NA,NA,NA,NA,NA,NA,NA,"EXPFLOW",NA,NA,NA,NA,NA,NA,NA,NA,NA,NA,"2011-08-30",NA,NA,NA,NA,NA,NA,NA,NA,NA
NA,NA,NA,NA,NA,NA,NA,NA,NA,NA,NA,NA,NA,NA,NA,NA,NA,NA,NA,NA,NA,NA,NA,NA,NA,NA,NA,NA,NA,NA
NA,NA,NA,NA,NA,NA,NA,NA,NA,NA,NA,"0",NA,NA,NA,"3.301",NA,NA,NA,"2.816","2011-08-13",NA,NA,NA,NA,NA,NA,NA,NA,NA
NA,NA,NA,NA,NA,NA,NA,NA,NA,"START EXPFLOW",NA,NA,NA,NA,NA,NA,NA,NA,NA,NA,"2011-07-30",NA,NA,NA,NA,NA,NA,NA,NA,NA
NA,NA,NA,NA,NA,NA,NA,NA,NA,"EXPFLOW",NA,NA,NA,NA,NA,NA,NA,NA,NA,NA,"2011-07-29",NA,NA,NA,NA,NA,"42.6",NA,NA,NA
NA,NA,NA,NA,"89",NA,NA,NA,NA,"EXPFLOW",NA,NA,NA,NA,NA,NA,NA,NA,NA,NA,NA,NA,NA,NA,NA,NA,NA,NA,NA,NA
NA,NA,NA,NA,"46",NA,NA,NA,NA,NA,NA,NA,NA,NA,NA,NA,NA,NA,NA,NA,NA,NA,NA,NA,NA,NA,NA,NA,NA,NA
NA,NA,NA,NA,NA,NA,NA,NA,NA,"BELOW6SEC",NA,NA,NA,NA,NA,NA,NA,NA,NA,NA,NA,NA,NA,NA,NA,NA,NA,NA,NA,NA
NA,NA,NA,NA,NA,NA,NA,NA,NA,"EXPFLOW END",NA,NA,NA,NA,NA,NA,NA,NA,NA,NA,"2011-08-21",NA,NA,NA,NA,NA,NA,NA,NA,NA
NA,NA,NA,NA,NA,NA,NA,NA,NA,NA,NA,NA,NA,NA,NA,NA,NA,NA,NA,NA,"2011-07-27",NA,NA,NA,NA,NA,NA,NA,NA,NA
NA,NA,NA,NA,"30",NA,NA,NA,NA,NA,NA,"2",NA,NA,NA,"3.529",NA,NA,NA,"3.061","2011-07-06",NA,NA,NA,NA,NA,NA,NA,NA,NA
NA,NA,NA,NA,NA,NA,NA,NA,NA,"ACCEPT",NA,NA,NA,NA,NA,NA,NA,NA,NA,NA,NA,NA,NA,NA,NA,NA,NA,NA,NA,NA
NA,NA,NA,NA,NA,NA,NA,NA,NA,"EXPFLOW",NA,NA,NA,NA,NA,NA,NA,NA,NA,NA,"2011-08-14",NA,NA,NA,NA,NA,NA,NA,NA,NA
NA,NA,NA,NA,NA,NA,NA,NA,NA,NA,NA,NA,NA,NA,NA,NA,NA,NA,NA,NA,NA,NA,NA,NA,NA,NA,NA,NA,NA,NA
NA,NA,NA,NA,"34",NA,NA,NA,NA,"EXPFLOW",NA,NA,NA,NA,NA,NA,NA,NA,NA,NA,NA,NA,NA,NA,NA,NA,NA,NA,NA,NA
NA,NA,NA,NA,"42",NA,NA,NA,NA,"EXPFLOW",NA,NA,NA,NA,NA,NA,NA,NA,NA,NA,"2011-08-16",NA,NA,NA,NA,NA,NA,NA,NA,NA
NA,NA,NA,NA,NA,NA,NA,NA,NA,"EXPFLOW",NA,"5",NA,NA,NA,"3.261",NA,NA,NA,"2.748","2011-08-16",NA,NA,NA,NA,NA,NA,NA,NA,NA
NA,NA,NA,NA,NA,NA,NA,NA,NA,"END BELOW6SEC",NA,NA,NA,NA,NA,NA,NA,NA,NA,NA,"2011-06-29",NA,NA,NA,NA,NA,NA,NA,NA,NA
NA,NA,NA,NA,"32",NA,NA,NA,NA,"EXPFLOW",NA,"8",NA,NA,NA,"3.416",NA,NA,NA,"2.982",NA,NA,NA,NA,NA,NA,NA,NA,NA,NA
NA,NA,NA,NA,"40",NA,NA,NA,NA,"EXPFLOW",NA,NA,NA,NA,NA,NA,NA,NA,NA,NA,"2011-06-28",NA,NA,NA,NA,NA,NA,NA,NA,NA
NA,NA,NA,NA,"34",NA,NA,NA,NA,NA,NA,NA,NA,NA,NA,NA,NA,NA,NA,NA,"2011-08-30",NA,NA,NA,NA,NA,NA,NA,NA,NA
NA,NA,NA,NA,"37",NA,NA,NA,NA,"EXPFLOW",NA,"2",NA,NA,NA,NA,NA,NA,NA,NA,"2011-07-06",NA,NA,NA,NA,NA,NA,NA,NA,NA
NA,NA,NA,NA,NA,NA,NA,NA,NA,NA,NA,NA,NA,NA,NA,NA,NA,NA,NA,NA,"2011-08-30",NA,NA,NA,NA,NA,NA,NA,NA,NA
NA,NA,NA,NA,NA,NA,NA,NA,NA,NA,NA,NA,NA,NA,NA,NA,NA,NA,NA,NA,NA,NA,NA,NA,NA,NA,NA,NA,NA,NA
NA,NA,NA,NA,NA,NA,NA,NA,NA,"END BELOW6SEC",NA,NA,NA,NA,NA,NA,NA,NA,NA,NA,NA,NA,NA,NA,NA,NA,NA,NA,NA,NA
NA,NA,NA,NA,NA,NA,NA,NA,NA,NA,NA,NA,NA,NA,NA,NA,NA,NA,NA,NA,NA,NA,NA,NA,NA,NA,NA,NA,NA,NA
NA,NA,NA,NA,NA,NA,NA,NA,NA,"START EXPFLOW",NA,NA,NA,NA,NA,NA,NA,NA,NA,NA,"2011-08-21",NA,NA,NA,NA,NA,NA,NA,NA,NA
NA,NA,NA,NA,NA,NA,NA,NA,NA,NA,NA,NA,NA,NA,NA,NA,NA,NA,NA,NA,NA,NA,NA,NA,NA,NA,NA,NA,NA,NA
NA,NA,NA,NA,"52",NA,NA,NA,NA,"EXPFLOW BELOW6SEC",NA,NA,NA,NA,NA,NA,NA,NA,NA,NA,"2011-08-11",NA,NA,NA,NA,NA,NA,NA,NA,NA
NA,NA,NA,NA,"46",NA,NA,NA,NA,"END BELOW6SEC",NA,NA,NA,NA,NA,NA,NA,NA,NA,NA,"2011-08-27",NA,NA,NA,NA,NA,NA,NA,NA,NA
NA,NA,NA,NA,NA,NA,NA,NA,NA,"END BELOW6SEC ACCEPT",NA,"15",NA,NA,NA,"3.102",NA,NA,NA,"2.86","2011-07-16",NA,NA,NA,NA,NA,NA,NA,NA,NA
NA,NA,NA,NA,NA,NA,NA,NA,NA,"EXPFLOW",NA,NA,NA,NA,NA,NA,NA,NA,NA,NA,NA,NA,NA,NA,NA,NA,NA,NA,NA,NA
NA,NA,NA,NA,NA,NA,NA,NA,NA,"EXPFLOW",NA,NA,NA,NA,NA,NA,NA,NA,NA,NA,NA,NA,NA,NA,NA,NA,NA,NA,NA,NA
NA,NA,NA,NA,NA,NA,NA,NA,NA,NA,NA,NA,NA,NA,NA,NA,NA,NA,NA,NA,"2011-07-19",NA,NA,NA,NA,NA,NA,NA,NA,NA
NA,NA,NA,NA,NA,NA,NA,NA,NA,NA,NA,NA,NA,NA,NA,NA,NA,NA,NA,NA,NA,NA,NA,NA,NA,NA,NA,NA,NA,NA
NA,NA,NA,NA,NA,NA,NA,NA,NA,"END BELOW6SEC",NA,NA,NA,NA,NA,NA,NA,NA,NA,NA,NA,NA,NA,NA,NA,NA,NA,NA,NA,NA
NA,NA,NA,NA,"36",NA,NA,NA,NA,NA,NA,NA,NA,NA,NA,NA,NA,NA,NA,NA,"2011-07-08",NA,NA,NA,NA,NA,NA,NA,NA,NA
NA,NA,NA,NA,NA,NA,NA,NA,NA,"EXPFLOW",NA,NA,NA,NA,NA,NA,NA,NA,NA,NA,NA,NA,NA,NA,NA,NA,NA,NA,NA,NA
NA,NA,NA,NA,"70",NA,NA,NA,NA,"START EXPFLOW END BELOW6SEC",NA,NA,NA,NA,NA,NA,NA,NA,NA,NA,"2011-06-30",NA,NA,NA,NA,NA,NA,NA,NA,NA
NA,NA,NA,NA,NA,NA,NA,NA,NA,"EXPFLOW",NA,NA,NA,NA,NA,NA,NA,NA,NA,NA,NA,NA,NA,NA,NA,NA,NA,NA,NA,NA
NA,NA,NA,NA,"39",NA,NA,NA,NA,NA,NA,NA,NA,NA,NA,NA,NA,NA,NA,NA,"2011-07-01",NA,NA,NA,NA,NA,NA,NA,NA,NA
NA,NA,NA,NA,NA,NA,NA,NA,NA,"EXPFLOW BELOW6SEC",NA,NA,NA,NA,NA,NA,NA,NA,NA,NA,NA,NA,NA,NA,NA,NA,NA,NA,NA,NA
NA,NA,NA,NA,NA,NA,NA,NA,NA,"EXPFLOW",NA,NA,NA,NA,NA,NA,NA,NA,NA,NA,NA,NA,NA,NA,NA,NA,NA,NA,NA,NA
NA,NA,NA,NA,NA,NA,NA,NA,NA,"EXPFLOW END BELOW6SEC",NA,NA,NA,NA,NA,NA,NA,NA,NA,NA,"2011-06-20",NA,NA,NA,NA,NA,NA,NA,NA,NA
NA,NA,NA,NA,"42",NA,NA,NA,NA,NA,NA,NA,NA,NA,NA,NA,NA,NA,NA,NA,"2011-08-28",NA,NA,NA,NA,NA,NA,NA,NA,NA
NA,NA,NA,NA,NA,NA,NA,NA,NA,NA,NA,"10",NA,NA,NA,"3.549",NA,NA,NA,"2.997","2011-07-25",NA,NA,NA,NA,NA,NA,NA,NA,NA
NA,NA,NA,NA,NA,NA,NA,NA,NA,NA,NA,"10",NA,NA,NA,"3.212",NA,NA,NA,"2.842","2011-07-30",NA,NA,NA,NA,NA,NA,NA,NA,NA
NA,NA,NA,NA,NA,NA,NA,NA,NA,"EXPFLOW END BELOW6SEC",NA,"8",NA,NA,NA,"3.235",NA,NA,NA,"3.03",NA,NA,NA,NA,NA,NA,NA,NA,NA,NA
NA,NA,NA,NA,"50",NA,NA,NA,NA,NA,NA,NA,NA,NA,NA,NA,NA,NA,NA,NA,NA,NA,NA,NA,NA,NA,NA,NA,NA,NA
NA,NA,NA,NA,NA,NA,NA,NA,NA,"EXPFLOW",NA,NA,NA,NA,NA,NA,NA,NA,NA,NA,NA,NA,NA,NA,NA,NA,NA,NA,NA,NA
NA,NA,NA,NA,NA,NA,NA,NA,NA,"EXPFLOW END",NA,NA,NA,NA,NA,NA,NA,NA,NA,NA,"2011-08-30",NA,NA,NA,NA,NA,NA,NA,NA,NA
NA,NA,NA,NA,NA,NA,NA,NA,NA,NA,NA,NA,NA,NA,NA,NA,NA,NA,NA,NA,"2011-08-28",NA,NA,NA,NA,NA,NA,NA,NA,NA
NA,NA,NA,NA,"46",NA,NA,NA,NA,"END BELOW6SEC",NA,NA,NA,NA,NA,NA,NA,NA,NA,NA,"2011-08-01",NA,NA,NA,NA,NA,NA,NA,NA,NA
NA,NA,NA,NA,"66",NA,NA,NA,NA,"END BELOW6SEC",NA,NA,NA,NA,NA,NA,NA,NA,NA,NA,"2011-06-28",NA,NA,NA,NA,NA,NA,NA,NA,NA
NA,NA,NA,NA,NA,NA,NA,NA,NA,NA,NA,NA,NA,NA,NA,NA,NA,NA,NA,NA,"2011-07-23",NA,NA,NA,NA,NA,NA,NA,NA,NA
NA,NA,NA,NA,NA,NA,NA,NA,NA,"END",NA,NA,NA,NA,NA,NA,NA,NA,NA,NA,"2011-08-12",NA,NA,NA,NA,NA,NA,NA,NA,NA
NA,NA,NA,NA,NA,NA,NA,NA,NA,NA,NA,NA,NA,NA,NA,NA,NA,NA,NA,NA,NA,NA,NA,NA,NA,NA,NA,NA,NA,NA
NA,NA,NA,NA,"40",NA,NA,NA,NA,"EXPFLOW END BELOW6SEC",NA,NA,NA,NA,NA,NA,NA,NA,NA,NA,NA,NA,NA,NA,NA,NA,NA,NA,NA,NA
NA,NA,NA,NA,NA,NA,NA,NA,NA,NA,NA,NA,NA,NA,NA,NA,NA,NA,NA,NA,NA,NA,NA,NA,NA,NA,NA,NA,NA,NA
NA,NA,NA,NA,"50",NA,NA,NA,NA,NA,NA,NA,NA,NA,NA,NA,NA,NA,NA,NA,NA,NA,NA,NA,NA,NA,NA,NA,NA,NA
NA,NA,NA,NA,NA,NA,NA,NA,NA,NA,NA,NA,NA,NA,NA,NA,NA,NA,NA,NA,"2011-06-29",NA,NA,NA,NA,NA,NA,NA,NA,NA
NA,NA,NA,NA,NA,NA,NA,NA,NA,"END BELOW6SEC",NA,NA,NA,NA,NA,NA,NA,NA,NA,NA,NA,NA,NA,NA,NA,NA,NA,NA,NA,NA
NA,NA,NA,NA,NA,NA,NA,NA,NA,NA,NA,NA,NA,NA,NA,NA,NA,NA,NA,NA,"2011-07-21",NA,NA,NA,NA,NA,NA,NA,NA,NA
NA,NA,NA,NA,NA,NA,NA,NA,NA,NA,NA,"20",NA,NA,NA,NA,NA,NA,NA,NA,"2011-08-22",NA,NA,NA,NA,NA,"17.7",NA,NA,NA
NA,NA,NA,NA,"26",NA,NA,NA,NA,"START EXPFLOW END",NA,NA,NA,NA,NA,NA,NA,NA,NA,NA,"2011-07-28",NA,NA,NA,NA,NA,NA,NA,NA,NA
NA,NA,NA,NA,"27",NA,NA,NA,NA,NA,NA,NA,NA,NA,NA,NA,NA,NA,NA,NA,"2011-07-07",NA,NA,NA,NA,NA,NA,NA,NA,NA
NA,NA,NA,NA,NA,NA,NA,NA,NA,NA,NA,NA,NA,NA,NA,NA,NA,NA,NA,NA,"2011-07-03",NA,NA,NA,NA,NA,NA,NA,NA,NA
NA,NA,NA,NA,NA,NA,NA,NA,NA,NA,NA,NA,NA,NA,NA,NA,NA,NA,NA,NA,NA,NA,NA,NA,NA,NA,"31.5",NA,NA,NA
NA,NA,NA,NA,NA,NA,NA,NA,NA,NA,NA,NA,NA,NA,NA,NA,NA,NA,NA,NA,NA,NA,NA,NA,NA,NA,NA,NA,NA,NA
NA,NA,NA,NA,"596",NA,NA,NA,NA,NA,NA,NA,NA,NA,NA,NA,NA,NA,NA,NA,"2011-08-02",NA,NA,NA,NA,NA,NA,NA,NA,NA
NA,NA,NA,NA,"55",NA,NA,NA,NA,"EXPFLOW",NA,NA,NA,NA,NA,NA,NA,NA,NA,NA,"2011-06-27",NA,NA,NA,NA,NA,NA,NA,NA,NA
NA,NA,NA,NA,NA,NA,NA,NA,NA,NA,NA,NA,NA,NA,NA,NA,NA,NA,NA,NA,"2011-08-16",NA,NA,NA,NA,NA,NA,NA,NA,NA
NA,NA,NA,NA,"49",NA,NA,NA,NA,NA,NA,NA,NA,NA,NA,NA,NA,NA,NA,NA,"2011-07-16",NA,NA,NA,NA,NA,NA,NA,NA,NA
NA,NA,NA,NA,NA,NA,NA,NA,NA,NA,NA,NA,NA,NA,NA,NA,NA,NA,NA,NA,"2011-08-27",NA,NA,NA,NA,NA,NA,NA,NA,NA
NA,NA,NA,NA,NA,NA,NA,NA,NA,NA,NA,NA,NA,NA,NA,NA,NA,NA,NA,NA,"2011-08-21",NA,NA,NA,NA,NA,NA,NA,NA,NA
NA,NA,NA,NA,NA,NA,NA,NA,NA,"END",NA,NA,NA,NA,NA,NA,NA,NA,NA,NA,"2011-07-08",NA,NA,NA,NA,NA,NA,NA,NA,NA
NA,NA,NA,NA,"50",NA,NA,NA,NA,"EXPFLOW",NA,NA,NA,NA,NA,NA,NA,NA,NA,NA,"2011-07-21",NA,NA,NA,NA,NA,NA,NA,NA,NA
NA,NA,NA,NA,"377",NA,NA,NA,NA,"EXPFLOW",NA,NA,NA,NA,NA,NA,NA,NA,NA,NA,"2011-08-28",NA,NA,NA,NA,NA,NA,NA,NA,NA
NA,NA,NA,NA,NA,NA,NA,NA,NA,"END",NA,NA,NA,NA,NA,NA,NA,NA,NA,NA,NA,NA,NA,NA,NA,NA,NA,NA,NA,NA
NA,NA,NA,NA,"40",NA,NA,NA,NA,NA,NA,NA,NA,NA,NA,NA,NA,NA,NA,NA,"2011-07-25",NA,NA,NA,NA,NA,NA,NA,NA,NA
NA,NA,NA,NA,NA,NA,NA,NA,NA,"START EXPFLOW",NA,NA,NA,NA,NA,NA,NA,NA,NA,NA,NA,NA,NA,NA,NA,NA,NA,NA,NA,NA
NA,NA,NA,NA,"38",NA,NA,NA,NA,"EXPFLOW",NA,NA,NA,NA,NA,NA,NA,NA,NA,NA,"2011-07-29",NA,NA,NA,NA,NA,NA,NA,NA,NA
NA,NA,NA,NA,NA,NA,NA,NA,NA,NA,NA,NA,NA,NA,NA,NA,NA,NA,NA,NA,NA,NA,NA,NA,NA,NA,NA,NA,NA,NA
NA,NA,NA,NA,NA,NA,NA,NA,NA,"EXPFLOW",NA,NA,NA,NA,NA,NA,NA,NA,NA,NA,NA,NA,NA,NA,NA,NA,NA,NA,NA,NA
NA,NA,NA,NA,"101",NA,NA,NA,NA,"EXPFLOW END BELOW6SEC",NA,NA,NA,NA,NA,NA,NA,NA,NA,NA,"2011-07-28",NA,NA,NA,NA,NA,NA,NA,NA,NA
NA,NA,NA,NA,NA,NA,NA,NA,NA,NA,NA,NA,NA,NA,NA,NA,NA,NA,NA,NA,"2011-07-16",NA,NA,NA,NA,NA,NA,NA,NA,NA
NA,NA,NA,NA,"32",NA,NA,NA,NA,"END BELOW6SEC",NA,NA,NA,NA,NA,NA,NA,NA,NA,NA,"2011-07-25",NA,NA,NA,NA,NA,NA,NA,NA,NA
NA,NA,NA,NA,NA,NA,NA,NA,NA,"START EXPFLOW",NA,"4",NA,NA,NA,"3.309",NA,NA,NA,"3.111",NA,NA,NA,NA,NA,NA,NA,NA,NA,NA
NA,NA,NA,NA,NA,NA,NA,NA,NA,NA,NA,NA,NA,NA,NA,NA,NA,NA,NA,NA,"2011-08-15",NA,NA,NA,NA,NA,"26",NA,NA,NA
NA,NA,NA,NA,NA,NA,NA,NA,NA,NA,NA,"0",NA,NA,NA,"3.186",NA,NA,NA,"2.892","2011-07-18",NA,NA,NA,NA,NA,NA,NA,NA,NA
NA,NA,NA,NA,NA,NA,NA,NA,NA,NA,NA,NA,NA,NA,NA,NA,NA,NA,NA,NA,"2011-07-04",NA,NA,NA,NA,NA,NA,NA,NA,NA
NA,NA,NA,NA,NA,NA,NA,NA,NA,NA,NA,NA,NA,NA,NA,NA,NA,NA,NA,NA,NA,NA,NA,NA,NA,NA,NA,NA,NA,NA
NA,NA,NA,NA,NA,NA,NA,NA,NA,NA,NA,NA,NA,NA,NA,NA,NA,NA,NA,NA,"2011-08-11",NA,NA,NA,NA,NA,NA,NA,NA,NA
NA,NA,NA,NA,NA,NA,NA,NA,NA,NA,NA,NA,NA,NA,NA,NA,NA,NA,NA,NA,NA,NA,NA,NA,NA,NA,NA,NA,NA,NA
NA,NA,NA,NA,"43",NA,NA,NA,NA,"EXPFLOW",NA,NA,NA,NA,NA,NA,NA,NA,NA,NA,"2011-08-10",NA,NA,NA,NA,NA,NA,NA,NA,NA
NA,NA,NA,NA,NA,NA,NA,NA,NA,"START EXPFLOW",NA,NA,NA,NA,NA,NA,NA,NA,NA,NA,"2011-07-20",NA,NA,NA,NA,NA,NA,NA,NA,NA
NA,NA,NA,NA,"57",NA,NA,NA,NA,"EXPFLOW",NA,NA,NA,NA,NA,NA,NA,NA,NA,NA,NA,NA,NA,NA,NA,NA,NA,NA,NA,NA
NA,NA,NA,NA,NA,NA,NA,NA,NA,NA,NA,NA,NA,NA,NA,NA,NA,NA,NA,NA,"2011-07-03",NA,NA,NA,NA,NA,NA,NA,NA,NA
NA,NA,NA,NA,NA,NA,NA,NA,NA,NA,NA,NA,NA,NA,NA,NA,NA,NA,NA,NA,NA,NA,NA,NA,NA,NA,NA,NA,NA,NA
NA,NA,NA,NA,"37",NA,NA,NA,NA,NA,NA,NA,NA,NA,NA,NA,NA,NA,NA,NA,"2011-06-26",NA,NA,NA,NA,NA,NA,NA,NA,NA
NA,NA,NA,NA,"44",NA,NA,NA,NA,"EXPFLOW",NA,NA,NA,NA,NA,NA,NA,NA,NA,NA,NA,NA,NA,NA,NA,NA,NA,NA,NA,NA
NA,NA,NA,NA,"48",NA,NA,NA,NA,NA,NA,NA,NA,NA,NA,NA,NA,NA,NA,NA,NA,NA,NA,NA,NA,NA,NA,NA,NA,NA
NA,NA,NA,NA,"105",NA,NA,NA,NA,NA,NA,NA,NA,NA,NA,NA,NA,NA,NA,NA,"2011-08-27",NA,NA,NA,NA,NA,NA,NA,NA,NA
NA,NA,NA,NA,"53",NA,NA,NA,NA,"EXPFLOW END BELOW6SEC",NA,NA,NA,NA,NA,NA,NA,NA,NA,NA,"2011-08-18",NA,NA,NA,NA,NA,NA,NA,NA,NA
NA,NA,NA,NA,NA,NA,NA,NA,NA,NA,NA,NA,NA,NA,NA,NA,NA,NA,NA,NA,"2011-08-02",NA,NA,NA,NA,NA,NA,NA,NA,NA
NA,NA,NA,NA,"32",NA,NA,NA,NA,NA,NA,"15",NA,NA,NA,"3.289",NA,NA,NA,"2.767","2011-08-13",NA,NA,NA,NA,NA,"38.2",NA,NA,NA
NA,NA,NA,NA,NA,NA,NA,NA,NA,"START",NA,NA,NA,NA,NA,NA,NA,NA,NA,NA,NA,NA,NA,NA,NA,NA,NA,NA,NA,NA
NA,NA,NA,NA,"40",NA,NA,NA,NA,NA,NA,NA,NA,NA,NA,NA,NA,NA,NA,NA,"2011-07-19",NA,NA,NA,NA,NA,NA,NA,NA,NA
NA,NA,NA,NA,NA,NA,NA,NA,NA,"END BELOW6SEC",NA,NA,NA,NA,NA,NA,NA,NA,NA,NA,NA,NA,NA,NA,NA,NA,NA,NA,NA,NA
NA,NA,NA,NA,NA,NA,NA,NA,NA,"START EXPFLOW BELOW6SEC",NA,NA,NA,NA,NA,NA,NA,NA,NA,NA,"2011-07-06",NA,NA,NA,NA,NA,NA,NA,NA,NA
NA,NA,NA,NA,"46",NA,NA,NA,NA,NA,NA,NA,NA,NA,NA,NA,NA,NA,NA,NA,NA,NA,NA,NA,NA,NA,NA,NA,NA,NA
NA,NA,NA,NA,NA,NA,NA,NA,NA,"END",NA,NA,NA,NA,NA,NA,NA,NA,NA,NA,"2011-08-30",NA,NA,NA,NA,NA,NA,NA,NA,NA
NA,NA,NA,NA,NA,NA,NA,NA,NA,NA,NA,NA,NA,NA,NA,NA,NA,NA,NA,NA,"2011-08-29",NA,NA,NA,NA,NA,"47.8",NA,NA,NA
NA,NA,NA,NA,NA,NA,NA,NA,NA,NA,NA,NA,NA,NA,NA,NA,NA,NA,NA,NA,"2011-07-01",NA,NA,NA,NA,NA,NA,NA,NA,NA
NA,NA,NA,NA,NA,NA,NA,NA,NA,NA,NA,NA,NA,NA,NA,NA,NA,NA,NA,NA,NA,NA,NA,NA,NA,NA,NA,NA,NA,NA
NA,NA,NA,NA,"23",NA,NA,NA,NA,"END BELOW6SEC",NA,NA,NA,NA,NA,NA,NA,NA,NA,NA,"2011-08-02",NA,NA,NA,NA,NA,NA,NA,NA,NA
NA,NA,NA,NA,"46",NA,NA,NA,NA,NA,NA,NA,NA,NA,NA,NA,NA,NA,NA,NA,"2011-07-19",NA,NA,NA,NA,NA,NA,NA,NA,NA
NA,NA,NA,NA,"51",NA,NA,NA,NA,NA,NA,NA,NA,NA,NA,NA,NA,NA,NA,NA,"2011-07-27",NA,NA,NA,NA,NA,NA,NA,NA,NA
NA,NA,NA,NA,NA,NA,NA,NA,NA,"END",NA,"20",NA,NA,NA,NA,NA,NA,NA,NA,"2011-07-04",NA,NA,NA,NA,NA,NA,NA,NA,NA
NA,NA,NA,NA,"198",NA,NA,NA,NA,"EXPFLOW",NA,NA,NA,NA,NA,NA,NA,NA,NA,NA,"2011-07-01",NA,NA,NA,NA,NA,NA,NA,NA,NA
NA,NA,NA,NA,"40",NA,NA,NA,NA,"EXPFLOW",NA,NA,NA,NA,NA,NA,NA,NA,NA,NA,"2011-07-16",NA,NA,NA,NA,NA,NA,NA,NA,NA
NA,NA,NA,NA,"292",NA,NA,NA,NA,"EXPFLOW END",NA,NA,NA,NA,NA,NA,NA,NA,NA,NA,"2011-08-29",NA,NA,NA,NA,NA,NA,NA,NA,NA
NA,NA,NA,NA,NA,NA,NA,NA,NA,"EXPFLOW",NA,NA,NA,NA,NA,NA,NA,NA,NA,NA,NA,NA,NA,NA,NA,NA,NA,NA,NA,NA
NA,NA,NA,NA,"25",NA,NA,NA,NA,"EXPFLOW",NA,NA,NA,NA,NA,NA,NA,"1",NA,NA,"2011-08-20",NA,NA,NA,NA,NA,NA,NA,NA,NA
NA,NA,NA,NA,"38",NA,NA,NA,NA,NA,NA,NA,NA,NA,NA,NA,NA,NA,NA,NA,"2011-08-16",NA,NA,NA,NA,NA,NA,NA,NA,NA
NA,NA,NA,NA,"40",NA,NA,NA,NA,"EXPFLOW END BELOW6SEC",NA,NA,NA,NA,NA,NA,NA,NA,NA,NA,"2011-06-23",NA,NA,NA,NA,NA,NA,NA,NA,NA
NA,NA,NA,NA,NA,NA,NA,NA,NA,NA,NA,NA,NA,NA,NA,NA,NA,NA,NA,NA,NA,NA,NA,NA,NA,NA,NA,NA,NA,NA
NA,NA,NA,NA,"65",NA,NA,NA,NA,"END BELOW6SEC",NA,NA,NA,NA,NA,NA,NA,NA,NA,NA,"2011-07-31",NA,NA,NA,NA,NA,NA,NA,NA,NA
NA,NA,NA,NA,NA,NA,NA,NA,NA,NA,NA,"14",NA,NA,NA,"3.358",NA,NA,NA,"2.905",NA,NA,NA,NA,NA,NA,NA,NA,NA,NA
NA,NA,NA,NA,NA,NA,NA,NA,NA,NA,NA,NA,NA,NA,NA,NA,NA,NA,NA,NA,"2011-08-11",NA,NA,NA,NA,NA,NA,NA,NA,NA
NA,NA,NA,NA,"44",NA,NA,NA,NA,"EXPFLOW",NA,NA,NA,NA,NA,NA,NA,NA,NA,NA,"2011-07-02",NA,NA,NA,NA,NA,NA,NA,NA,NA
NA,NA,NA,NA,NA,NA,NA,NA,NA,NA,NA,NA,NA,NA,NA,NA,NA,NA,NA,NA,NA,NA,NA,NA,NA,NA,NA,NA,NA,NA
NA,NA,NA,NA,"27",NA,NA,NA,NA,NA,NA,NA,NA,NA,NA,NA,NA,NA,NA,NA,"2011-08-26",NA,NA,NA,NA,NA,NA,NA,NA,NA
NA,NA,NA,NA,NA,NA,NA,NA,NA,NA,NA,NA,NA,NA,NA,NA,NA,NA,NA,NA,"2011-06-29",NA,NA,NA,NA,NA,NA,NA,NA,NA
NA,NA,NA,NA,"35",NA,NA,NA,NA,NA,NA,NA,NA,NA,NA,NA,NA,NA,NA,NA,"2011-07-25",NA,NA,NA,NA,NA,NA,NA,NA,NA
NA,NA,NA,NA,"40",NA,NA,NA,NA,NA,NA,NA,NA,NA,NA,NA,NA,NA,NA,NA,"2011-08-16",NA,NA,NA,NA,NA,NA,NA,NA,NA
NA,NA,NA,NA,NA,NA,NA,NA,NA,"EXPFLOW",NA,NA,NA,NA,NA,NA,NA,NA,NA,NA,NA,NA,NA,NA,NA,NA,NA,NA,NA,NA
NA,NA,NA,NA,NA,NA,NA,NA,NA,"END",NA,NA,NA,NA,NA,NA,NA,NA,NA,NA,"2011-08-23",NA,NA,NA,NA,NA,NA,NA,NA,NA
NA,NA,NA,NA,"40",NA,NA,NA,NA,NA,NA,"10",NA,NA,NA,"3.172",NA,NA,NA,"2.493","2011-06-30",NA,NA,NA,NA,NA,NA,NA,NA,NA
NA,NA,NA,NA,NA,NA,NA,NA,NA,NA,NA,NA,NA,NA,NA,NA,NA,NA,NA,NA,NA,NA,NA,NA,NA,NA,NA,NA,NA,NA
NA,NA,NA,NA,NA,NA,NA,NA,NA,NA,NA,NA,NA,NA,NA,NA,NA,NA,NA,NA,"2011-07-02",NA,NA,NA,NA,NA,NA,NA,NA,NA
NA,NA,NA,NA,NA,NA,NA,NA,NA,NA,NA,NA,NA,NA,NA,NA,NA,NA,NA,NA,NA,NA,NA,NA,NA,NA,NA,NA,NA,NA
NA,NA,NA,NA,"55",NA,NA,NA,NA,"EXPFLOW BELOW6SEC",NA,NA,NA,NA,NA,NA,NA,NA,NA,NA,"2011-08-21",NA,NA,NA,NA,NA,NA,NA,NA,NA
NA,NA,NA,NA,NA,NA,NA,NA,NA,NA,NA,NA,NA,NA,NA,NA,NA,NA,NA,NA,"2011-07-18",NA,NA,NA,NA,NA,"24.1",NA,NA,NA
NA,NA,NA,NA,NA,NA,NA,NA,NA,"EXPFLOW END BELOW6SEC",NA,NA,NA,NA,NA,NA,NA,NA,NA,NA,NA,NA,NA,NA,NA,NA,NA,NA,NA,NA
NA,NA,NA,NA,"69",NA,NA,NA,NA,NA,NA,NA,NA,NA,NA,NA,NA,NA,NA,NA,NA,NA,NA,NA,NA,NA,NA,NA,NA,NA
NA,NA,NA,NA,NA,NA,NA,NA,NA,"END",NA,NA,NA,NA,NA,NA,NA,NA,NA,NA,NA,NA,NA,NA,NA,NA,"28.5",NA,NA,NA
NA,NA,NA,NA,NA,NA,NA,NA,NA,NA,NA,NA,NA,NA,NA,NA,NA,NA,NA,NA,NA,NA,NA,NA,NA,NA,NA,NA,NA,NA
NA,NA,NA,NA,NA,NA,NA,NA,NA,NA,NA,NA,NA,NA,NA,NA,NA,NA,NA,NA,NA,NA,NA,NA,NA,NA,NA,NA,NA,NA
NA,NA,NA,NA,"46",NA,NA,NA,NA,"START EXPFLOW",NA,NA,NA,NA,NA,NA,NA,NA,NA,NA,NA,NA,NA,NA,NA,NA,NA,NA,NA,NA
NA,NA,NA,NA,NA,NA,NA,NA,NA,"END",NA,NA,NA,NA,NA,NA,NA,NA,NA,NA,NA,NA,NA,NA,NA,NA,NA,NA,NA,NA
NA,NA,NA,NA,"61",NA,NA,NA,NA,"EXPFLOW",NA,NA,NA,NA,NA,NA,NA,NA,NA,NA,NA,NA,NA,NA,NA,NA,NA,NA,NA,NA
