"glucose_f30740_0_0","cancer_yearage_first_occurred_f84_2_3","mean_thickness_of_isthmuscingulate_left_hemisphere_f27181_3_0","diagnoses_icd10_f41270_0_92","volume_of_ventricular_cerebrospinal_fluid_f25004_2_0","signaltonoiseratio_snr_of_triplet_right_f4241_1_4","test_array_presented_f20198_0_35","logmar_in_round_right_f5079_1_12","number_of_times_snapbutton_pressed_f403_2_8","year_job_started_f22602_0_31","volume_of_grey_matter_in_lateral_occipital_cortex_inferior_division_right_f25827_3_0","ldl_direct_f30780_0_0","fraction_acceleration_175_milligravities_f90130_0_0","hdl_cholesterol_missing_reason_f30765_0_0","year_job_ended_f22603_0_14","eye_problemsdisorders_f6148_2_0","triplet_played_right_f4240_3_4","noncancer_illness_code_selfreported_f20002_1_24","year_gap_started_f22663_0_26","interpolated_year_when_noncancer_illness_first_diagnosed_f20008_2_33","volume_of_caudate_left_hemisphere_f26559_2_0","monocyte_count_acquisition_route_f30134_1_0","breathing_problems_responsible_for_leaving_job_f22619_0_16","area_of_parsopercularis_left_hemisphere_f26738_2_0","time_last_key_touched_f4255_0_13","noncancer_illness_code_selfreported_f20002_3_9","mean_thickness_of_lateralorbitofrontal_left_hemisphere_f27183_2_0","word_associated_with_sulking_f6514_2_0","ecg_phase_time_f5986_1_10","3mm_weak_meridian_angle_right_f5100_0_3"
"3.653",NA,NA,NA,NA,NA,NA,NA,NA,NA,NA,"3.384",NA,NA,NA,NA,NA,NA,NA,NA,NA,NA,NA,NA,NA,NA,NA,NA,NA,NA
NA,NA,NA,NA,NA,NA,NA,NA,NA,NA,NA,NA,"0.971","1",NA,NA,NA,NA,NA,NA,NA,NA,NA,NA,NA,NA,NA,NA,NA,NA
"4.807",NA,NA,NA,"28174.6","-10",NA,NA,"0",NA,NA,"3.543","0.973",NA,NA,"-7",NA,NA,NA,NA,"3459.4","1",NA,"1746",NA,NA,"2.949","2","89",NA
NA,NA,NA,NA,NA,NA,NA,NA,NA,NA,NA,"4.596",NA,"8",NA,NA,NA,NA,NA,NA,NA,NA,NA,NA,NA,NA,NA,NA,NA,NA
"5.593",NA,NA,NA,NA,NA,NA,NA,NA,NA,NA,"2.729",NA,NA,NA,NA,NA,NA,NA,NA,NA,NA,NA,NA,NA,NA,NA,NA,NA,NA
"4.419",NA,NA,NA,NA,NA,NA,NA,NA,NA,NA,"3.753",NA,NA,NA,NA,NA,NA,NA,NA,NA,NA,NA,NA,NA,NA,NA,NA,NA,NA
"4.177",NA,NA,NA,NA,NA,NA,NA,NA,NA,NA,"4.335",NA,NA,NA,NA,NA,NA,NA,NA,NA,NA,NA,NA,NA,NA,NA,NA,NA,NA
"4.688",NA,NA,NA,NA,NA,NA,NA,NA,NA,NA,"4.694",NA,NA,NA,NA,NA,NA,NA,NA,NA,NA,NA,NA,NA,NA,NA,NA,NA,NA
"4.758",NA,NA,NA,NA,NA,NA,NA,NA,NA,NA,"3.181",NA,NA,NA,NA,NA,NA,NA,NA,NA,NA,NA,NA,NA,NA,NA,NA,NA,NA
NA,NA,NA,NA,NA,NA,NA,NA,NA,NA,NA,NA,NA,"1",NA,NA,NA,NA,NA,NA,NA,NA,NA,NA,NA,NA,NA,NA,NA,NA
"4.718",NA,NA,NA,NA,NA,NA,NA,NA,NA,NA,"1.912",NA,NA,NA,NA,NA,NA,NA,NA,NA,NA,NA,NA,NA,NA,NA,NA,NA,NA
"5.066",NA,NA,NA,NA,NA,NA,NA,NA,NA,NA,"4.536",NA,NA,NA,NA,NA,NA,NA,NA,NA,NA,NA,NA,NA,NA,NA,NA,NA,NA
"4.58",NA,NA,NA,NA,NA,NA,NA,NA,NA,NA,"2.543",NA,NA,NA,NA,NA,NA,NA,NA,NA,NA,NA,NA,NA,NA,NA,NA,NA,NA
"3.827",NA,NA,NA,NA,NA,NA,NA,NA,NA,NA,"2.659",NA,NA,NA,NA,NA,NA,NA,NA,NA,NA,NA,NA,NA,NA,NA,NA,NA,NA
NA,NA,NA,NA,"32865.1",NA,NA,NA,"0",NA,NA,"4.413","0.945","8",NA,"-7","556",NA,NA,NA,"3260.6",NA,NA,"1483",NA,NA,"2.977","2",NA,NA
NA,NA,NA,NA,NA,NA,NA,NA,NA,NA,NA,"3.616",NA,"8",NA,NA,NA,NA,NA,NA,NA,NA,NA,NA,NA,NA,NA,NA,NA,NA
"4.566",NA,NA,NA,NA,NA,NA,NA,NA,NA,NA,"3",NA,NA,NA,NA,NA,NA,NA,NA,NA,NA,NA,NA,NA,NA,NA,NA,NA,NA
"5.194",NA,NA,NA,NA,NA,NA,NA,NA,NA,NA,"2.809",NA,NA,NA,NA,NA,NA,NA,NA,NA,NA,NA,NA,NA,NA,NA,NA,NA,NA
NA,NA,NA,NA,NA,NA,NA,NA,NA,NA,NA,NA,"0.989","4",NA,NA,NA,NA,NA,NA,NA,NA,NA,NA,NA,NA,NA,NA,NA,NA
"5.4",NA,NA,NA,NA,NA,NA,NA,NA,NA,NA,"3.111",NA,NA,NA,NA,NA,NA,NA,NA,NA,NA,NA,NA,NA,NA,NA,NA,NA,NA
"4.9",NA,NA,NA,NA,NA,NA,NA,NA,NA,NA,"3.729",NA,NA,NA,NA,NA,NA,NA,NA,NA,NA,NA,NA,NA,NA,NA,NA,NA,NA
"5.154",NA,NA,NA,"27598",NA,NA,NA,"0",NA,NA,"4.452",NA,NA,NA,"-7",NA,NA,NA,NA,"3551.6",NA,NA,"1937",NA,NA,"2.783",NA,NA,NA
"5.806",NA,NA,NA,NA,NA,NA,NA,NA,NA,NA,"4.387",NA,NA,NA,NA,NA,NA,NA,NA,NA,NA,NA,NA,NA,NA,NA,NA,NA,NA
"4.557",NA,NA,NA,NA,NA,NA,NA,NA,NA,NA,"3.495",NA,NA,NA,NA,NA,NA,NA,NA,NA,NA,NA,NA,NA,NA,NA,NA,NA,NA
"5.84",NA,NA,NA,NA,NA,NA,NA,NA,NA,NA,"3.6",NA,NA,NA,NA,NA,NA,NA,NA,NA,NA,NA,NA,NA,NA,NA,NA,NA,NA
"4.329",NA,NA,NA,NA,"-10",NA,NA,NA,NA,NA,"3.621","0.954",NA,NA,NA,NA,NA,NA,NA,NA,"1",NA,NA,NA,NA,NA,NA,"104",NA
"5.171",NA,NA,NA,NA,NA,NA,NA,NA,NA,NA,"3.96",NA,NA,NA,NA,NA,NA,NA,NA,NA,NA,NA,NA,NA,NA,NA,NA,NA,NA
"4.595",NA,NA,NA,NA,NA,NA,NA,NA,NA,NA,"3.186","0.957",NA,NA,NA,NA,NA,NA,NA,NA,NA,NA,NA,NA,NA,NA,NA,NA,NA
"4.782",NA,NA,NA,NA,NA,NA,NA,NA,NA,NA,"4.825",NA,NA,NA,NA,NA,NA,NA,NA,NA,NA,NA,NA,NA,NA,NA,NA,NA,NA
"4.371",NA,NA,NA,NA,NA,NA,NA,NA,NA,NA,"4.109",NA,NA,NA,NA,NA,NA,NA,NA,NA,NA,NA,NA,NA,NA,NA,NA,NA,NA
NA,NA,NA,NA,NA,NA,NA,NA,NA,NA,NA,NA,NA,NA,NA,NA,NA,NA,NA,NA,NA,NA,NA,NA,NA,NA,NA,NA,NA,NA
"5.391",NA,NA,NA,NA,NA,NA,NA,NA,NA,NA,"5.772",NA,NA,NA,NA,NA,NA,NA,NA,NA,NA,NA,NA,NA,NA,NA,NA,NA,NA
NA,NA,NA,NA,NA,NA,NA,NA,NA,NA,NA,"2.817","0.969","8",NA,NA,NA,NA,NA,NA,NA,NA,NA,NA,NA,NA,NA,NA,NA,NA
"4.998",NA,NA,NA,NA,NA,NA,NA,NA,NA,NA,"2.754",NA,NA,NA,NA,NA,NA,NA,NA,NA,NA,NA,NA,NA,NA,NA,NA,NA,NA
"4.94",NA,NA,NA,NA,NA,NA,NA,NA,NA,NA,"3.495",NA,NA,NA,NA,NA,NA,NA,NA,NA,NA,NA,NA,NA,NA,NA,NA,NA,NA
"4.65",NA,NA,NA,NA,NA,NA,NA,NA,NA,NA,"2.712",NA,NA,NA,NA,NA,NA,NA,NA,NA,NA,NA,NA,NA,NA,NA,NA,NA,NA
"7.023",NA,NA,NA,NA,NA,NA,NA,NA,NA,NA,"3.166",NA,NA,NA,NA,NA,NA,NA,NA,NA,NA,NA,NA,NA,NA,NA,NA,NA,NA
"4.81",NA,NA,NA,NA,NA,NA,NA,NA,NA,NA,"5.592",NA,NA,NA,NA,NA,NA,NA,NA,NA,NA,NA,NA,NA,NA,NA,NA,NA,NA
"4.926",NA,NA,NA,NA,NA,NA,NA,NA,NA,NA,"3.837",NA,NA,NA,NA,NA,NA,NA,NA,NA,NA,NA,NA,NA,NA,NA,NA,NA,NA
"4.97",NA,NA,NA,"114427","-10",NA,"-0.1","0",NA,NA,"5.06",NA,NA,NA,"-7",NA,NA,NA,NA,"3594.9","1",NA,"1364",NA,NA,"2.883",NA,"74",NA
"5.116",NA,NA,NA,NA,NA,NA,NA,NA,NA,NA,"4.602",NA,NA,NA,NA,NA,NA,NA,NA,NA,NA,NA,NA,NA,NA,NA,NA,NA,NA
"5.344",NA,NA,NA,NA,NA,NA,NA,NA,NA,NA,"3.573",NA,NA,NA,NA,NA,NA,NA,NA,NA,NA,NA,NA,NA,NA,NA,NA,NA,NA
"5.049",NA,NA,NA,NA,NA,NA,NA,NA,NA,NA,"3.069","0.998",NA,NA,NA,NA,NA,NA,NA,NA,NA,NA,NA,NA,NA,NA,NA,NA,NA
"4.296",NA,NA,NA,NA,NA,NA,NA,NA,NA,NA,"4.279",NA,NA,NA,NA,NA,NA,NA,NA,NA,NA,NA,NA,NA,NA,NA,NA,NA,NA
"4.301",NA,NA,NA,NA,NA,NA,NA,NA,NA,NA,"2.755",NA,NA,NA,NA,NA,NA,NA,NA,NA,NA,NA,NA,NA,NA,NA,NA,NA,NA
"4.567",NA,NA,NA,"17816.1",NA,NA,NA,"0",NA,NA,"2.772",NA,NA,NA,"-7",NA,NA,NA,NA,"3320.2",NA,NA,"1460",NA,NA,"2.815",NA,NA,NA
"4.291",NA,NA,NA,NA,NA,NA,NA,NA,NA,NA,"4.298",NA,NA,NA,NA,NA,NA,NA,NA,NA,NA,NA,NA,NA,NA,NA,NA,NA,NA
"5.203",NA,NA,NA,NA,NA,NA,NA,NA,NA,NA,"4.619",NA,NA,NA,NA,NA,NA,NA,NA,NA,NA,NA,NA,NA,NA,NA,NA,NA,NA
"7.22",NA,NA,NA,NA,NA,NA,NA,NA,NA,NA,"3.711",NA,NA,NA,NA,NA,NA,NA,NA,NA,NA,NA,NA,NA,NA,NA,NA,NA,NA
"4.808",NA,NA,NA,NA,NA,NA,NA,NA,NA,NA,"3.415",NA,NA,NA,NA,NA,NA,NA,NA,NA,NA,NA,NA,NA,NA,NA,NA,NA,NA
"5.121",NA,NA,NA,NA,NA,NA,NA,NA,NA,NA,"2.668",NA,NA,NA,NA,NA,NA,NA,NA,NA,NA,NA,NA,NA,NA,NA,NA,NA,NA
"6.189",NA,NA,NA,NA,NA,NA,NA,NA,NA,NA,"2.015","0.992",NA,NA,NA,NA,NA,NA,NA,NA,NA,NA,NA,NA,NA,NA,NA,NA,NA
"4.56",NA,NA,NA,NA,NA,NA,NA,NA,NA,NA,"2.171","0.978",NA,NA,NA,NA,NA,NA,NA,NA,NA,NA,NA,NA,NA,NA,NA,NA,NA
"5.194",NA,NA,NA,NA,NA,NA,NA,NA,NA,NA,"4.715",NA,NA,NA,NA,NA,NA,NA,NA,NA,NA,NA,NA,NA,NA,NA,NA,NA,NA
"4.777",NA,NA,NA,NA,NA,"12",NA,NA,NA,NA,"3.505",NA,NA,NA,NA,NA,NA,NA,NA,NA,NA,NA,NA,NA,NA,NA,NA,NA,NA
"5.468",NA,NA,NA,NA,NA,NA,NA,NA,NA,NA,"5.258","0.985",NA,NA,NA,NA,NA,NA,NA,NA,NA,NA,NA,NA,NA,NA,NA,NA,NA
"5.386",NA,NA,NA,NA,NA,NA,NA,NA,NA,NA,"2.656",NA,NA,NA,NA,NA,NA,NA,NA,NA,NA,NA,NA,NA,NA,NA,NA,NA,NA
"5.232",NA,NA,NA,NA,NA,NA,NA,NA,NA,NA,"4.165","0.964",NA,NA,NA,NA,NA,NA,NA,NA,NA,NA,NA,NA,NA,NA,NA,NA,NA
"5.629",NA,NA,NA,NA,NA,"13",NA,NA,NA,NA,"2.815","0.976",NA,NA,NA,NA,NA,NA,NA,NA,NA,NA,NA,NA,NA,NA,NA,NA,NA
NA,NA,NA,NA,NA,NA,NA,NA,NA,NA,NA,NA,NA,"3",NA,NA,NA,NA,NA,NA,NA,NA,NA,NA,NA,NA,NA,NA,NA,NA
"4.829",NA,NA,NA,"81526.6",NA,NA,NA,"0",NA,NA,"3.692",NA,NA,NA,"-7",NA,NA,NA,NA,"2878",NA,NA,"1572",NA,NA,"2.37","4",NA,NA
"4.235",NA,NA,NA,NA,NA,NA,NA,NA,NA,NA,"3.374",NA,NA,NA,NA,NA,NA,NA,NA,NA,NA,NA,NA,NA,NA,NA,NA,NA,NA
"4.11",NA,NA,NA,"57543.6",NA,NA,NA,"0",NA,NA,"2.401","0.931",NA,NA,"4",NA,NA,NA,NA,"3312.2",NA,NA,"1826",NA,NA,"2.839","2",NA,NA
"4.627",NA,NA,NA,"25987.9",NA,NA,NA,"0",NA,NA,"2.441",NA,NA,NA,"-7",NA,NA,NA,NA,"3297.3",NA,NA,"1733",NA,NA,"2.64","1",NA,NA
"4.901",NA,NA,NA,NA,NA,NA,NA,NA,NA,NA,"3.533",NA,NA,NA,NA,NA,NA,NA,NA,NA,NA,NA,NA,NA,NA,NA,NA,NA,NA
"4.889",NA,NA,NA,NA,NA,NA,NA,NA,NA,NA,"3.931",NA,NA,NA,NA,NA,NA,NA,NA,NA,NA,NA,NA,NA,NA,NA,NA,NA,NA
"3.653",NA,NA,NA,NA,NA,NA,NA,NA,NA,NA,"2.407",NA,NA,NA,NA,NA,NA,NA,NA,NA,NA,NA,NA,NA,NA,NA,NA,NA,NA
"4.674",NA,NA,NA,NA,NA,NA,NA,NA,NA,NA,"4",NA,NA,NA,NA,NA,NA,NA,NA,NA,NA,NA,NA,NA,NA,NA,NA,NA,NA
"4.637",NA,NA,NA,"36003.3","-4",NA,NA,"0",NA,NA,"3.465","0.98",NA,NA,"5",NA,NA,NA,NA,"3613.9","1",NA,"1667",NA,NA,"3.017","2","104",NA
"4.967",NA,NA,NA,NA,NA,NA,NA,NA,NA,NA,"3.975",NA,NA,NA,NA,NA,NA,NA,NA,NA,NA,NA,NA,NA,NA,NA,NA,NA,NA
NA,NA,NA,NA,NA,NA,NA,NA,NA,NA,NA,NA,NA,"1",NA,NA,NA,NA,NA,NA,NA,NA,NA,NA,NA,NA,NA,NA,NA,NA
"5.446",NA,NA,NA,NA,NA,NA,NA,NA,NA,NA,"2.799",NA,NA,NA,NA,NA,NA,NA,NA,NA,NA,NA,NA,NA,NA,NA,NA,NA,NA
NA,NA,NA,NA,NA,NA,NA,NA,NA,NA,NA,"4.336",NA,"8",NA,NA,NA,NA,NA,NA,NA,NA,NA,NA,NA,NA,NA,NA,NA,NA
"4.543",NA,NA,NA,NA,NA,NA,NA,NA,NA,NA,"3.699",NA,NA,NA,NA,NA,NA,NA,NA,NA,NA,NA,NA,NA,NA,NA,NA,NA,NA
"7.942",NA,NA,NA,NA,"-10",NA,NA,NA,NA,NA,"2.655",NA,NA,NA,NA,NA,NA,NA,NA,NA,"1",NA,NA,NA,NA,NA,NA,"104",NA
"5.209",NA,NA,NA,NA,NA,NA,NA,NA,NA,NA,"2.963","0.982",NA,NA,NA,NA,NA,NA,NA,NA,NA,NA,NA,NA,NA,NA,NA,NA,NA
"8.914",NA,NA,NA,NA,NA,NA,NA,NA,NA,NA,"3.864","0.992",NA,NA,NA,NA,NA,NA,NA,NA,NA,NA,NA,NA,NA,NA,NA,NA,NA
"5.379",NA,NA,NA,NA,NA,NA,NA,NA,NA,NA,"3.538",NA,NA,NA,NA,NA,NA,NA,NA,NA,NA,NA,NA,NA,NA,NA,NA,NA,NA
"4.681",NA,NA,NA,NA,NA,NA,NA,NA,NA,NA,"4.454",NA,NA,NA,NA,NA,NA,NA,NA,NA,NA,NA,NA,NA,NA,NA,NA,NA,NA
"4.413",NA,NA,NA,NA,NA,NA,NA,NA,NA,NA,"3.544",NA,NA,NA,NA,NA,NA,NA,NA,NA,NA,NA,NA,NA,NA,NA,NA,NA,NA
"5.674",NA,NA,NA,NA,NA,NA,NA,NA,NA,NA,"6.528",NA,NA,NA,NA,NA,NA,NA,NA,NA,NA,NA,NA,NA,NA,NA,NA,NA,NA
"5.774",NA,NA,NA,NA,NA,NA,NA,NA,NA,NA,"4.333",NA,NA,NA,NA,NA,NA,NA,NA,NA,NA,NA,NA,NA,NA,NA,NA,NA,NA
"4.857",NA,NA,NA,NA,NA,NA,NA,NA,NA,NA,"3.508",NA,NA,NA,NA,NA,NA,NA,NA,NA,NA,NA,NA,NA,NA,NA,NA,NA,NA
"4.96",NA,NA,NA,NA,NA,NA,NA,NA,NA,NA,"3.555",NA,NA,NA,NA,NA,NA,NA,NA,NA,NA,NA,NA,NA,NA,NA,NA,NA,NA
"4.643",NA,NA,NA,NA,NA,NA,NA,NA,NA,NA,"3.432",NA,NA,NA,NA,NA,NA,NA,NA,NA,NA,NA,NA,NA,NA,NA,NA,NA,NA
"4.183",NA,NA,NA,NA,NA,NA,NA,NA,NA,NA,"3.885","0.975",NA,NA,NA,NA,NA,NA,NA,NA,NA,NA,NA,NA,NA,NA,NA,NA,NA
"4.304",NA,NA,NA,NA,NA,NA,NA,NA,NA,NA,"2.916",NA,NA,NA,NA,NA,NA,NA,NA,NA,NA,NA,NA,NA,NA,NA,NA,NA,NA
"4.687",NA,NA,NA,NA,NA,NA,NA,NA,NA,NA,"2.565",NA,NA,NA,NA,NA,NA,NA,NA,NA,NA,NA,NA,NA,NA,NA,NA,NA,NA
"4.794",NA,NA,NA,NA,NA,NA,NA,NA,NA,NA,"3.658",NA,NA,NA,NA,NA,NA,NA,NA,NA,NA,NA,NA,NA,NA,NA,NA,NA,NA
NA,NA,NA,NA,NA,NA,NA,NA,NA,NA,NA,"2.636",NA,"8",NA,NA,NA,NA,NA,NA,NA,NA,NA,NA,NA,NA,NA,NA,NA,NA
"5.154",NA,NA,NA,NA,NA,NA,NA,NA,NA,NA,"2.65",NA,NA,NA,NA,NA,NA,NA,NA,NA,NA,NA,NA,NA,NA,NA,NA,NA,NA
"5.253",NA,NA,NA,NA,NA,NA,NA,NA,NA,NA,"2.981",NA,NA,NA,NA,NA,NA,NA,NA,NA,NA,NA,NA,NA,NA,NA,NA,NA,NA
"4.849",NA,NA,NA,NA,NA,NA,NA,NA,NA,NA,"4.532","0.981",NA,NA,NA,NA,NA,NA,NA,NA,NA,NA,NA,NA,NA,NA,NA,NA,NA
"4.198",NA,NA,NA,NA,NA,NA,NA,NA,NA,NA,"2.583",NA,NA,NA,NA,NA,NA,NA,NA,NA,NA,NA,NA,NA,NA,NA,NA,NA,NA
"5.391",NA,NA,NA,NA,NA,NA,NA,NA,NA,NA,"4.582","0.981",NA,NA,NA,NA,NA,NA,NA,NA,NA,NA,NA,NA,NA,NA,NA,NA,NA
"4.88",NA,NA,NA,NA,NA,NA,NA,NA,NA,NA,"4.274",NA,NA,NA,NA,NA,NA,NA,NA,NA,NA,NA,NA,NA,NA,NA,NA,NA,NA
"4.727",NA,NA,NA,NA,NA,NA,NA,NA,NA,NA,"4.381",NA,NA,NA,NA,NA,NA,NA,NA,NA,NA,NA,NA,NA,NA,NA,NA,NA,NA
"3.815",NA,NA,NA,"38262.2",NA,NA,NA,"0",NA,NA,"2.971","0.968",NA,NA,"-7",NA,NA,NA,NA,"2899.5",NA,NA,"1293",NA,NA,"2.681","1",NA,NA
"4.814",NA,NA,NA,NA,NA,NA,NA,NA,NA,NA,"4.256",NA,NA,NA,NA,NA,NA,NA,NA,NA,NA,NA,NA,NA,NA,NA,NA,NA,NA
"5.255",NA,NA,NA,NA,NA,NA,NA,NA,NA,NA,"3.121",NA,NA,NA,NA,NA,NA,NA,NA,NA,NA,NA,NA,NA,NA,NA,NA,NA,NA
"5.626",NA,NA,NA,NA,NA,NA,NA,NA,NA,NA,"4.352",NA,NA,NA,NA,NA,NA,NA,NA,NA,NA,NA,NA,NA,NA,NA,NA,NA,NA
"4.62",NA,NA,NA,NA,NA,NA,NA,NA,NA,NA,"2.818",NA,NA,NA,NA,NA,NA,NA,NA,NA,NA,NA,NA,NA,NA,NA,NA,NA,NA
"5.062",NA,NA,NA,NA,NA,NA,NA,NA,NA,NA,"4.101",NA,NA,NA,NA,NA,NA,NA,NA,NA,NA,NA,NA,NA,NA,NA,NA,NA,NA
"5.423",NA,NA,NA,NA,NA,NA,NA,NA,NA,NA,"2.712",NA,NA,NA,NA,NA,NA,NA,NA,NA,NA,NA,NA,NA,NA,NA,NA,NA,NA
NA,NA,NA,NA,NA,NA,NA,NA,NA,NA,NA,NA,NA,"4",NA,NA,NA,NA,NA,NA,NA,NA,NA,NA,NA,NA,NA,NA,NA,NA
"4.872",NA,NA,NA,"45321.6","-10",NA,NA,"0",NA,NA,"4.735",NA,NA,NA,"-7",NA,NA,NA,NA,"3114.1","1",NA,"1917",NA,NA,"2.694",NA,"89",NA
"6.765",NA,NA,NA,NA,NA,NA,NA,NA,NA,NA,"4.688",NA,NA,NA,NA,NA,NA,NA,NA,NA,NA,NA,NA,NA,NA,NA,NA,NA,NA
"4.647",NA,NA,NA,NA,"-10",NA,NA,NA,NA,NA,"3.294","0.98",NA,NA,NA,NA,NA,NA,NA,NA,"2",NA,NA,NA,NA,NA,NA,"104",NA
"4.898",NA,NA,NA,NA,NA,NA,NA,NA,NA,NA,"4.376",NA,NA,NA,NA,NA,NA,NA,NA,NA,NA,NA,NA,NA,NA,NA,NA,NA,NA
"4.832",NA,NA,NA,NA,NA,NA,NA,NA,NA,NA,"3.849",NA,NA,NA,NA,NA,NA,NA,NA,NA,NA,NA,NA,NA,NA,NA,NA,NA,NA
"5.558",NA,NA,NA,NA,NA,NA,NA,NA,NA,NA,"4.455",NA,NA,NA,NA,NA,NA,NA,NA,NA,NA,NA,NA,NA,NA,NA,NA,NA,NA
NA,NA,NA,NA,"20780.6",NA,NA,NA,"0",NA,NA,"3.636","0.981","8",NA,"-7",NA,NA,NA,NA,"3875.7",NA,NA,"1405",NA,NA,"3.079",NA,NA,NA
"4.842",NA,NA,NA,"35491.8",NA,NA,NA,"0",NA,NA,"3.007",NA,NA,NA,"5",NA,NA,NA,NA,"3023.8",NA,NA,"1399",NA,NA,"2.927","1",NA,NA
"4.179",NA,NA,NA,NA,NA,NA,NA,"0",NA,NA,"3.343","0.957",NA,NA,"-7",NA,NA,NA,NA,NA,NA,NA,NA,NA,NA,NA,"2",NA,NA
"4.898",NA,NA,NA,NA,NA,NA,NA,NA,NA,NA,"2.956","0.978",NA,NA,NA,NA,NA,NA,NA,NA,NA,NA,NA,NA,NA,NA,NA,NA,NA
"5.083",NA,NA,NA,NA,NA,NA,NA,NA,NA,NA,"4.747",NA,NA,NA,NA,NA,NA,NA,NA,NA,NA,NA,NA,NA,NA,NA,NA,NA,NA
NA,NA,NA,NA,NA,NA,NA,NA,NA,NA,NA,"2.702",NA,"8",NA,NA,NA,NA,NA,NA,NA,NA,NA,NA,NA,NA,NA,NA,NA,NA
"5.586",NA,NA,NA,NA,NA,NA,NA,NA,NA,NA,"3.663",NA,NA,NA,NA,NA,NA,NA,NA,NA,NA,NA,NA,NA,NA,NA,NA,NA,NA
NA,NA,NA,NA,NA,NA,NA,NA,NA,NA,NA,NA,NA,"1",NA,NA,NA,NA,NA,NA,NA,NA,NA,NA,NA,NA,NA,NA,NA,NA
"4.523",NA,NA,NA,NA,NA,NA,NA,NA,NA,NA,"3.598",NA,NA,NA,NA,NA,NA,NA,NA,NA,NA,NA,NA,NA,NA,NA,NA,NA,NA
"4.843",NA,NA,NA,"35244.3",NA,NA,NA,"0",NA,NA,"4.583","0.972",NA,NA,"-7",NA,NA,NA,NA,"2803.4",NA,NA,"1472",NA,NA,"2.789","2",NA,NA
"4.433",NA,NA,NA,NA,NA,NA,NA,NA,NA,NA,"3.773",NA,NA,NA,NA,NA,NA,NA,NA,NA,NA,NA,NA,NA,NA,NA,NA,NA,NA
"3.81",NA,NA,NA,NA,NA,NA,NA,NA,NA,NA,"4",NA,NA,NA,NA,NA,NA,NA,NA,NA,NA,NA,NA,NA,NA,NA,NA,NA,NA
"5.798",NA,NA,NA,NA,NA,NA,NA,NA,NA,NA,"3.276",NA,NA,NA,NA,NA,NA,NA,NA,NA,NA,NA,NA,NA,NA,NA,NA,NA,NA
NA,NA,NA,NA,NA,NA,NA,NA,NA,NA,NA,NA,NA,"1",NA,NA,NA,NA,NA,NA,NA,NA,NA,NA,NA,NA,NA,NA,NA,NA
"4.465",NA,NA,NA,NA,NA,NA,NA,NA,NA,NA,"2.665","1",NA,NA,NA,NA,NA,NA,NA,NA,NA,NA,NA,NA,NA,NA,NA,NA,NA
"6.087",NA,NA,NA,NA,NA,NA,NA,NA,NA,NA,"3.098","0.968",NA,NA,NA,NA,NA,NA,NA,NA,NA,NA,NA,NA,NA,NA,NA,NA,NA
"4.421",NA,NA,NA,NA,NA,NA,NA,NA,NA,NA,"3.554",NA,NA,NA,NA,NA,NA,NA,NA,NA,NA,NA,NA,NA,NA,NA,NA,NA,NA
"5.359",NA,NA,NA,NA,NA,NA,NA,NA,NA,NA,"1.846",NA,NA,NA,NA,NA,NA,NA,NA,NA,NA,NA,NA,NA,NA,NA,NA,NA,NA
"5.253",NA,NA,NA,NA,NA,NA,NA,NA,NA,NA,"4.22",NA,NA,NA,NA,NA,NA,NA,NA,NA,NA,NA,NA,NA,NA,NA,NA,NA,NA
"5.156",NA,NA,NA,NA,NA,NA,NA,NA,NA,NA,"4.147",NA,NA,NA,NA,NA,NA,NA,NA,NA,NA,NA,NA,NA,NA,NA,NA,NA,NA
"5.244",NA,NA,NA,NA,NA,NA,NA,"0",NA,NA,"3.226","0.997",NA,NA,"-7",NA,NA,NA,NA,NA,NA,NA,NA,NA,NA,NA,"2",NA,NA
"4.767",NA,NA,NA,NA,NA,NA,NA,NA,NA,NA,"3.96","0.991",NA,NA,NA,NA,NA,NA,NA,NA,NA,NA,NA,NA,NA,NA,NA,NA,NA
"4.101",NA,NA,NA,NA,NA,NA,NA,NA,NA,NA,"4.434",NA,NA,NA,NA,NA,NA,NA,NA,NA,NA,NA,NA,NA,NA,NA,NA,NA,NA
"4.299",NA,NA,NA,NA,NA,NA,NA,NA,NA,NA,"2.257",NA,NA,NA,NA,NA,NA,NA,NA,NA,NA,NA,NA,NA,NA,NA,NA,NA,NA
NA,NA,NA,NA,NA,NA,NA,NA,NA,NA,NA,NA,NA,"1",NA,NA,NA,NA,NA,NA,NA,NA,NA,NA,NA,NA,NA,NA,NA,NA
"4.374",NA,NA,NA,NA,NA,NA,NA,NA,NA,NA,"5.642",NA,NA,NA,NA,NA,NA,NA,NA,NA,NA,NA,NA,NA,NA,NA,NA,NA,NA
"6.782",NA,NA,NA,"20439.3",NA,NA,NA,"0",NA,NA,"3.298",NA,NA,NA,"-7",NA,NA,NA,NA,"2579",NA,NA,"1364",NA,NA,"2.686","2",NA,NA
"4.736",NA,NA,NA,NA,NA,NA,NA,NA,NA,NA,"3.918","0.999",NA,NA,NA,NA,NA,NA,NA,NA,NA,NA,NA,NA,NA,NA,NA,NA,NA
NA,NA,NA,NA,NA,NA,NA,NA,NA,NA,NA,"2.248",NA,"8",NA,NA,NA,NA,NA,NA,NA,NA,NA,NA,NA,NA,NA,NA,NA,NA
"5.01",NA,NA,NA,NA,NA,NA,NA,NA,NA,NA,"2.928",NA,NA,NA,NA,NA,NA,NA,NA,NA,NA,NA,NA,NA,NA,NA,NA,NA,NA
"5.321",NA,NA,NA,NA,NA,NA,NA,NA,NA,NA,"2.652",NA,NA,NA,NA,NA,NA,NA,NA,NA,NA,NA,NA,NA,NA,NA,NA,NA,NA
"6.433",NA,NA,NA,NA,NA,NA,NA,NA,NA,NA,"2.074","0.969",NA,NA,NA,NA,NA,NA,NA,NA,NA,NA,NA,NA,NA,NA,NA,NA,NA
"5.347",NA,NA,NA,NA,NA,NA,NA,NA,NA,NA,"3.461",NA,NA,NA,NA,NA,NA,NA,NA,NA,NA,NA,NA,NA,NA,NA,NA,NA,NA
"4.911",NA,NA,NA,NA,NA,NA,NA,"0",NA,NA,"3.43","0.998",NA,NA,"4",NA,NA,NA,NA,NA,NA,NA,NA,NA,NA,NA,"3",NA,NA
"7.803",NA,NA,NA,NA,NA,NA,NA,NA,NA,NA,"2.206",NA,NA,NA,NA,NA,NA,NA,NA,NA,NA,NA,NA,NA,NA,NA,NA,NA,NA
"4.704",NA,NA,NA,NA,NA,NA,NA,NA,NA,NA,"1.617",NA,NA,NA,NA,NA,NA,NA,NA,NA,NA,NA,NA,NA,NA,NA,NA,NA,NA
"4.734",NA,NA,NA,NA,NA,NA,NA,"0",NA,NA,"3.323","0.977",NA,NA,"-7",NA,NA,NA,NA,NA,NA,NA,NA,NA,NA,NA,"-3",NA,NA
"4.868",NA,NA,NA,NA,NA,NA,NA,NA,NA,NA,"4.154",NA,NA,NA,NA,NA,NA,NA,NA,NA,NA,NA,NA,NA,NA,NA,NA,NA,NA
"4.31",NA,NA,NA,NA,NA,NA,NA,NA,NA,NA,"3.916",NA,NA,NA,NA,NA,NA,NA,NA,NA,NA,NA,NA,NA,NA,NA,NA,NA,NA
"7.777",NA,NA,NA,NA,NA,NA,NA,NA,NA,NA,"2.518","0.987",NA,NA,NA,NA,NA,NA,NA,NA,NA,NA,NA,NA,NA,NA,NA,NA,NA
NA,NA,NA,NA,NA,NA,NA,NA,NA,NA,NA,"4.006",NA,"8",NA,NA,NA,NA,NA,NA,NA,NA,NA,NA,NA,NA,NA,NA,NA,NA
"4.487",NA,NA,NA,NA,NA,NA,NA,NA,NA,NA,"3.995",NA,NA,NA,NA,NA,NA,NA,NA,NA,NA,NA,NA,NA,NA,NA,NA,NA,NA
"5.591",NA,NA,NA,NA,NA,NA,NA,NA,NA,NA,"2.777",NA,NA,NA,NA,NA,NA,NA,NA,NA,NA,NA,NA,NA,NA,NA,NA,NA,NA
"4.818",NA,NA,NA,NA,NA,NA,NA,NA,NA,NA,"5.349",NA,NA,NA,NA,NA,NA,NA,NA,NA,NA,NA,NA,NA,NA,NA,NA,NA,NA
"4.421",NA,NA,NA,NA,NA,NA,NA,NA,NA,NA,"3.034",NA,NA,NA,NA,NA,NA,NA,NA,NA,NA,NA,NA,NA,NA,NA,NA,NA,NA
"7.681",NA,NA,NA,NA,NA,NA,NA,NA,NA,NA,"2.789","0.984",NA,NA,NA,NA,NA,NA,NA,NA,NA,NA,NA,NA,NA,NA,NA,NA,NA
"4.1",NA,NA,NA,NA,NA,NA,NA,NA,NA,NA,"2.318",NA,NA,NA,NA,NA,NA,NA,NA,NA,NA,NA,NA,NA,NA,NA,NA,NA,NA
"4.98",NA,NA,NA,NA,NA,NA,NA,NA,NA,NA,"4.15",NA,NA,NA,NA,NA,NA,NA,NA,NA,NA,NA,NA,NA,NA,NA,NA,NA,NA
"4.777",NA,NA,NA,NA,NA,NA,NA,NA,NA,NA,"5.261","0.98",NA,NA,NA,NA,NA,NA,NA,NA,NA,NA,NA,NA,NA,NA,NA,NA,NA
"4.19",NA,NA,NA,NA,NA,NA,NA,NA,NA,NA,"4.435","0.988",NA,NA,NA,NA,NA,NA,NA,NA,NA,NA,NA,NA,NA,NA,NA,NA,NA
"4.874",NA,NA,NA,NA,NA,NA,NA,NA,NA,NA,"3.761",NA,NA,NA,NA,NA,NA,NA,NA,NA,NA,NA,NA,NA,NA,NA,NA,NA,NA
"5.003",NA,NA,NA,NA,NA,NA,NA,NA,NA,NA,"3.223",NA,NA,NA,NA,NA,NA,NA,NA,NA,NA,NA,NA,NA,NA,NA,NA,NA,NA
"5.128",NA,NA,NA,NA,NA,NA,NA,NA,NA,NA,"4.565",NA,NA,NA,NA,NA,NA,NA,NA,NA,NA,NA,NA,NA,NA,NA,NA,NA,NA
"4.806",NA,NA,NA,NA,NA,NA,NA,NA,NA,NA,"2.96",NA,NA,NA,NA,NA,NA,NA,NA,NA,NA,NA,NA,NA,NA,NA,NA,NA,NA
"4.595",NA,NA,NA,NA,NA,NA,NA,NA,NA,NA,"4.866",NA,NA,NA,NA,NA,NA,NA,NA,NA,NA,NA,NA,NA,NA,NA,NA,NA,NA
"4.856",NA,NA,NA,NA,NA,NA,NA,NA,NA,NA,"3.353","0.986",NA,NA,NA,NA,NA,NA,NA,NA,NA,NA,NA,NA,NA,NA,NA,NA,NA
"5.484",NA,NA,NA,NA,NA,NA,NA,NA,NA,NA,"3.26",NA,NA,NA,NA,NA,NA,NA,NA,NA,NA,NA,NA,NA,NA,NA,NA,NA,NA
"5.706",NA,NA,NA,NA,NA,NA,NA,NA,NA,NA,"2.754",NA,NA,NA,NA,NA,NA,NA,NA,NA,NA,NA,NA,NA,NA,NA,NA,NA,NA
"3.903",NA,NA,NA,NA,NA,NA,NA,NA,NA,NA,"3.715",NA,NA,NA,NA,NA,NA,NA,NA,NA,NA,NA,NA,NA,NA,NA,NA,NA,NA
"3.972",NA,NA,NA,NA,NA,NA,NA,NA,NA,NA,"2.476","0.964",NA,NA,NA,NA,NA,NA,NA,NA,NA,NA,NA,NA,NA,NA,NA,NA,NA
NA,NA,NA,NA,"29620.2",NA,NA,NA,"0",NA,NA,"2.426",NA,"8",NA,"-7",NA,NA,NA,NA,"2957.3",NA,NA,"1270",NA,NA,"2.897","2",NA,NA
"5.756",NA,NA,NA,NA,NA,NA,NA,NA,NA,NA,"4.379","0.965",NA,NA,NA,NA,NA,NA,NA,NA,NA,NA,NA,NA,NA,NA,NA,NA,NA
"4.949",NA,NA,NA,NA,NA,NA,NA,NA,NA,NA,"4.614",NA,NA,NA,NA,NA,NA,NA,NA,NA,NA,NA,NA,NA,NA,NA,NA,NA,NA
"5.159",NA,NA,NA,NA,NA,NA,NA,NA,NA,NA,"3.016",NA,NA,NA,NA,NA,NA,NA,NA,NA,NA,NA,NA,NA,NA,NA,NA,NA,NA
"6.431",NA,NA,NA,NA,NA,NA,NA,NA,NA,NA,"2.315",NA,NA,NA,NA,NA,NA,NA,NA,NA,NA,NA,NA,NA,NA,NA,NA,NA,NA
"4.936",NA,NA,NA,NA,NA,NA,NA,NA,NA,NA,"4.124",NA,NA,NA,NA,NA,NA,NA,NA,NA,NA,NA,NA,NA,NA,NA,NA,NA,NA
"5.545",NA,NA,NA,NA,NA,NA,NA,NA,NA,NA,"2.59",NA,NA,NA,NA,NA,NA,NA,NA,NA,NA,NA,NA,NA,NA,NA,NA,NA,NA
"4.875",NA,NA,NA,NA,NA,NA,NA,NA,NA,NA,"3.376","0.978",NA,NA,NA,NA,NA,NA,NA,NA,NA,NA,NA,NA,NA,NA,NA,NA,NA
"4.406",NA,NA,NA,NA,NA,NA,NA,NA,NA,NA,"4.351","0.941",NA,NA,NA,NA,NA,NA,NA,NA,NA,NA,NA,NA,NA,NA,NA,NA,NA
"4.97",NA,NA,NA,NA,NA,NA,NA,NA,NA,NA,"2.664",NA,NA,NA,NA,NA,NA,NA,NA,NA,NA,NA,NA,NA,NA,NA,NA,NA,NA
"4.473",NA,NA,NA,NA,NA,NA,NA,NA,NA,NA,"1.968",NA,NA,NA,NA,NA,NA,NA,NA,NA,NA,NA,NA,NA,NA,NA,NA,NA,NA
"6.165",NA,NA,NA,NA,NA,NA,NA,NA,NA,NA,"2.08",NA,NA,NA,NA,NA,NA,NA,NA,NA,NA,NA,NA,NA,NA,NA,NA,NA,NA
"5.194",NA,NA,NA,NA,NA,NA,NA,NA,NA,NA,"3.311",NA,NA,NA,NA,NA,NA,NA,NA,NA,NA,NA,NA,NA,NA,NA,NA,NA,NA
"3.459",NA,NA,NA,NA,NA,NA,NA,NA,NA,NA,"3.905",NA,NA,NA,NA,NA,NA,NA,NA,NA,NA,NA,NA,NA,NA,NA,NA,NA,NA
NA,NA,NA,NA,NA,NA,NA,NA,NA,NA,NA,NA,NA,"1",NA,NA,NA,NA,NA,NA,NA,NA,NA,NA,NA,NA,NA,NA,NA,NA
"4.981",NA,NA,NA,NA,NA,NA,NA,NA,NA,NA,"2.568",NA,NA,NA,NA,NA,NA,NA,NA,NA,NA,NA,NA,NA,NA,NA,NA,NA,NA
"4.925",NA,NA,NA,NA,NA,NA,NA,NA,NA,NA,"4.219",NA,NA,NA,NA,NA,NA,NA,NA,NA,NA,NA,NA,NA,NA,NA,NA,NA,NA
"5.545",NA,NA,NA,NA,NA,NA,NA,NA,NA,NA,"2.863",NA,NA,NA,NA,NA,NA,NA,NA,NA,NA,NA,NA,NA,NA,NA,NA,NA,NA
NA,NA,NA,NA,NA,NA,NA,NA,NA,NA,NA,"3.775",NA,"8",NA,NA,NA,NA,NA,NA,NA,NA,NA,NA,NA,NA,NA,NA,NA,NA
NA,NA,NA,NA,NA,NA,NA,NA,NA,NA,NA,NA,NA,NA,NA,NA,NA,NA,NA,NA,NA,NA,NA,NA,NA,NA,NA,NA,NA,NA
NA,NA,NA,NA,NA,NA,NA,NA,NA,NA,NA,NA,NA,NA,NA,NA,NA,NA,NA,NA,NA,NA,NA,NA,NA,NA,NA,NA,NA,NA
"5.213",NA,NA,NA,NA,NA,NA,NA,NA,NA,NA,"2.343",NA,NA,NA,NA,NA,NA,NA,NA,NA,NA,NA,NA,NA,NA,NA,NA,NA,NA
"5.13",NA,NA,NA,NA,NA,"12",NA,NA,NA,NA,"2.775","0.978",NA,NA,NA,NA,NA,NA,NA,NA,NA,NA,NA,NA,NA,NA,NA,NA,NA
"5.062",NA,NA,NA,NA,NA,NA,NA,NA,NA,NA,"4.952",NA,NA,NA,NA,NA,NA,NA,NA,NA,NA,NA,NA,NA,NA,NA,NA,NA,NA
"5.214",NA,NA,NA,NA,NA,NA,NA,NA,NA,NA,"4.416",NA,NA,NA,NA,NA,NA,NA,NA,NA,NA,NA,NA,NA,NA,NA,NA,NA,NA
NA,NA,NA,NA,NA,NA,NA,NA,NA,NA,NA,NA,NA,"1",NA,NA,NA,NA,NA,NA,NA,NA,NA,NA,NA,NA,NA,NA,NA,NA
"5.145",NA,NA,NA,NA,NA,NA,NA,NA,NA,NA,"3.52",NA,NA,NA,NA,NA,NA,NA,NA,NA,NA,NA,NA,NA,NA,NA,NA,NA,NA
"4.741",NA,NA,NA,NA,NA,NA,NA,NA,NA,NA,"3.185",NA,NA,NA,NA,NA,NA,NA,NA,NA,NA,NA,NA,NA,NA,NA,NA,NA,NA
"4.975",NA,NA,NA,NA,NA,NA,NA,NA,NA,NA,"4.235","0.983",NA,NA,NA,NA,NA,NA,NA,NA,NA,NA,NA,NA,NA,NA,NA,NA,NA
"4.265",NA,NA,NA,NA,NA,NA,NA,NA,NA,NA,"3.522",NA,NA,NA,NA,NA,NA,NA,NA,NA,NA,NA,NA,NA,NA,NA,NA,NA,NA
NA,NA,NA,NA,"50494.7","-10",NA,NA,"0",NA,NA,"2.836","0.984","8",NA,"-7",NA,NA,NA,NA,"2968.6","1",NA,"1361",NA,NA,"2.502","2","104",NA
"4.968",NA,NA,NA,NA,NA,NA,NA,NA,NA,NA,"3.791",NA,NA,NA,NA,NA,NA,NA,NA,NA,NA,NA,NA,NA,NA,NA,NA,NA,NA
"4.789",NA,NA,NA,NA,NA,NA,NA,NA,NA,NA,"5.53",NA,NA,NA,NA,NA,NA,NA,NA,NA,NA,NA,NA,NA,NA,NA,NA,NA,NA
"5.141",NA,NA,NA,NA,NA,NA,NA,NA,NA,NA,"3.389",NA,NA,NA,NA,NA,NA,NA,NA,NA,NA,NA,NA,NA,NA,NA,NA,NA,NA
"4.24",NA,NA,NA,NA,NA,NA,NA,NA,NA,NA,"3.591",NA,NA,NA,NA,NA,NA,NA,NA,NA,NA,NA,NA,NA,NA,NA,NA,NA,NA
"4.762",NA,NA,NA,NA,NA,NA,NA,NA,NA,NA,"4.881",NA,NA,NA,NA,NA,NA,NA,NA,NA,NA,NA,NA,NA,NA,NA,NA,NA,NA
"5.303",NA,NA,NA,"29812.4","-10",NA,NA,"0",NA,NA,"3.965",NA,NA,NA,"-7","085",NA,NA,NA,"3804","1",NA,"1351",NA,NA,"2.851","1","104",NA
"3.979",NA,NA,NA,NA,NA,NA,NA,"0",NA,NA,"3.059","0.99",NA,NA,"-7",NA,NA,NA,NA,NA,NA,NA,NA,NA,NA,NA,"2",NA,NA
"5.218",NA,NA,NA,NA,NA,NA,NA,NA,NA,NA,"4.753",NA,NA,NA,NA,NA,NA,NA,NA,NA,NA,NA,NA,NA,NA,NA,NA,NA,NA
NA,NA,NA,NA,NA,NA,NA,NA,NA,NA,NA,NA,NA,"1",NA,NA,NA,NA,NA,NA,NA,NA,NA,NA,NA,NA,NA,NA,NA,NA
"5.45",NA,NA,NA,NA,NA,NA,NA,NA,NA,NA,"3.599",NA,NA,NA,NA,NA,NA,NA,NA,NA,NA,NA,NA,NA,NA,NA,NA,NA,NA
"4.198",NA,"2.881",NA,"31629.7","-4",NA,NA,"0",NA,"8024.69","3.248",NA,NA,NA,"6","434",NA,NA,NA,"2796.3","2",NA,"1334",NA,NA,"2.712","2","119",NA
"4.081",NA,NA,NA,NA,NA,NA,NA,NA,NA,NA,"2.512",NA,NA,NA,NA,NA,NA,NA,NA,NA,NA,NA,NA,NA,NA,NA,NA,NA,NA
"12.508",NA,NA,NA,NA,NA,NA,NA,NA,NA,NA,"2.024","0.98",NA,NA,NA,NA,NA,NA,NA,NA,NA,NA,NA,NA,NA,NA,NA,NA,NA
NA,NA,NA,NA,NA,NA,NA,NA,NA,NA,NA,"3.092",NA,"8",NA,NA,NA,NA,NA,NA,NA,NA,NA,NA,NA,NA,NA,NA,NA,NA
"6.226",NA,NA,NA,NA,NA,NA,NA,NA,NA,NA,"4.527",NA,NA,NA,NA,NA,NA,NA,NA,NA,NA,NA,NA,NA,NA,NA,NA,NA,NA
"5.777",NA,NA,NA,NA,NA,NA,NA,NA,NA,NA,"3.848",NA,NA,NA,NA,NA,NA,NA,NA,NA,NA,NA,NA,NA,NA,NA,NA,NA,NA
"5.804",NA,NA,NA,NA,NA,NA,NA,NA,NA,NA,"3.356",NA,NA,NA,NA,NA,NA,NA,NA,NA,NA,NA,NA,NA,NA,NA,NA,NA,NA
"5.164",NA,NA,NA,NA,NA,NA,NA,NA,NA,NA,"3.332",NA,NA,NA,NA,NA,NA,NA,NA,NA,NA,NA,NA,NA,NA,NA,NA,NA,NA
"4.83",NA,NA,NA,NA,NA,NA,NA,NA,NA,NA,"3.435",NA,NA,NA,NA,NA,NA,NA,NA,NA,NA,NA,NA,NA,NA,NA,NA,NA,NA
"5.468",NA,NA,NA,NA,NA,NA,NA,NA,NA,NA,"3.276",NA,NA,NA,NA,NA,NA,NA,NA,NA,NA,NA,NA,NA,NA,NA,NA,NA,NA
"5.009",NA,NA,NA,NA,NA,NA,NA,NA,NA,NA,"3.803",NA,NA,NA,NA,NA,NA,NA,NA,NA,NA,NA,NA,NA,NA,NA,NA,NA,NA
"3.991",NA,NA,NA,NA,NA,NA,NA,NA,NA,NA,"3.473","0.968",NA,NA,NA,NA,NA,NA,NA,NA,NA,NA,NA,NA,NA,NA,NA,NA,NA
"4.47",NA,NA,NA,NA,NA,NA,NA,NA,NA,NA,"3.705",NA,NA,NA,NA,NA,NA,NA,NA,NA,NA,NA,NA,NA,NA,NA,NA,NA,NA
NA,NA,NA,NA,NA,NA,NA,NA,NA,NA,NA,"2.621",NA,"8",NA,NA,NA,NA,NA,NA,NA,NA,NA,NA,NA,NA,NA,NA,NA,NA
"4.748",NA,NA,NA,NA,NA,NA,NA,NA,NA,NA,"2.648",NA,NA,NA,NA,NA,NA,NA,NA,NA,NA,NA,NA,NA,NA,NA,NA,NA,NA
"5.131",NA,NA,NA,NA,NA,NA,NA,NA,NA,NA,"2.408",NA,NA,NA,NA,NA,NA,NA,NA,NA,NA,NA,NA,NA,NA,NA,NA,NA,NA
"5.047",NA,NA,NA,NA,NA,NA,NA,NA,NA,NA,"3.043",NA,NA,NA,NA,NA,NA,NA,NA,NA,NA,NA,NA,NA,NA,NA,NA,NA,NA
"7.475",NA,NA,NA,NA,NA,NA,NA,NA,NA,NA,"4.003",NA,NA,NA,NA,NA,NA,NA,NA,NA,NA,NA,NA,NA,NA,NA,NA,NA,NA
"5.302",NA,NA,NA,NA,NA,NA,NA,NA,NA,NA,"4.185",NA,NA,NA,NA,NA,NA,NA,NA,NA,NA,NA,NA,NA,NA,NA,NA,NA,NA
"3.841",NA,NA,NA,NA,NA,NA,NA,NA,NA,NA,"2.978","0.987",NA,NA,NA,NA,NA,NA,NA,NA,NA,NA,NA,NA,NA,NA,NA,NA,NA
"5.409",NA,NA,NA,"19542",NA,NA,NA,"0",NA,NA,"5.821",NA,NA,NA,"-7",NA,NA,NA,NA,"3530.1",NA,NA,"1431",NA,NA,"2.956","2",NA,NA
"6.375",NA,NA,NA,NA,"-4",NA,NA,NA,NA,NA,"4.363","0.995",NA,NA,NA,NA,NA,NA,NA,NA,"1",NA,NA,NA,NA,NA,NA,"59",NA
"5.046",NA,NA,NA,NA,NA,NA,NA,NA,NA,NA,"1.866",NA,NA,NA,NA,NA,NA,NA,NA,NA,NA,NA,NA,NA,NA,NA,NA,NA,NA
"5.092",NA,NA,NA,NA,NA,NA,NA,NA,NA,NA,"3.632",NA,NA,NA,NA,NA,NA,NA,NA,NA,NA,NA,NA,NA,NA,NA,NA,NA,NA
"3.588",NA,NA,NA,NA,NA,NA,NA,NA,NA,NA,"2.618",NA,NA,NA,NA,NA,NA,NA,NA,NA,NA,NA,NA,NA,NA,NA,NA,NA,NA
"4.048",NA,NA,NA,NA,NA,NA,NA,NA,NA,NA,"4.858",NA,NA,NA,NA,NA,NA,NA,NA,NA,NA,NA,NA,NA,NA,NA,NA,NA,NA
"4.897",NA,NA,NA,NA,NA,NA,NA,NA,NA,NA,"4.059",NA,NA,NA,NA,NA,NA,NA,NA,NA,NA,NA,NA,NA,NA,NA,NA,NA,NA
"5.459",NA,NA,NA,NA,NA,NA,NA,NA,NA,NA,"3.729",NA,NA,NA,NA,NA,NA,NA,NA,NA,NA,NA,NA,NA,NA,NA,NA,NA,NA
NA,NA,NA,NA,NA,NA,NA,NA,NA,NA,NA,NA,NA,NA,NA,NA,NA,NA,NA,NA,NA,NA,NA,NA,NA,NA,NA,NA,NA,NA
"5.444",NA,NA,NA,NA,NA,NA,NA,NA,NA,NA,"5.013",NA,NA,NA,NA,NA,NA,NA,NA,NA,NA,NA,NA,NA,NA,NA,NA,NA,NA
"4.956",NA,NA,NA,NA,NA,NA,NA,NA,NA,NA,"4.963","0.977",NA,NA,NA,NA,NA,NA,NA,NA,NA,NA,NA,NA,NA,NA,NA,NA,NA
"5.682",NA,NA,NA,NA,NA,NA,NA,NA,NA,NA,"4.026",NA,NA,NA,NA,NA,NA,NA,NA,NA,NA,NA,NA,NA,NA,NA,NA,NA,NA
"5.475",NA,NA,NA,NA,NA,NA,NA,NA,NA,NA,"2.789",NA,NA,NA,NA,NA,NA,NA,NA,NA,NA,NA,NA,NA,NA,NA,NA,NA,NA
"5.162",NA,NA,NA,NA,NA,NA,NA,NA,NA,NA,"4.266",NA,NA,NA,NA,NA,NA,NA,NA,NA,NA,NA,NA,NA,NA,NA,NA,NA,NA
NA,NA,NA,NA,NA,NA,NA,NA,NA,NA,NA,"2.572",NA,"8",NA,NA,NA,NA,NA,NA,NA,NA,NA,NA,NA,NA,NA,NA,NA,NA
"5.586",NA,NA,NA,"27225.8","-10",NA,NA,"0",NA,NA,"2.375",NA,NA,NA,"4",NA,NA,NA,NA,"3251.5","1",NA,"1870",NA,NA,"2.765",NA,"104",NA
NA,NA,NA,NA,NA,NA,NA,NA,NA,NA,NA,"4",NA,"8",NA,NA,NA,NA,NA,NA,NA,NA,NA,NA,NA,NA,NA,NA,NA,NA
NA,NA,NA,NA,NA,NA,NA,NA,NA,NA,NA,NA,NA,NA,NA,NA,NA,NA,NA,NA,NA,NA,NA,NA,NA,NA,NA,NA,NA,NA
"5.729",NA,NA,NA,NA,NA,NA,NA,NA,NA,NA,"2.334","0.96",NA,NA,NA,NA,NA,NA,NA,NA,NA,NA,NA,NA,NA,NA,NA,NA,NA
"5.516",NA,NA,NA,NA,NA,NA,NA,NA,NA,NA,"4.534",NA,NA,NA,NA,NA,NA,NA,NA,NA,NA,NA,NA,NA,NA,NA,NA,NA,NA
"5.268",NA,NA,NA,NA,NA,NA,NA,NA,NA,NA,"3.41",NA,NA,NA,NA,NA,NA,NA,NA,NA,NA,NA,NA,NA,NA,NA,NA,NA,NA
"5.009",NA,NA,NA,NA,NA,NA,NA,NA,NA,NA,"3.763","0.961",NA,NA,NA,NA,NA,NA,NA,NA,NA,NA,NA,NA,NA,NA,NA,NA,NA
"4.411",NA,NA,NA,NA,NA,NA,NA,NA,NA,NA,"3.625",NA,NA,NA,NA,NA,NA,NA,NA,NA,NA,NA,NA,NA,NA,NA,NA,NA,NA
NA,NA,NA,NA,NA,NA,NA,NA,NA,NA,NA,NA,NA,"7",NA,NA,NA,NA,NA,NA,NA,NA,NA,NA,NA,NA,NA,NA,NA,NA
"4.353",NA,NA,NA,NA,NA,NA,NA,NA,NA,NA,"2.633",NA,NA,NA,NA,NA,NA,NA,NA,NA,NA,NA,NA,NA,NA,NA,NA,NA,NA
"5.279",NA,NA,NA,NA,NA,NA,NA,NA,NA,NA,"3.073",NA,NA,NA,NA,NA,NA,NA,NA,NA,NA,NA,NA,NA,NA,NA,NA,NA,NA
"4.898",NA,NA,NA,NA,NA,"17",NA,NA,NA,NA,"3.762",NA,NA,NA,NA,NA,NA,NA,NA,NA,NA,NA,NA,NA,NA,NA,NA,NA,NA
"4.642",NA,NA,NA,NA,NA,NA,NA,NA,NA,NA,"3.608",NA,NA,NA,NA,NA,NA,NA,NA,NA,NA,NA,NA,NA,NA,NA,NA,NA,NA
"6.886",NA,NA,NA,NA,NA,NA,NA,NA,NA,NA,"3.816",NA,NA,NA,NA,NA,NA,NA,NA,NA,NA,NA,NA,NA,NA,NA,NA,NA,NA
"4.72",NA,NA,NA,NA,NA,NA,NA,NA,NA,NA,"3.398","0.961",NA,NA,NA,NA,NA,NA,NA,NA,NA,NA,NA,NA,NA,NA,NA,NA,NA
"4.852",NA,NA,NA,NA,NA,NA,NA,NA,NA,NA,"4.484",NA,NA,NA,NA,NA,NA,NA,NA,NA,NA,NA,NA,NA,NA,NA,NA,NA,NA
NA,NA,NA,NA,NA,NA,NA,NA,NA,NA,NA,NA,NA,"1",NA,NA,NA,NA,NA,NA,NA,NA,NA,NA,NA,NA,NA,NA,NA,NA
"6.111",NA,NA,NA,"21367.6",NA,NA,NA,"0",NA,NA,"5.308","0.991",NA,NA,"-7",NA,NA,NA,NA,"3120.2",NA,NA,"1305",NA,NA,"2.892","4",NA,NA
"4.555",NA,NA,NA,NA,NA,NA,NA,NA,NA,NA,"3.902","0.992",NA,NA,NA,NA,NA,NA,NA,NA,NA,NA,NA,NA,NA,NA,NA,NA,NA
"4.755",NA,NA,NA,NA,NA,NA,NA,NA,NA,NA,"3.318",NA,NA,NA,NA,NA,NA,NA,NA,NA,NA,NA,NA,NA,NA,NA,NA,NA,NA
"7.444",NA,NA,NA,NA,"-10",NA,NA,NA,NA,NA,"2.569",NA,NA,NA,NA,NA,NA,NA,NA,NA,"2",NA,NA,NA,NA,NA,NA,"89",NA
NA,NA,NA,NA,NA,NA,NA,NA,NA,NA,NA,"4.661",NA,"8",NA,NA,NA,NA,NA,NA,NA,NA,NA,NA,NA,NA,NA,NA,NA,NA
NA,NA,NA,NA,NA,"-2",NA,NA,NA,NA,NA,"3.6","0.966","8",NA,NA,NA,NA,NA,NA,NA,"2",NA,NA,NA,NA,NA,NA,"116",NA
"4.317",NA,NA,NA,NA,NA,NA,NA,NA,NA,NA,"3.939","0.973",NA,NA,NA,NA,NA,NA,NA,NA,NA,NA,NA,NA,NA,NA,NA,NA,NA
"4.966",NA,NA,NA,"23359.7",NA,NA,NA,"0",NA,NA,"2.451","0.969",NA,NA,"-7",NA,NA,NA,NA,"3116.5",NA,NA,"1237",NA,NA,"2.545","2",NA,NA
NA,NA,NA,NA,NA,NA,NA,NA,NA,NA,NA,"4.433",NA,"8",NA,NA,NA,NA,NA,NA,NA,NA,NA,NA,NA,NA,NA,NA,NA,NA
"5.169",NA,NA,NA,NA,NA,NA,NA,NA,NA,NA,"2.854","0.945",NA,NA,NA,NA,NA,NA,NA,NA,NA,NA,NA,NA,NA,NA,NA,NA,NA
"5.266",NA,NA,NA,NA,NA,NA,NA,NA,NA,NA,"3.985",NA,NA,NA,NA,NA,NA,NA,NA,NA,NA,NA,NA,NA,NA,NA,NA,NA,NA
"4.623",NA,NA,NA,NA,NA,NA,NA,NA,NA,NA,"4.646",NA,NA,NA,NA,NA,NA,NA,NA,NA,NA,NA,NA,NA,NA,NA,NA,NA,NA
"4.502",NA,NA,NA,NA,NA,NA,NA,NA,NA,NA,"3.519",NA,NA,NA,NA,NA,NA,NA,NA,NA,NA,NA,NA,NA,NA,NA,NA,NA,NA
"4.84",NA,NA,NA,NA,NA,NA,NA,"0",NA,NA,"2.947",NA,NA,NA,"4",NA,NA,NA,NA,NA,NA,NA,NA,NA,NA,NA,"2",NA,NA
"4.585",NA,NA,NA,NA,NA,NA,NA,NA,NA,NA,"4.348",NA,NA,NA,NA,NA,NA,NA,NA,NA,NA,NA,NA,NA,NA,NA,NA,NA,NA
"5.36",NA,NA,NA,NA,NA,NA,NA,NA,NA,NA,"3.132","0.966",NA,NA,NA,NA,NA,NA,NA,NA,NA,NA,NA,NA,NA,NA,NA,NA,NA
NA,NA,NA,NA,NA,NA,NA,NA,NA,NA,NA,"3.1",NA,"8",NA,NA,NA,NA,NA,NA,NA,NA,NA,NA,NA,NA,NA,NA,NA,NA
"6.062",NA,NA,NA,NA,NA,NA,NA,NA,NA,NA,"3.585",NA,NA,NA,NA,NA,NA,NA,NA,NA,NA,NA,NA,NA,NA,NA,NA,NA,NA
NA,NA,NA,NA,NA,NA,NA,NA,"0",NA,NA,NA,NA,"1",NA,"4",NA,NA,NA,NA,NA,NA,NA,NA,NA,NA,NA,"3",NA,NA
NA,NA,NA,NA,NA,NA,NA,NA,NA,NA,NA,"3.722","0.977","8",NA,NA,NA,NA,NA,NA,NA,NA,NA,NA,NA,NA,NA,NA,NA,NA
"4.508",NA,NA,NA,NA,NA,NA,NA,NA,NA,NA,"5.009",NA,NA,NA,NA,NA,NA,NA,NA,NA,NA,NA,NA,NA,NA,NA,NA,NA,NA
NA,NA,NA,NA,NA,NA,NA,NA,NA,NA,NA,"4.29",NA,"8",NA,NA,NA,NA,NA,NA,NA,NA,NA,NA,NA,NA,NA,NA,NA,NA
"4.559",NA,NA,NA,NA,NA,NA,NA,NA,NA,NA,"2.185","0.991",NA,NA,NA,NA,NA,NA,NA,NA,NA,NA,NA,NA,NA,NA,NA,NA,NA
NA,NA,NA,NA,NA,NA,NA,NA,NA,NA,NA,"2.498",NA,"8",NA,NA,NA,NA,NA,NA,NA,NA,NA,NA,NA,NA,NA,NA,NA,NA
NA,NA,NA,NA,NA,NA,NA,NA,NA,NA,NA,"3.918",NA,"8",NA,NA,NA,NA,NA,NA,NA,NA,NA,NA,NA,NA,NA,NA,NA,NA
"4.849",NA,NA,NA,NA,NA,NA,NA,NA,NA,NA,"3.484",NA,NA,NA,NA,NA,NA,NA,NA,NA,NA,NA,NA,NA,NA,NA,NA,NA,NA
"14.876",NA,NA,NA,NA,NA,NA,NA,NA,NA,NA,"2.469",NA,NA,NA,NA,NA,NA,NA,NA,NA,NA,NA,NA,NA,NA,NA,NA,NA,NA
"4.464",NA,NA,NA,NA,NA,NA,NA,NA,NA,NA,"3.73","0.943",NA,NA,NA,NA,NA,NA,NA,NA,NA,NA,NA,NA,NA,NA,NA,NA,NA
"4.623",NA,NA,NA,"30674.5",NA,NA,NA,"0",NA,NA,"3.608",NA,NA,NA,"2",NA,NA,NA,NA,"2836.6",NA,NA,"2226",NA,NA,"2.729","-3",NA,NA
"4.942",NA,NA,NA,NA,NA,NA,NA,NA,NA,NA,"2.302",NA,NA,NA,NA,NA,NA,NA,NA,NA,NA,NA,NA,NA,NA,NA,NA,NA,NA
"3.95",NA,NA,NA,NA,NA,NA,NA,NA,NA,NA,"3.828",NA,NA,NA,NA,NA,NA,NA,NA,NA,NA,NA,NA,NA,NA,NA,NA,NA,NA
"4.487",NA,NA,NA,NA,NA,NA,NA,NA,NA,NA,"5.146",NA,NA,NA,NA,NA,NA,NA,NA,NA,NA,NA,NA,NA,NA,NA,NA,NA,NA
"4.696",NA,NA,NA,NA,NA,NA,NA,NA,NA,NA,"2.183",NA,NA,NA,NA,NA,NA,NA,NA,NA,NA,NA,NA,NA,NA,NA,NA,NA,NA
"4.3",NA,NA,NA,NA,NA,NA,NA,NA,NA,NA,"3.372",NA,NA,NA,NA,NA,NA,NA,NA,NA,NA,NA,NA,NA,NA,NA,NA,NA,NA
"5.041",NA,NA,NA,NA,NA,NA,NA,"0",NA,NA,"3.364",NA,NA,NA,"-7",NA,NA,NA,NA,NA,NA,NA,NA,NA,NA,NA,"3",NA,NA
"5.082",NA,NA,NA,NA,"-4",NA,NA,NA,NA,NA,"3.848",NA,NA,NA,NA,NA,NA,NA,NA,NA,"1",NA,NA,NA,NA,NA,NA,"104",NA
