"duration_to_entering_value_f20230_0_4","administrative_and_legal_stat_f41232_0_2","other_meat_intake_f103100_1_0","methods_of_discharge_from_hospital_recoded_f41250_0_4","mean_l2_in_anterior_corona_radiata_on_fa_skeleton_right_f25270_3_0","qualifications_f6138_3_5","noisy_workplace_f4825_2_0","time_number_displayed_for_f4253_1_7","diagnoses_icd10_f41270_0_100","method_of_recording_time_when_cancer_first_diagnosed_f20012_3_4","quality_control_indicator_for_imt_at_120_degrees_f22682_0_0","creactive_protein_assay_date_f30711_1_0","mean_thickness_of_scircularinsulainf_right_hemisphere_f27672_2_0","current_tobacco_smoking_f1239_1_0","ecg_stage_name_f5988_1_13","lymphocyte_percentage_f30180_0_0","number_of_full_brothers_f1873_1_0","ecg_load_f5984_0_73","work_hours_lumped_category_f22604_0_9","workplace_had_a_lot_of_cigarette_smoke_from_other_people_smoking_f22611_0_13","mean_thickness_of_isthmuscingulate_right_hemisphere_f26865_3_0","alcohol_f100022_4_0","3mm_asymmetry_index_right_f5159_1_1","leg_bmc_bone_mineral_content_right_f23228_2_0","birth_weight_known_f120_0_0","signaltonoiseratio_snr_of_triplet_right_f4241_1_2","bicycle_speed_f5985_1_96","filtered_coffee_intake_f100270_3_0","volume_of_superiorfrontal_right_hemisphere_f27323_3_0","touchscreen_signoff_timestamp_f21822_0_0"
"2009",NA,NA,NA,NA,NA,"0",NA,NA,NA,NA,NA,"2.944",NA,NA,"29.86",NA,NA,NA,NA,NA,NA,NA,"541","9",NA,NA,NA,NA,"2009-05-28 14:32:50"
NA,NA,NA,NA,NA,NA,NA,NA,NA,NA,NA,NA,NA,NA,NA,"22.4",NA,NA,NA,NA,NA,NA,NA,NA,"9",NA,NA,NA,NA,"2008-08-30 09:16:09"
NA,NA,NA,NA,NA,NA,"12",NA,NA,NA,NA,NA,"2.619",NA,NA,"32.86",NA,NA,NA,NA,NA,NA,NA,NA,"9",NA,NA,NA,NA,"2009-10-17 10:01:27"
NA,NA,NA,NA,NA,NA,NA,NA,NA,NA,NA,NA,NA,NA,NA,"24.11",NA,NA,NA,NA,NA,NA,NA,NA,"9",NA,NA,NA,NA,"2009-02-21 16:52:27"
NA,NA,NA,NA,NA,NA,NA,NA,NA,NA,NA,NA,NA,NA,NA,"39.02",NA,NA,NA,NA,NA,NA,NA,NA,"9",NA,NA,NA,NA,"2009-09-10 13:38:55"
"3464",NA,NA,NA,NA,NA,NA,NA,NA,NA,NA,NA,NA,NA,NA,"35.5",NA,NA,NA,NA,NA,NA,NA,NA,"1",NA,NA,NA,NA,"2009-07-24 18:57:11"
NA,NA,NA,NA,NA,NA,NA,NA,NA,NA,NA,NA,NA,NA,NA,"25.31",NA,NA,NA,NA,NA,NA,NA,NA,"1",NA,NA,NA,NA,"2008-12-08 10:45:11"
"3674",NA,NA,NA,NA,NA,NA,NA,NA,NA,NA,NA,NA,NA,NA,"37.07",NA,NA,NA,NA,NA,NA,NA,NA,"9",NA,NA,NA,NA,"2009-04-08 15:04:50"
NA,NA,NA,NA,NA,NA,NA,NA,NA,NA,NA,NA,NA,NA,NA,"31.5",NA,NA,NA,NA,NA,NA,NA,NA,"9",NA,NA,NA,NA,"2008-04-04 10:32:24"
"1620",NA,NA,NA,NA,NA,NA,NA,NA,NA,NA,NA,NA,NA,NA,"29.65",NA,"127",NA,NA,NA,NA,NA,NA,"1",NA,NA,NA,NA,"2010-06-24 14:38:52"
NA,NA,NA,NA,NA,NA,"0",NA,NA,NA,NA,NA,"2.706",NA,NA,"27.55",NA,NA,NA,NA,NA,NA,NA,NA,"1",NA,NA,NA,NA,"2009-04-27 14:55:41"
NA,NA,NA,NA,NA,NA,NA,NA,NA,NA,NA,NA,NA,NA,NA,"24.51",NA,NA,NA,NA,NA,NA,NA,NA,"1",NA,NA,NA,NA,"2009-06-29 17:57:54"
NA,NA,NA,NA,NA,NA,NA,NA,NA,NA,NA,NA,NA,NA,NA,"29.73",NA,NA,NA,NA,NA,NA,NA,NA,"1",NA,NA,NA,NA,"2009-04-21 12:13:21"
NA,NA,NA,NA,NA,NA,NA,NA,NA,NA,NA,NA,NA,NA,NA,"47.8",NA,NA,NA,NA,NA,NA,NA,NA,"9",NA,NA,NA,NA,"2008-06-14 14:57:50"
NA,NA,NA,NA,NA,NA,NA,NA,NA,NA,NA,NA,NA,NA,NA,"30.97",NA,NA,NA,NA,NA,NA,NA,NA,"9",NA,NA,NA,NA,"2009-03-16 09:58:05"
NA,NA,NA,NA,NA,NA,NA,NA,NA,NA,NA,NA,NA,NA,NA,"25.6",NA,NA,NA,NA,NA,NA,NA,NA,"1",NA,NA,NA,NA,"2008-05-14 12:55:48"
NA,NA,NA,NA,NA,NA,NA,NA,NA,NA,NA,NA,NA,NA,NA,NA,NA,NA,NA,NA,NA,NA,NA,NA,"1",NA,NA,NA,NA,"2008-01-30 12:03:03"
NA,NA,NA,NA,NA,NA,NA,NA,NA,NA,NA,NA,NA,NA,NA,NA,NA,NA,NA,NA,NA,NA,NA,NA,"9",NA,NA,NA,NA,"2006-04-05 10:52:09"
NA,NA,NA,NA,NA,NA,NA,NA,NA,NA,NA,NA,NA,NA,NA,"35.17",NA,NA,NA,NA,NA,NA,NA,NA,"9",NA,NA,NA,NA,"2009-07-08 14:20:17"
NA,NA,NA,NA,NA,NA,NA,NA,NA,NA,NA,NA,NA,NA,NA,"28.5",NA,NA,NA,NA,NA,NA,NA,NA,"9",NA,NA,NA,NA,"2008-07-23 14:54:43"
NA,NA,NA,NA,NA,NA,NA,NA,NA,NA,NA,NA,NA,NA,NA,"20.94",NA,NA,NA,NA,NA,NA,NA,NA,"9",NA,NA,NA,NA,"2010-01-14 13:59:24"
NA,NA,NA,NA,NA,NA,NA,NA,NA,NA,NA,NA,NA,NA,NA,"21.1",NA,NA,NA,NA,NA,NA,NA,NA,"1",NA,NA,NA,NA,"2008-08-13 12:47:30"
"2792",NA,NA,NA,NA,NA,NA,NA,NA,NA,NA,NA,NA,NA,NA,"9",NA,NA,NA,NA,NA,"31.32",NA,NA,"1",NA,NA,NA,NA,"2008-06-26 14:06:22"
"2554",NA,NA,NA,NA,NA,NA,NA,NA,NA,NA,"2017-07-14",NA,"0","Constant","23.74","1",NA,NA,NA,NA,"0","9.8",NA,"9","-2",NA,NA,NA,"2009-05-18 14:36:47"
NA,NA,NA,NA,NA,NA,NA,NA,NA,NA,NA,NA,NA,NA,NA,"41.2",NA,NA,NA,NA,NA,NA,NA,NA,"9",NA,NA,NA,NA,"2008-08-12 11:47:34"
NA,NA,NA,NA,NA,NA,NA,NA,NA,NA,NA,NA,NA,NA,NA,"41.77",NA,NA,NA,NA,NA,NA,NA,NA,"9",NA,NA,NA,NA,"2009-09-04 12:29:58"
NA,NA,NA,NA,NA,NA,NA,NA,NA,NA,NA,NA,NA,NA,NA,"37.9",NA,NA,NA,NA,NA,NA,NA,NA,"9",NA,NA,NA,NA,"2007-11-24 16:49:24"
NA,NA,NA,NA,NA,NA,NA,NA,NA,NA,NA,NA,NA,NA,NA,"28.63",NA,NA,NA,NA,NA,NA,NA,NA,"1",NA,NA,NA,NA,"2008-11-08 14:28:08"
NA,NA,NA,NA,NA,NA,NA,NA,NA,NA,NA,NA,NA,NA,NA,NA,NA,NA,NA,NA,NA,NA,NA,NA,"9",NA,NA,NA,NA,"2010-01-25 11:45:45"
"3055",NA,NA,NA,NA,NA,NA,NA,NA,NA,NA,NA,NA,NA,NA,"31.51",NA,NA,NA,NA,NA,"0",NA,NA,"1",NA,NA,NA,NA,"2009-08-17 14:30:43"
NA,NA,NA,NA,NA,NA,"0",NA,NA,NA,NA,"2016-05-08","2.919","0","Ramp1","21.9","0",NA,NA,NA,NA,"0","14.7",NA,"9","-2",NA,"2",NA,"2007-08-21 15:59:24"
"1744",NA,NA,NA,NA,NA,NA,NA,NA,NA,NA,NA,NA,NA,NA,"25.73",NA,NA,NA,NA,NA,"0",NA,NA,"1",NA,NA,NA,NA,"2009-07-23 10:25:35"
NA,NA,NA,NA,NA,NA,NA,NA,NA,NA,NA,NA,NA,NA,NA,"35.9",NA,NA,NA,NA,NA,NA,NA,NA,"1",NA,NA,NA,NA,"2008-05-08 14:38:04"
NA,NA,NA,NA,NA,NA,"0",NA,NA,NA,NA,NA,"2.411",NA,NA,"24.79",NA,"0",NA,NA,NA,"9.76",NA,NA,"1",NA,NA,NA,NA,"2010-01-25 09:15:16"
NA,NA,NA,NA,NA,NA,"11",NA,NA,NA,NA,NA,NA,NA,NA,"40.3",NA,NA,NA,NA,NA,NA,NA,NA,"9",NA,NA,NA,NA,"2008-03-06 15:44:15"
"1808",NA,NA,NA,NA,NA,NA,NA,NA,NA,NA,NA,NA,NA,NA,"30.37",NA,NA,NA,NA,NA,"33.6",NA,NA,"1",NA,NA,NA,NA,"2010-03-09 18:58:02"
NA,NA,NA,NA,NA,NA,NA,NA,NA,NA,NA,NA,NA,NA,NA,"27.54",NA,NA,NA,NA,NA,NA,NA,NA,"1",NA,NA,NA,NA,"2009-05-30 14:49:51"
"5098",NA,NA,NA,NA,NA,NA,NA,NA,NA,NA,NA,NA,NA,NA,"21.21",NA,NA,NA,NA,NA,"0",NA,NA,"1",NA,NA,NA,NA,"2009-03-04 18:14:52"
NA,NA,NA,NA,NA,NA,NA,NA,NA,NA,NA,NA,NA,NA,NA,"19.98",NA,NA,NA,NA,NA,NA,NA,NA,"1",NA,NA,NA,NA,"2009-03-23 09:36:23"
NA,NA,NA,NA,NA,NA,NA,NA,NA,NA,NA,NA,NA,NA,NA,"36.29",NA,NA,NA,NA,NA,NA,NA,NA,"1",NA,NA,NA,NA,"2009-03-12 09:01:11"
NA,NA,NA,NA,NA,NA,NA,NA,NA,NA,NA,NA,NA,NA,NA,"33",NA,NA,NA,NA,NA,NA,NA,NA,"1",NA,NA,NA,NA,"2007-12-01 09:19:35"
"1950",NA,NA,NA,NA,NA,NA,NA,NA,NA,NA,NA,NA,NA,NA,"25.12",NA,NA,NA,NA,NA,NA,NA,NA,"2",NA,NA,NA,NA,"2009-11-23 11:00:22"
"2569",NA,NA,NA,NA,NA,NA,NA,NA,NA,NA,NA,NA,NA,NA,"24.75",NA,"0",NA,NA,NA,"0",NA,NA,"9",NA,NA,NA,NA,"2010-06-18 19:12:50"
NA,NA,NA,NA,NA,NA,NA,NA,NA,NA,NA,NA,NA,NA,NA,"35.9",NA,NA,NA,NA,NA,NA,NA,NA,"9",NA,NA,NA,NA,"2008-04-21 10:30:55"
NA,NA,NA,NA,NA,NA,NA,NA,NA,NA,NA,"2017-03-17",NA,"0","Constant","24.2","0",NA,NA,NA,NA,"19.52",NA,NA,"1","-2",NA,NA,NA,"2008-05-07 10:21:59"
NA,NA,NA,NA,NA,NA,NA,NA,NA,NA,NA,NA,NA,NA,NA,"24.7",NA,NA,NA,NA,NA,NA,NA,NA,"9",NA,NA,NA,NA,"2008-05-30 13:20:00"
NA,NA,NA,NA,NA,NA,NA,NA,NA,NA,NA,NA,NA,NA,NA,"27.89",NA,NA,NA,NA,NA,NA,NA,NA,"1",NA,NA,NA,NA,"2009-11-19 17:44:33"
NA,NA,NA,NA,NA,NA,NA,NA,NA,NA,NA,NA,NA,NA,NA,"33.23",NA,NA,NA,NA,NA,NA,NA,NA,"1",NA,NA,NA,NA,"2008-11-04 08:24:42"
NA,NA,NA,NA,NA,NA,NA,NA,NA,NA,NA,NA,NA,NA,NA,"26.4",NA,NA,NA,NA,NA,NA,NA,NA,"1",NA,NA,NA,NA,"2008-06-11 13:07:48"
NA,NA,NA,NA,NA,NA,NA,NA,NA,NA,NA,NA,NA,NA,NA,"21.65",NA,NA,NA,NA,NA,NA,NA,NA,"9",NA,NA,NA,NA,"2009-12-02 16:08:06"
NA,NA,NA,NA,NA,NA,NA,NA,NA,NA,NA,NA,NA,NA,NA,"36",NA,NA,NA,NA,NA,NA,NA,NA,"2",NA,NA,NA,NA,"2007-06-22 11:51:37"
NA,NA,NA,NA,NA,NA,NA,NA,NA,NA,NA,NA,NA,NA,NA,"22.8",NA,NA,NA,NA,NA,NA,NA,NA,"1",NA,NA,NA,NA,"2007-07-07 12:08:08"
NA,NA,NA,NA,NA,NA,NA,NA,NA,NA,NA,NA,NA,NA,NA,"19.43",NA,NA,NA,NA,NA,NA,NA,NA,"9",NA,NA,NA,NA,"2009-06-18 13:16:08"
NA,NA,NA,NA,NA,NA,NA,NA,NA,NA,NA,NA,NA,NA,NA,"9.93",NA,NA,NA,NA,NA,NA,NA,NA,"1",NA,NA,NA,NA,"2009-08-13 12:04:57"
NA,NA,NA,NA,NA,NA,NA,NA,NA,NA,NA,NA,NA,NA,NA,"25.79",NA,NA,NA,NA,NA,NA,NA,NA,"9",NA,NA,NA,NA,"2009-08-15 19:08:24"
NA,NA,NA,NA,NA,NA,NA,NA,NA,NA,NA,NA,NA,NA,NA,"32.1",NA,NA,NA,NA,NA,NA,NA,NA,"9",NA,NA,NA,NA,"2008-03-28 12:46:29"
"1600",NA,NA,NA,NA,NA,NA,NA,NA,NA,NA,NA,NA,NA,NA,"36.95",NA,NA,NA,NA,NA,NA,NA,NA,"1",NA,NA,NA,NA,"2010-01-16 14:46:57"
NA,NA,NA,NA,NA,NA,"0",NA,NA,NA,"1",NA,NA,NA,NA,"37.1",NA,NA,NA,NA,NA,"0",NA,"423","1",NA,NA,NA,NA,"2008-05-23 16:52:39"
"2874",NA,NA,NA,NA,NA,NA,NA,NA,NA,NA,NA,NA,NA,NA,"33.9",NA,NA,NA,NA,NA,NA,NA,NA,"1",NA,NA,NA,NA,"2007-05-26 10:35:48"
"2656",NA,NA,NA,NA,NA,"12",NA,NA,NA,NA,"2016-04-12","2.649","0",NA,NA,"1",NA,NA,NA,NA,NA,"4.7",NA,"1","-2",NA,NA,NA,"2006-05-10 08:47:03"
NA,NA,NA,NA,NA,NA,"0",NA,NA,NA,NA,NA,"2.444",NA,NA,"31.5",NA,NA,NA,NA,NA,"0",NA,NA,"9",NA,NA,NA,NA,"2007-08-08 09:05:37"
"3062",NA,NA,NA,NA,NA,NA,NA,NA,NA,NA,NA,NA,NA,NA,"29.8",NA,NA,NA,NA,NA,NA,NA,NA,"9",NA,NA,NA,NA,"2008-08-07 17:55:59"
NA,NA,NA,NA,NA,NA,NA,NA,NA,NA,NA,NA,NA,NA,NA,"39.35",NA,NA,NA,NA,NA,NA,NA,NA,"1",NA,NA,NA,NA,"2008-09-13 15:41:45"
NA,NA,NA,NA,NA,NA,NA,NA,NA,NA,NA,NA,NA,NA,NA,"31.5",NA,NA,NA,NA,NA,NA,NA,NA,"1",NA,NA,NA,NA,"2008-01-07 08:40:59"
"1811",NA,NA,NA,NA,NA,NA,NA,NA,NA,NA,NA,NA,NA,NA,"25.7",NA,NA,NA,NA,NA,NA,NA,NA,"1",NA,NA,NA,NA,"2008-04-10 09:05:42"
NA,NA,NA,NA,NA,NA,NA,NA,NA,NA,NA,NA,NA,NA,NA,"44.4",NA,"0",NA,NA,NA,NA,NA,NA,"1",NA,NA,NA,NA,"2010-03-13 14:08:58"
NA,NA,NA,NA,NA,NA,NA,NA,NA,NA,NA,NA,NA,NA,NA,"37.03",NA,NA,NA,NA,NA,NA,NA,NA,"9",NA,NA,NA,NA,"2009-08-12 10:17:47"
"2629",NA,NA,NA,NA,NA,NA,NA,NA,NA,NA,NA,NA,NA,NA,"30.18",NA,NA,NA,NA,NA,NA,NA,NA,"1",NA,NA,NA,NA,"2009-10-10 12:46:07"
NA,NA,NA,NA,NA,NA,NA,NA,NA,NA,NA,NA,NA,NA,NA,"14.02",NA,NA,NA,NA,NA,"0",NA,NA,"1",NA,NA,NA,NA,"2009-10-13 10:47:11"
NA,NA,NA,NA,NA,NA,NA,NA,NA,NA,NA,NA,NA,NA,NA,"29.27",NA,NA,NA,NA,NA,NA,NA,NA,"9",NA,NA,NA,NA,"2009-03-20 09:02:39"
NA,NA,NA,NA,NA,NA,NA,NA,NA,NA,NA,NA,NA,NA,NA,"32.69",NA,NA,NA,NA,NA,NA,NA,NA,"9",NA,NA,NA,NA,"2009-09-29 10:05:06"
"2459",NA,NA,NA,NA,NA,NA,NA,NA,NA,NA,NA,NA,NA,NA,"15.76",NA,NA,NA,NA,NA,"39.03",NA,NA,"1",NA,NA,NA,NA,"2009-06-01 13:48:32"
NA,NA,NA,NA,NA,NA,NA,NA,NA,NA,NA,NA,NA,NA,NA,"35.3",NA,NA,NA,NA,NA,NA,NA,NA,"9",NA,NA,NA,NA,"2008-07-17 12:15:11"
NA,NA,NA,NA,NA,NA,NA,NA,NA,NA,NA,NA,NA,NA,NA,"25.39",NA,NA,NA,NA,NA,NA,NA,NA,"1",NA,NA,NA,NA,"2010-05-24 12:36:53"
NA,NA,NA,NA,NA,NA,NA,NA,NA,NA,NA,NA,NA,NA,NA,"33.39",NA,NA,NA,NA,NA,"33.7",NA,NA,"1",NA,NA,NA,NA,"2009-01-14 11:10:11"
NA,NA,NA,NA,NA,NA,NA,NA,NA,NA,NA,NA,NA,NA,NA,"34.2",NA,NA,NA,NA,NA,NA,NA,NA,"1",NA,NA,NA,NA,"2008-05-27 15:48:51"
"2471",NA,NA,NA,NA,NA,NA,NA,NA,NA,NA,NA,NA,NA,NA,"30.05",NA,NA,NA,NA,NA,"39.03",NA,NA,"1",NA,NA,NA,NA,"2009-06-30 09:14:17"
NA,NA,NA,NA,NA,NA,NA,NA,NA,NA,NA,NA,NA,NA,NA,"37.7",NA,NA,NA,NA,NA,NA,NA,NA,"1",NA,NA,NA,NA,"2007-08-30 17:17:11"
NA,NA,NA,NA,NA,NA,NA,NA,NA,NA,NA,NA,NA,NA,NA,"30.2",NA,NA,NA,NA,NA,NA,NA,NA,"9",NA,NA,NA,NA,"2008-06-20 08:33:42"
NA,NA,NA,NA,NA,NA,NA,NA,NA,NA,NA,NA,NA,NA,NA,"37.01",NA,NA,NA,NA,NA,NA,NA,NA,"1",NA,NA,NA,NA,"2009-10-17 14:26:28"
NA,NA,NA,NA,NA,NA,NA,NA,NA,NA,NA,NA,NA,NA,NA,"43.9",NA,NA,NA,NA,NA,NA,NA,NA,"1",NA,NA,NA,NA,"2008-02-28 16:13:08"
NA,NA,NA,NA,NA,NA,"0",NA,NA,NA,NA,NA,"2.819",NA,NA,"33.73",NA,"80",NA,NA,NA,NA,NA,NA,"1",NA,NA,NA,NA,"2010-05-10 16:06:05"
"6167",NA,NA,NA,NA,NA,NA,NA,NA,NA,NA,NA,NA,NA,NA,"26.3",NA,NA,NA,NA,NA,"24",NA,NA,"9",NA,NA,NA,NA,"2008-05-29 11:59:09"
NA,NA,NA,NA,NA,NA,NA,NA,NA,NA,NA,NA,NA,NA,NA,"21.7",NA,NA,NA,NA,NA,NA,NA,NA,"9",NA,NA,NA,NA,"2007-10-29 11:55:01"
"3024",NA,NA,NA,NA,NA,NA,NA,NA,NA,NA,NA,NA,NA,NA,"14.6",NA,NA,NA,NA,NA,NA,NA,NA,"1",NA,NA,NA,NA,"2008-08-06 10:04:06"
NA,NA,NA,NA,NA,NA,NA,NA,NA,NA,NA,NA,NA,NA,NA,"29.04",NA,NA,NA,NA,NA,NA,NA,NA,"9",NA,NA,NA,NA,"2010-06-12 14:00:15"
NA,NA,NA,NA,NA,NA,NA,NA,NA,NA,NA,NA,NA,NA,NA,NA,NA,NA,NA,NA,NA,NA,NA,NA,"1",NA,NA,NA,NA,"2008-05-23 10:29:24"
"3183",NA,NA,NA,NA,NA,NA,NA,NA,NA,NA,NA,NA,NA,NA,"29.78",NA,NA,NA,NA,NA,"7.05",NA,NA,"9",NA,NA,NA,NA,"2010-04-15 19:06:25"
NA,NA,NA,NA,NA,NA,NA,NA,NA,NA,NA,NA,NA,NA,NA,NA,NA,NA,NA,NA,NA,NA,NA,NA,"1",NA,NA,NA,NA,"2009-11-30 10:06:55"
NA,NA,NA,NA,NA,NA,NA,NA,NA,NA,NA,NA,NA,NA,NA,"31.33",NA,NA,NA,NA,NA,NA,NA,NA,"1",NA,NA,NA,NA,"2009-02-04 13:49:56"
NA,NA,NA,NA,NA,NA,NA,NA,NA,NA,NA,NA,NA,NA,NA,"26.17",NA,NA,NA,NA,NA,NA,NA,NA,"1",NA,NA,NA,NA,"2010-05-18 18:48:11"
NA,NA,NA,NA,NA,NA,NA,NA,NA,NA,NA,NA,NA,NA,NA,"34.33",NA,NA,NA,NA,NA,NA,NA,NA,"1",NA,NA,NA,NA,"2009-06-19 11:52:30"
"2246",NA,NA,NA,NA,NA,NA,NA,NA,NA,NA,NA,NA,NA,NA,"39",NA,NA,NA,NA,NA,"0",NA,NA,"9",NA,NA,"2",NA,"2010-01-27 13:56:20"
NA,NA,NA,NA,NA,NA,NA,NA,NA,NA,NA,NA,NA,NA,NA,"36.87",NA,NA,NA,NA,NA,NA,NA,NA,"1",NA,NA,NA,NA,"2009-04-21 14:36:05"
NA,NA,NA,NA,NA,NA,NA,NA,NA,NA,NA,NA,NA,NA,NA,"21.47",NA,NA,NA,NA,NA,NA,NA,NA,"1",NA,NA,NA,NA,"2009-06-11 17:47:23"
NA,NA,NA,NA,NA,NA,NA,NA,NA,NA,NA,NA,NA,NA,NA,"24.1",NA,NA,NA,NA,NA,NA,NA,NA,"1",NA,NA,NA,NA,"2008-05-20 12:38:09"
NA,NA,NA,NA,NA,NA,NA,NA,NA,NA,NA,NA,NA,NA,NA,"32.92",NA,NA,NA,NA,NA,NA,NA,NA,"1",NA,NA,NA,NA,"2009-11-16 16:47:32"
"1798",NA,NA,NA,NA,NA,NA,NA,NA,NA,NA,NA,NA,NA,NA,NA,NA,NA,NA,NA,NA,NA,NA,NA,"9",NA,NA,NA,NA,"2007-10-10 09:16:19"
NA,NA,NA,NA,NA,NA,NA,NA,NA,NA,NA,NA,NA,NA,NA,"31",NA,NA,NA,NA,NA,NA,NA,NA,"1",NA,NA,NA,NA,"2009-02-25 18:17:05"
NA,NA,NA,NA,NA,NA,NA,NA,NA,NA,NA,NA,NA,NA,NA,"27.56",NA,NA,NA,NA,NA,NA,NA,NA,"9",NA,NA,NA,NA,"2009-06-15 10:33:00"
NA,NA,NA,NA,NA,NA,NA,NA,NA,NA,NA,NA,NA,NA,NA,"44.56",NA,NA,NA,NA,NA,NA,NA,NA,"1",NA,NA,NA,NA,"2010-05-25 12:20:14"
NA,NA,NA,NA,NA,NA,NA,NA,NA,NA,NA,NA,NA,NA,NA,"20.3",NA,NA,NA,NA,NA,NA,NA,NA,"1",NA,NA,NA,NA,"2009-08-08 16:37:34"
NA,NA,NA,NA,NA,NA,NA,NA,NA,NA,NA,NA,NA,NA,NA,"27.4",NA,NA,NA,NA,NA,NA,NA,NA,"9",NA,NA,NA,NA,"2008-03-18 14:25:57"
"1876",NA,NA,NA,NA,NA,NA,NA,NA,NA,NA,NA,NA,NA,NA,"35.6",NA,NA,NA,NA,NA,NA,NA,NA,"9",NA,NA,NA,NA,"2008-05-08 17:33:01"
NA,NA,NA,NA,NA,NA,NA,NA,NA,NA,NA,NA,NA,NA,NA,"34.13",NA,NA,NA,NA,NA,NA,NA,NA,"1",NA,NA,NA,NA,"2009-11-27 14:50:48"
NA,NA,NA,NA,NA,NA,NA,NA,NA,NA,NA,NA,NA,NA,NA,"25.47",NA,NA,NA,NA,NA,NA,NA,NA,"1",NA,NA,NA,NA,"2010-03-25 15:27:41"
"3993",NA,NA,NA,NA,NA,NA,NA,NA,NA,NA,NA,NA,NA,NA,"31.5",NA,NA,NA,NA,NA,"24",NA,NA,"9",NA,NA,NA,NA,"2008-04-23 09:14:31"
NA,NA,NA,NA,NA,NA,NA,NA,NA,NA,NA,NA,NA,NA,NA,"41.5",NA,NA,NA,NA,NA,"0",NA,NA,"1",NA,NA,NA,NA,"2007-11-19 18:51:18"
NA,NA,NA,NA,NA,NA,NA,NA,NA,NA,NA,NA,NA,NA,NA,"20.86",NA,NA,NA,NA,NA,"0",NA,NA,"9",NA,NA,NA,NA,"2009-06-23 13:29:49"
NA,NA,NA,NA,NA,NA,NA,NA,NA,NA,NA,NA,NA,NA,NA,NA,NA,NA,NA,NA,NA,NA,NA,NA,"1",NA,NA,NA,NA,"2008-06-07 19:04:41"
NA,NA,NA,NA,NA,NA,NA,NA,NA,NA,NA,NA,NA,NA,NA,"28",NA,NA,NA,NA,NA,NA,NA,NA,"1",NA,NA,NA,NA,"2007-10-13 13:28:40"
NA,NA,NA,NA,NA,NA,NA,NA,NA,NA,NA,NA,NA,NA,NA,"23.49",NA,NA,NA,NA,NA,NA,NA,NA,"9",NA,NA,NA,NA,"2010-02-19 12:47:20"
NA,NA,NA,NA,NA,NA,NA,NA,NA,NA,NA,NA,NA,NA,NA,"32.82",NA,NA,NA,NA,NA,NA,NA,NA,"1",NA,NA,NA,NA,"2009-08-08 14:36:46"
NA,NA,NA,NA,NA,NA,NA,NA,NA,NA,NA,NA,NA,NA,NA,"48.2",NA,NA,NA,NA,NA,"0",NA,NA,"9",NA,NA,NA,NA,"2008-04-02 10:11:33"
NA,NA,NA,NA,NA,NA,"0",NA,NA,NA,NA,NA,NA,NA,NA,"33.93",NA,NA,NA,NA,NA,"0",NA,NA,"9",NA,NA,"1",NA,"2009-06-23 11:08:45"
NA,NA,NA,NA,NA,NA,NA,NA,NA,NA,NA,NA,NA,NA,NA,"46.8",NA,NA,NA,NA,NA,NA,NA,NA,"9",NA,NA,NA,NA,"2009-07-04 12:26:16"
NA,NA,NA,NA,NA,NA,NA,NA,NA,NA,NA,NA,NA,NA,NA,"26.22",NA,NA,NA,NA,NA,"0",NA,NA,"1",NA,NA,NA,NA,"2009-09-11 17:11:23"
NA,NA,NA,NA,NA,NA,"13",NA,NA,NA,NA,"2016-05-16",NA,"0","Constant","33.6","0",NA,NA,NA,NA,"24","14.2",NA,"9","-2",NA,NA,NA,"2007-04-27 19:40:28"
NA,NA,NA,NA,NA,NA,NA,NA,NA,NA,NA,NA,NA,NA,NA,"24.58",NA,"0",NA,NA,NA,NA,NA,NA,"1",NA,NA,NA,NA,"2010-05-10 14:04:34"
NA,NA,NA,NA,NA,NA,NA,NA,NA,NA,NA,NA,NA,NA,NA,"29.73",NA,NA,NA,NA,NA,"19.52",NA,NA,"9",NA,NA,NA,NA,"2009-11-17 14:08:15"
NA,NA,NA,NA,NA,NA,NA,NA,NA,NA,NA,NA,NA,NA,NA,"24.2",NA,NA,NA,NA,NA,NA,NA,NA,"1",NA,NA,NA,NA,"2008-07-04 11:52:36"
"2793",NA,NA,NA,NA,NA,NA,NA,NA,NA,NA,NA,NA,NA,NA,"20.49",NA,NA,NA,NA,NA,"15.66",NA,NA,"1",NA,NA,NA,NA,"2008-11-11 12:41:00"
NA,NA,NA,NA,NA,NA,NA,NA,NA,NA,NA,"2016-05-23",NA,"0","Constant","24.1","0",NA,NA,NA,NA,NA,NA,NA,"1","6",NA,NA,NA,"2008-06-30 13:25:05"
NA,NA,NA,NA,NA,NA,NA,NA,NA,NA,NA,NA,NA,NA,NA,"28.92",NA,NA,NA,NA,NA,NA,NA,NA,"9",NA,NA,NA,NA,"2009-11-20 13:32:31"
NA,NA,NA,NA,NA,NA,NA,NA,NA,NA,NA,NA,NA,NA,NA,"6.19",NA,NA,NA,NA,NA,NA,NA,NA,"9",NA,NA,NA,NA,"2008-12-10 14:32:16"
NA,NA,NA,NA,NA,NA,NA,NA,NA,NA,NA,NA,NA,NA,NA,"25",NA,NA,NA,NA,NA,NA,NA,NA,"1",NA,NA,NA,NA,"2008-07-25 14:39:40"
NA,NA,NA,NA,NA,NA,NA,NA,NA,NA,NA,NA,NA,NA,NA,"27.5",NA,NA,NA,NA,NA,NA,NA,NA,"9",NA,NA,NA,NA,"2007-07-18 13:23:54"
NA,NA,NA,NA,NA,NA,NA,NA,NA,NA,NA,NA,NA,NA,NA,"19.29",NA,NA,NA,NA,NA,NA,NA,NA,"9",NA,NA,NA,NA,"2008-11-17 10:49:54"
NA,NA,NA,NA,NA,NA,NA,NA,NA,NA,NA,NA,NA,NA,NA,"41.2",NA,NA,NA,NA,NA,"5.59",NA,NA,"1",NA,NA,"2",NA,"2008-08-04 16:54:38"
NA,NA,NA,NA,NA,NA,NA,NA,NA,NA,NA,NA,NA,NA,NA,"40.95",NA,NA,NA,NA,NA,NA,NA,NA,"1",NA,NA,NA,NA,"2008-11-25 08:39:14"
NA,NA,NA,NA,NA,NA,NA,NA,NA,NA,NA,"2017-05-25",NA,"0","Ramp1","26.95","0",NA,NA,NA,NA,NA,"20.4",NA,"9","-2",NA,NA,NA,"2009-11-04 09:45:40"
NA,NA,NA,NA,NA,NA,NA,NA,NA,NA,NA,NA,NA,NA,NA,"23.48",NA,NA,NA,NA,NA,NA,NA,NA,"9",NA,NA,NA,NA,"2008-09-26 13:55:42"
NA,NA,NA,NA,NA,NA,NA,NA,NA,NA,NA,NA,NA,NA,NA,"28.07",NA,NA,NA,NA,NA,NA,NA,NA,"9",NA,NA,NA,NA,"2009-05-08 13:02:28"
NA,NA,NA,NA,NA,NA,NA,NA,NA,NA,NA,NA,NA,NA,NA,"48.7",NA,NA,NA,NA,NA,NA,NA,NA,"1",NA,NA,NA,NA,"2009-06-26 18:38:02"
NA,NA,NA,NA,NA,NA,NA,NA,NA,NA,NA,NA,NA,NA,NA,"21.91",NA,"0",NA,NA,NA,NA,NA,NA,"1",NA,NA,NA,NA,"2010-03-24 16:20:39"
NA,NA,NA,NA,NA,NA,NA,NA,NA,NA,NA,NA,NA,NA,NA,"30.3",NA,NA,NA,NA,NA,"0",NA,NA,"1",NA,NA,NA,NA,"2008-04-16 12:10:02"
NA,NA,NA,NA,NA,NA,NA,NA,NA,NA,NA,NA,NA,NA,NA,"28.5",NA,NA,NA,NA,NA,NA,NA,NA,"9",NA,NA,NA,NA,"2008-01-19 11:16:22"
NA,NA,NA,NA,NA,NA,NA,NA,NA,NA,NA,NA,NA,NA,NA,"25.75",NA,NA,NA,NA,NA,NA,NA,NA,"9",NA,NA,NA,NA,"2009-12-10 10:40:48"
NA,NA,NA,NA,NA,NA,NA,NA,NA,NA,NA,NA,NA,NA,NA,"20.6",NA,NA,NA,NA,NA,NA,NA,NA,"9",NA,NA,NA,NA,"2008-06-07 15:03:41"
NA,NA,NA,NA,NA,NA,NA,NA,NA,NA,NA,NA,NA,NA,NA,"28.14",NA,NA,NA,NA,NA,NA,NA,NA,"9",NA,NA,NA,NA,"2008-09-10 14:26:37"
NA,NA,NA,NA,NA,NA,NA,NA,NA,NA,NA,NA,NA,NA,NA,"33.9",NA,NA,NA,NA,NA,NA,NA,NA,"1",NA,NA,NA,NA,"2008-05-13 17:03:26"
"5168",NA,NA,NA,NA,NA,NA,NA,NA,NA,NA,NA,NA,NA,NA,"24.4",NA,NA,NA,NA,NA,"0",NA,NA,"1",NA,NA,NA,NA,"2008-04-15 12:13:51"
NA,NA,NA,NA,NA,NA,NA,NA,NA,NA,NA,NA,NA,NA,NA,NA,NA,NA,NA,NA,NA,NA,NA,NA,"1",NA,NA,NA,NA,"2010-05-04 13:09:20"
NA,NA,NA,NA,NA,NA,NA,NA,NA,NA,NA,NA,NA,NA,NA,"23",NA,NA,NA,NA,NA,"0",NA,NA,"1",NA,NA,NA,NA,"2007-07-13 17:29:41"
NA,NA,NA,NA,NA,NA,NA,NA,NA,NA,NA,NA,NA,NA,NA,"31.7",NA,NA,NA,NA,NA,NA,NA,NA,"9",NA,NA,NA,NA,"2008-04-21 15:20:16"
NA,NA,NA,NA,NA,NA,NA,NA,NA,NA,NA,NA,NA,NA,NA,"26.6",NA,NA,NA,NA,NA,NA,NA,NA,"1",NA,NA,NA,NA,"2008-07-29 18:29:22"
NA,NA,NA,NA,NA,NA,NA,NA,NA,NA,NA,NA,NA,NA,NA,"31.2",NA,NA,NA,NA,NA,NA,NA,NA,"9",NA,NA,NA,NA,"2007-12-07 09:01:21"
NA,NA,NA,NA,NA,NA,NA,NA,NA,NA,NA,NA,NA,NA,NA,"23.8",NA,NA,NA,NA,NA,NA,NA,NA,"9",NA,NA,NA,NA,"2008-05-01 09:13:31"
NA,NA,NA,NA,NA,NA,NA,NA,NA,NA,NA,NA,NA,NA,NA,"27.4",NA,NA,NA,NA,NA,NA,NA,NA,"9",NA,NA,NA,NA,"2008-01-12 18:36:43"
NA,NA,NA,NA,NA,NA,NA,NA,NA,NA,NA,NA,NA,NA,NA,"31.3",NA,NA,NA,NA,NA,NA,NA,NA,"1",NA,NA,NA,NA,"2008-08-13 10:10:39"
"3060",NA,NA,NA,NA,NA,NA,NA,NA,NA,NA,NA,NA,NA,NA,NA,NA,NA,NA,NA,NA,NA,NA,NA,"9",NA,NA,NA,NA,"2006-04-25 18:31:37"
NA,NA,NA,NA,NA,NA,NA,NA,NA,NA,NA,NA,NA,NA,NA,"32.37",NA,NA,NA,NA,NA,NA,NA,NA,"9",NA,NA,NA,NA,"2010-04-09 12:17:05"
"3162",NA,NA,NA,NA,NA,NA,NA,NA,NA,NA,NA,NA,NA,NA,"34.34",NA,NA,NA,NA,NA,NA,NA,NA,"9",NA,NA,"1",NA,"2009-05-19 15:20:45"
NA,NA,NA,NA,NA,NA,NA,NA,NA,NA,NA,NA,NA,NA,NA,"18.1",NA,NA,NA,NA,NA,"0",NA,NA,"1",NA,NA,NA,NA,"2008-05-15 12:18:40"
NA,NA,NA,NA,NA,NA,NA,NA,NA,NA,NA,NA,NA,NA,NA,"18.9",NA,NA,NA,NA,NA,NA,NA,NA,"9",NA,NA,NA,NA,"2007-11-17 09:32:22"
"1989",NA,NA,NA,NA,NA,NA,NA,NA,NA,NA,NA,NA,NA,NA,"33.06",NA,NA,NA,NA,NA,"15.66",NA,NA,"1",NA,NA,"5",NA,"2009-11-21 09:58:53"
"2310",NA,NA,NA,NA,NA,NA,NA,NA,NA,NA,NA,NA,NA,NA,"22.21",NA,NA,NA,NA,NA,NA,NA,NA,"1",NA,NA,NA,NA,"2008-10-11 11:28:27"
NA,NA,NA,NA,NA,NA,NA,NA,NA,NA,NA,NA,NA,NA,NA,"20.1",NA,NA,NA,NA,NA,NA,NA,NA,"1",NA,NA,NA,NA,"2008-09-27 13:41:48"
NA,NA,NA,NA,NA,NA,NA,NA,NA,NA,NA,NA,NA,NA,NA,"29.98",NA,NA,NA,NA,NA,NA,NA,NA,"9",NA,NA,NA,NA,"2010-03-03 14:03:32"
NA,NA,NA,NA,NA,NA,"0",NA,NA,NA,NA,"2016-11-27","2.499","0",NA,"27.5","2",NA,NA,NA,NA,"0","12.9",NA,"1","-2",NA,NA,NA,"2009-06-15 17:06:07"
"3326",NA,NA,NA,NA,NA,NA,NA,NA,NA,NA,NA,NA,NA,NA,"18.48",NA,NA,NA,NA,NA,NA,NA,NA,"1",NA,NA,NA,NA,"2009-06-01 13:41:22"
NA,NA,NA,NA,NA,NA,NA,NA,NA,NA,NA,NA,NA,NA,NA,"30.24",NA,"120",NA,NA,NA,NA,NA,NA,"9",NA,NA,NA,NA,"2010-05-29 12:24:41"
NA,NA,NA,NA,NA,NA,NA,NA,NA,NA,NA,NA,NA,NA,NA,"50.4",NA,NA,NA,NA,NA,NA,NA,NA,"9",NA,NA,NA,NA,"2009-07-11 12:08:55"
NA,NA,NA,NA,NA,NA,NA,NA,NA,NA,NA,NA,NA,NA,NA,NA,NA,NA,NA,NA,NA,NA,NA,NA,NA,NA,NA,NA,NA,"2010-04-20 17:31:37"
NA,NA,NA,NA,NA,NA,NA,NA,NA,NA,NA,NA,NA,NA,NA,"32",NA,NA,NA,NA,NA,NA,NA,NA,"9",NA,NA,NA,NA,"2008-08-09 15:15:37"
"2008",NA,NA,NA,NA,NA,"0",NA,NA,NA,NA,NA,"3.009",NA,NA,"22.35",NA,NA,NA,NA,NA,NA,NA,NA,"1",NA,NA,NA,NA,"2010-06-11 10:13:28"
"1808",NA,NA,NA,NA,NA,NA,NA,NA,NA,NA,NA,NA,NA,NA,"22.62",NA,NA,NA,NA,NA,NA,NA,NA,"9",NA,NA,NA,NA,"2009-07-14 09:14:28"
NA,NA,NA,NA,NA,NA,NA,NA,NA,NA,NA,NA,NA,NA,NA,"23.11",NA,NA,NA,NA,NA,NA,NA,NA,"1",NA,NA,NA,NA,"2009-03-17 17:45:47"
NA,NA,NA,NA,NA,NA,NA,NA,NA,NA,NA,NA,NA,NA,NA,"31.99",NA,NA,NA,NA,NA,NA,NA,NA,"9",NA,NA,NA,NA,"2008-10-01 10:00:06"
NA,NA,NA,NA,NA,NA,NA,NA,NA,NA,NA,NA,NA,NA,NA,"29.5",NA,NA,NA,NA,NA,NA,NA,NA,"1",NA,NA,NA,NA,"2008-03-08 18:51:53"
NA,NA,NA,NA,NA,NA,NA,NA,NA,NA,NA,NA,NA,NA,NA,"27.4",NA,NA,NA,NA,NA,NA,NA,NA,"9",NA,NA,NA,NA,"2008-06-04 13:03:07"
NA,NA,NA,NA,NA,NA,NA,NA,NA,NA,NA,NA,NA,NA,NA,"26.93",NA,NA,NA,NA,NA,NA,NA,NA,"9",NA,NA,NA,NA,"2009-08-17 12:08:41"
NA,NA,NA,NA,NA,NA,NA,NA,NA,NA,NA,NA,NA,NA,NA,"28.26",NA,NA,NA,NA,NA,NA,NA,NA,"1",NA,NA,NA,NA,"2008-09-04 13:32:45"
NA,NA,NA,NA,NA,NA,NA,NA,NA,NA,NA,NA,NA,NA,NA,"37.86",NA,"0",NA,NA,NA,"15.66",NA,NA,"1",NA,NA,NA,NA,"2010-05-05 17:12:43"
"3952",NA,NA,NA,NA,NA,NA,NA,NA,NA,NA,NA,NA,NA,NA,"34.72",NA,NA,NA,NA,NA,NA,NA,NA,"9",NA,NA,NA,NA,"2009-03-12 17:06:10"
NA,NA,NA,NA,NA,NA,NA,NA,NA,NA,NA,NA,NA,NA,NA,"25.85",NA,NA,NA,NA,NA,NA,NA,NA,"9",NA,NA,NA,NA,"2009-07-30 15:02:19"
"5475",NA,NA,NA,NA,NA,NA,NA,NA,NA,NA,NA,NA,NA,NA,NA,NA,NA,NA,NA,NA,NA,NA,NA,"9",NA,NA,NA,NA,"2009-11-26 16:55:09"
NA,NA,NA,NA,NA,NA,NA,NA,NA,NA,NA,NA,NA,NA,NA,"18.3",NA,NA,NA,NA,NA,NA,NA,NA,"9",NA,NA,NA,NA,"2008-03-18 13:25:35"
"2764",NA,NA,NA,NA,NA,"0",NA,NA,NA,NA,NA,"2.762",NA,NA,"41",NA,NA,NA,NA,NA,"84.78",NA,NA,"1",NA,NA,NA,NA,"2008-04-03 15:27:30"
"2248",NA,NA,NA,NA,NA,"0",NA,NA,NA,NA,NA,"2.705",NA,NA,"42.65",NA,NA,NA,NA,NA,NA,NA,NA,"1",NA,NA,NA,NA,"2008-11-22 12:35:01"
NA,NA,NA,NA,NA,NA,NA,NA,NA,NA,NA,NA,NA,NA,NA,"24.13",NA,NA,NA,NA,NA,NA,NA,NA,"9",NA,NA,NA,NA,"2009-11-06 09:26:53"
NA,NA,NA,NA,NA,NA,NA,NA,NA,NA,NA,NA,NA,NA,NA,"35.5",NA,NA,NA,NA,NA,NA,NA,NA,"1",NA,NA,NA,NA,"2009-12-03 13:53:50"
"2048",NA,NA,NA,NA,NA,NA,NA,NA,NA,NA,NA,NA,NA,NA,"28.27",NA,NA,NA,NA,NA,"22.37",NA,NA,"9",NA,NA,NA,NA,"2009-02-14 16:34:24"
NA,NA,NA,NA,NA,NA,NA,NA,NA,NA,NA,NA,NA,NA,NA,"39.7",NA,NA,NA,NA,NA,NA,NA,NA,"1",NA,NA,NA,NA,"2008-08-19 09:26:08"
"2408",NA,NA,NA,NA,NA,NA,NA,NA,NA,NA,NA,NA,NA,NA,"33.96",NA,NA,NA,NA,NA,"29.42",NA,NA,"9",NA,NA,"2",NA,"2009-05-05 09:05:59"
"3664",NA,NA,NA,NA,NA,"0",NA,NA,NA,NA,NA,"2.926",NA,NA,"24.48",NA,NA,NA,NA,NA,NA,NA,NA,"1",NA,NA,NA,NA,"2009-07-22 17:37:44"
NA,NA,NA,NA,NA,NA,NA,NA,NA,NA,NA,NA,NA,NA,NA,"38.1",NA,NA,NA,NA,NA,NA,NA,NA,"1",NA,NA,NA,NA,"2007-10-05 09:12:11"
NA,NA,NA,NA,NA,NA,NA,NA,NA,NA,NA,NA,NA,NA,NA,"31.85",NA,NA,NA,NA,NA,NA,NA,NA,"9",NA,NA,NA,NA,"2008-09-15 09:00:32"
NA,NA,NA,NA,NA,NA,NA,NA,NA,NA,NA,NA,NA,NA,NA,"19.6",NA,"0",NA,NA,NA,NA,NA,NA,"2",NA,NA,NA,NA,"2010-06-24 17:40:59"
NA,NA,NA,NA,NA,NA,"0",NA,NA,NA,NA,NA,NA,NA,NA,"27.9",NA,NA,NA,NA,NA,NA,NA,NA,"1",NA,NA,NA,NA,"2008-08-16 13:22:07"
"1736",NA,NA,NA,NA,NA,NA,NA,NA,NA,NA,NA,NA,NA,NA,"29.1",NA,NA,NA,NA,NA,NA,NA,NA,"1",NA,NA,NA,NA,"2008-05-16 12:41:58"
NA,NA,NA,NA,NA,NA,"0",NA,NA,NA,NA,NA,"2.708",NA,NA,"24.64",NA,NA,NA,NA,NA,NA,NA,NA,"1",NA,NA,NA,NA,"2009-03-28 12:24:02"
"2205",NA,NA,NA,NA,NA,NA,NA,NA,NA,NA,NA,NA,NA,NA,"30.1",NA,NA,NA,NA,NA,NA,NA,NA,"1",NA,NA,NA,NA,"2009-02-03 16:00:26"
"2768",NA,NA,NA,NA,NA,"0",NA,NA,NA,NA,NA,"2.63",NA,NA,"31.41",NA,NA,NA,NA,NA,NA,NA,NA,"9",NA,NA,NA,NA,"2010-07-02 11:13:10"
"4151",NA,NA,NA,NA,NA,NA,NA,NA,NA,NA,"2017-08-20",NA,"0","Noload","24.76","0",NA,NA,NA,NA,"67.2","8.3",NA,"1","-2",NA,NA,NA,"2009-03-27 09:32:27"
"2704",NA,NA,NA,NA,NA,NA,NA,NA,NA,NA,NA,NA,NA,NA,"34.4",NA,NA,NA,NA,NA,NA,NA,NA,"9",NA,NA,NA,NA,"2008-07-26 10:48:06"
"2302",NA,NA,NA,NA,NA,NA,NA,NA,NA,NA,NA,NA,NA,NA,"26.94",NA,NA,NA,NA,NA,"6",NA,NA,"1",NA,NA,NA,NA,"2010-05-21 14:14:12"
NA,NA,NA,NA,NA,NA,NA,NA,NA,NA,NA,NA,NA,NA,NA,"22.86",NA,NA,NA,NA,NA,NA,NA,NA,"9",NA,NA,NA,NA,"2008-08-27 17:01:47"
NA,NA,NA,NA,NA,NA,NA,NA,NA,NA,NA,NA,NA,NA,NA,"36.78",NA,NA,NA,NA,NA,NA,NA,NA,"1",NA,NA,NA,NA,"2010-01-18 16:37:10"
"2067",NA,NA,NA,NA,NA,NA,NA,NA,NA,NA,NA,NA,NA,NA,"23.17",NA,NA,NA,NA,NA,"0",NA,NA,"9",NA,NA,NA,NA,"2010-04-16 10:17:29"
NA,NA,NA,NA,NA,NA,NA,NA,NA,NA,NA,NA,NA,NA,NA,"46.4",NA,NA,NA,NA,NA,NA,NA,NA,"9",NA,NA,NA,NA,"2008-12-04 18:58:53"
NA,NA,NA,NA,NA,NA,NA,NA,NA,NA,NA,NA,NA,NA,NA,"15.44",NA,"0",NA,NA,NA,NA,NA,NA,"1",NA,NA,NA,NA,"2010-05-19 11:24:38"
NA,NA,NA,NA,NA,NA,NA,NA,NA,NA,NA,NA,NA,NA,NA,"30.64",NA,NA,NA,NA,NA,NA,NA,NA,"1",NA,NA,NA,NA,"2009-03-20 09:30:11"
NA,NA,NA,NA,NA,NA,NA,NA,NA,NA,NA,NA,NA,NA,NA,"30.12",NA,NA,NA,NA,NA,NA,NA,NA,"1",NA,NA,NA,NA,"2009-06-23 17:22:47"
NA,NA,NA,NA,NA,NA,NA,NA,NA,NA,NA,NA,NA,NA,NA,"29.22",NA,NA,NA,NA,NA,NA,NA,NA,"9",NA,NA,NA,NA,"2010-05-26 10:23:36"
"1734",NA,NA,NA,NA,NA,NA,NA,NA,NA,NA,NA,NA,NA,NA,"33.89",NA,NA,NA,NA,NA,"0",NA,NA,"1",NA,NA,NA,NA,"2008-12-16 17:02:50"
NA,NA,NA,NA,NA,NA,NA,NA,NA,NA,NA,NA,NA,NA,NA,"36.11",NA,NA,NA,NA,NA,"0",NA,NA,"1",NA,NA,NA,NA,"2009-07-24 16:44:58"
"3611",NA,NA,NA,NA,NA,NA,NA,NA,NA,NA,NA,NA,NA,NA,"31.95",NA,NA,NA,NA,NA,NA,NA,NA,"1",NA,NA,NA,NA,"2010-07-09 13:12:36"
"1874",NA,NA,NA,NA,NA,NA,NA,NA,NA,NA,NA,NA,NA,NA,"23.16",NA,NA,NA,NA,NA,NA,NA,NA,"1",NA,NA,"2",NA,"2010-06-26 11:45:31"
NA,NA,NA,NA,NA,NA,NA,NA,NA,NA,NA,NA,NA,NA,NA,"39.65",NA,NA,NA,NA,NA,NA,NA,NA,"1",NA,NA,NA,NA,"2010-01-04 13:57:01"
NA,NA,NA,NA,NA,NA,NA,NA,NA,NA,NA,NA,NA,NA,NA,"36.65",NA,NA,NA,NA,NA,NA,NA,NA,"9",NA,NA,NA,NA,"2009-04-29 09:38:59"
"1969",NA,NA,NA,NA,NA,NA,NA,NA,NA,NA,NA,NA,NA,NA,"25.19",NA,NA,NA,NA,NA,"3.52",NA,NA,"1",NA,NA,"1",NA,"2009-04-03 11:34:51"
NA,NA,NA,NA,NA,NA,NA,NA,NA,NA,NA,NA,NA,NA,NA,"38.6",NA,NA,NA,NA,NA,NA,NA,NA,"9",NA,NA,NA,NA,"2010-03-15 11:09:04"
NA,NA,NA,NA,NA,NA,"0",NA,NA,NA,NA,NA,"3.045",NA,NA,"43.5",NA,NA,NA,NA,NA,NA,NA,"431","1",NA,NA,NA,NA,"2008-11-18 17:16:52"
NA,NA,NA,NA,NA,NA,NA,NA,NA,NA,NA,NA,NA,NA,NA,"33.87",NA,NA,NA,NA,NA,NA,NA,NA,"1",NA,NA,NA,NA,"2009-11-21 11:09:51"
NA,NA,NA,NA,NA,NA,NA,NA,NA,NA,NA,NA,NA,NA,NA,"18.59",NA,NA,NA,NA,NA,NA,NA,NA,"1",NA,NA,NA,NA,"2009-08-21 13:46:18"
NA,NA,NA,NA,NA,NA,NA,NA,NA,NA,NA,NA,NA,NA,NA,"33.25",NA,NA,NA,NA,NA,"0.14",NA,NA,"1",NA,NA,NA,NA,"2009-03-30 16:52:22"
NA,NA,NA,NA,NA,NA,NA,NA,NA,NA,NA,NA,NA,NA,NA,"31.5",NA,NA,NA,NA,NA,NA,NA,NA,"9",NA,NA,NA,NA,"2008-05-28 16:48:47"
NA,NA,NA,NA,NA,NA,NA,NA,NA,NA,NA,NA,NA,NA,NA,"29.43",NA,NA,NA,NA,NA,NA,NA,NA,"9",NA,NA,NA,NA,"2009-03-14 12:26:49"
NA,NA,NA,NA,NA,NA,"0",NA,NA,NA,NA,NA,"2.486",NA,NA,"22.4",NA,NA,NA,NA,NA,NA,NA,NA,"1",NA,NA,NA,NA,"2008-05-15 10:31:25"
NA,NA,NA,NA,NA,NA,NA,NA,NA,NA,NA,NA,NA,NA,NA,"19.28",NA,NA,NA,NA,NA,"0",NA,NA,"1",NA,NA,NA,NA,"2009-09-26 10:27:44"
"2373",NA,NA,NA,NA,NA,"0",NA,NA,NA,NA,NA,"2.628",NA,NA,"35.31",NA,NA,NA,NA,NA,NA,NA,NA,"1",NA,NA,NA,NA,"2009-11-13 09:18:55"
"3645",NA,NA,NA,NA,NA,"0",NA,NA,NA,NA,NA,"3.046",NA,NA,NA,NA,NA,NA,NA,NA,"7.05",NA,NA,"9",NA,NA,NA,NA,"2008-05-28 15:26:29"
NA,NA,NA,NA,NA,NA,NA,NA,NA,NA,NA,NA,NA,NA,NA,"31.74",NA,NA,NA,NA,NA,"24",NA,NA,"9",NA,NA,NA,NA,"2009-11-16 08:51:52"
NA,NA,NA,NA,NA,NA,NA,NA,NA,NA,NA,NA,NA,NA,NA,"37.83",NA,NA,NA,NA,NA,"10.87",NA,NA,"9",NA,NA,NA,NA,"2009-07-14 11:28:55"
NA,NA,NA,NA,NA,NA,NA,NA,NA,NA,NA,NA,NA,NA,NA,"44.17",NA,"103",NA,NA,NA,NA,NA,NA,"1",NA,NA,NA,NA,"2010-03-03 11:46:21"
NA,NA,NA,NA,NA,NA,NA,NA,NA,NA,NA,NA,NA,NA,NA,"35.6",NA,NA,NA,NA,NA,"39.03",NA,NA,"1",NA,NA,NA,NA,"2007-09-27 17:48:38"
NA,NA,NA,NA,NA,NA,NA,NA,NA,NA,NA,NA,NA,NA,NA,"28.9",NA,NA,NA,NA,NA,NA,NA,NA,"1",NA,NA,NA,NA,"2007-10-23 11:57:15"
"2545",NA,NA,NA,NA,NA,NA,NA,NA,NA,NA,NA,NA,NA,NA,"40.02",NA,NA,NA,NA,NA,NA,NA,NA,"1",NA,NA,NA,NA,"2009-07-06 12:06:44"
NA,NA,NA,NA,NA,NA,NA,NA,NA,NA,NA,NA,NA,NA,NA,"17.83",NA,NA,NA,NA,NA,NA,NA,NA,"9",NA,NA,NA,NA,"2010-03-08 11:58:53"
NA,NA,NA,NA,NA,NA,NA,NA,NA,NA,NA,NA,NA,NA,NA,"31.53",NA,NA,NA,NA,NA,NA,NA,NA,"1",NA,NA,NA,NA,"2009-03-09 12:09:35"
NA,NA,NA,NA,NA,NA,NA,NA,NA,NA,NA,NA,NA,NA,NA,"25.02",NA,NA,NA,NA,NA,NA,NA,NA,"1",NA,NA,NA,NA,"2009-07-06 18:14:36"
NA,NA,NA,NA,NA,NA,NA,NA,NA,NA,NA,NA,NA,NA,NA,"33.9",NA,NA,NA,NA,NA,NA,NA,NA,"1",NA,NA,NA,NA,"2007-07-26 14:52:42"
"2531",NA,"555",NA,NA,NA,NA,NA,NA,NA,NA,NA,NA,NA,NA,"41.94",NA,"0",NA,NA,NA,"61.06",NA,NA,"9",NA,NA,"3",NA,"2010-03-05 15:22:54"
NA,NA,NA,NA,NA,NA,NA,NA,NA,NA,NA,NA,NA,NA,NA,"19.37",NA,"0",NA,NA,NA,NA,NA,NA,"9",NA,NA,NA,NA,"2010-03-23 14:33:57"
NA,NA,NA,NA,NA,NA,NA,NA,NA,NA,NA,NA,NA,NA,NA,"42.21",NA,NA,NA,NA,NA,NA,NA,NA,"9",NA,NA,NA,NA,"2010-01-30 17:36:05"
NA,NA,NA,NA,NA,NA,NA,NA,NA,NA,NA,NA,NA,NA,NA,"30.8",NA,NA,NA,NA,NA,NA,NA,NA,"9",NA,NA,NA,NA,"2007-06-12 16:49:59"
NA,NA,NA,NA,NA,NA,NA,NA,NA,NA,NA,NA,NA,NA,NA,"23.87",NA,NA,NA,NA,NA,NA,NA,NA,"9",NA,NA,NA,NA,"2008-10-02 17:15:05"
"2936",NA,NA,NA,NA,NA,NA,NA,NA,NA,NA,NA,NA,NA,NA,"17.78",NA,NA,NA,NA,NA,NA,NA,NA,"1",NA,NA,NA,NA,"2009-05-29 09:16:57"
NA,NA,NA,NA,NA,NA,NA,NA,NA,NA,NA,NA,NA,NA,NA,"32.7",NA,NA,NA,NA,NA,NA,NA,NA,"9",NA,NA,"2",NA,"2008-03-27 14:27:56"
NA,NA,NA,NA,NA,NA,NA,NA,NA,NA,NA,"2017-04-30",NA,"0",NA,NA,"0",NA,NA,NA,NA,NA,"17.4",NA,"1","-2",NA,NA,NA,"2006-05-12 12:24:48"
NA,NA,NA,NA,NA,NA,NA,NA,NA,NA,NA,NA,NA,NA,NA,"29.38",NA,NA,NA,NA,NA,NA,NA,NA,"9",NA,NA,NA,NA,"2008-11-20 13:14:35"
NA,NA,NA,NA,NA,NA,NA,NA,NA,NA,NA,NA,NA,NA,NA,"30.4",NA,NA,NA,NA,NA,NA,NA,NA,"1",NA,NA,NA,NA,"2008-08-19 11:07:03"
NA,NA,NA,NA,NA,NA,NA,NA,NA,NA,NA,NA,NA,NA,NA,"33.9",NA,NA,NA,NA,NA,"14.1",NA,NA,"1",NA,NA,NA,NA,"2008-06-14 17:44:14"
NA,NA,NA,NA,NA,NA,NA,NA,NA,NA,NA,NA,NA,NA,NA,"32.22",NA,NA,NA,NA,NA,NA,NA,NA,"9",NA,NA,NA,NA,"2009-11-19 19:12:26"
NA,NA,NA,NA,NA,NA,NA,NA,NA,NA,NA,NA,NA,NA,NA,"35.1",NA,NA,NA,NA,NA,NA,NA,NA,"9",NA,NA,NA,NA,"2007-04-18 12:38:00"
"1696",NA,NA,NA,NA,NA,NA,NA,NA,NA,NA,NA,NA,NA,NA,"33.61",NA,NA,NA,NA,NA,"111.03",NA,NA,"9",NA,NA,"2",NA,"2009-01-23 09:43:51"
NA,NA,NA,NA,NA,NA,NA,NA,NA,NA,NA,NA,NA,NA,NA,"33.71",NA,NA,NA,NA,NA,NA,NA,NA,"9",NA,NA,NA,NA,"2009-06-27 14:51:01"
NA,NA,NA,NA,NA,NA,NA,NA,NA,NA,NA,NA,NA,NA,NA,"33.3",NA,NA,NA,NA,NA,NA,NA,NA,"9",NA,NA,NA,NA,"2008-01-31 19:01:08"
"2250",NA,NA,NA,NA,NA,NA,NA,NA,NA,NA,NA,NA,NA,NA,NA,NA,NA,NA,NA,NA,"0",NA,NA,"1",NA,NA,NA,NA,"2009-02-04 11:23:38"
NA,NA,NA,NA,NA,NA,NA,NA,NA,NA,NA,NA,NA,NA,NA,"22.8",NA,NA,NA,NA,NA,NA,NA,NA,"9",NA,NA,NA,NA,"2008-08-04 15:15:08"
NA,NA,"1",NA,NA,NA,"0",NA,NA,NA,NA,NA,"3.131",NA,NA,"25.25",NA,NA,NA,NA,NA,"14.1",NA,NA,"1",NA,NA,"1",NA,"2009-09-21 13:42:21"
NA,NA,NA,NA,NA,NA,NA,NA,NA,NA,NA,NA,NA,NA,NA,"46.9",NA,NA,NA,NA,NA,NA,NA,NA,"1",NA,NA,NA,NA,"2009-07-10 18:01:02"
NA,NA,NA,NA,NA,NA,NA,NA,NA,NA,NA,NA,NA,NA,NA,"15.43",NA,NA,NA,NA,NA,NA,NA,NA,"1",NA,NA,NA,NA,"2009-04-03 15:53:48"
NA,NA,NA,NA,NA,NA,"11",NA,NA,NA,NA,NA,"2.946",NA,NA,"22.78",NA,NA,NA,NA,NA,NA,NA,NA,"9",NA,NA,NA,NA,"2009-10-05 18:11:52"
NA,NA,NA,NA,NA,NA,NA,NA,NA,NA,NA,NA,NA,NA,NA,"32.3",NA,NA,NA,NA,NA,NA,NA,NA,"9",NA,NA,NA,NA,"2008-08-23 11:41:43"
NA,NA,NA,NA,NA,NA,NA,NA,NA,NA,NA,NA,NA,NA,NA,"30.88",NA,NA,NA,NA,NA,NA,NA,NA,"9",NA,NA,NA,NA,"2009-11-14 16:43:21"
NA,NA,NA,NA,NA,NA,NA,NA,NA,NA,NA,NA,NA,NA,NA,"11.57",NA,NA,NA,NA,NA,NA,NA,NA,"1",NA,NA,NA,NA,"2009-08-08 12:59:58"
NA,NA,NA,NA,NA,NA,NA,NA,NA,NA,NA,NA,NA,NA,NA,"24.33",NA,NA,NA,NA,NA,NA,NA,NA,"9",NA,NA,NA,NA,"2009-02-21 15:05:09"
NA,NA,NA,NA,NA,NA,NA,NA,NA,NA,NA,NA,NA,NA,NA,"32.89",NA,NA,NA,NA,NA,NA,NA,NA,"9",NA,NA,NA,NA,"2009-09-01 16:25:30"
NA,NA,NA,NA,NA,NA,NA,NA,NA,NA,NA,NA,NA,NA,NA,"44.01",NA,NA,NA,NA,NA,NA,NA,NA,"1",NA,NA,NA,NA,"2008-10-30 11:52:47"
NA,NA,NA,NA,NA,NA,NA,NA,NA,NA,NA,NA,NA,NA,NA,"26.42",NA,NA,NA,NA,NA,NA,NA,NA,"9",NA,NA,NA,NA,"2009-06-08 13:00:13"
NA,NA,NA,NA,NA,NA,NA,NA,NA,NA,NA,NA,NA,NA,NA,"28.89",NA,NA,NA,NA,NA,NA,NA,NA,"9",NA,NA,NA,NA,"2010-05-22 17:46:57"
NA,NA,NA,NA,NA,NA,NA,NA,NA,NA,NA,NA,NA,NA,NA,"43.82",NA,NA,NA,NA,NA,"0.28",NA,NA,"1",NA,NA,NA,NA,"2010-05-24 09:42:36"
NA,NA,NA,NA,NA,NA,NA,NA,NA,NA,NA,NA,NA,NA,NA,"19.3",NA,NA,NA,NA,NA,NA,NA,NA,"1",NA,NA,NA,NA,"2007-07-27 12:02:53"
"2080",NA,NA,NA,NA,NA,"0",NA,NA,NA,NA,NA,NA,NA,NA,"28.76",NA,NA,NA,NA,NA,"0",NA,NA,"9",NA,NA,NA,NA,"2009-03-25 13:02:09"
NA,NA,NA,NA,NA,NA,NA,NA,NA,NA,NA,NA,NA,NA,NA,"31.7",NA,NA,NA,NA,NA,NA,NA,NA,"1",NA,NA,NA,NA,"2007-11-26 14:51:23"
NA,NA,NA,NA,NA,NA,NA,NA,NA,NA,NA,NA,NA,NA,NA,"34.83",NA,NA,NA,NA,NA,NA,NA,NA,"9",NA,NA,NA,NA,"2010-06-15 16:53:28"
NA,NA,NA,NA,NA,NA,NA,NA,NA,NA,NA,NA,NA,NA,NA,"18.06",NA,NA,NA,NA,NA,NA,NA,NA,"9",NA,NA,NA,NA,"2009-01-17 14:25:22"
"2618",NA,NA,NA,NA,NA,NA,NA,NA,NA,NA,NA,NA,NA,NA,"26.24",NA,NA,NA,NA,NA,NA,NA,NA,"9",NA,NA,"1",NA,"2009-04-23 12:03:01"
NA,NA,NA,NA,NA,NA,NA,NA,NA,NA,NA,NA,NA,NA,NA,"28.89",NA,NA,NA,NA,NA,NA,NA,NA,"1",NA,NA,NA,NA,"2009-08-13 15:43:01"
NA,NA,NA,NA,NA,NA,NA,NA,NA,NA,NA,NA,NA,NA,NA,"26.02",NA,NA,NA,NA,NA,"12",NA,NA,"9",NA,NA,NA,NA,"2009-06-18 14:42:18"
NA,NA,NA,NA,NA,NA,NA,NA,NA,NA,NA,NA,NA,NA,NA,"20.68",NA,NA,NA,NA,NA,NA,NA,NA,"1",NA,NA,NA,NA,"2009-03-24 08:49:55"
NA,NA,NA,NA,NA,NA,NA,NA,NA,NA,NA,NA,NA,NA,NA,"44.03",NA,NA,NA,NA,NA,NA,NA,NA,"1",NA,NA,NA,NA,"2009-04-16 16:06:42"
NA,NA,NA,NA,NA,NA,NA,NA,NA,NA,NA,NA,NA,NA,NA,"31.7",NA,NA,NA,NA,NA,NA,NA,NA,"1",NA,NA,NA,NA,"2008-08-21 18:13:15"
NA,NA,NA,NA,NA,NA,NA,NA,NA,NA,NA,NA,NA,NA,NA,NA,NA,NA,NA,NA,NA,NA,NA,NA,"1",NA,NA,NA,NA,"2008-03-05 11:18:18"
"1992",NA,NA,NA,NA,NA,"0",NA,NA,NA,NA,NA,"3.17",NA,NA,"35.2",NA,NA,NA,NA,NA,NA,NA,NA,"9",NA,NA,NA,NA,"2007-08-13 15:17:23"
NA,NA,NA,NA,NA,NA,"0",NA,NA,NA,NA,NA,"2.914",NA,NA,"16.75",NA,NA,NA,NA,NA,NA,NA,NA,"9",NA,NA,NA,NA,"2010-05-04 09:40:47"
NA,NA,NA,NA,NA,NA,NA,NA,NA,NA,NA,NA,NA,NA,NA,"33.88",NA,NA,NA,NA,NA,NA,NA,NA,"1",NA,NA,NA,NA,"2009-09-17 11:42:21"
NA,NA,NA,NA,NA,NA,NA,NA,NA,NA,NA,NA,NA,NA,NA,"20.55",NA,NA,NA,NA,NA,NA,NA,NA,"9",NA,NA,NA,NA,"2009-08-11 13:43:57"
NA,NA,NA,NA,NA,NA,"11",NA,NA,NA,NA,NA,"2.746","0","Ramp1","35.8","2",NA,NA,NA,NA,"0","7.3","566","9","-2",NA,NA,NA,"2007-11-21 16:21:51"
NA,NA,NA,NA,NA,NA,NA,NA,NA,NA,NA,NA,NA,NA,NA,"30.84",NA,NA,NA,NA,NA,NA,NA,NA,"9",NA,NA,NA,NA,"2009-06-03 09:12:53"
NA,NA,NA,NA,NA,NA,NA,NA,NA,NA,NA,NA,NA,NA,NA,"28.75",NA,NA,NA,NA,NA,NA,NA,NA,"9",NA,NA,NA,NA,"2008-09-03 17:19:05"
NA,NA,NA,NA,NA,NA,NA,NA,NA,NA,NA,NA,NA,NA,NA,"31.5",NA,NA,NA,NA,NA,NA,NA,NA,"9",NA,NA,NA,NA,"2007-12-17 10:30:15"
NA,NA,NA,NA,NA,NA,NA,NA,NA,NA,NA,NA,NA,NA,NA,"23.06",NA,NA,NA,NA,NA,NA,NA,NA,"9",NA,NA,NA,NA,"2009-06-20 14:15:24"
NA,NA,NA,NA,NA,NA,NA,NA,NA,NA,NA,NA,NA,NA,NA,NA,NA,NA,NA,NA,NA,NA,NA,NA,"1",NA,NA,NA,NA,"2006-05-31 15:57:37"
"2718",NA,NA,NA,NA,NA,"0",NA,NA,NA,NA,NA,NA,NA,NA,"34.41",NA,NA,NA,NA,NA,"5.42",NA,NA,"1",NA,NA,NA,NA,"2009-07-24 11:36:15"
NA,NA,NA,NA,NA,NA,NA,NA,NA,NA,NA,NA,NA,NA,NA,"23.19",NA,"0",NA,NA,NA,NA,NA,NA,"1",NA,NA,NA,NA,"2010-03-11 11:23:22"
NA,NA,NA,NA,NA,NA,NA,NA,NA,NA,NA,NA,NA,NA,NA,"23.3",NA,NA,NA,NA,NA,NA,NA,NA,"9",NA,NA,NA,NA,"2008-05-08 16:30:54"
NA,NA,NA,NA,NA,NA,NA,NA,NA,NA,NA,NA,NA,NA,NA,"36.05",NA,NA,NA,NA,NA,NA,NA,NA,"9",NA,NA,NA,NA,"2009-11-24 10:31:38"
NA,NA,NA,NA,NA,NA,NA,NA,NA,NA,NA,NA,NA,NA,NA,"35.92",NA,NA,NA,NA,NA,NA,NA,NA,"1",NA,NA,NA,NA,"2009-05-12 15:54:41"
"1533",NA,NA,NA,NA,NA,NA,NA,NA,NA,NA,NA,NA,NA,NA,"25.84",NA,NA,NA,NA,NA,NA,NA,NA,"9",NA,NA,NA,NA,"2010-04-26 17:10:24"
NA,NA,NA,NA,NA,NA,NA,NA,NA,NA,NA,NA,NA,NA,NA,"17.69",NA,NA,NA,NA,NA,NA,NA,NA,"1",NA,NA,NA,NA,"2010-05-14 10:30:41"
NA,NA,NA,NA,NA,NA,NA,NA,NA,NA,NA,NA,NA,NA,NA,"22.1",NA,NA,NA,NA,NA,NA,NA,NA,"9",NA,NA,NA,NA,"2008-01-07 12:39:15"
"4280",NA,NA,NA,NA,NA,"0",NA,NA,NA,NA,NA,NA,NA,NA,"31.2",NA,NA,NA,NA,NA,"0",NA,NA,"1",NA,NA,NA,NA,"2007-08-10 16:34:09"
"2033",NA,NA,NA,NA,NA,NA,NA,NA,NA,NA,NA,NA,NA,NA,"29.1",NA,NA,NA,NA,NA,NA,NA,NA,"9",NA,NA,NA,NA,"2008-05-14 09:09:13"
NA,NA,NA,NA,NA,NA,NA,NA,NA,NA,NA,NA,NA,NA,NA,"22.6",NA,NA,NA,NA,NA,NA,NA,NA,"1",NA,NA,NA,NA,"2008-04-01 10:10:43"
NA,NA,NA,NA,NA,NA,NA,NA,NA,NA,NA,NA,NA,NA,NA,"49.2",NA,NA,NA,NA,NA,NA,NA,NA,"9",NA,NA,NA,NA,"2009-11-20 14:58:06"
NA,NA,NA,NA,NA,NA,NA,NA,NA,NA,NA,NA,NA,NA,NA,"33.3",NA,NA,NA,NA,NA,NA,NA,NA,"1",NA,NA,NA,NA,"2008-06-20 11:18:32"
NA,NA,NA,NA,NA,NA,NA,NA,NA,NA,NA,NA,NA,NA,NA,"32.07",NA,"0",NA,NA,NA,NA,NA,NA,"9",NA,NA,NA,NA,"2010-06-24 14:05:09"
