"ecg_load_f5984_0_70","fractured_bone_sites_f6151_3_6","volume_of_grey_matter_in_cuneal_cortex_right_f25845_3_0","impedance_of_whole_body_f23106_0_0","area_of_mt_right_hemisphere_f27112_3_0","values_wanted_f23321_2_65","values_wanted_f23321_3_75","values_entered_f20229_0_74","noncancer_illness_yearage_first_occurred_f87_3_33","volume_of_pui_left_hemisphere_f26666_2_0","treatmentmedication_code_f20003_0_0","recent_medication_for_silicosis_f22178_0_0","age_when_last_ate_meat_f3680_2_0","shortness_of_breath_walking_on_level_ground_f4717_1_0","method_of_recording_time_when_noncancer_illness_first_diagnosed_f20013_3_3","logmar_final_right_f5201_0_0","mean_corpuscular_haemoglobin_f30050_1_0","fresh_tomato_intake_f104340_1_0","keystroke_history_right_f4248_3_11","interpolated_age_of_participant_when_cancer_first_diagnosed_f20007_2_2","end_time_of_wear_f90011_0_0","time_to_press_last_digit_left_f4235_3_5","volume_of_postcentral_right_hemisphere_f27317_3_0","number_of_times_clear_was_pressed_left_f4239_0_15","lipoprotein_a_correction_reason_f30794_0_0","time_to_press_last_digit_right_f4246_3_1","mean_reticulocyte_volume_acquisition_route_f30264_2_0","interpolated_age_of_participant_when_operation_took_place_f20011_0_11","ecg_stage_name_f5988_1_67","interpolated_age_of_participant_when_operation_took_place_f20011_0_25"
NA,NA,NA,"495",NA,NA,NA,NA,NA,NA,"1140868226",NA,NA,NA,NA,NA,NA,NA,NA,NA,NA,NA,NA,NA,"0",NA,NA,NA,NA,NA
NA,NA,NA,"612",NA,NA,NA,NA,NA,NA,"1140868226",NA,NA,NA,NA,NA,NA,NA,NA,NA,"2013-10-26 09:59:55",NA,NA,NA,NA,NA,NA,NA,NA,NA
NA,NA,NA,"539",NA,NA,NA,NA,NA,NA,"1140866738",NA,NA,NA,NA,NA,NA,NA,NA,NA,NA,NA,NA,NA,NA,NA,NA,NA,NA,NA
NA,NA,NA,"580",NA,NA,NA,NA,NA,NA,"1140865580",NA,NA,"0",NA,"-0.14","32.3",NA,NA,NA,"2015-07-01 09:59:55",NA,NA,"0","0",NA,NA,NA,"Ramp24",NA
"0",NA,NA,"638",NA,NA,NA,NA,NA,NA,"1140871310",NA,NA,"0",NA,"0.04","31.89",NA,NA,NA,NA,NA,NA,"0","0",NA,NA,NA,"Ramp24",NA
"110",NA,NA,"488",NA,NA,NA,NA,NA,NA,"1140879616",NA,NA,NA,NA,"0.22",NA,NA,NA,NA,NA,NA,NA,"0","0",NA,NA,NA,NA,NA
NA,NA,NA,"653",NA,NA,NA,NA,NA,NA,NA,NA,NA,NA,NA,NA,NA,NA,NA,NA,NA,NA,NA,NA,"0",NA,NA,NA,NA,NA
NA,NA,NA,"694",NA,NA,NA,NA,NA,NA,"1140862938",NA,NA,NA,NA,NA,NA,NA,NA,NA,NA,NA,NA,NA,NA,NA,NA,NA,NA,NA
NA,NA,NA,"592",NA,NA,NA,NA,NA,NA,"1140879802",NA,NA,NA,NA,NA,NA,NA,NA,NA,"2015-08-28 09:59:55",NA,NA,NA,"0",NA,NA,NA,NA,NA
NA,NA,NA,"688",NA,NA,NA,NA,NA,NA,"1140865426",NA,NA,NA,NA,NA,NA,NA,NA,NA,NA,NA,NA,NA,"0",NA,NA,NA,NA,NA
NA,NA,NA,"664",NA,NA,NA,NA,NA,NA,NA,NA,NA,NA,NA,NA,NA,NA,NA,NA,"2014-03-08 09:59:55",NA,NA,NA,"0",NA,NA,NA,NA,NA
NA,NA,NA,"138",NA,NA,NA,NA,NA,NA,"1140871310",NA,NA,NA,NA,NA,NA,NA,NA,NA,NA,NA,NA,NA,"0",NA,NA,NA,NA,NA
NA,NA,NA,"740",NA,NA,NA,NA,NA,NA,"1141188442",NA,NA,NA,NA,NA,NA,NA,NA,NA,NA,NA,NA,NA,"0",NA,NA,NA,NA,NA
NA,NA,NA,"635",NA,NA,NA,NA,NA,NA,"1141146234",NA,NA,NA,NA,NA,NA,NA,NA,NA,NA,NA,NA,NA,NA,NA,NA,NA,NA,NA
NA,NA,NA,"640",NA,NA,NA,NA,NA,"181.21","99999",NA,NA,NA,NA,NA,NA,NA,NA,NA,"2015-05-15 09:59:55",NA,NA,NA,NA,NA,"2",NA,NA,NA
NA,NA,NA,"616",NA,NA,NA,NA,NA,NA,"1140861806",NA,NA,NA,NA,NA,NA,NA,NA,NA,"2013-10-11 09:59:55",NA,NA,"0","0",NA,NA,NA,NA,NA
"92",NA,NA,"656",NA,NA,NA,NA,NA,"164.735","1140868226",NA,NA,NA,NA,"0.16",NA,NA,NA,NA,"2014-12-18 09:59:55",NA,NA,"0",NA,NA,NA,NA,NA,NA
NA,NA,NA,"624",NA,NA,NA,NA,NA,NA,"1140852976",NA,NA,NA,NA,"0.06",NA,NA,NA,NA,NA,NA,NA,"0","0",NA,NA,NA,NA,NA
NA,NA,NA,"712",NA,NA,NA,NA,NA,NA,"1141178816",NA,NA,NA,NA,"0.08",NA,NA,NA,NA,NA,NA,NA,"0","0",NA,NA,NA,NA,NA
NA,NA,NA,"474",NA,NA,NA,NA,NA,NA,"1140868226",NA,NA,NA,NA,NA,NA,NA,NA,NA,NA,NA,NA,NA,"0",NA,NA,NA,NA,NA
NA,NA,NA,"595",NA,NA,NA,NA,NA,NA,"1141194794",NA,NA,NA,NA,"0.04",NA,NA,NA,NA,NA,NA,NA,"0","0",NA,NA,NA,NA,NA
NA,NA,NA,"646",NA,NA,NA,NA,NA,NA,NA,NA,NA,NA,NA,NA,NA,NA,NA,NA,NA,NA,NA,NA,"0",NA,NA,NA,NA,NA
NA,NA,NA,"491",NA,NA,NA,NA,NA,NA,"1141157132",NA,NA,NA,NA,NA,NA,NA,NA,NA,NA,NA,NA,NA,"0",NA,NA,NA,NA,NA
NA,NA,NA,"524",NA,NA,NA,NA,NA,NA,"1141146234",NA,NA,NA,NA,NA,NA,NA,NA,NA,NA,NA,NA,NA,"0",NA,NA,NA,NA,NA
NA,NA,NA,"628",NA,NA,NA,NA,NA,NA,NA,NA,NA,NA,NA,NA,NA,NA,NA,NA,NA,NA,NA,NA,"0",NA,NA,NA,NA,NA
NA,NA,NA,"503",NA,NA,NA,NA,NA,NA,"1140871310",NA,NA,NA,NA,NA,NA,NA,NA,NA,"2014-06-06 09:59:55",NA,NA,NA,"0",NA,NA,NA,NA,NA
NA,NA,NA,"566",NA,NA,NA,NA,NA,"138.905",NA,NA,"30",NA,NA,NA,NA,NA,NA,NA,"2014-01-20 09:59:55",NA,NA,NA,NA,NA,NA,NA,NA,NA
NA,NA,NA,"691",NA,NA,NA,NA,NA,NA,NA,NA,NA,NA,NA,NA,NA,NA,NA,NA,NA,NA,NA,NA,NA,NA,NA,NA,NA,NA
NA,NA,NA,"599",NA,NA,NA,NA,NA,NA,NA,NA,NA,NA,NA,"-0.12",NA,NA,NA,NA,"2014-11-05 09:59:55",NA,NA,"0","0",NA,NA,NA,NA,NA
NA,NA,NA,"535",NA,NA,NA,NA,NA,NA,NA,NA,NA,NA,NA,NA,NA,NA,NA,NA,"2013-12-13 09:59:55",NA,NA,NA,NA,NA,NA,NA,NA,NA
NA,NA,NA,"634",NA,NA,NA,NA,NA,NA,"1141151718",NA,NA,"0",NA,NA,"31.7",NA,NA,NA,NA,NA,NA,NA,"0",NA,NA,NA,NA,NA
NA,NA,NA,"680",NA,NA,NA,NA,NA,NA,"99999",NA,NA,NA,NA,NA,NA,NA,NA,NA,NA,NA,NA,NA,"0",NA,NA,NA,NA,NA
NA,NA,NA,"596",NA,NA,NA,NA,NA,NA,"1140868226",NA,NA,NA,NA,NA,NA,NA,NA,NA,NA,NA,NA,NA,"0",NA,NA,NA,NA,NA
NA,NA,NA,"688",NA,NA,NA,NA,NA,NA,"1140879616",NA,NA,NA,NA,NA,NA,NA,NA,NA,"2014-07-31 09:59:55",NA,NA,"0","0",NA,NA,NA,NA,NA
NA,NA,NA,"667",NA,NA,NA,NA,NA,NA,"1141188442",NA,NA,NA,NA,NA,NA,NA,NA,NA,NA,NA,NA,NA,NA,NA,NA,NA,NA,NA
NA,NA,NA,"584",NA,NA,NA,NA,NA,NA,"1140909674",NA,NA,NA,NA,NA,NA,NA,NA,NA,NA,NA,NA,NA,"0",NA,NA,NA,NA,NA
"121",NA,NA,"572",NA,NA,NA,NA,NA,NA,NA,NA,NA,NA,NA,"-0.06",NA,NA,NA,NA,NA,NA,NA,"0","0",NA,NA,NA,NA,NA
NA,NA,NA,"449",NA,NA,NA,NA,NA,"146.357","1140868226",NA,NA,NA,NA,NA,NA,NA,NA,NA,"2014-09-29 09:59:55",NA,NA,"0","0",NA,NA,NA,NA,NA
NA,NA,NA,"544",NA,NA,NA,NA,NA,NA,NA,NA,NA,NA,NA,NA,NA,NA,NA,NA,NA,NA,NA,NA,"0",NA,NA,NA,NA,NA
NA,NA,NA,"512",NA,NA,NA,NA,NA,NA,"1140860806",NA,NA,NA,NA,"0.06",NA,NA,NA,NA,"2014-08-22 09:59:55",NA,NA,"0","0",NA,NA,NA,NA,NA
NA,NA,NA,"499",NA,NA,NA,NA,NA,NA,"99999",NA,NA,NA,NA,NA,NA,NA,NA,NA,NA,NA,NA,NA,"0",NA,NA,NA,NA,NA
NA,NA,NA,"546",NA,NA,NA,NA,NA,NA,"1141153006",NA,NA,NA,NA,NA,NA,NA,NA,NA,"2014-11-28 09:59:55",NA,NA,"0",NA,NA,NA,NA,NA,NA
"0",NA,NA,"482",NA,NA,NA,NA,NA,NA,"1140923346",NA,NA,NA,NA,"0.34",NA,NA,NA,NA,"2014-03-27 09:59:55",NA,NA,"0",NA,NA,NA,NA,NA,NA
NA,NA,NA,"585",NA,NA,NA,NA,NA,NA,NA,NA,NA,NA,NA,NA,NA,NA,NA,NA,NA,NA,NA,NA,"0",NA,NA,NA,NA,NA
NA,NA,NA,"640",NA,NA,NA,NA,NA,NA,"1140879616",NA,NA,NA,NA,NA,NA,NA,NA,NA,"2014-03-21 09:59:55",NA,NA,NA,"0",NA,NA,NA,NA,NA
NA,NA,NA,"701",NA,NA,NA,NA,NA,NA,NA,NA,NA,NA,NA,NA,NA,NA,NA,NA,NA,NA,NA,NA,"0",NA,NA,NA,NA,NA
NA,NA,NA,"573",NA,NA,NA,NA,NA,NA,NA,NA,NA,NA,NA,NA,NA,NA,NA,NA,NA,NA,NA,NA,"0",NA,NA,NA,NA,NA
NA,NA,NA,"604",NA,NA,NA,NA,NA,NA,NA,NA,NA,NA,NA,"-0.06",NA,NA,NA,NA,NA,NA,NA,"0","0",NA,NA,NA,NA,NA
NA,NA,NA,"838",NA,NA,NA,NA,NA,NA,"1140870856",NA,NA,NA,NA,NA,NA,NA,NA,NA,NA,NA,NA,NA,"0",NA,NA,NA,NA,NA
NA,NA,NA,"578",NA,NA,NA,NA,NA,NA,NA,NA,NA,NA,NA,NA,NA,NA,NA,NA,NA,NA,NA,NA,"0",NA,NA,NA,NA,NA
NA,NA,NA,"603",NA,NA,NA,NA,NA,"163.175","1140926934",NA,"40",NA,NA,NA,NA,"444",NA,NA,"2015-11-20 09:59:55",NA,NA,NA,NA,NA,NA,NA,NA,NA
"100",NA,NA,"518",NA,NA,NA,NA,NA,NA,"1140927328",NA,NA,NA,NA,"-0.2",NA,"1",NA,NA,NA,NA,NA,"0","0",NA,NA,NA,NA,NA
NA,NA,NA,"518",NA,NA,NA,NA,NA,NA,"1140876136",NA,NA,NA,NA,NA,NA,NA,NA,NA,NA,NA,NA,NA,NA,NA,NA,NA,NA,NA
"110",NA,NA,"452",NA,NA,NA,NA,NA,"193.078",NA,NA,NA,NA,NA,"-0.06",NA,NA,NA,NA,"2014-09-18 09:59:55",NA,NA,"1",NA,NA,NA,NA,NA,NA
"110",NA,NA,"587",NA,NA,NA,NA,NA,NA,"1141152998",NA,NA,NA,NA,"-0.08",NA,NA,NA,NA,NA,NA,NA,"1","0",NA,NA,NA,NA,NA
NA,NA,NA,"461",NA,NA,NA,NA,NA,NA,NA,NA,NA,NA,NA,NA,NA,NA,NA,NA,NA,NA,NA,NA,"0",NA,NA,NA,NA,NA
NA,NA,NA,NA,NA,NA,NA,NA,NA,NA,"1140879802",NA,NA,NA,NA,NA,NA,NA,NA,NA,NA,NA,NA,NA,NA,NA,NA,NA,NA,NA
NA,NA,NA,"603",NA,NA,NA,NA,NA,NA,"1141194794",NA,NA,NA,NA,NA,NA,NA,NA,NA,"2014-08-01 09:59:55",NA,NA,NA,NA,NA,NA,NA,NA,NA
NA,NA,NA,"596",NA,NA,NA,NA,NA,NA,NA,NA,NA,"0",NA,NA,"29.9",NA,NA,NA,NA,NA,NA,NA,NA,NA,NA,NA,"Ramp23",NA
NA,NA,NA,"575",NA,NA,NA,NA,NA,NA,"1140862260",NA,NA,NA,NA,"-0.1",NA,NA,NA,NA,NA,NA,NA,NA,"0",NA,NA,NA,NA,NA
NA,NA,NA,"670",NA,NA,NA,NA,NA,NA,"1141194794",NA,NA,NA,NA,NA,NA,NA,NA,NA,NA,NA,NA,NA,"0",NA,NA,NA,NA,NA
NA,NA,NA,"710",NA,NA,NA,NA,NA,NA,"99999",NA,NA,NA,NA,NA,NA,NA,NA,NA,NA,NA,NA,NA,"0",NA,NA,NA,NA,NA
NA,NA,NA,"591",NA,NA,NA,NA,NA,NA,"1140864752",NA,NA,NA,NA,NA,NA,NA,NA,NA,NA,NA,NA,"0","0",NA,NA,NA,NA,NA
NA,NA,NA,"492",NA,NA,NA,NA,NA,NA,"1140871310",NA,NA,NA,NA,NA,NA,NA,NA,NA,NA,NA,NA,NA,NA,NA,NA,NA,NA,NA
NA,NA,NA,"529",NA,NA,NA,NA,NA,NA,"1140879802",NA,NA,NA,NA,NA,NA,NA,NA,NA,NA,NA,NA,"0","0",NA,NA,NA,NA,NA
NA,NA,NA,"641",NA,NA,NA,NA,NA,NA,"1140862168",NA,NA,NA,NA,NA,NA,NA,NA,NA,NA,NA,NA,NA,NA,NA,NA,NA,NA,NA
NA,NA,NA,"605",NA,NA,NA,NA,NA,NA,NA,NA,NA,NA,NA,NA,NA,NA,NA,NA,NA,NA,NA,NA,"0",NA,NA,NA,NA,NA
NA,NA,NA,"653",NA,NA,NA,NA,NA,NA,"1140871310",NA,NA,NA,NA,"0.14",NA,NA,NA,NA,"2015-07-04 09:59:55",NA,NA,"0","0",NA,NA,NA,NA,NA
NA,NA,NA,"538",NA,NA,NA,NA,NA,NA,"1140868226",NA,NA,NA,NA,NA,NA,NA,NA,NA,NA,NA,NA,NA,"0",NA,NA,NA,NA,NA
NA,NA,NA,"524",NA,NA,NA,NA,NA,NA,"1140909674",NA,NA,NA,NA,NA,NA,NA,NA,NA,NA,NA,NA,NA,NA,NA,NA,NA,NA,NA
NA,NA,NA,"735",NA,NA,NA,NA,NA,NA,"1140868226",NA,NA,NA,NA,NA,NA,NA,NA,NA,NA,NA,NA,NA,"0",NA,NA,NA,NA,NA
NA,NA,NA,"721",NA,NA,NA,NA,NA,NA,"1141194794",NA,NA,NA,NA,NA,NA,NA,NA,NA,NA,NA,NA,NA,"0",NA,NA,NA,NA,NA
NA,NA,NA,"728",NA,NA,NA,NA,NA,NA,"1140870390",NA,NA,NA,NA,"0",NA,NA,NA,NA,"2014-08-04 09:59:55",NA,NA,"0",NA,NA,NA,NA,NA,NA
NA,NA,NA,"649",NA,NA,NA,NA,NA,NA,"2038460150",NA,NA,NA,NA,NA,NA,NA,NA,NA,NA,NA,NA,NA,"0",NA,NA,NA,NA,NA
NA,NA,NA,"551",NA,NA,NA,NA,NA,NA,"1140875408",NA,NA,NA,NA,NA,NA,NA,NA,NA,NA,NA,NA,NA,"0",NA,NA,NA,NA,NA
NA,NA,NA,"578",NA,"7",NA,NA,NA,"186.212","1141194794",NA,NA,NA,NA,NA,NA,NA,NA,NA,NA,NA,NA,NA,"0",NA,NA,NA,NA,NA
NA,NA,NA,"572",NA,NA,NA,NA,NA,NA,NA,NA,NA,NA,NA,"-0.1",NA,NA,NA,NA,NA,NA,NA,"0","0",NA,NA,NA,NA,NA
NA,NA,NA,"617",NA,NA,NA,NA,NA,NA,"2038460150",NA,NA,NA,NA,NA,NA,NA,NA,NA,NA,NA,NA,"0",NA,NA,NA,NA,NA,NA
NA,NA,NA,"490",NA,NA,NA,NA,NA,NA,"1140868226",NA,NA,NA,NA,NA,NA,NA,NA,NA,NA,NA,NA,NA,"0",NA,NA,NA,NA,NA
NA,NA,NA,"624",NA,NA,NA,NA,NA,NA,"1141194794",NA,NA,NA,NA,NA,NA,NA,NA,NA,NA,NA,NA,NA,"0",NA,NA,NA,NA,NA
NA,NA,NA,"522",NA,NA,NA,NA,NA,NA,"1140874930",NA,NA,NA,NA,NA,NA,NA,NA,NA,NA,NA,NA,"0","0",NA,NA,NA,NA,NA
NA,NA,NA,"498",NA,NA,NA,NA,NA,NA,"1140926934",NA,NA,NA,NA,NA,NA,NA,NA,NA,NA,NA,NA,"0","0",NA,NA,NA,NA,NA
NA,NA,NA,"563",NA,NA,NA,NA,NA,NA,NA,NA,NA,NA,NA,"-0.16",NA,NA,NA,NA,NA,NA,NA,"0","0",NA,NA,NA,NA,NA
NA,NA,NA,"590",NA,NA,NA,NA,NA,NA,NA,NA,NA,NA,NA,"-0.06",NA,NA,NA,NA,NA,NA,NA,"0","0",NA,NA,NA,NA,NA
NA,NA,NA,"504",NA,NA,NA,NA,NA,NA,"1140868226",NA,NA,NA,NA,NA,NA,"1",NA,NA,NA,NA,NA,NA,"0",NA,NA,NA,NA,NA
NA,NA,NA,"571",NA,NA,NA,NA,NA,NA,NA,NA,NA,NA,NA,NA,NA,NA,NA,NA,NA,NA,NA,NA,"0",NA,NA,NA,NA,NA
NA,NA,NA,"614",NA,NA,NA,NA,NA,NA,"1140868226",NA,NA,NA,NA,NA,NA,NA,NA,NA,NA,NA,NA,NA,"0",NA,NA,NA,NA,NA
NA,NA,NA,"536",NA,NA,NA,NA,NA,"138.833",NA,NA,NA,NA,NA,NA,NA,NA,NA,NA,"2015-10-16 09:59:55",NA,NA,NA,"0",NA,NA,NA,NA,NA
NA,NA,NA,"483",NA,NA,NA,NA,NA,NA,NA,NA,NA,NA,NA,NA,NA,NA,NA,NA,NA,NA,NA,NA,"0",NA,NA,NA,NA,NA
NA,NA,NA,"731",NA,NA,NA,NA,NA,NA,NA,NA,NA,NA,NA,"-0.16",NA,NA,NA,NA,NA,NA,NA,"0","0",NA,NA,NA,NA,NA
NA,NA,NA,"493",NA,NA,NA,NA,NA,NA,"99999",NA,NA,NA,NA,NA,NA,NA,NA,NA,NA,NA,NA,NA,"0",NA,NA,NA,NA,NA
NA,NA,NA,"805",NA,NA,NA,NA,NA,NA,"1141179914",NA,NA,"1",NA,NA,"31.55",NA,NA,NA,"2014-09-19 09:59:55",NA,NA,NA,"0",NA,NA,NA,NA,NA
NA,NA,NA,"552",NA,NA,NA,NA,NA,NA,"2038459814",NA,NA,NA,NA,NA,NA,NA,NA,NA,NA,NA,NA,NA,"0",NA,NA,NA,NA,NA
NA,NA,NA,"617",NA,NA,NA,NA,NA,NA,NA,NA,NA,NA,NA,NA,NA,NA,NA,NA,NA,NA,NA,NA,"0",NA,NA,NA,NA,NA
"0",NA,NA,"622",NA,NA,NA,NA,NA,NA,"1140871310",NA,NA,NA,NA,"-0.12",NA,NA,NA,NA,NA,NA,NA,"0",NA,NA,NA,NA,NA,NA
NA,NA,NA,"689",NA,NA,NA,NA,NA,NA,"1140916356",NA,NA,NA,NA,"-0.1",NA,NA,NA,NA,NA,NA,NA,"0","0",NA,NA,NA,NA,NA
NA,NA,NA,"605",NA,NA,NA,NA,NA,NA,"2038460150",NA,NA,NA,NA,NA,NA,NA,NA,NA,NA,NA,NA,NA,"0",NA,NA,NA,NA,NA
NA,NA,NA,"708",NA,NA,NA,NA,NA,NA,"2038460150",NA,NA,NA,NA,NA,NA,NA,NA,NA,NA,NA,NA,NA,NA,NA,NA,NA,NA,NA
NA,NA,NA,"661",NA,NA,NA,NA,NA,NA,NA,NA,NA,NA,NA,"-0.06",NA,NA,NA,NA,"2014-03-08 09:59:55",NA,NA,"0",NA,NA,NA,NA,NA,NA
NA,NA,NA,"771",NA,NA,NA,NA,NA,NA,"1141181700",NA,NA,NA,NA,NA,NA,NA,NA,NA,NA,NA,NA,"0","0",NA,NA,NA,NA,NA
NA,NA,NA,"622",NA,NA,NA,NA,NA,NA,"1140922174",NA,NA,NA,NA,NA,NA,NA,NA,NA,NA,NA,NA,NA,"0",NA,NA,NA,NA,NA
NA,NA,NA,"513",NA,NA,NA,NA,NA,NA,"1140879616",NA,NA,NA,NA,"0.36",NA,NA,NA,NA,NA,NA,NA,"0",NA,NA,NA,NA,NA,NA
NA,NA,NA,"571",NA,NA,NA,NA,NA,"166.416","1141194794",NA,NA,NA,NA,NA,NA,NA,NA,NA,"2015-08-28 09:59:55",NA,NA,"0",NA,NA,NA,NA,NA,NA
NA,NA,NA,"699",NA,NA,NA,NA,NA,NA,"1193",NA,NA,NA,NA,NA,NA,NA,NA,NA,NA,NA,NA,NA,"0",NA,NA,NA,NA,NA
NA,NA,NA,"587",NA,NA,NA,NA,NA,NA,NA,NA,NA,NA,NA,NA,NA,NA,NA,NA,NA,NA,NA,NA,"0",NA,NA,NA,NA,NA
NA,NA,NA,"523",NA,NA,NA,NA,NA,"175.618",NA,NA,NA,NA,NA,NA,NA,NA,NA,NA,NA,NA,NA,NA,"0",NA,NA,NA,NA,NA
NA,NA,NA,"669",NA,NA,NA,NA,NA,NA,"1140909674",NA,NA,NA,NA,NA,NA,NA,NA,NA,NA,NA,NA,NA,"0",NA,NA,NA,NA,NA
NA,NA,NA,NA,NA,NA,NA,NA,NA,NA,"1140868226",NA,NA,NA,NA,NA,NA,NA,NA,NA,"2013-08-24 09:59:55",NA,NA,NA,"0",NA,NA,NA,NA,NA
NA,NA,NA,"672",NA,NA,NA,NA,NA,NA,"1140871310",NA,NA,NA,NA,NA,NA,NA,NA,NA,NA,NA,NA,NA,"0",NA,NA,NA,NA,NA
NA,NA,NA,"534",NA,NA,NA,NA,NA,NA,"1140865354",NA,NA,NA,NA,NA,NA,NA,NA,NA,NA,NA,NA,NA,"0",NA,NA,NA,NA,NA
"30",NA,NA,"669",NA,NA,NA,NA,NA,NA,"1140911754",NA,NA,NA,NA,"-0.08",NA,"1",NA,NA,NA,NA,NA,"0","0",NA,NA,NA,NA,NA
NA,NA,NA,"685",NA,NA,NA,NA,NA,NA,NA,NA,NA,NA,NA,"0.2",NA,NA,NA,NA,NA,NA,NA,"0","0",NA,NA,NA,NA,NA
NA,NA,NA,"642",NA,NA,NA,NA,NA,NA,"1140909674",NA,NA,NA,NA,NA,NA,NA,NA,NA,NA,NA,NA,NA,"0",NA,NA,NA,NA,NA
NA,NA,NA,"684",NA,NA,NA,NA,NA,NA,NA,NA,NA,NA,NA,NA,NA,NA,NA,NA,NA,NA,NA,"0","0",NA,NA,NA,NA,NA
NA,NA,NA,"471",NA,NA,NA,NA,NA,NA,"1140868226",NA,NA,NA,NA,"0.06",NA,NA,NA,NA,NA,NA,NA,"0",NA,NA,NA,NA,NA,NA
NA,NA,NA,"594",NA,NA,NA,NA,NA,NA,"1140851556",NA,NA,NA,NA,NA,NA,NA,NA,NA,NA,NA,NA,NA,"0",NA,NA,NA,NA,NA
NA,NA,NA,"707",NA,NA,NA,NA,NA,NA,"1140868226",NA,NA,NA,NA,NA,NA,NA,NA,NA,NA,NA,NA,NA,"0",NA,NA,NA,NA,NA
NA,NA,NA,NA,NA,NA,NA,NA,NA,NA,"1140879802",NA,NA,NA,NA,NA,NA,NA,NA,NA,"2015-01-23 09:59:55",NA,NA,NA,"0",NA,NA,NA,NA,NA
NA,NA,NA,"612",NA,NA,NA,NA,NA,NA,NA,NA,NA,NA,NA,NA,NA,NA,NA,NA,"2015-08-13 09:59:55",NA,NA,NA,"0",NA,NA,NA,NA,NA
NA,NA,NA,"658",NA,NA,NA,NA,NA,NA,NA,NA,NA,NA,NA,NA,NA,NA,NA,NA,NA,NA,NA,"0",NA,NA,NA,NA,NA,NA
NA,NA,NA,"614",NA,NA,NA,NA,NA,NA,"1140909674",NA,NA,NA,NA,NA,NA,NA,NA,NA,NA,NA,NA,NA,"0",NA,NA,NA,NA,NA
NA,NA,NA,"659",NA,NA,NA,NA,NA,NA,"1140870788",NA,NA,NA,NA,"-0.14",NA,NA,NA,NA,NA,NA,NA,"0",NA,NA,NA,NA,NA,NA
NA,NA,NA,"633",NA,NA,NA,NA,NA,NA,"1140909674",NA,NA,NA,NA,NA,NA,NA,NA,NA,NA,NA,NA,NA,"0",NA,NA,NA,NA,NA
NA,NA,NA,"660",NA,NA,NA,NA,NA,NA,"1141146234",NA,NA,NA,NA,"-0.2",NA,NA,NA,NA,NA,NA,NA,"0","0",NA,NA,NA,NA,NA
NA,NA,NA,"627",NA,NA,NA,NA,NA,NA,NA,NA,NA,NA,NA,NA,NA,NA,NA,NA,NA,NA,NA,NA,NA,NA,NA,NA,NA,NA
NA,NA,NA,"531",NA,NA,NA,NA,NA,NA,"1140909786",NA,NA,NA,NA,NA,NA,NA,NA,NA,NA,NA,NA,NA,"0",NA,NA,NA,NA,NA
NA,NA,NA,"397",NA,NA,NA,NA,NA,NA,"1140879616",NA,NA,NA,NA,NA,NA,NA,NA,NA,NA,NA,NA,NA,"0",NA,NA,NA,NA,NA
"82",NA,NA,"533",NA,NA,NA,NA,NA,"167.001",NA,NA,"26",NA,NA,"0.02",NA,NA,NA,NA,"2014-02-17 09:59:55",NA,NA,"0","0",NA,"2",NA,NA,NA
NA,NA,NA,"572",NA,NA,NA,NA,NA,NA,"1140879774",NA,NA,NA,NA,NA,NA,NA,NA,NA,NA,NA,NA,NA,"0",NA,NA,NA,NA,NA
NA,NA,NA,"603",NA,NA,NA,NA,NA,NA,"1140879802",NA,NA,NA,NA,"0.26",NA,NA,NA,NA,NA,NA,NA,"0",NA,NA,NA,NA,NA,NA
NA,NA,NA,"505",NA,NA,NA,NA,NA,NA,"1140866738",NA,NA,NA,NA,NA,NA,NA,NA,NA,"2015-04-02 10:59:55",NA,NA,NA,"0",NA,NA,NA,NA,NA
NA,NA,NA,"697",NA,NA,NA,NA,NA,NA,"1140862382",NA,NA,NA,NA,NA,NA,NA,NA,NA,"2014-04-14 09:59:55",NA,NA,NA,"0",NA,NA,NA,NA,NA
NA,NA,NA,"586",NA,NA,NA,NA,NA,NA,"1140870788",NA,NA,NA,NA,NA,NA,NA,NA,NA,NA,NA,NA,NA,"0",NA,NA,NA,NA,NA
NA,NA,NA,"599",NA,NA,NA,NA,NA,NA,NA,NA,NA,NA,NA,NA,NA,NA,NA,NA,NA,NA,NA,NA,"0",NA,NA,NA,NA,NA
NA,NA,NA,"535",NA,NA,NA,NA,NA,NA,"1140922174",NA,NA,NA,NA,NA,NA,NA,NA,NA,NA,NA,NA,"0","0",NA,NA,NA,NA,NA
"84",NA,NA,"402",NA,NA,NA,NA,NA,NA,NA,NA,NA,NA,NA,"0.36",NA,NA,NA,NA,NA,NA,NA,"0",NA,NA,NA,NA,NA,NA
NA,NA,NA,"506",NA,NA,NA,NA,NA,NA,"1140868226",NA,NA,NA,NA,NA,NA,NA,NA,NA,NA,NA,NA,NA,"0",NA,NA,NA,NA,NA
NA,NA,NA,"604",NA,NA,NA,NA,NA,NA,"1140871310",NA,NA,NA,NA,NA,NA,NA,NA,NA,NA,NA,NA,NA,"0",NA,NA,NA,NA,NA
NA,NA,NA,"684",NA,NA,NA,NA,NA,NA,NA,NA,NA,NA,NA,NA,NA,NA,NA,NA,NA,NA,NA,NA,NA,NA,NA,NA,NA,NA
NA,NA,NA,"719",NA,NA,NA,NA,NA,NA,"1141194794",NA,NA,NA,NA,NA,NA,NA,NA,NA,NA,NA,NA,NA,"0",NA,NA,NA,NA,NA
NA,NA,NA,"634",NA,NA,NA,NA,NA,NA,NA,NA,NA,NA,NA,NA,NA,NA,NA,NA,"2015-03-14 09:59:55",NA,NA,NA,"0",NA,NA,NA,NA,NA
NA,NA,NA,"754",NA,NA,NA,NA,NA,NA,"1140871310",NA,NA,NA,NA,NA,NA,NA,NA,NA,"2015-04-29 09:59:55",NA,NA,NA,NA,NA,NA,NA,NA,NA
"90",NA,NA,"574",NA,NA,NA,NA,NA,NA,"1141182628",NA,NA,NA,NA,"-0.08",NA,NA,NA,NA,"2015-12-18 09:59:55",NA,NA,"0","0",NA,NA,NA,NA,NA
"96",NA,NA,"599",NA,NA,NA,NA,NA,"137.22",NA,NA,NA,NA,NA,"-0.16",NA,NA,NA,NA,NA,NA,NA,"0","0",NA,NA,NA,NA,NA
NA,NA,NA,"473",NA,NA,NA,NA,NA,"141.558",NA,NA,NA,NA,NA,NA,NA,NA,NA,NA,NA,NA,NA,NA,"0",NA,NA,NA,NA,NA
NA,NA,NA,"540",NA,NA,NA,NA,NA,NA,"1140879616",NA,NA,NA,NA,NA,NA,NA,NA,NA,NA,NA,NA,NA,"0",NA,NA,NA,NA,NA
NA,NA,NA,"795",NA,NA,NA,NA,NA,NA,NA,NA,NA,NA,NA,NA,NA,NA,NA,NA,NA,NA,NA,NA,NA,NA,NA,NA,NA,NA
NA,NA,NA,"626",NA,NA,NA,NA,NA,NA,"1140870856",NA,NA,NA,NA,NA,NA,NA,NA,NA,NA,NA,NA,"0","0",NA,NA,NA,NA,NA
NA,NA,NA,"578",NA,NA,NA,NA,NA,NA,"1140868226",NA,NA,NA,NA,NA,NA,NA,NA,NA,NA,NA,NA,NA,NA,NA,NA,NA,NA,NA
NA,NA,NA,"735",NA,NA,NA,NA,NA,NA,"99999",NA,NA,NA,NA,NA,NA,NA,NA,NA,NA,NA,NA,NA,"0",NA,NA,NA,NA,NA
NA,NA,NA,"572",NA,NA,NA,NA,NA,NA,NA,NA,NA,NA,NA,NA,NA,NA,NA,NA,NA,NA,NA,NA,NA,NA,NA,NA,NA,NA
NA,NA,NA,"519",NA,NA,NA,NA,NA,NA,NA,NA,NA,NA,NA,"-0.18",NA,NA,NA,NA,NA,NA,NA,"0","0",NA,NA,NA,NA,NA
NA,NA,NA,"604",NA,NA,NA,NA,NA,NA,NA,NA,NA,NA,NA,"0.02",NA,NA,NA,NA,NA,NA,NA,"0",NA,NA,NA,NA,NA,NA
NA,NA,NA,"555",NA,NA,NA,NA,NA,NA,"1141164828",NA,NA,NA,NA,NA,NA,NA,NA,NA,NA,NA,NA,NA,"0",NA,NA,NA,NA,NA
NA,NA,NA,"550",NA,NA,NA,NA,NA,NA,NA,NA,NA,NA,NA,NA,NA,NA,NA,NA,NA,NA,NA,NA,"0",NA,NA,NA,NA,NA
NA,NA,NA,"704",NA,NA,NA,NA,NA,NA,"1140922174",NA,NA,NA,NA,NA,NA,NA,NA,NA,NA,NA,NA,NA,"0",NA,NA,NA,NA,NA
NA,NA,NA,"590",NA,NA,NA,NA,NA,NA,NA,NA,NA,NA,NA,NA,NA,NA,NA,NA,"2013-12-21 09:59:55",NA,NA,NA,NA,NA,NA,NA,NA,NA
NA,NA,NA,"866",NA,NA,NA,NA,NA,NA,NA,NA,NA,NA,NA,"0.04",NA,NA,NA,NA,NA,NA,NA,"0","0",NA,NA,NA,NA,NA
NA,NA,NA,"484",NA,NA,NA,NA,NA,NA,"1140875408",NA,NA,NA,NA,NA,NA,NA,NA,NA,NA,NA,NA,NA,NA,NA,NA,NA,NA,NA
NA,NA,NA,"551",NA,NA,NA,NA,NA,NA,"1140868226",NA,NA,NA,NA,NA,NA,NA,NA,NA,NA,NA,NA,NA,"0",NA,NA,NA,NA,NA
NA,NA,NA,"691",NA,NA,NA,NA,NA,NA,"2038460150",NA,NA,NA,NA,NA,NA,NA,NA,NA,NA,NA,NA,NA,NA,NA,NA,NA,NA,NA
NA,NA,NA,"528",NA,NA,NA,NA,NA,"160.025",NA,NA,NA,NA,NA,NA,NA,NA,NA,NA,NA,NA,NA,NA,"0",NA,NA,NA,NA,NA
NA,NA,NA,"530",NA,NA,NA,NA,NA,"163.092","1140875408",NA,NA,NA,NA,NA,NA,NA,NA,NA,NA,NA,NA,NA,NA,NA,NA,NA,NA,NA
NA,NA,NA,"695",NA,NA,NA,NA,NA,NA,"1140868226",NA,NA,NA,NA,NA,NA,NA,NA,NA,NA,NA,NA,NA,"0",NA,NA,NA,NA,NA
NA,NA,NA,"567",NA,NA,NA,NA,NA,NA,NA,NA,NA,NA,NA,NA,NA,NA,NA,NA,NA,NA,NA,NA,"0",NA,NA,NA,NA,NA
NA,NA,NA,"569",NA,NA,NA,NA,NA,NA,"1140875408",NA,NA,NA,NA,NA,NA,NA,NA,NA,NA,NA,NA,NA,"0",NA,NA,NA,NA,NA
NA,NA,NA,"610",NA,NA,NA,NA,NA,NA,"1140879802",NA,NA,NA,NA,NA,NA,NA,NA,NA,NA,NA,NA,NA,"0",NA,NA,NA,NA,NA
NA,NA,NA,"620",NA,NA,NA,NA,NA,NA,NA,NA,NA,NA,NA,NA,NA,"555",NA,NA,"2015-04-03 10:59:55",NA,NA,NA,"0",NA,NA,NA,NA,NA
NA,NA,NA,"478",NA,NA,NA,NA,NA,NA,"1140868226",NA,NA,NA,NA,NA,NA,NA,NA,NA,"2013-12-09 09:59:55",NA,NA,NA,NA,NA,NA,NA,NA,NA
NA,NA,NA,"672",NA,NA,NA,NA,NA,NA,"1140870422",NA,NA,NA,NA,NA,NA,NA,NA,NA,NA,NA,NA,NA,"0",NA,NA,NA,NA,NA
NA,NA,NA,"747",NA,NA,NA,NA,NA,NA,"1141172928",NA,NA,NA,NA,NA,NA,NA,NA,NA,NA,NA,NA,NA,NA,NA,NA,NA,NA,NA
NA,NA,NA,"690",NA,NA,NA,NA,NA,NA,"1140865350",NA,NA,NA,NA,NA,NA,NA,NA,NA,NA,NA,NA,NA,"0",NA,NA,NA,NA,NA
NA,NA,NA,"780",NA,NA,NA,NA,NA,NA,NA,NA,NA,NA,NA,NA,NA,NA,NA,NA,"2013-12-26 09:59:55",NA,NA,NA,NA,NA,NA,NA,NA,NA
NA,NA,NA,"724",NA,NA,NA,NA,NA,NA,"1141194794",NA,NA,NA,NA,"-0.02",NA,NA,NA,NA,NA,NA,NA,"0",NA,NA,NA,NA,NA,NA
NA,NA,NA,"525",NA,NA,NA,NA,NA,NA,"1141175690",NA,NA,NA,NA,NA,NA,NA,NA,NA,NA,NA,NA,NA,"0",NA,NA,NA,NA,NA
NA,NA,NA,"549",NA,NA,NA,NA,NA,NA,NA,NA,NA,NA,NA,NA,NA,NA,NA,NA,NA,NA,NA,NA,"0",NA,NA,NA,NA,NA
NA,NA,NA,"565",NA,NA,NA,NA,NA,NA,"1140871310",NA,NA,NA,NA,NA,NA,NA,NA,NA,NA,NA,NA,NA,"0",NA,NA,NA,NA,NA
NA,NA,NA,"562",NA,NA,NA,NA,NA,NA,NA,NA,NA,NA,NA,"0.12",NA,NA,NA,NA,NA,NA,NA,"0",NA,NA,NA,NA,NA,NA
NA,NA,NA,"480",NA,NA,NA,NA,NA,NA,"1140870956",NA,NA,NA,NA,NA,NA,NA,NA,NA,"2014-04-19 09:59:55",NA,NA,NA,NA,NA,NA,NA,NA,NA
NA,NA,NA,"611",NA,NA,NA,NA,NA,NA,"99999",NA,NA,NA,NA,NA,NA,NA,NA,NA,"2014-07-30 09:59:55",NA,NA,"0","0",NA,NA,NA,NA,NA
NA,NA,NA,"655",NA,NA,NA,NA,NA,NA,"1141146234",NA,NA,NA,NA,"0.06",NA,NA,NA,NA,"2015-06-12 09:59:55",NA,NA,"0","0",NA,NA,NA,NA,NA
NA,NA,NA,"707",NA,NA,NA,NA,NA,NA,"1140909786",NA,NA,NA,NA,NA,NA,NA,NA,NA,NA,NA,NA,NA,NA,NA,NA,NA,NA,NA
"0",NA,NA,"502",NA,NA,NA,NA,NA,NA,NA,NA,NA,NA,NA,"-0.08",NA,NA,NA,NA,"2015-06-12 09:59:55",NA,NA,"0",NA,NA,NA,NA,NA,NA
"120",NA,NA,"545",NA,NA,NA,NA,NA,"163.071",NA,NA,NA,"0",NA,"0.54","32.4",NA,NA,NA,"2014-10-20 09:59:55",NA,NA,"0",NA,NA,"2",NA,"Ramp24",NA
NA,NA,NA,"607",NA,NA,NA,NA,NA,"136.243","1140871310",NA,"6",NA,NA,NA,NA,NA,NA,NA,NA,NA,NA,NA,"0",NA,NA,NA,NA,NA
NA,NA,NA,"596",NA,NA,NA,NA,NA,NA,"1140911730",NA,NA,"0",NA,NA,"32.3","444",NA,NA,NA,NA,NA,NA,"0",NA,NA,NA,NA,NA
NA,NA,NA,"663",NA,NA,NA,NA,NA,NA,"1141194794",NA,NA,NA,NA,"0.06",NA,NA,NA,NA,NA,NA,NA,"0","0",NA,NA,NA,NA,NA
NA,NA,NA,"496",NA,NA,NA,NA,NA,NA,"1140884600",NA,NA,NA,NA,NA,NA,NA,NA,NA,NA,NA,NA,NA,"0",NA,NA,NA,NA,NA
NA,NA,NA,"709",NA,NA,NA,NA,NA,NA,"1140862380",NA,NA,NA,NA,NA,NA,NA,NA,NA,NA,NA,NA,NA,"0",NA,NA,NA,NA,NA
NA,NA,NA,"608",NA,NA,NA,NA,NA,NA,"1140926922",NA,NA,NA,NA,NA,NA,"1",NA,NA,NA,NA,NA,NA,"0",NA,NA,NA,NA,NA
NA,NA,NA,"582",NA,NA,NA,NA,NA,NA,"1141194224",NA,NA,NA,NA,NA,NA,NA,NA,NA,"2014-09-12 09:59:55",NA,NA,NA,"0",NA,NA,NA,NA,NA
"110",NA,NA,"486",NA,NA,NA,NA,NA,NA,"1140868226",NA,NA,NA,NA,"0.26",NA,NA,NA,NA,NA,NA,NA,"0","0",NA,NA,NA,NA,NA
NA,NA,NA,"632",NA,NA,NA,NA,NA,NA,"1141188442",NA,NA,NA,NA,NA,NA,NA,NA,NA,NA,NA,NA,NA,"0",NA,NA,NA,NA,NA
NA,NA,NA,"635",NA,NA,NA,NA,NA,NA,NA,NA,NA,NA,NA,NA,NA,NA,NA,NA,NA,NA,NA,NA,"0",NA,NA,NA,NA,NA
NA,NA,NA,"593",NA,NA,NA,NA,NA,NA,"1140921814",NA,NA,NA,NA,NA,NA,NA,NA,NA,"2015-08-06 09:59:55",NA,NA,NA,NA,NA,NA,NA,NA,NA
NA,NA,NA,"559",NA,NA,NA,NA,NA,NA,"1140861958",NA,NA,NA,NA,NA,NA,NA,NA,NA,NA,NA,NA,NA,"0",NA,NA,NA,NA,NA
NA,NA,NA,"633",NA,NA,NA,NA,NA,NA,NA,NA,NA,NA,NA,"-0.06",NA,NA,NA,NA,"2015-01-16 09:59:55",NA,NA,"0","0",NA,NA,NA,NA,NA
NA,NA,NA,"475",NA,NA,NA,NA,NA,NA,"1140909674",NA,NA,NA,NA,NA,NA,NA,NA,NA,NA,NA,NA,NA,"0",NA,NA,NA,NA,NA
"106",NA,NA,"662",NA,NA,NA,NA,NA,"148.015",NA,NA,NA,NA,NA,"0.04",NA,NA,NA,NA,"2015-06-08 09:59:55",NA,NA,"0","0",NA,NA,NA,NA,NA
NA,NA,NA,"586",NA,NA,NA,NA,NA,"179.482","1140871336",NA,NA,NA,NA,NA,NA,NA,NA,NA,NA,NA,NA,"0","0",NA,NA,NA,NA,NA
NA,NA,NA,"483",NA,NA,NA,NA,NA,NA,NA,NA,NA,NA,NA,"0.04",NA,NA,NA,NA,"2015-05-09 09:59:55",NA,NA,"0","0",NA,NA,NA,NA,NA
NA,NA,NA,"551",NA,NA,NA,NA,NA,NA,"1141191044",NA,NA,NA,NA,NA,NA,NA,NA,NA,NA,NA,NA,NA,"0",NA,NA,NA,NA,NA
NA,NA,NA,"656",NA,NA,NA,NA,NA,NA,"1141194794",NA,NA,NA,NA,NA,NA,NA,NA,NA,NA,NA,NA,NA,NA,NA,NA,NA,NA,NA
NA,NA,NA,"720",NA,NA,NA,NA,NA,NA,"1140879616",NA,NA,NA,NA,NA,NA,NA,NA,NA,NA,NA,NA,NA,NA,NA,NA,NA,NA,NA
NA,NA,NA,"527",NA,NA,NA,NA,NA,NA,"1140879616",NA,NA,NA,NA,NA,NA,NA,NA,NA,NA,NA,NA,NA,"0",NA,NA,NA,NA,NA
NA,NA,NA,"647",NA,NA,NA,NA,NA,NA,"1140871310",NA,NA,NA,NA,NA,NA,NA,NA,NA,NA,NA,NA,"0","0",NA,NA,NA,NA,NA
NA,NA,NA,"641",NA,NA,NA,NA,NA,NA,"99999",NA,NA,NA,NA,NA,NA,NA,NA,NA,NA,NA,NA,NA,"0",NA,NA,NA,NA,NA
NA,NA,NA,"630",NA,NA,NA,NA,NA,NA,"1141146234",NA,NA,NA,NA,"0.1",NA,NA,NA,NA,NA,NA,NA,"0",NA,NA,NA,NA,NA,NA
NA,NA,NA,"486",NA,NA,NA,NA,NA,NA,"1140879616",NA,NA,NA,NA,NA,NA,"300",NA,NA,NA,NA,NA,NA,"0",NA,NA,NA,NA,NA
NA,NA,NA,"637",NA,NA,NA,NA,NA,NA,"1140864752",NA,NA,NA,NA,"0.32",NA,NA,NA,NA,NA,NA,NA,NA,NA,NA,NA,NA,NA,NA
NA,NA,NA,"530",NA,NA,NA,NA,NA,NA,NA,NA,NA,NA,NA,NA,NA,NA,NA,NA,NA,NA,NA,NA,NA,NA,NA,NA,NA,NA
NA,NA,NA,"670",NA,NA,NA,NA,NA,NA,"1140862382",NA,NA,NA,NA,"0.04",NA,NA,NA,NA,NA,NA,NA,"0","0",NA,NA,NA,NA,NA
NA,NA,NA,"678",NA,NA,NA,NA,NA,NA,"1140868226",NA,NA,NA,NA,NA,NA,NA,NA,NA,NA,NA,NA,NA,"0",NA,NA,NA,NA,NA
NA,NA,NA,"648",NA,NA,NA,NA,NA,NA,"1140879616",NA,NA,NA,NA,NA,NA,NA,NA,NA,NA,NA,NA,NA,"0",NA,NA,NA,NA,NA
NA,NA,NA,"494",NA,NA,NA,NA,NA,NA,NA,NA,NA,NA,NA,NA,NA,NA,NA,NA,NA,NA,NA,NA,"0",NA,NA,NA,NA,NA
NA,NA,NA,"615",NA,NA,NA,NA,NA,NA,NA,NA,NA,NA,NA,NA,NA,NA,NA,NA,NA,NA,NA,NA,"0",NA,NA,NA,NA,NA
NA,NA,NA,"557",NA,NA,NA,NA,NA,NA,"1140868226",NA,NA,NA,NA,NA,NA,NA,NA,NA,NA,NA,NA,NA,"0",NA,NA,NA,NA,NA
NA,NA,NA,"515",NA,NA,NA,NA,NA,NA,"1141179974",NA,NA,NA,NA,"-0.18",NA,NA,NA,NA,NA,NA,NA,"0","0",NA,NA,NA,NA,NA
NA,NA,NA,"583",NA,NA,NA,NA,NA,NA,"1141194794",NA,NA,NA,NA,NA,NA,NA,NA,NA,"2014-06-20 09:59:55",NA,NA,NA,NA,NA,NA,NA,NA,NA
NA,NA,NA,"613",NA,NA,NA,NA,NA,NA,"1141172686",NA,NA,NA,NA,NA,NA,NA,NA,NA,NA,NA,NA,NA,"0",NA,NA,NA,NA,NA
NA,NA,NA,"528",NA,NA,NA,NA,NA,NA,"1140879616",NA,NA,NA,NA,"0.3",NA,NA,NA,NA,NA,NA,NA,"0","0",NA,NA,NA,NA,NA
NA,NA,NA,"609",NA,NA,NA,NA,NA,NA,NA,NA,NA,NA,NA,NA,NA,"555",NA,NA,"2014-07-30 09:59:55",NA,NA,"0","0",NA,NA,NA,NA,NA
NA,NA,NA,"593",NA,NA,NA,NA,NA,NA,"1199",NA,NA,NA,NA,NA,NA,NA,NA,NA,NA,NA,NA,NA,"0",NA,NA,NA,NA,NA
NA,NA,NA,"581",NA,NA,NA,NA,NA,NA,NA,NA,NA,NA,NA,NA,NA,NA,NA,NA,NA,NA,NA,NA,"0",NA,NA,NA,NA,NA
NA,NA,NA,"644",NA,NA,NA,NA,NA,NA,NA,NA,NA,NA,NA,NA,NA,NA,NA,NA,NA,NA,NA,NA,"0",NA,NA,NA,NA,NA
NA,NA,NA,"573",NA,NA,NA,NA,NA,NA,NA,NA,NA,NA,NA,NA,NA,NA,NA,NA,NA,NA,NA,NA,"0",NA,NA,NA,NA,NA
NA,NA,NA,"497",NA,NA,NA,NA,NA,NA,"1140868226",NA,NA,NA,NA,NA,NA,NA,NA,NA,NA,NA,NA,NA,"0",NA,NA,NA,NA,NA
NA,NA,NA,"574",NA,NA,NA,NA,NA,NA,NA,NA,NA,NA,NA,NA,NA,"1",NA,NA,NA,NA,NA,NA,"0",NA,NA,NA,NA,NA
"100",NA,NA,"589",NA,NA,NA,NA,NA,NA,"1140883504",NA,NA,NA,NA,"0.02",NA,NA,NA,NA,"2014-07-30 09:59:55",NA,NA,"0","0",NA,NA,NA,NA,NA
NA,NA,NA,"521",NA,NA,NA,NA,NA,NA,NA,NA,NA,NA,NA,NA,NA,NA,NA,NA,NA,NA,NA,NA,"0",NA,NA,NA,NA,NA
NA,NA,NA,"727",NA,NA,NA,NA,NA,NA,"1140869276",NA,NA,NA,NA,NA,NA,NA,NA,NA,NA,NA,NA,NA,"0",NA,NA,NA,NA,NA
NA,NA,NA,"472",NA,NA,NA,NA,NA,NA,"1140876136",NA,NA,NA,NA,NA,NA,NA,NA,NA,NA,NA,NA,NA,NA,NA,NA,NA,NA,NA
NA,NA,NA,"556",NA,NA,NA,NA,NA,NA,"1141188442",NA,NA,NA,NA,NA,NA,NA,NA,NA,NA,NA,NA,NA,"0",NA,NA,NA,NA,NA
NA,NA,NA,"577",NA,NA,NA,NA,NA,NA,"1141193170",NA,NA,NA,NA,NA,NA,NA,NA,NA,"2015-10-02 09:59:55",NA,NA,NA,"0",NA,NA,NA,NA,NA
NA,NA,NA,"618",NA,NA,NA,NA,NA,NA,NA,NA,NA,NA,NA,"0.12",NA,NA,NA,NA,NA,NA,NA,"0","0",NA,NA,NA,NA,NA
NA,NA,NA,"451",NA,NA,NA,NA,NA,NA,"1140861958",NA,NA,NA,NA,NA,NA,NA,NA,NA,NA,NA,NA,NA,NA,NA,NA,NA,NA,NA
"0",NA,NA,"693",NA,NA,NA,NA,NA,NA,NA,NA,NA,NA,NA,"-0.06",NA,NA,NA,NA,NA,NA,NA,"0",NA,NA,NA,NA,NA,NA
NA,NA,NA,"637",NA,NA,NA,NA,NA,"400.047",NA,NA,NA,"0",NA,NA,"30.2",NA,NA,NA,NA,NA,NA,NA,"0",NA,NA,NA,"Ramp22",NA
NA,NA,NA,"684",NA,NA,NA,NA,NA,NA,"1140868226",NA,NA,NA,NA,NA,NA,NA,NA,NA,NA,NA,NA,NA,"0",NA,NA,NA,NA,NA
NA,NA,NA,"498",NA,NA,NA,NA,NA,NA,"1140875408",NA,NA,NA,NA,"-0.16",NA,NA,NA,NA,NA,NA,NA,"0",NA,NA,NA,NA,NA,NA
NA,NA,NA,"631",NA,NA,NA,NA,NA,NA,"1140909708",NA,NA,NA,NA,"-0.04",NA,NA,NA,NA,NA,NA,NA,"0","0",NA,NA,NA,NA,NA
NA,NA,NA,"608",NA,NA,NA,NA,NA,NA,"1140921814",NA,NA,NA,NA,NA,NA,NA,NA,NA,NA,NA,NA,NA,"0",NA,NA,NA,NA,NA
NA,NA,NA,"681",NA,NA,NA,NA,NA,NA,"1140871310",NA,NA,NA,NA,NA,NA,NA,NA,NA,"2014-08-18 12:08:15",NA,NA,NA,"0",NA,NA,NA,NA,NA
"74",NA,NA,"732",NA,NA,NA,NA,NA,NA,"1140881856",NA,NA,NA,NA,"-0.12",NA,NA,NA,NA,"2014-04-12 09:59:55",NA,NA,"0","0",NA,NA,NA,NA,NA
NA,NA,NA,"715",NA,NA,NA,NA,NA,NA,NA,NA,NA,NA,NA,NA,NA,NA,NA,NA,NA,NA,NA,NA,NA,NA,NA,NA,NA,NA
NA,NA,NA,"553",NA,NA,NA,NA,NA,NA,"1140868226",NA,NA,NA,NA,NA,NA,NA,NA,NA,NA,NA,NA,NA,"0",NA,NA,NA,NA,NA
NA,NA,NA,"651",NA,NA,NA,NA,NA,NA,"1140861958",NA,NA,NA,NA,NA,NA,NA,NA,NA,NA,NA,NA,NA,"0",NA,NA,NA,NA,NA
NA,NA,NA,"711",NA,NA,NA,NA,NA,NA,"1141188442",NA,NA,NA,NA,NA,NA,NA,NA,NA,NA,NA,NA,NA,"0",NA,NA,NA,NA,NA
NA,NA,NA,"715",NA,NA,NA,NA,NA,NA,"1140888646",NA,NA,NA,NA,NA,NA,NA,NA,NA,"2014-03-28 09:59:55",NA,NA,NA,"0",NA,NA,NA,NA,NA
NA,NA,NA,"602",NA,NA,NA,NA,NA,NA,"1141180150",NA,NA,NA,NA,"0",NA,NA,NA,NA,"2015-02-13 09:59:55",NA,NA,"0","0",NA,NA,NA,NA,NA
NA,NA,NA,"543",NA,NA,NA,NA,NA,NA,"1140921600",NA,NA,NA,NA,NA,NA,NA,NA,NA,NA,NA,NA,NA,"0",NA,NA,NA,NA,NA
NA,NA,NA,"757",NA,NA,NA,NA,NA,"145.172","1140909674",NA,NA,NA,NA,NA,NA,NA,NA,NA,"2014-06-20 09:59:55",NA,NA,NA,"0",NA,NA,NA,NA,NA
"0",NA,NA,"837",NA,NA,NA,NA,NA,"157.144","1140871310",NA,NA,NA,NA,"-0.2",NA,NA,NA,NA,NA,NA,NA,"0","0",NA,NA,NA,NA,NA
NA,NA,NA,"644",NA,NA,NA,NA,NA,NA,"2038460150",NA,NA,NA,NA,NA,NA,NA,NA,NA,NA,NA,NA,"0",NA,NA,NA,NA,NA,NA
NA,NA,NA,"493",NA,NA,NA,NA,NA,NA,NA,NA,NA,NA,NA,"-0.04",NA,NA,NA,NA,NA,NA,NA,"0","0",NA,NA,NA,NA,NA
NA,NA,NA,"531",NA,NA,NA,NA,NA,NA,NA,NA,NA,NA,NA,NA,NA,NA,NA,NA,"2014-11-03 09:59:55",NA,NA,NA,"0",NA,NA,NA,NA,NA
NA,NA,NA,"645",NA,NA,NA,NA,NA,NA,"1140921600",NA,NA,NA,NA,NA,NA,NA,NA,NA,NA,NA,NA,NA,"0",NA,NA,NA,NA,NA
NA,NA,NA,"629",NA,NA,NA,NA,NA,NA,"1140879540",NA,NA,NA,NA,NA,NA,NA,NA,NA,NA,NA,NA,NA,"0",NA,NA,NA,NA,NA
"96",NA,NA,"609",NA,NA,NA,NA,NA,NA,NA,NA,NA,NA,NA,"0.04",NA,NA,NA,NA,"2014-06-16 09:59:55",NA,NA,"0","0",NA,"2",NA,NA,NA
NA,NA,NA,"741",NA,NA,NA,NA,NA,NA,NA,NA,NA,NA,NA,NA,NA,NA,NA,NA,NA,NA,NA,NA,"0",NA,NA,NA,NA,NA
NA,NA,NA,"608",NA,NA,NA,NA,NA,NA,"1140864752",NA,NA,NA,NA,NA,NA,NA,NA,NA,NA,NA,NA,NA,"0",NA,NA,NA,NA,NA
NA,NA,NA,"441",NA,NA,NA,NA,NA,NA,NA,NA,NA,NA,NA,"0.16",NA,NA,NA,NA,"2015-03-23 09:59:55",NA,NA,"0","0",NA,NA,NA,NA,NA
NA,NA,NA,"642",NA,NA,NA,NA,NA,NA,NA,NA,NA,NA,NA,"0.12",NA,NA,NA,NA,NA,NA,NA,"0","0",NA,NA,NA,NA,NA
NA,NA,NA,"558",NA,NA,NA,NA,NA,NA,"1140868226",NA,NA,"0",NA,NA,"32.8",NA,NA,NA,"2014-12-19 09:59:55",NA,NA,"0","0",NA,NA,NA,NA,NA
NA,NA,NA,"486",NA,NA,NA,NA,NA,NA,NA,NA,NA,NA,NA,NA,NA,NA,NA,NA,NA,NA,NA,NA,NA,NA,NA,NA,NA,NA
NA,NA,NA,"606",NA,NA,NA,NA,NA,NA,"2038460150",NA,NA,NA,NA,"0",NA,NA,NA,NA,NA,NA,NA,"0",NA,NA,NA,NA,NA,NA
NA,NA,NA,"676",NA,NA,NA,NA,NA,"148.789",NA,NA,"50",NA,NA,NA,NA,NA,NA,NA,"2014-02-15 09:59:55",NA,NA,NA,"0",NA,NA,NA,NA,NA
NA,NA,NA,"761",NA,NA,NA,NA,NA,NA,"1140921600",NA,NA,NA,NA,NA,NA,NA,NA,NA,NA,NA,NA,NA,"0",NA,NA,NA,NA,NA
NA,NA,NA,"595",NA,NA,NA,NA,NA,NA,"1140865634",NA,NA,NA,NA,NA,NA,NA,NA,NA,NA,NA,NA,NA,"0",NA,NA,NA,NA,NA
NA,NA,NA,"734",NA,NA,NA,NA,NA,NA,"1140867888",NA,NA,NA,NA,NA,NA,NA,NA,NA,NA,NA,NA,"0","0",NA,NA,NA,NA,NA
NA,NA,NA,NA,NA,NA,NA,NA,NA,NA,"1140882236",NA,NA,"0",NA,NA,"31.4",NA,NA,NA,"2015-08-13 09:59:55",NA,NA,NA,NA,NA,NA,NA,NA,NA
NA,NA,NA,"580",NA,NA,NA,NA,NA,NA,NA,NA,NA,NA,NA,NA,NA,"2",NA,NA,NA,NA,NA,"0","0",NA,NA,NA,NA,NA
NA,NA,NA,"688",NA,NA,NA,NA,NA,NA,"1187",NA,NA,NA,NA,NA,NA,NA,NA,NA,NA,NA,NA,NA,"0",NA,NA,NA,NA,NA
NA,NA,NA,"621",NA,NA,NA,NA,NA,NA,NA,NA,NA,NA,NA,"0.1",NA,NA,NA,NA,"2014-04-05 10:59:55",NA,NA,"0","0",NA,NA,NA,NA,NA
NA,NA,NA,"611",NA,NA,NA,NA,NA,NA,"1141184748",NA,NA,NA,NA,NA,NA,NA,NA,NA,NA,NA,NA,NA,NA,NA,NA,NA,NA,NA
NA,NA,NA,"506",NA,NA,NA,NA,NA,NA,"1140866738",NA,NA,NA,NA,NA,NA,NA,NA,NA,NA,NA,NA,NA,"0",NA,NA,NA,NA,NA
NA,NA,NA,"578",NA,NA,NA,NA,NA,"155.594",NA,NA,NA,NA,NA,"-0.18",NA,NA,NA,NA,NA,NA,NA,"0","0",NA,NA,NA,NA,NA
NA,NA,NA,"521",NA,NA,NA,NA,NA,NA,"1140868226",NA,NA,NA,NA,NA,NA,NA,NA,NA,NA,NA,NA,NA,"0",NA,NA,NA,NA,NA
NA,NA,NA,"688",NA,NA,NA,NA,NA,NA,"1140871310",NA,NA,NA,NA,NA,NA,NA,NA,NA,NA,NA,NA,NA,NA,NA,NA,NA,NA,NA
NA,NA,NA,"663",NA,NA,NA,NA,NA,"171.729",NA,NA,NA,"0",NA,"0.2",NA,NA,NA,NA,NA,NA,NA,"0","0",NA,NA,NA,"Ramp10",NA
NA,NA,NA,"581",NA,NA,NA,NA,NA,NA,"1140864752",NA,NA,NA,NA,NA,NA,NA,NA,NA,NA,NA,NA,NA,"0",NA,NA,NA,NA,NA
NA,NA,NA,"618",NA,NA,NA,NA,NA,NA,NA,NA,NA,NA,NA,NA,NA,NA,NA,NA,NA,NA,NA,NA,"0",NA,NA,NA,NA,NA
NA,NA,NA,"727",NA,NA,NA,NA,NA,NA,"1141191044",NA,NA,NA,NA,NA,NA,NA,NA,NA,NA,NA,NA,NA,"0",NA,NA,NA,NA,NA
NA,NA,NA,"643",NA,NA,NA,NA,NA,NA,"1140868226",NA,NA,NA,NA,"0.86",NA,NA,NA,NA,NA,NA,NA,"0","0",NA,NA,NA,NA,NA
NA,NA,NA,NA,NA,NA,NA,NA,NA,NA,NA,NA,NA,NA,NA,NA,NA,NA,NA,NA,NA,NA,NA,NA,NA,NA,NA,NA,NA,NA
NA,NA,NA,"624",NA,NA,NA,NA,NA,NA,"1141191044",NA,NA,NA,NA,"0.04",NA,NA,NA,NA,NA,NA,NA,"0","0",NA,NA,NA,NA,NA
NA,NA,NA,"582",NA,NA,NA,NA,NA,NA,"1187",NA,NA,NA,NA,NA,NA,NA,NA,NA,NA,NA,NA,NA,"0",NA,NA,NA,NA,NA
NA,NA,NA,"676",NA,NA,NA,NA,NA,"157.332",NA,NA,NA,NA,NA,"-0.1",NA,"1",NA,NA,NA,NA,NA,"0",NA,NA,"2",NA,NA,NA
"0",NA,NA,"626",NA,NA,NA,NA,NA,NA,"2038460150",NA,NA,NA,NA,"-0.22",NA,NA,NA,NA,NA,NA,NA,"0","0",NA,NA,NA,NA,NA
NA,NA,NA,"641",NA,NA,NA,NA,NA,NA,NA,NA,NA,NA,NA,NA,NA,NA,NA,NA,NA,NA,NA,NA,"0",NA,NA,NA,NA,NA
NA,NA,NA,"524",NA,NA,NA,NA,NA,NA,"1140879616",NA,NA,NA,NA,NA,NA,NA,NA,NA,NA,NA,NA,NA,"0",NA,NA,NA,NA,NA
NA,NA,NA,"453",NA,NA,NA,NA,NA,NA,"99999",NA,NA,NA,NA,NA,NA,NA,NA,NA,NA,NA,NA,NA,"0",NA,NA,NA,NA,NA
NA,NA,NA,"862",NA,NA,NA,NA,NA,NA,"1140865634",NA,NA,NA,NA,"-0.16",NA,NA,NA,NA,"2015-07-15 09:59:55",NA,NA,"0","0",NA,NA,NA,NA,NA
"96",NA,NA,"548",NA,NA,NA,NA,NA,"154.254","1140865634",NA,NA,"0",NA,"-0.16","30.8",NA,NA,NA,NA,NA,NA,"0",NA,NA,NA,NA,"Ramp24",NA
NA,NA,NA,"542",NA,NA,NA,NA,NA,NA,NA,NA,NA,NA,NA,NA,NA,NA,NA,NA,NA,NA,NA,NA,"0",NA,NA,NA,NA,NA
NA,NA,NA,"746",NA,NA,NA,NA,NA,NA,NA,NA,NA,NA,NA,NA,NA,NA,NA,NA,NA,NA,NA,NA,"0",NA,NA,NA,NA,NA
NA,NA,NA,"530",NA,NA,NA,NA,NA,NA,"1140879802",NA,NA,NA,NA,"0.64",NA,NA,NA,NA,NA,NA,NA,"0","0",NA,NA,NA,NA,NA
NA,NA,NA,"649",NA,NA,NA,NA,NA,NA,NA,NA,NA,NA,NA,NA,NA,NA,NA,NA,"2014-10-18 09:59:55",NA,NA,"0","0",NA,NA,NA,NA,NA
NA,NA,NA,"523",NA,NA,NA,NA,NA,NA,"1140871310",NA,NA,NA,NA,NA,NA,NA,NA,NA,NA,NA,NA,NA,"0",NA,NA,NA,NA,NA
NA,NA,NA,"489",NA,NA,NA,NA,NA,NA,"1140868226",NA,NA,NA,NA,NA,NA,NA,NA,NA,NA,NA,NA,"0","0",NA,NA,NA,NA,NA
